0	of	2
0	the	1
0	personalname	2
0	notes	1
0	an	1
0	a	1
0	arabic4digit	2
0	by	1
0	siege	1
0	during	1
0	propernoun	3
0	#allcapswords	18
0	green	1
0	placename	1
0	#sequentialcaps	3
0	#lines	19
0	#maxinitial	2
0	#caplines	9
0	#startwname	4
0	#periods	6
0	#stdev	1097
0	#maxpair	2
0	#startwrubric	1
0	#commas	3
0	#endwpunct	4
0	#textlines	9
0	#endwnumeral	1
0	wordNotInVocab	9
1	#textlines	0
2	the	1
2	personalname	4
2	notes	1
2	kept	1
2	press	1
2	a	1
2	by	1
2	april	1
2	siege	1
2	during	1
2	and	1
2	of	2
2	arabic4digit	3
2	son	1
2	an	1
2	#allcapswords	22
2	green	1
2	placename	2
2	#sequentialcaps	3
2	#lines	24
2	#maxinitial	3
2	#caplines	11
2	#startwname	4
2	#periods	9
2	#stdev	974
2	#maxpair	3
2	#startwrubric	1
2	#commas	3
2	#endwpunct	8
2	#textlines	12
2	#endwnumeral	2
2	wordNotInVocab	10
3	#lines	4
3	#periods	1
3	#stdev	200
3	#endwpunct	1
3	#textlines	1
4	arabic1digit	1
4	written	1
4	them	1
4	appears	1
4	pages	2
4	dr	1
4	also	1
4	does	1
4	paper	2
4	that	4
4	daughter	1
4	interesting	2
4	then	1
4	arabic2digit	3
4	into	1
4	family	2
4	made	1
4	same	3
4	fact	1
4	book	2
4	found	1
4	with	1
4	various	1
4	their	1
4	among	1
4	author	1
4	kept	3
4	society	1
4	said	1
4	but	1
4	born	1
4	april	1
4	each	1
4	first	2
4	through	3
4	an	2
4	following	1
4	many	1
4	and	8
4	hand	1
4	page	1
4	it	4
4	appear	1
4	#allcapswords	4
4	her	1
4	to	2
4	placename	3
4	the	21
4	this	3
4	held	1
4	a	4
4	was	3
4	by	3
4	which	3
4	now	1
4	back	1
4	contains	1
4	note	1
4	in	6
4	at	1
4	historical	1
4	eight	1
4	propernoun	1
4	siege	2
4	generally	1
4	seems	1
4	old	1
4	is	7
4	period	1
4	not	2
4	for	1
4	personalname	6
4	came	1
4	its	1
4	together	1
4	place	1
4	water	1
4	has	2
4	little	1
4	another	1
4	of	9
4	half	1
4	during	2
4	bear	1
4	out	2
4	been	2
4	meeting	1
4	from	1
4	arabic4digit	3
4	june	1
4	journal	2
4	name	2
4	several	1
4	both	1
4	whose	1
4	on	5
4	#sequentialcaps	1
4	#lines	32
4	#maxinitial	6
4	#quotations	2
4	#caplines	7
4	#startwname	1
4	#periods	9
4	#stdev	1204
4	#maxpair	9
4	#startwrubric	1
4	#commas	22
4	#endwpunct	4
4	#textlines	28
4	#endwnumeral	1
4	wordNotInVocab	58
5	arabic1digit	9
5	written	1
5	reverend	1
5	seen	1
5	pages	2
5	according	1
5	when	1
5	also	1
5	went	1
5	paper	1
5	him	1
5	siege	1
5	all	1
5	fourth	1
5	where	1
5	arabic2digit	12
5	of	19
5	son	2
5	family	1
5	while	1
5	known	2
5	book	2
5	had	3
5	papers	2
5	various	1
5	under	1
5	easy	1
5	end	1
5	among	1
5	may	1
5	but	1
5	born	7
5	april	2
5	first	2
5	fact	1
5	through	1
5	relating	1
5	as	1
5	an	1
5	short	1
5	and	21
5	between	1
5	page	1
5	that	7
5	within	1
5	time	3
5	her	1
5	to	9
5	church	1
5	his	4
5	placename	7
5	died	1
5	the	33
5	it	3
5	this	4
5	captain	1
5	a	5
5	date	1
5	was	11
5	arabic5+digit	1
5	made	2
5	six	2
5	now	1
5	only	1
5	year	1
5	men	1
5	in	9
5	at	5
5	gone	2
5	propernoun	2
5	soon	1
5	these	1
5	wife	1
5	is	7
5	why	1
5	period	1
5	father	3
5	were	2
5	for	2
5	personalname	19
5	december	2
5	charge	1
5	children	2
5	he	7
5	settled	1
5	part	2
5	see	1
5	company	2
5	little	1
5	another	1
5	full	1
5	society	1
5	near	1
5	colonel	1
5	who	2
5	found	1
5	they	1
5	from	8
5	march	2
5	arabic4digit	12
5	june	5
5	army	1
5	which	1
5	clear	1
5	then	1
5	name	2
5	second	1
5	town	2
5	on	11
5	#sequentialcaps	2
5	#lines	44
5	#maxinitial	9
5	#caplines	9
5	#startwname	1
5	#periods	11
5	#stdev	704
5	#maxpair	16
5	#commas	51
5	#endwpunct	9
5	#textlines	41
5	#endwnumeral	2
5	wordNotInVocab	79
6	would	3
6	whole	1
6	time	1
6	any	1
6	first	1
6	while	1
6	various	1
6	duty	1
6	their	1
6	arabic3digit	2
6	romannumeral	1
6	my	2
6	said	1
6	command	1
6	as	4
6	proposed	1
6	following	1
6	reason	1
6	#allcapswords	4
6	left	1
6	perhaps	1
6	library	1
6	his	5
6	placename	4
6	officers	5
6	those	1
6	letter	1
6	you	2
6	a	6
6	was	5
6	made	1
6	strong	1
6	men	4
6	me	1
6	social	1
6	peace	1
6	why	1
6	most	1
6	see	1
6	family	1
6	favour	1
6	that	6
6	no	1
6	take	1
6	arabic4digit	4
6	which	1
6	company	2
6	servant	1
6	do	1
6	arabic1digit	2
6	next	1
6	gentleman	1
6	until	1
6	other	1
6	bell	1
6	esq	1
6	there	1
6	society	1
6	very	1
6	papers	1
6	with	1
6	so	2
6	among	1
6	may	1
6	heard	1
6	will	1
6	w	1
6	it	5
6	much	1
6	and	11
6	i	3
6	within	1
6	to	14
6	name	1
6	the	25
6	or	2
6	this	3
6	captain	1
6	by	3
6	up	1
6	be	4
6	authority	1
6	shall	1
6	second	1
6	order	1
6	y	1
6	your	3
6	are	1
6	done	1
6	they	1
6	historical	2
6	propernoun	17
6	we	1
6	spring	1
6	four	1
6	is	7
6	over	3
6	not	1
6	placed	1
6	for	6
6	personalname	15
6	cause	1
6	he	2
6	account	1
6	of	15
6	before	1
6	in	10
6	found	1
6	small	1
6	at	1
6	from	1
6	regard	1
6	being	1
6	if	1
6	on	3
6	#sequentialcaps	2
6	#lines	49
6	#maxinitial	8
6	#quotations	6
6	#caplines	16
6	#startwname	5
6	#periods	9
6	#stdev	1767
6	#maxpair	11
6	#commas	16
6	#endwpunct	3
6	#questionmarks	1
6	#exclamationpoints	2
6	#textlines	40
6	#endwnumeral	2
6	wordNotInVocab	86
7	y	1
7	time	2
7	propernoun	3
7	that	5
7	d	1
7	h	1
7	c	1
7	arabic2digit	4
7	should	1
7	into	1
7	order	1
7	has	1
7	had	2
7	near	1
7	more	1
7	end	2
7	house	1
7	body	1
7	command	2
7	duty	1
7	following	1
7	cannot	1
7	general	3
7	p	1
7	relative	1
7	hall	2
7	his	4
7	placename	3
7	our	1
7	him	1
7	under	1
7	were	1
7	a	6
7	was	4
7	placed	1
7	year	1
7	men	1
7	personalname	14
7	in	5
7	i	1
7	mr	1
7	days	1
7	five	1
7	again	1
7	its	3
7	#allcapswords	3
7	defence	1
7	long	1
7	forces	1
7	little	1
7	then	1
7	them	1
7	to	9
7	it	3
7	history	1
7	take	1
7	march	1
7	arabic4digit	2
7	fort	4
7	gave	1
7	which	2
7	though	1
7	arabic1digit	2
7	eastern	1
7	but	1
7	desire	1
7	two	1
7	other	1
7	there	2
7	some	1
7	find	1
7	papers	1
7	with	5
7	court	1
7	may	2
7	april	1
7	care	1
7	hands	1
7	and	5
7	favour	1
7	former	1
7	having	1
7	the	31
7	as	1
7	this	1
7	captain	3
7	be	2
7	charge	1
7	or	1
7	by	2
7	your	2
7	force	1
7	taken	2
7	done	1
7	at	3
7	among	1
7	we	1
7	light	1
7	state	2
7	than	2
7	for	5
7	place	1
7	company	1
7	of	22
7	been	1
7	from	1
7	authority	1
7	country	1
7	on	3
7	#sequentialcaps	4
7	#lines	51
7	#maxinitial	5
7	#quotations	5
7	#caplines	17
7	#startwname	6
7	#periods	13
7	#stdev	2246
7	#maxpair	7
7	#commas	24
7	#endwpunct	9
7	#questionmarks	3
7	#exclamationpoints	1
7	#textlines	39
7	#endwnumeral	2
7	wordNotInVocab	98
8	written	1
8	same	1
8	colonel	3
8	their	2
8	soon	2
8	daughter	1
8	arabic2digit	4
8	miss	1
8	volume	1
8	arabic3digit	3
8	child	2
8	romannumeral	3
8	according	1
8	first	1
8	series	1
8	nor	1
8	as	1
8	an	2
8	ground	1
8	town	3
8	page	1
8	p	1
8	left	1
8	use	1
8	his	3
8	placename	12
8	native	1
8	times	1
8	those	1
8	am	2
8	letter	1
8	under	2
8	sent	1
8	a	6
8	was	6
8	live	1
8	new	2
8	for	2
8	year	2
8	men	1
8	whom	2
8	in	14
8	who	2
8	had	3
8	these	1
8	days	1
8	now	1
8	revolution	1
8	son	2
8	five	1
8	its	1
8	#allcapswords	5
8	common	1
8	out	1
8	part	1
8	early	1
8	family	1
8	called	1
8	that	3
8	history	2
8	no	1
8	march	2
8	arabic4digit	5
8	about	1
8	which	2
8	view	1
8	several	1
8	form	1
8	but	1
8	siege	1
8	want	1
8	silent	1
8	where	1
8	have	1
8	this	4
8	with	1
8	so	1
8	printed	1
8	may	1
8	own	1
8	and	9
8	just	1
8	still	1
8	last	1
8	i	2
8	mr	1
8	within	1
8	her	1
8	to	9
8	name	2
8	able	1
8	died	2
8	the	24
8	often	1
8	find	1
8	neither	1
8	give	1
8	or	1
8	by	1
8	took	1
8	given	1
8	are	2
8	they	4
8	historical	2
8	propernoun	1
8	any	1
8	fifth	1
8	were	1
8	personalname	15
8	is	6
8	children	3
8	he	5
8	used	1
8	of	22
8	during	1
8	found	1
8	from	4
8	two	1
8	after	1
8	on	3
8	#sequentialcaps	1
8	#lines	45
8	#maxinitial	5
8	#quotations	6
8	#caplines	12
8	#startwname	4
8	#periods	23
8	#stdev	1205
8	#maxpair	8
8	#startwrubric	2
8	#commas	39
8	#endwpunct	10
8	#textlines	41
8	wordNotInVocab	98
9	written	1
9	esq	1
9	etc	1
9	french	1
9	but	1
9	hand	1
9	also	1
9	time	1
9	war	1
9	other	1
9	see	2
9	son	1
9	there	1
9	has	1
9	lady	1
9	wish	1
9	had	1
9	with	2
9	so	1
9	arranged	1
9	among	1
9	author	1
9	romannumeral	1
9	society	1
9	not	1
9	april	1
9	here	1
9	first	1
9	received	1
9	as	3
9	an	2
9	duke	1
9	kind	1
9	last	1
9	still	1
9	proper	1
9	young	1
9	page	3
9	i	2
9	new	1
9	than	1
9	and	8
9	forces	1
9	perhaps	1
9	that	3
9	the	30
9	arabic5+digit	3
9	words	1
9	this	1
9	from	2
9	letter	1
9	be	1
9	a	7
9	was	3
9	or	2
9	by	1
9	printed	1
9	made	1
9	only	1
9	are	1
9	grace	1
9	in	4
9	which	2
9	historical	3
9	placename	5
9	names	1
9	propernoun	3
9	siege	2
9	relating	1
9	such	1
9	is	7
9	period	1
9	father	1
9	military	1
9	were	1
9	for	5
9	personalname	8
9	better	1
9	#allcapswords	5
9	clear	1
9	he	1
9	out	1
9	part	1
9	account	1
9	another	1
9	used	1
9	of	15
9	can	1
9	may	1
9	place	1
9	to	5
9	during	1
9	good	1
9	it	2
9	at	2
9	captain	1
9	arabic4digit	6
9	nature	1
9	though	1
9	his	2
9	journal	3
9	second	1
9	most	1
9	when	1
9	whose	1
9	on	4
9	#sequentialcaps	1
9	#lines	35
9	#maxinitial	5
9	#quotations	10
9	#caplines	9
9	#startwname	1
9	#periods	12
9	#stdev	1362
9	#maxpair	6
9	#commas	29
9	#endwpunct	10
9	#textlines	31
9	wordNotInVocab	65
10	brought	2
10	wrote	1
10	war	3
10	c	2
10	sight	1
10	ship	1
10	all	1
10	had	2
10	man	3
10	house	2
10	their	3
10	word	1
10	rev	1
10	an	1
10	get	1
10	#allcapswords	5
10	use	1
10	letters	2
10	placename	4
10	our	4
10	him	1
10	letter	1
10	island	1
10	sent	2
10	were	1
10	was	1
10	s	1
10	men	5
10	in	20
10	run	2
10	december	1
10	woman	1
10	came	10
10	why	1
10	out	3
10	fort	1
10	them	3
10	home	1
10	place	1
10	four	1
10	that	3
10	no	2
10	about	1
10	which	4
10	saw	3
10	three	2
10	several	4
10	company	1
10	before	3
10	french	6
10	arabic1digit	4
10	sea	1
10	but	6
10	arabic2digit	6
10	two	2
10	other	1
10	upon	1
10	board	4
10	there	1
10	some	2
10	morning	2
10	with	9
10	easy	1
10	went	3
10	one	7
10	april	1
10	here	1
10	through	1
10	much	1
10	and	14
10	it	2
10	a	13
10	she	5
10	her	2
10	to	12
10	m	1
10	us	3
10	fit	1
10	this	1
10	find	1
10	y	7
10	up	1
10	be	1
10	arabic4digit	2
10	by	1
10	rich	1
10	engaged	1
10	took	1
10	now	1
10	news	2
10	are	2
10	taken	1
10	did	1
10	gone	1
10	second	1
10	propernoun	18
10	we	1
10	night	2
10	is	5
10	the	20
10	not	2
10	wi	1
10	for	2
10	personalname	3
10	land	1
10	away	2
10	children	1
10	he	2
10	fine	1
10	another	1
10	romannumeral	2
10	got	1
10	of	14
10	indians	1
10	good	1
10	small	2
10	they	4
10	from	5
10	being	1
10	go	1
10	on	6
10	#sequentialcaps	4
10	#lines	51
10	#maxinitial	5
10	#quotations	2
10	#caplines	17
10	#startwname	5
10	#periods	9
10	#stdev	2137
10	#maxpair	6
10	#startwrubric	1
10	#commas	4
10	#endwpunct	3
10	#questionmarks	3
10	#exclamationpoints	3
10	#textlines	42
10	#endwnumeral	1
10	wordNotInVocab	107
11	shore	2
11	same	1
11	n	1
11	h	1
11	c	2
11	arabic2digit	11
11	all	1
11	while	1
11	had	4
11	man	1
11	till	1
11	arabic3digit	2
11	romannumeral	2
11	my	2
11	rev	3
11	great	1
11	first	5
11	killed	1
11	know	1
11	who	1
11	#allcapswords	9
11	his	4
11	placename	4
11	times	1
11	our	2
11	him	2
11	letter	1
11	looks	1
11	could	1
11	island	2
11	sent	1
11	a	6
11	able	1
11	performed	1
11	s	1
11	in	12
11	meeting	2
11	days	1
11	came	5
11	out	2
11	then	2
11	evening	1
11	them	1
11	night	1
11	people	2
11	lost	1
11	that	2
11	no	1
11	about	2
11	which	4
11	three	1
11	like	1
11	company	2
11	acts	1
11	french	1
11	when	1
11	arabic1digit	9
11	the	17
11	but	3
11	immediately	1
11	two	2
11	was	8
11	other	3
11	board	10
11	preached	1
11	have	1
11	second	2
11	some	2
11	wind	3
11	morning	2
11	verse	2
11	with	4
11	so	1
11	heard	5
11	went	6
11	w	5
11	last	1
11	and	20
11	i	2
11	far	1
11	spent	1
11	to	11
11	day	3
11	m	1
11	having	1
11	us	4
11	men	3
11	this	2
11	up	2
11	settled	1
11	or	2
11	y	15
11	taken	3
11	sold	1
11	others	1
11	took	1
11	did	1
11	they	1
11	something	1
11	propernoun	19
11	we	7
11	is	1
11	not	2
11	were	1
11	for	5
11	personalname	10
11	he	8
11	several	2
11	chap	2
11	got	1
11	of	7
11	near	1
11	speak	1
11	found	1
11	text	1
11	from	5
11	indians	2
11	arabic4digit	2
11	being	2
11	after	5
11	go	3
11	on	15
11	#sequentialcaps	3
11	#lines	53
11	#maxinitial	6
11	#quotations	6
11	#caplines	24
11	#startwname	4
11	#periods	10
11	#stdev	1522
11	#maxpair	7
11	#commas	2
11	#endwpunct	3
11	#questionmarks	5
11	#exclamationpoints	17
11	#textlines	46
11	#endwnumeral	3
11	wordNotInVocab	138
12	further	1
12	brought	1
12	least	1
12	shore	2
12	same	1
12	propernoun	22
12	hill	1
12	soon	1
12	c	1
12	first	1
12	all	3
12	into	3
12	had	1
12	house	1
12	their	8
12	arabic3digit	1
12	child	1
12	romannumeral	1
12	think	1
12	great	3
12	as	5
12	an	3
12	following	1
12	know	2
12	hand	1
12	town	4
12	#allcapswords	3
12	left	1
12	his	1
12	our	17
12	army	3
12	island	1
12	was	3
12	men	13
12	in	12
12	off	4
12	five	2
12	came	2
12	old	1
12	cattle	1
12	out	3
12	them	2
12	home	1
12	people	1
12	that	3
12	arabic4digit	2
12	about	6
12	which	2
12	saw	2
12	several	10
12	company	1
12	before	2
12	arabic1digit	1
12	us	2
12	but	5
12	arabic2digit	7
12	two	3
12	should	1
12	board	1
12	where	2
12	order	1
12	cast	1
12	some	5
12	morning	1
12	with	3
12	may	3
12	dead	1
12	went	6
12	one	2
12	women	1
12	last	4
12	and	18
12	between	1
12	i	2
12	a	10
12	within	1
12	to	7
12	day	4
12	the	12
12	enemy	2
12	this	4
12	by	5
12	up	1
12	be	1
12	or	1
12	y	7
12	took	7
12	taken	4
12	at	1
12	head	1
12	we	9
12	night	9
12	they	6
12	four	2
12	money	1
12	over	1
12	were	1
12	personalname	1
12	on	6
12	kept	1
12	water	1
12	got	1
12	of	20
12	near	1
12	own	2
12	number	2
12	french	9
12	none	1
12	from	3
12	lay	1
12	three	3
12	#sequentialcaps	5
12	#lines	51
12	#maxinitial	7
12	#quotations	5
12	#caplines	18
12	#startwname	1
12	#periods	4
12	#stdev	1200
12	#maxpair	11
12	#endwpunct	1
12	#questionmarks	3
12	#exclamationpoints	3
12	#textlines	45
12	#endwnumeral	1
12	wordNotInVocab	146
13	brought	1
13	whole	1
13	time	1
13	propernoun	27
13	we	4
13	c	2
13	himself	1
13	arabic2digit	6
13	into	4
13	while	1
13	women	1
13	has	1
13	had	2
13	killed	1
13	news	1
13	house	1
13	their	4
13	arabic3digit	1
13	but	3
13	against	2
13	every	1
13	an	2
13	know	1
13	town	1
13	who	1
13	play	2
13	p	2
13	#allcapswords	5
13	left	1
13	our	18
13	him	1
13	army	1
13	hill	1
13	island	2
13	sent	3
13	a	1
13	was	3
13	men	22
13	in	13
13	began	2
13	off	1
13	yet	1
13	came	5
13	old	1
13	keep	2
13	out	3
13	them	1
13	till	1
13	people	1
13	send	1
13	that	4
13	gold	1
13	take	1
13	gave	1
13	arabic4digit	1
13	about	3
13	several	6
13	company	2
13	before	1
13	french	2
13	when	2
13	arabic1digit	11
13	carried	1
13	the	22
13	fire	1
13	those	1
13	two	4
13	upon	1
13	where	1
13	there	1
13	this	4
13	night	3
13	morning	1
13	day	4
13	some	2
13	with	5
13	dead	1
13	went	3
13	one	7
13	w	1
13	through	1
13	and	12
13	more	3
13	i	4
13	to	21
13	died	2
13	us	7
13	enemy	4
13	air	1
13	fell	1
13	captain	1
13	by	1
13	above	1
13	y	20
13	taken	6
13	man	1
13	others	2
13	took	1
13	did	1
13	at	3
13	may	3
13	hear	1
13	is	4
13	not	3
13	were	2
13	for	2
13	personalname	2
13	camp	1
13	are	2
13	he	3
13	put	1
13	of	21
13	any	1
13	they	4
13	from	5
13	after	1
13	go	1
13	on	2
13	#sequentialcaps	6
13	#lines	50
13	#maxinitial	7
13	#quotations	8
13	#caplines	18
13	#startwname	5
13	#periods	6
13	#stdev	1172
13	#maxpair	8
13	#endwpunct	1
13	#questionmarks	6
13	#exclamationpoints	1
13	#textlines	45
13	#endwnumeral	3
13	wordNotInVocab	147
14	b	1
14	sword	1
14	same	1
14	would	1
14	wrote	1
14	time	1
14	hill	1
14	n	1
14	c	2
14	arabic2digit	6
14	all	2
14	into	2
14	green	1
14	had	3
14	shore	1
14	more	2
14	q	1
14	house	1
14	their	2
14	arabic3digit	3
14	romannumeral	1
14	home	1
14	an	1
14	town	3
14	p	1
14	#allcapswords	13
14	forces	1
14	his	3
14	it	1
14	our	9
14	we	6
14	army	3
14	island	1
14	sent	2
14	a	7
14	was	5
14	made	1
14	s	4
14	in	12
14	d	1
14	rest	1
14	cut	1
14	tell	1
14	came	6
14	children	1
14	out	4
14	gave	2
14	part	1
14	then	1
14	them	2
14	night	2
14	people	1
14	to	14
14	that	3
14	take	1
14	arabic4digit	2
14	on	6
14	three	3
14	several	4
14	french	2
14	when	4
14	arabic1digit	4
14	arms	1
14	sea	1
14	but	5
14	two	1
14	too	1
14	board	1
14	us	5
14	order	1
14	some	1
14	morning	2
14	short	1
14	with	2
14	may	3
14	hard	1
14	well	1
14	heard	2
14	dead	1
14	went	4
14	propernoun	25
14	one	10
14	w	1
14	women	1
14	last	1
14	and	13
14	help	1
14	i	5
14	mr	1
14	entered	1
14	day	2
14	died	1
14	the	19
14	enemy	6
14	this	1
14	y	11
14	returned	1
14	by	4
14	point	1
14	took	2
14	engaged	1
14	man	3
14	others	1
14	taken	3
14	they	5
14	head	1
14	lb	1
14	is	1
14	not	1
14	for	3
14	personalname	1
14	land	1
14	away	1
14	men	8
14	he	2
14	lost	3
14	did	1
14	got	1
14	of	22
14	small	1
14	from	1
14	if	1
14	both	3
14	go	1
14	news	1
14	own	1
14	#sequentialcaps	4
14	#lines	56
14	#maxinitial	6
14	#quotations	6
14	#caplines	24
14	#startwname	1
14	#periods	4
14	#stdev	1459
14	#maxpair	8
14	#endwpunct	1
14	#questionmarks	5
14	#exclamationpoints	5
14	#textlines	43
14	#endwnumeral	1
14	wordNotInVocab	136
15	arabic1digit	3
15	b	1
15	shore	1
15	brought	1
15	viz	1
15	also	1
15	born	1
15	we	2
15	several	1
15	c	5
15	arabic2digit	14
15	all	4
15	f	2
15	had	2
15	near	1
15	man	3
15	house	1
15	ready	1
15	rev	1
15	pages	1
15	an	1
15	who	1
15	#allcapswords	6
15	his	3
15	placename	2
15	times	1
15	our	8
15	cut	1
15	sent	1
15	a	15
15	was	8
15	art	1
15	men	9
15	n	1
15	in	11
15	meeting	1
15	these	2
15	chief	1
15	five	1
15	came	3
15	thou	1
15	gave	2
15	them	2
15	night	4
15	arabic4digit	4
15	about	2
15	be	1
15	indians	1
15	company	1
15	french	2
15	died	2
15	carried	1
15	through	1
15	have	1
15	two	3
15	upon	1
15	hour	1
15	anything	1
15	where	1
15	him	1
15	there	1
15	some	4
15	morning	1
15	light	1
15	with	2
15	may	3
15	heard	1
15	dead	1
15	will	1
15	went	2
15	one	7
15	april	1
15	w	1
15	women	1
15	last	3
15	and	14
15	i	4
15	her	1
15	to	6
15	day	7
15	the	12
15	enemy	1
15	air	1
15	words	1
15	this	3
15	by	9
15	even	1
15	wife	1
15	above	2
15	or	1
15	y	7
15	taken	2
15	cold	4
15	ab	1
15	took	1
15	at	1
15	propernoun	15
15	en	1
15	thought	1
15	not	2
15	were	1
15	for	2
15	personalname	4
15	arabic3digit	3
15	away	1
15	is	1
15	children	1
15	he	2
15	put	1
15	of	13
15	half	1
15	found	1
15	from	1
15	after	1
15	on	3
15	#sequentialcaps	1
15	#lines	58
15	#maxinitial	5
15	#quotations	7
15	#caplines	20
15	#startwname	2
15	#periods	9
15	#stdev	1891
15	#maxpair	8
15	#commas	7
15	#endwpunct	5
15	#questionmarks	1
15	#exclamationpoints	7
15	#textlines	45
15	#endwnumeral	2
15	wordNotInVocab	150
16	brought	2
16	met	1
16	same	1
16	viz	1
16	ground	1
16	time	1
16	war	4
16	remarkable	1
16	fourth	1
16	colours	2
16	arabic2digit	13
16	all	2
16	into	1
16	had	6
16	man	5
16	their	5
16	arabic3digit	2
16	think	1
16	first	1
16	as	2
16	an	2
16	still	1
16	f	1
16	over	1
16	#allcapswords	4
16	forces	1
16	letters	1
16	his	3
16	placename	1
16	our	7
16	him	1
16	under	2
16	each	1
16	a	10
16	parts	1
16	men	6
16	in	10
16	together	1
16	began	1
16	nothing	1
16	rest	1
16	royal	1
16	came	4
16	cattle	1
16	keep	1
16	out	2
16	gave	1
16	part	1
16	captain	1
16	then	3
16	them	3
16	night	3
16	ten	1
16	that	4
16	take	1
16	arabic4digit	1
16	which	1
16	saw	1
16	towards	1
16	several	3
16	french	7
16	when	2
16	arabic1digit	5
16	but	3
16	ship	2
16	fire	2
16	get	1
16	ill	1
16	siege	1
16	hour	1
16	given	1
16	english	1
16	have	1
16	some	4
16	with	2
16	heard	1
16	went	1
16	ever	2
16	w	2
16	it	1
16	port	1
16	and	21
16	i	4
16	within	1
16	without	1
16	her	2
16	day	7
16	was	3
16	died	2
16	us	2
16	enemy	2
16	this	5
16	play	1
16	by	4
16	up	1
16	above	2
16	y	22
16	look	1
16	taken	2
16	are	1
16	took	1
16	did	1
16	persons	1
16	they	5
16	gone	1
16	propernoun	18
16	we	2
16	west	1
16	is	2
16	the	13
16	not	1
16	were	5
16	for	2
16	personalname	4
16	down	2
16	he	1
16	indians	2
16	water	1
16	death	1
16	got	2
16	of	22
16	any	1
16	near	1
16	to	3
16	from	2
16	being	1
16	after	1
16	three	4
16	#sequentialcaps	3
16	#lines	56
16	#maxinitial	5
16	#quotations	6
16	#caplines	22
16	#startwname	7
16	#periods	8
16	#stdev	1843
16	#maxpair	10
16	#commas	2
16	#endwpunct	5
16	#questionmarks	4
16	#exclamationpoints	6
16	#textlines	45
16	#endwnumeral	1
16	wordNotInVocab	124
17	least	1
17	master	1
17	would	1
17	went	8
17	become	1
17	war	1
17	we	2
17	think	1
17	serve	1
17	g	1
17	all	2
17	into	2
17	generally	1
17	had	5
17	news	1
17	their	7
17	arabic3digit	5
17	my	1
17	living	1
17	as	4
17	town	1
17	many	1
17	#allcapswords	7
17	left	1
17	few	1
17	his	4
17	placename	1
17	our	6
17	him	2
17	island	4
17	a	13
17	was	7
17	new	1
17	made	1
17	men	10
17	in	8
17	i	3
17	thousand	1
17	cold	1
17	nothing	1
17	off	1
17	days	1
17	run	1
17	against	1
17	came	3
17	turned	1
17	out	1
17	pardon	1
17	them	1
17	night	4
17	people	1
17	ten	1
17	lost	1
17	that	7
17	strange	1
17	no	1
17	about	3
17	which	2
17	right	1
17	though	1
17	like	1
17	indians	2
17	before	1
17	french	2
17	when	1
17	arabic1digit	9
17	died	2
17	sea	1
17	but	4
17	arabic2digit	9
17	fire	1
17	other	1
17	upon	1
17	have	2
17	order	1
17	some	6
17	morning	2
17	verse	1
17	with	3
17	coming	2
17	well	2
17	own	2
17	one	3
17	w	4
17	it	4
17	thought	2
17	returned	1
17	last	4
17	and	7
17	between	1
17	far	2
17	to	12
17	day	7
17	above	1
17	having	1
17	us	2
17	enemy	5
17	this	6
17	play	1
17	so	1
17	battle	1
17	or	1
17	y	22
17	purpose	1
17	look	1
17	taken	4
17	took	1
17	done	1
17	they	8
17	six	1
17	propernoun	25
17	any	1
17	money	1
17	is	4
17	the	21
17	not	1
17	were	5
17	for	4
17	personalname	2
17	camp	1
17	along	1
17	myself	1
17	he	3
17	several	2
17	water	1
17	pray	1
17	cause	1
17	romannumeral	2
17	got	3
17	of	18
17	side	1
17	found	1
17	at	3
17	from	5
17	line	1
17	till	1
17	nature	1
17	being	1
17	after	4
17	on	4
17	#sequentialcaps	5
17	#lines	52
17	#maxinitial	5
17	#quotations	10
17	#caplines	24
17	#startwname	7
17	#periods	4
17	#stdev	1561
17	#maxpair	9
17	#commas	1
17	#endwpunct	2
17	#questionmarks	4
17	#exclamationpoints	10
17	#textlines	45
17	#endwnumeral	1
17	wordNotInVocab	105
18	brought	2
18	viz	1
18	ground	1
18	time	1
18	we	4
18	n	2
18	since	1
18	w	1
18	c	2
18	arabic2digit	13
18	all	2
18	into	2
18	has	1
18	news	1
18	end	1
18	their	6
18	arabic3digit	2
18	body	1
18	going	2
18	home	1
18	great	1
18	first	1
18	duty	3
18	an	3
18	still	1
18	general	1
18	last	2
18	and	15
18	left	2
18	took	1
18	letters	1
18	his	2
18	placename	2
18	bodies	1
18	our	13
18	him	3
18	after	1
18	sent	2
18	a	7
18	was	8
18	made	2
18	men	11
18	me	2
18	in	11
18	i	3
18	came	3
18	off	1
18	days	2
18	j	1
18	cut	2
18	#allcapswords	4
18	keep	1
18	gave	1
18	part	2
18	them	2
18	night	2
18	people	1
18	that	4
18	no	1
18	which	5
18	saw	1
18	three	1
18	noble	1
18	indians	5
18	company	2
18	french	7
18	where	2
18	when	1
18	arabic1digit	9
18	us	5
18	but	4
18	two	3
18	upon	3
18	have	3
18	there	1
18	fell	1
18	some	1
18	morning	2
18	with	5
18	may	1
18	dead	4
18	went	2
18	at	2
18	one	8
18	ten	2
18	just	1
18	women	1
18	much	1
18	had	8
18	number	2
18	it	1
18	within	1
18	to	9
18	day	8
18	the	19
18	enemy	2
18	this	5
18	y	15
18	or	1
18	by	1
18	taken	2
18	are	2
18	water	1
18	done	1
18	they	10
18	eight	1
18	propernoun	16
18	is	2
18	were	1
18	for	2
18	personalname	3
18	down	4
18	away	1
18	he	3
18	several	5
18	fine	1
18	of	21
18	side	1
18	come	1
18	found	2
18	play	2
18	till	1
18	on	5
18	#sequentialcaps	5
18	#lines	52
18	#maxinitial	6
18	#quotations	10
18	#caplines	20
18	#startwname	3
18	#periods	6
18	#stdev	1532
18	#maxpair	7
18	#commas	1
18	#endwpunct	4
18	#questionmarks	2
18	#exclamationpoints	7
18	#textlines	45
18	#endwnumeral	5
18	wordNotInVocab	116
19	irish	1
19	wrote	1
19	brought	3
19	same	1
19	would	1
19	war	2
19	soon	1
19	since	1
19	here	1
19	c	1
19	himself	1
19	knew	1
19	arabic2digit	3
19	all	1
19	into	3
19	began	1
19	has	2
19	had	2
19	shore	2
19	every	1
19	lost	1
19	man	1
19	house	2
19	their	7
19	arabic3digit	4
19	my	1
19	at	1
19	going	1
19	as	2
19	an	2
19	following	1
19	upon	1
19	general	1
19	god	1
19	placename	4
19	it	3
19	those	1
19	him	1
19	were	3
19	sent	1
19	a	12
19	was	6
19	effects	1
19	eyes	1
19	men	12
19	thy	1
19	in	10
19	bed	1
19	off	3
19	run	2
19	sermon	1
19	royal	1
19	came	6
19	out	2
19	gave	2
19	arms	2
19	then	3
19	them	1
19	home	1
19	place	1
19	port	1
19	that	9
19	no	1
19	arabic4digit	2
19	june	1
19	which	1
19	be	2
19	like	1
19	several	2
19	company	2
19	french	4
19	when	2
19	arabic1digit	7
19	died	1
19	carried	1
19	meet	1
19	the	14
19	but	4
19	ship	1
19	fire	1
19	our	13
19	two	3
19	should	1
19	board	1
19	have	2
19	this	3
19	night	3
19	morning	1
19	with	5
19	so	2
19	hard	1
19	island	1
19	heard	1
19	appeared	1
19	went	7
19	ever	1
19	one	4
19	w	1
19	themselves	1
19	last	1
19	and	19
19	i	3
19	within	1
19	her	2
19	to	21
19	day	4
19	us	2
19	enemy	2
19	words	1
19	by	5
19	above	2
19	y	8
19	taken	5
19	now	1
19	about	1
19	are	2
19	they	6
19	gone	3
19	propernoun	28
19	we	5
19	light	2
19	is	8
19	letters	1
19	for	2
19	personalname	6
19	down	1
19	others	1
19	he	7
19	fine	1
19	full	1
19	got	3
19	of	13
19	near	1
19	indians	2
19	small	1
19	#allcapswords	4
19	from	4
19	if	2
19	own	1
19	after	1
19	on	3
19	#sequentialcaps	3
19	#lines	52
19	#maxinitial	6
19	#quotations	2
19	#caplines	19
19	#startwname	2
19	#periods	4
19	#stdev	1154
19	#maxpair	11
19	#endwpunct	1
19	#questionmarks	2
19	#exclamationpoints	6
19	#textlines	45
19	#endwnumeral	1
19	wordNotInVocab	127
20	bring	1
20	say	1
20	would	3
20	war	1
20	we	8
20	since	1
20	concerning	1
20	arabic2digit	4
20	should	1
20	into	3
20	let	1
20	had	9
20	clerk	1
20	man	1
20	their	7
20	arabic3digit	4
20	great	1
20	as	1
20	an	3
20	thing	1
20	hand	1
20	fair	1
20	many	1
20	#allcapswords	3
20	his	3
20	our	11
20	him	2
20	day	4
20	letter	1
20	island	2
20	thought	1
20	was	2
20	men	8
20	in	13
20	came	6
20	themselves	2
20	off	1
20	seeing	1
20	old	1
20	children	1
20	out	4
20	cast	1
20	night	5
20	june	2
20	place	1
20	people	2
20	sort	1
20	that	10
20	says	1
20	no	1
20	friends	1
20	about	2
20	three	2
20	saw	1
20	towards	1
20	indians	2
20	french	3
20	when	2
20	arabic1digit	2
20	carried	1
20	arms	2
20	us	9
20	but	6
20	ship	1
20	held	1
20	two	2
20	all	1
20	upon	1
20	hour	1
20	have	4
20	them	1
20	coming	1
20	some	1
20	army	1
20	morning	3
20	with	2
20	may	1
20	heard	1
20	taking	1
20	went	3
20	one	2
20	here	1
20	it	1
20	women	1
20	last	2
20	and	20
20	i	3
20	a	9
20	the	20
20	enemy	3
20	this	3
20	y	11
20	up	1
20	be	1
20	above	1
20	by	2
20	took	1
20	now	1
20	more	1
20	cold	1
20	are	2
20	taken	1
20	did	1
20	they	13
20	gone	1
20	propernoun	31
20	any	1
20	such	1
20	is	3
20	not	2
20	were	3
20	personalname	2
20	down	1
20	away	1
20	he	5
20	fine	1
20	of	19
20	come	2
20	found	1
20	small	1
20	to	10
20	from	5
20	till	1
20	being	2
20	if	2
20	followed	1
20	news	1
20	on	4
20	#sequentialcaps	4
20	#lines	53
20	#maxinitial	6
20	#quotations	6
20	#caplines	13
20	#startwname	3
20	#periods	7
20	#stdev	1606
20	#maxpair	7
20	#questionmarks	6
20	#exclamationpoints	4
20	#textlines	45
20	#endwnumeral	1
20	wordNotInVocab	116
21	brought	2
21	viz	1
21	whole	1
21	time	1
21	war	3
21	fourth	1
21	all	2
21	into	2
21	full	1
21	introduction	1
21	journal	1
21	had	2
21	man	4
21	wee	1
21	house	2
21	their	1
21	arabic3digit	1
21	romannumeral	2
21	first	1
21	every	1
21	an	1
21	young	1
21	#allcapswords	8
21	took	1
21	his	1
21	placename	2
21	our	12
21	island	1
21	sent	1
21	able	1
21	made	1
21	men	8
21	me	3
21	in	9
21	days	1
21	run	1
21	cut	1
21	came	5
21	see	1
21	arms	2
21	upon	1
21	fly	1
21	cast	1
21	night	3
21	june	1
21	that	3
21	day	4
21	take	1
21	about	1
21	which	1
21	saw	2
21	fair	2
21	three	5
21	several	2
21	company	1
21	before	2
21	french	1
21	arabic1digit	6
21	next	1
21	the	25
21	arabic2digit	7
21	fire	2
21	order	1
21	another	1
21	back	2
21	two	3
21	was	4
21	board	3
21	got	2
21	him	1
21	there	3
21	them	2
21	some	2
21	morning	2
21	with	6
21	y	3
21	may	1
21	towards	1
21	boat	1
21	went	8
21	one	2
21	w	3
21	women	1
21	and	20
21	i	3
21	a	18
21	within	2
21	to	15
21	strange	1
21	above	1
21	died	1
21	us	2
21	enemy	3
21	this	3
21	play	1
21	coming	1
21	up	2
21	returned	1
21	or	1
21	by	8
21	taken	2
21	they	4
21	propernoun	33
21	we	5
21	light	2
21	ship	1
21	is	1
21	were	3
21	for	2
21	personalname	2
21	down	1
21	away	1
21	pray	1
21	account	1
21	fine	3
21	of	17
21	near	1
21	side	1
21	found	2
21	small	3
21	from	3
21	after	1
21	go	2
21	lay	1
21	on	4
21	#sequentialcaps	3
21	#lines	52
21	#maxinitial	6
21	#quotations	3
21	#caplines	24
21	#startwname	4
21	#periods	7
21	#stdev	1324
21	#maxpair	9
21	#commas	3
21	#endwpunct	4
21	#questionmarks	4
21	#exclamationpoints	7
21	#textlines	45
21	#endwnumeral	1
21	wordNotInVocab	140
22	b	1
22	latter	1
22	viz	2
22	would	2
22	whole	1
22	time	1
22	head	1
22	war	1
22	n	1
22	his	1
22	here	1
22	c	2
22	himself	1
22	arabic2digit	7
22	all	2
22	into	6
22	o	1
22	without	1
22	had	1
22	house	1
22	their	2
22	speech	1
22	body	1
22	romannumeral	2
22	first	1
22	pages	1
22	case	2
22	as	1
22	an	1
22	following	1
22	#allcapswords	7
22	forces	3
22	took	1
22	towards	1
22	placename	1
22	council	2
22	our	7
22	army	3
22	give	1
22	could	3
22	each	1
22	a	12
22	was	1
22	made	1
22	for	1
22	men	1
22	in	13
22	off	1
22	run	1
22	cut	1
22	came	6
22	old	2
22	children	1
22	sun	1
22	gave	1
22	part	1
22	trial	1
22	arms	1
22	then	2
22	cast	2
22	night	3
22	people	4
22	send	1
22	out	5
22	that	1
22	take	2
22	june	1
22	colonel	1
22	fair	1
22	several	1
22	do	1
22	when	1
22	arabic1digit	5
22	sea	3
22	but	3
22	two	1
22	i	1
22	other	1
22	english	1
22	the	28
22	have	1
22	them	4
22	some	1
22	before	3
22	wind	1
22	morning	3
22	colours	1
22	with	5
22	so	1
22	hold	2
22	went	4
22	told	1
22	island	3
22	it	2
22	women	1
22	last	2
22	and	22
22	neither	1
22	to	16
22	day	2
22	us	3
22	no	1
22	enemy	5
22	set	1
22	this	1
22	by	7
22	up	2
22	be	1
22	might	1
22	second	1
22	or	3
22	y	10
22	about	1
22	six	1
22	back	1
22	are	1
22	water	1
22	they	9
22	gone	1
22	propernoun	34
22	we	2
22	light	1
22	liberty	1
22	not	5
22	were	3
22	s	1
22	land	3
22	down	1
22	he	2
22	of	17
22	birth	1
22	return	1
22	come	1
22	french	1
22	from	2
22	ask	1
22	till	2
22	looked	1
22	if	1
22	after	4
22	go	1
22	on	5
22	#sequentialcaps	5
22	#lines	54
22	#maxinitial	6
22	#quotations	2
22	#caplines	13
22	#startwname	3
22	#periods	6
22	#stdev	1437
22	#maxpair	8
22	#startwrubric	1
22	#commas	1
22	#endwpunct	2
22	#questionmarks	8
22	#exclamationpoints	12
22	#textlines	45
22	#endwnumeral	1
22	wordNotInVocab	130
23	brought	2
23	shore	1
23	wrote	2
23	time	1
23	war	1
23	h	1
23	c	4
23	arabic2digit	15
23	died	1
23	all	1
23	into	4
23	had	1
23	summer	1
23	city	1
23	man	3
23	house	2
23	their	3
23	arabic3digit	4
23	romannumeral	2
23	according	1
23	an	1
23	know	1
23	last	1
23	#allcapswords	14
23	his	2
23	placename	5
23	five	1
23	it	1
23	our	4
23	sent	2
23	a	5
23	was	8
23	made	2
23	men	4
23	in	14
23	text	1
23	he	2
23	came	6
23	out	1
23	gave	1
23	part	3
23	arms	2
23	them	3
23	home	1
23	who	1
23	that	2
23	captain	1
23	arabic4digit	2
23	saw	1
23	fair	1
23	like	1
23	company	2
23	before	1
23	french	2
23	when	1
23	arabic1digit	7
23	clerk	2
23	but	1
23	two	1
23	other	1
23	have	1
23	there	3
23	some	2
23	with	3
23	hard	1
23	went	5
23	colonel	1
23	w	2
23	knew	1
23	much	1
23	and	15
23	i	6
23	way	1
23	smith	1
23	to	12
23	day	1
23	m	2
23	the	12
23	boards	1
23	or	1
23	y	6
23	wife	1
23	by	3
23	taken	2
23	did	1
23	they	1
23	historical	1
23	names	1
23	propernoun	26
23	we	2
23	private	1
23	not	1
23	were	3
23	for	1
23	personalname	9
23	down	2
23	myself	1
23	place	2
23	fine	1
23	of	5
23	chapel	2
23	near	1
23	green	1
23	my	1
23	meeting	1
23	from	5
23	till	1
23	being	1
23	after	2
23	on	1
23	#sequentialcaps	4
23	#lines	62
23	#maxinitial	5
23	#quotations	8
23	#caplines	14
23	#startwname	5
23	#periods	8
23	#stdev	1783
23	#maxpair	9
23	#commas	7
23	#endwpunct	5
23	#questionmarks	3
23	#exclamationpoints	8
23	#textlines	45
23	#endwnumeral	2
23	wordNotInVocab	132
24	brought	4
24	shore	1
24	viz	2
24	would	2
24	propernoun	23
24	war	2
24	n	1
24	c	2
24	arabic3digit	1
24	arabic2digit	6
24	all	4
24	into	1
24	cow	4
24	had	1
24	man	1
24	kept	1
24	wild	1
24	great	1
24	as	2
24	an	1
24	following	1
24	done	1
24	save	1
24	#allcapswords	9
24	that	2
24	his	3
24	placename	4
24	officers	1
24	council	1
24	our	1
24	him	2
24	under	1
24	a	11
24	was	5
24	new	2
24	made	1
24	for	6
24	men	4
24	in	22
24	d	1
24	company	1
24	hundred	1
24	woman	1
24	came	6
24	out	6
24	arms	1
24	them	2
24	south	1
24	it	2
24	arabic4digit	2
24	about	1
24	which	1
24	though	1
24	towards	2
24	be	1
24	several	5
24	put	1
24	before	1
24	french	1
24	arabic1digit	11
24	breath	1
24	the	7
24	but	2
24	then	1
24	two	2
24	upon	2
24	hour	1
24	this	1
24	some	4
24	morning	2
24	with	7
24	chapel	1
24	heard	1
24	went	11
24	one	2
24	w	2
24	sent	1
24	themselves	1
24	last	2
24	and	14
24	i	4
24	far	1
24	she	1
24	her	1
24	to	8
24	day	1
24	m	1
24	us	1
24	above	1
24	find	1
24	by	1
24	up	1
24	give	1
24	returned	2
24	or	1
24	y	20
24	june	1
24	they	1
24	head	1
24	we	1
24	night	1
24	their	4
24	not	2
24	were	1
24	s	2
24	personalname	3
24	down	1
24	he	4
24	lost	1
24	fine	4
24	of	12
24	could	1
24	indians	2
24	told	1
24	number	1
24	found	1
24	from	4
24	till	1
24	being	3
24	if	1
24	after	1
24	on	4
24	#sequentialcaps	2
24	#lines	57
24	#maxinitial	5
24	#quotations	9
24	#caplines	24
24	#startwname	7
24	#periods	1
24	#stdev	2101
24	#maxpair	7
24	#endwpunct	7
24	#questionmarks	9
24	#exclamationpoints	11
24	#textlines	46
24	#endwnumeral	2
24	wordNotInVocab	137
25	brought	3
25	wrote	2
25	shore	1
25	same	2
25	viz	2
25	n	2
25	soon	1
25	d	1
25	never	1
25	h	1
25	c	4
25	clear	1
25	arabic2digit	22
25	should	1
25	into	2
25	began	1
25	has	1
25	had	2
25	hath	1
25	more	2
25	arabic3digit	1
25	romannumeral	4
25	my	1
25	first	1
25	who	1
25	e	1
25	#allcapswords	15
25	his	2
25	our	5
25	letter	1
25	which	1
25	was	4
25	in	21
25	days	2
25	came	9
25	yet	1
25	cattle	1
25	them	2
25	home	2
25	third	1
25	that	3
25	about	1
25	fair	1
25	several	4
25	placename	2
25	french	4
25	when	1
25	arabic1digit	13
25	sea	1
25	but	3
25	ship	1
25	order	1
25	all	1
25	board	1
25	f	1
25	there	1
25	ca	1
25	new	1
25	morning	2
25	out	3
25	with	3
25	wood	2
25	en	1
25	hold	1
25	enter	1
25	will	1
25	boat	1
25	went	9
25	one	4
25	w	2
25	it	1
25	con	1
25	round	1
25	four	2
25	work	1
25	last	1
25	and	6
25	i	5
25	a	13
25	she	1
25	to	9
25	day	2
25	above	1
25	us	2
25	men	1
25	this	3
25	y	11
25	up	2
25	wife	1
25	by	2
25	taken	2
25	others	1
25	took	1
25	did	1
25	at	1
25	house	2
25	propernoun	9
25	we	3
25	light	2
25	west	1
25	is	6
25	the	9
25	not	1
25	for	1
25	personalname	4
25	myself	1
25	sun	1
25	feet	1
25	fine	7
25	full	1
25	of	19
25	chapel	1
25	afterwards	1
25	number	2
25	found	5
25	they	3
25	from	6
25	being	1
25	after	2
25	lay	1
25	news	2
25	on	1
25	#sequentialcaps	3
25	#lines	58
25	#maxinitial	6
25	#quotations	5
25	#caplines	18
25	#startwname	4
25	#periods	3
25	#stdev	1576
25	#maxpair	8
25	#endwpunct	6
25	#questionmarks	8
25	#exclamationpoints	4
25	#textlines	45
25	#endwnumeral	2
25	wordNotInVocab	158
26	also	1
26	would	1
26	whole	1
26	time	1
26	war	4
26	that	1
26	remarkable	1
26	h	1
26	c	1
26	ship	2
26	into	2
26	green	1
26	had	2
26	met	1
26	man	4
26	arabic3digit	2
26	against	1
26	every	1
26	an	4
26	and	7
26	church	1
26	his	1
26	placename	4
26	our	2
26	each	2
26	sent	1
26	a	11
26	was	3
26	effects	1
26	worth	1
26	men	6
26	n	1
26	me	1
26	in	8
26	nothing	1
26	off	1
26	days	2
26	about	1
26	came	4
26	old	2
26	december	1
26	out	4
26	gave	1
26	then	1
26	night	2
26	people	1
26	to	15
26	it	1
26	take	1
26	late	1
26	though	1
26	fair	1
26	several	1
26	arabic1digit	5
26	large	1
26	but	1
26	arabic2digit	14
26	sheep	2
26	two	1
26	were	1
26	board	1
26	interesting	1
26	have	2
26	some	2
26	known	1
26	with	4
26	wood	2
26	may	1
26	went	4
26	one	2
26	w	3
26	women	1
26	i	5
26	she	1
26	her	2
26	send	1
26	day	2
26	m	2
26	died	2
26	the	13
26	enemy	1
26	#allcapswords	7
26	y	15
26	be	3
26	east	1
26	or	1
26	by	2
26	took	4
26	more	3
26	are	1
26	taken	3
26	they	1
26	wine	4
26	propernoun	19
26	we	3
26	others	1
26	money	1
26	is	2
26	perhaps	1
26	for	4
26	personalname	12
26	children	1
26	fine	2
26	of	18
26	chapel	3
26	this	2
26	side	1
26	good	2
26	been	1
26	at	3
26	from	5
26	after	1
26	go	1
26	on	5
26	#sequentialcaps	3
26	#lines	60
26	#maxinitial	5
26	#quotations	6
26	#caplines	15
26	#startwname	6
26	#periods	6
26	#stdev	2140
26	#maxpair	9
26	#commas	4
26	#endwpunct	7
26	#questionmarks	4
26	#exclamationpoints	16
26	#textlines	45
26	#endwnumeral	4
26	wordNotInVocab	143
27	wrote	1
27	propernoun	19
27	war	3
27	n	1
27	remarkable	1
27	great	1
27	c	5
27	sight	2
27	first	1
27	arabic2digit	18
27	should	1
27	has	2
27	o	1
27	without	1
27	had	1
27	man	5
27	arabic3digit	1
27	romannumeral	2
27	my	1
27	an	3
27	thing	1
27	ship	3
27	and	3
27	his	2
27	placename	1
27	our	4
27	each	1
27	sent	1
27	a	15
27	was	3
27	men	7
27	me	2
27	in	18
27	meeting	1
27	days	3
27	sermon	1
27	came	6
27	#allcapswords	13
27	out	6
27	part	2
27	arms	1
27	home	1
27	june	1
27	south	1
27	ten	1
27	arabic4digit	3
27	about	1
27	which	2
27	on	1
27	mr	2
27	french	2
27	arabic1digit	9
27	large	2
27	duties	1
27	sea	1
27	two	2
27	where	1
27	morning	2
27	with	3
27	people	1
27	three	4
27	one	2
27	w	1
27	lived	1
27	last	3
27	between	1
27	i	6
27	she	2
27	her	2
27	to	9
27	day	5
27	died	3
27	the	6
27	be	1
27	rich	2
27	wife	1
27	y	20
27	took	2
27	years	2
27	wars	1
27	letter	1
27	they	1
27	wine	1
27	we	1
27	night	3
27	not	1
27	for	1
27	personalname	7
27	is	3
27	he	1
27	several	1
27	company	1
27	fine	3
27	of	17
27	chapel	1
27	this	3
27	h	1
27	been	1
27	small	1
27	at	1
27	from	6
27	after	3
27	doubt	1
27	went	9
27	#sequentialcaps	2
27	#lines	62
27	#maxinitial	3
27	#quotations	12
27	#caplines	17
27	#periods	7
27	#stdev	1922
27	#maxpair	6
27	#commas	4
27	#endwpunct	3
27	#questionmarks	4
27	#exclamationpoints	12
27	#textlines	45
27	#endwnumeral	2
27	wordNotInVocab	118
28	shore	1
28	president	1
28	mad	2
28	head	1
28	war	1
28	n	1
28	c	3
28	himself	1
28	sword	1
28	arabic2digit	13
28	all	1
28	has	1
28	o	1
28	laws	1
28	had	1
28	manner	1
28	every	1
28	man	4
28	their	2
28	stood	1
28	romannumeral	3
28	rev	1
28	at	5
28	going	1
28	as	1
28	whole	1
28	few	1
28	his	7
28	college	1
28	him	1
28	army	1
28	each	1
28	a	11
28	was	6
28	dead	1
28	strong	1
28	men	6
28	in	5
28	lady	1
28	days	2
28	run	1
28	five	2
28	again	1
28	came	1
28	#allcapswords	17
28	out	2
28	part	1
28	most	1
28	arms	2
28	post	1
28	night	2
28	that	1
28	arabic4digit	1
28	about	2
28	on	6
28	when	1
28	arabic1digit	12
28	arabicprice	1
28	died	1
28	but	1
28	horse	2
28	there	1
28	two	1
28	other	1
28	upon	1
28	then	1
28	have	2
28	e	1
28	read	1
28	wind	2
28	with	4
28	wood	2
28	went	5
28	one	3
28	w	1
28	last	3
28	and	4
28	i	8
28	small	1
28	to	10
28	day	6
28	m	1
28	the	16
28	this	2
28	y	12
28	by	2
28	took	1
28	more	1
28	cold	4
28	house	2
28	right	1
28	propernoun	20
28	we	1
28	light	1
28	four	1
28	is	2
28	placed	1
28	for	5
28	personalname	9
28	body	1
28	he	1
28	lost	1
28	fine	4
28	of	9
28	chapel	1
28	near	1
28	side	1
28	been	1
28	they	1
28	from	5
28	back	1
28	after	1
28	lay	1
28	#sequentialcaps	2
28	#lines	59
28	#maxinitial	6
28	#quotations	9
28	#caplines	17
28	#startwname	3
28	#periods	10
28	#stdev	1919
28	#maxpair	9
28	#commas	1
28	#endwpunct	6
28	#questionmarks	2
28	#exclamationpoints	8
28	#textlines	45
28	#endwnumeral	3
28	wordNotInVocab	156
29	brought	3
29	wrote	1
29	same	1
29	war	1
29	ship	3
29	all	1
29	f	1
29	o	1
29	had	1
29	man	3
29	their	2
29	romannumeral	1
29	my	1
29	as	1
29	p	1
29	#allcapswords	17
29	his	9
29	placename	3
29	our	1
29	him	3
29	army	2
29	island	1
29	sent	1
29	a	9
29	made	1
29	eyes	1
29	men	3
29	in	10
29	meeting	2
29	came	2
29	out	1
29	gave	1
29	home	2
29	died	5
29	that	2
29	captain	1
29	arabic4digit	2
29	about	1
29	three	1
29	several	3
29	company	2
29	before	1
29	french	3
29	arabic1digit	13
29	us	2
29	arabic2digit	17
29	horse	1
29	two	3
29	was	5
29	upon	1
29	board	1
29	night	3
29	read	1
29	with	4
29	court	1
29	may	1
29	hard	1
29	dead	1
29	went	15
29	w	1
29	last	2
29	and	2
29	between	1
29	i	13
29	wife	1
29	smith	1
29	to	18
29	day	1
29	m	1
29	through	1
29	by	2
29	be	1
29	y	10
29	taken	2
29	six	1
29	news	1
29	at	3
29	historical	1
29	propernoun	16
29	we	2
29	looked	1
29	the	4
29	perhaps	1
29	for	1
29	personalname	9
29	children	1
29	he	3
29	fine	6
29	another	1
29	of	9
29	good	1
29	own	1
29	they	1
29	from	1
29	union	1
29	after	2
29	lay	1
29	on	1
29	#sequentialcaps	1
29	#lines	67
29	#maxinitial	6
29	#quotations	3
29	#caplines	8
29	#startwname	1
29	#periods	2
29	#stdev	1996
29	#maxpair	9
29	#commas	5
29	#endwpunct	4
29	#questionmarks	13
29	#exclamationpoints	3
29	#textlines	45
29	#endwnumeral	4
29	wordNotInVocab	118
30	holy	1
30	latter	1
30	would	1
30	we	2
30	n	2
30	remarkable	2
30	grave	1
30	c	2
30	sight	1
30	arabic2digit	19
30	all	2
30	into	1
30	o	1
30	chief	1
30	sin	1
30	end	1
30	their	1
30	kept	1
30	romannumeral	2
30	my	2
30	born	1
30	great	1
30	hand	2
30	left	1
30	his	2
30	placename	6
30	it	1
30	those	5
30	him	4
30	general	2
30	under	1
30	sent	1
30	a	6
30	was	1
30	live	1
30	new	2
30	me	1
30	in	16
30	voice	1
30	nothing	2
30	peace	1
30	royal	1
30	came	2
30	december	1
30	#allcapswords	10
30	out	1
30	honour	1
30	part	1
30	arms	1
30	family	1
30	night	3
30	to	2
30	that	2
30	arabic4digit	3
30	about	1
30	journal	1
30	several	1
30	company	1
30	arabic1digit	6
30	next	4
30	but	1
30	where	1
30	have	1
30	there	1
30	some	3
30	make	1
30	morning	2
30	thee	1
30	with	6
30	j	2
30	respect	1
30	went	1
30	one	1
30	wise	1
30	women	1
30	last	3
30	and	1
30	i	3
30	mr	1
30	day	1
30	m	2
30	died	5
30	the	6
30	words	5
30	this	2
30	lord	1
30	be	1
30	shall	1
30	or	1
30	y	14
30	taken	1
30	now	2
30	heart	1
30	cold	1
30	behind	1
30	de	1
30	they	1
30	propernoun	20
30	any	1
30	four	1
30	is	1
30	not	1
30	were	1
30	unto	1
30	for	1
30	personalname	7
30	arabic3digit	1
30	he	1
30	fine	1
30	of	6
30	good	1
30	come	1
30	at	5
30	from	10
30	sleep	1
30	after	1
30	on	2
30	#sequentialcaps	3
30	#lines	65
30	#maxinitial	4
30	#quotations	6
30	#caplines	14
30	#startwname	3
30	#periods	6
30	#stdev	2100
30	#maxpair	6
30	#commas	8
30	#endwpunct	4
30	#questionmarks	6
30	#exclamationpoints	11
30	#textlines	44
30	#endwnumeral	2
30	wordNotInVocab	113
31	holy	1
31	met	1
31	what	1
31	also	1
31	whole	1
31	especially	1
31	daughter	1
31	arabic2digit	12
31	all	4
31	brother	1
31	room	1
31	o	1
31	green	2
31	had	4
31	man	1
31	their	1
31	speech	2
31	an	4
31	my	3
31	rev	1
31	great	1
31	every	1
31	things	1
31	hand	1
31	last	3
31	#allcapswords	13
31	god	1
31	that	4
31	his	2
31	placename	5
31	officers	1
31	our	2
31	letter	1
31	under	2
31	sent	1
31	a	17
31	was	8
31	effects	1
31	new	1
31	made	2
31	s	2
31	men	3
31	n	1
31	me	5
31	in	10
31	nothing	2
31	off	1
31	cut	1
31	royal	2
31	thousand	1
31	came	3
31	keep	1
31	long	1
31	pardon	1
31	see	1
31	then	1
31	family	1
31	home	1
31	entered	1
31	it	1
31	day	2
31	no	1
31	arabic4digit	1
31	about	2
31	which	3
31	saw	1
31	be	1
31	like	1
31	indians	1
31	put	1
31	before	1
31	sister	1
31	arabic1digit	11
31	died	6
31	meet	1
31	the	6
31	but	3
31	ill	1
31	upon	1
31	deep	2
31	preached	1
31	have	1
31	there	1
31	some	1
31	make	1
31	morning	1
31	short	1
31	read	1
31	may	1
31	well	2
31	winter	1
31	went	4
31	one	2
31	many	1
31	and	9
31	i	8
31	she	1
31	smith	3
31	to	10
31	strange	1
31	m	2
31	us	4
31	this	1
31	wrote	1
31	wife	2
31	or	1
31	y	12
31	out	1
31	look	1
31	news	3
31	death	1
31	at	3
31	wine	1
31	propernoun	25
31	we	2
31	night	3
31	perhaps	1
31	were	3
31	for	6
31	personalname	12
31	he	6
31	pray	1
31	got	1
31	of	8
31	told	3
31	good	1
31	come	1
31	been	1
31	from	2
31	asked	1
31	after	1
31	whose	1
31	on	2
31	#sequentialcaps	3
31	#lines	68
31	#maxinitial	4
31	#quotations	12
31	#caplines	10
31	#startwname	5
31	#periods	5
31	#stdev	1851
31	#maxpair	5
31	#commas	3
31	#endwpunct	10
31	#questionmarks	10
31	#exclamationpoints	14
31	#textlines	45
31	#endwnumeral	2
31	wordNotInVocab	103
32	brought	1
32	remarkable	1
32	grave	1
32	w	1
32	c	1
32	arabic2digit	21
32	f	1
32	without	1
32	man	1
32	arabic3digit	1
32	romannumeral	2
32	my	2
32	rev	2
32	as	1
32	first	1
32	an	4
32	reason	1
32	page	1
32	who	1
32	#allcapswords	10
32	his	1
32	placename	5
32	our	2
32	island	1
32	a	10
32	was	3
32	arabic5+digit	1
32	effects	3
32	made	2
32	many	1
32	men	3
32	in	12
32	nothing	1
32	royal	6
32	came	2
32	sun	1
32	family	1
32	home	1
32	died	7
32	ten	1
32	captain	1
32	arabic4digit	2
32	about	2
32	company	1
32	arabic1digit	10
32	smith	1
32	according	1
32	held	2
32	two	2
32	fell	1
32	night	5
32	army	1
32	make	1
32	winter	1
32	wind	1
32	went	1
32	one	1
32	concerning	1
32	much	1
32	and	5
32	i	3
32	to	6
32	day	4
32	m	3
32	the	8
32	set	1
32	this	1
32	by	2
32	or	1
32	y	18
32	news	1
32	cold	4
32	years	1
32	at	5
32	propernoun	26
32	were	1
32	for	3
32	personalname	19
32	he	1
32	chap	1
32	of	14
32	last	4
32	during	1
32	dead	1
32	from	4
32	historical	1
32	after	2
32	go	1
32	doubt	1
32	on	2
32	#sequentialcaps	1
32	#lines	70
32	#maxinitial	3
32	#quotations	5
32	#caplines	6
32	#startwname	2
32	#periods	12
32	#stdev	1944
32	#maxpair	4
32	#commas	12
32	#endwpunct	10
32	#questionmarks	22
32	#exclamationpoints	14
32	#textlines	46
32	#endwnumeral	1
32	wordNotInVocab	136
33	arabic1digit	3
33	trial	1
33	shore	1
33	the	8
33	when	1
33	we	1
33	died	1
33	two	2
33	i	4
33	other	2
33	post	1
33	arabic2digit	7
33	there	1
33	cast	1
33	all	1
33	much	1
33	before	1
33	had	1
33	with	1
33	house	1
33	days	1
33	arabic3digit	1
33	an	1
33	dead	1
33	#allcapswords	4
33	went	1
33	one	1
33	many	1
33	town	1
33	save	1
33	and	6
33	public	1
33	last	1
33	bound	1
33	day	3
33	that	5
33	his	2
33	placename	1
33	us	1
33	it	1
33	this	4
33	j	1
33	anything	1
33	sent	1
33	a	4
33	was	5
33	y	2
33	man	1
33	cold	3
33	are	1
33	in	1
33	at	3
33	propernoun	7
33	remarkable	2
33	nothing	1
33	lb	1
33	four	1
33	is	2
33	duty	1
33	not	1
33	five	1
33	were	1
33	for	3
33	personalname	1
33	away	1
33	men	3
33	place	2
33	lost	1
33	go	1
33	of	3
33	me	1
33	he	1
33	to	5
33	ten	2
33	found	2
33	private	1
33	they	3
33	from	1
33	back	1
33	about	1
33	which	3
33	english	1
33	on	6
33	french	1
33	three	1
33	#lines	38
33	#maxinitial	3
33	#quotations	2
33	#caplines	2
33	#startwname	1
33	#periods	1
33	#stdev	1719
33	#maxpair	3
33	#endwpunct	5
33	#questionmarks	1
33	#exclamationpoints	1
33	#textlines	26
33	#endwnumeral	1
33	wordNotInVocab	76
34	#textlines	0
35	congress	1
35	arabic1digit	1
35	#allcapswords	3
35	arabic3digit	3
35	of	1
35	library	1
35	#lines	5
35	#maxinitial	1
35	#caplines	1
35	#stdev	200
35	#maxpair	1
35	#textlines	2
