-1	#metaPoetry	0
0	f	1
0	#lines	2
0	#maxinitial	1
0	#maxpair	1
0	#endwpunct	1
0	#textlines	1
0	wordNotInVocab	1
1	arabic1digit	1
1	united	1
1	library	1
1	congress	1
1	f	1
1	#allcapswords	8
1	of	2
1	placename	1
1	#sequentialcaps	2
1	#lines	10
1	#maxinitial	1
1	#quotations	1
1	#caplines	3
1	#periods	7
1	#stdev	749
1	#maxpair	1
1	#endwpunct	3
1	#textlines	5
1	#endwnumeral	2
1	wordNotInVocab	5
2	#textlines	0
3	#textlines	0
4	#textlines	0
5	#textlines	0
6	other	1
6	the	1
6	#allcapswords	14
6	personalname	1
6	silent	1
6	st	1
6	and	1
6	la	1
6	arabic3digit	1
6	a	1
6	arabic4digit	1
6	by	2
6	new	1
6	poems	1
6	placename	2
6	#sequentialcaps	2
6	#lines	20
6	#maxinitial	2
6	#caplines	8
6	#startwname	2
6	#periods	2
6	#stdev	854
6	#maxpair	3
6	#commas	3
6	#endwpunct	2
6	#textlines	10
6	wordNotInVocab	6
7	#lines	1
7	#textlines	0
8	arabic1digit	1
8	the	6
8	more	1
8	personalname	1
8	land	1
8	away	1
8	contents	3
8	out	2
8	or	2
8	by	1
8	little	1
8	of	1
8	night	1
8	an	1
8	death	1
8	silent	3
8	no	1
8	from	1
8	arabic2digit	12
8	between	1
8	two	1
8	page	1
8	i	1
8	light	1
8	#allcapswords	6
8	dedication	1
8	g	1
8	not	1
8	#sequentialcaps	2
8	#lines	36
8	#maxinitial	4
8	#quotations	1
8	#caplines	18
8	#startwname	1
8	#periods	14
8	#stdev	1196
8	#maxpair	5
8	#startwrubric	3
8	#commas	15
8	#endwpunct	4
8	#exclamationpoints	1
8	#textlines	18
8	#endwnumeral	12
8	wordNotInVocab	12
9	arabic1digit	5
9	the	8
9	truth	1
9	a	1
9	horse	1
9	along	1
9	life	1
9	thy	1
9	soul	1
9	mother	1
9	arabic2digit	11
9	propernoun	1
9	beautiful	1
9	christ	1
9	romannumeral	1
9	morning	1
9	fine	1
9	of	2
9	religion	1
9	to	1
9	good	1
9	k	1
9	i	1
9	and	3
9	nature	1
9	within	1
9	#allcapswords	15
9	true	1
9	#sequentialcaps	2
9	#lines	42
9	#maxinitial	7
9	#caplines	20
9	#periods	4
9	#stdev	861
9	#maxpair	7
9	#startwrubric	1
9	#commas	24
9	#endwpunct	3
9	#textlines	21
9	#endwnumeral	16
9	wordNotInVocab	23
10	arabic1digit	4
10	the	5
10	le	2
10	all	1
10	what	1
10	from	1
10	contents	3
10	hand	1
10	a	1
10	time	1
10	was	1
10	or	1
10	hast	1
10	s	1
10	personalname	1
10	i	1
10	stream	1
10	arabic2digit	14
10	into	1
10	such	1
10	over	1
10	necessary	1
10	blue	1
10	eyes	1
10	heaven	1
10	thou	1
10	romannumeral	2
10	black	1
10	thee	1
10	ever	1
10	of	1
10	preparation	1
10	left	1
10	as	1
10	out	1
10	it	1
10	and	2
10	till	1
10	#allcapswords	12
10	friend	1
10	flower	1
10	that	1
10	his	1
10	#sequentialcaps	4
10	#lines	43
10	#maxinitial	6
10	#caplines	22
10	#startwname	2
10	#periods	15
10	#stdev	911
10	#maxpair	7
10	#startwrubric	2
10	#commas	17
10	#endwpunct	2
10	#questionmarks	4
10	#exclamationpoints	1
10	#textlines	22
10	#endwnumeral	18
10	wordNotInVocab	24
11	the	2
11	when	1
11	personalname	1
11	may	1
11	voyage	1
11	arabic3digit	5
11	contents	3
11	romannumeral	1
11	my	2
11	fortune	1
11	love	1
11	this	1
11	to	2
11	thy	1
11	in	1
11	mother	1
11	placename	1
11	arabic2digit	6
11	propernoun	1
11	of	1
11	two	1
11	#allcapswords	5
11	j	1
11	her	1
11	true	1
11	sister	1
11	on	1
11	#sequentialcaps	6
11	#lines	30
11	#maxinitial	6
11	#caplines	14
11	#startwname	4
11	#periods	5
11	#stdev	1389
11	#maxpair	6
11	#startwrubric	1
11	#commas	11
11	#endwpunct	8
11	#questionmarks	1
11	#exclamationpoints	1
11	#textlines	19
11	#endwnumeral	11
11	wordNotInVocab	13
12	in	1
12	mother	1
12	#allcapswords	17
12	love	1
12	my	1
12	honour	1
12	a	1
12	and	1
12	her	1
12	to	1
12	first	1
12	of	2
12	#sequentialcaps	1
12	#lines	11
12	#maxinitial	1
12	#caplines	6
12	#periods	1
12	#stdev	830
12	#maxpair	2
12	#commas	2
12	#endwpunct	3
12	#textlines	6
12	wordNotInVocab	6
13	the	4
13	be	2
13	time	2
13	live	1
13	by	2
13	these	1
13	are	1
13	years	1
13	mother	1
13	death	2
13	all	1
13	o	3
13	morning	1
13	not	2
13	for	1
13	house	1
13	its	1
13	#allcapswords	8
13	my	1
13	ever	3
13	one	2
13	thy	2
13	knew	1
13	love	4
13	nor	1
13	another	1
13	in	2
13	that	4
13	and	2
13	no	1
13	thine	1
13	i	1
13	though	2
13	like	3
13	she	2
13	#sequentialcaps	4
13	#lines	19
13	#maxinitial	5
13	#caplines	13
13	#periods	4
13	#stdev	783
13	#maxpair	5
13	#commas	8
13	#endwpunct	9
13	#textlines	13
13	wordNotInVocab	17
14	i	1
14	the	1
14	silent	1
14	#allcapswords	3
14	#sequentialcaps	1
14	#lines	4
14	#maxinitial	1
14	#caplines	2
14	#periods	2
14	#stdev	750
14	#maxpair	1
14	#startwrubric	1
14	#endwpunct	2
14	#textlines	2
14	wordNotInVocab	1
15	arabic1digit	3
15	with	2
15	the	5
15	j	1
15	even	1
15	east	1
15	a	1
15	o	3
15	back	1
15	two	2
15	keep	1
15	song	1
15	in	1
15	at	1
15	all	1
15	into	1
15	till	1
15	forth	1
15	sweet	1
15	west	1
15	is	1
15	comes	2
15	unto	1
15	plays	1
15	house	2
15	heaven	1
15	child	1
15	he	1
15	sun	1
15	long	1
15	free	1
15	little	1
15	then	1
15	of	6
15	out	2
15	and	3
15	happy	1
15	from	1
15	between	2
15	rest	1
15	sleep	2
15	goes	2
15	#allcapswords	7
15	day	2
15	that	1
15	his	3
15	#sequentialcaps	2
15	#lines	27
15	#maxinitial	4
15	#caplines	13
15	#periods	4
15	#stdev	1655
15	#maxpair	4
15	#commas	7
15	#endwpunct	9
15	#exclamationpoints	3
15	#textlines	13
15	#endwnumeral	3
15	wordNotInVocab	19
16	the	4
16	prince	1
16	this	1
16	rose	1
16	j	1
16	so	1
16	a	2
16	hands	1
16	oh	1
16	was	1
16	are	2
16	thy	2
16	me	1
16	in	3
16	till	2
16	where	1
16	head	1
16	night	1
16	may	1
16	bed	1
16	they	1
16	down	1
16	sweet	1
16	morning	2
16	never	1
16	grave	2
16	rest	2
16	hath	1
16	with	1
16	tell	1
16	their	2
16	yet	1
16	thou	1
16	press	1
16	yes	1
16	my	1
16	beneath	1
16	at	2
16	please	1
16	little	1
16	hast	1
16	do	1
16	break	1
16	many	1
16	and	3
16	silent	1
16	will	1
16	glory	1
16	sleep	2
16	west	1
16	goes	1
16	though	1
16	feet	1
16	#allcapswords	8
16	to	1
16	on	1
16	#sequentialcaps	2
16	#lines	24
16	#maxinitial	2
16	#quotations	7
16	#caplines	14
16	#periods	4
16	#stdev	436
16	#maxpair	3
16	#commas	6
16	#endwpunct	10
16	#questionmarks	3
16	#exclamationpoints	1
16	#textlines	18
16	wordNotInVocab	27
17	open	1
17	form	1
17	bird	2
17	little	1
17	grave	1
17	silent	1
17	eastern	1
17	arabic2digit	1
17	all	2
17	bed	1
17	fall	1
17	morning	1
17	its	1
17	very	1
17	beauty	1
17	summer	1
17	so	2
17	their	1
17	ah	1
17	winter	1
17	my	2
17	but	1
17	born	1
17	skies	1
17	and	5
17	to	2
17	child	1
17	his	1
17	with	2
17	the	12
17	air	1
17	as	2
17	this	1
17	rose	1
17	a	3
17	was	2
17	by	2
17	lie	1
17	now	1
17	eyes	1
17	me	1
17	voice	1
17	soon	1
17	light	1
17	spring	1
17	such	1
17	beautiful	1
17	for	3
17	arabic3digit	1
17	#allcapswords	3
17	grey	1
17	sun	1
17	see	3
17	then	1
17	full	1
17	of	2
17	till	2
17	twas	1
17	good	1
17	it	1
17	no	1
17	from	1
17	fair	1
17	like	1
17	sky	1
17	flower	1
17	when	2
17	#sequentialcaps	4
17	#lines	32
17	#maxinitial	5
17	#quotations	7
17	#caplines	18
17	#startwname	1
17	#periods	5
17	#stdev	384
17	#maxpair	7
17	#commas	15
17	#endwpunct	18
17	#questionmarks	1
17	#textlines	25
17	wordNotInVocab	37
18	arabic1digit	1
18	bird	1
18	us	1
18	when	2
18	i	1
18	friend	1
18	grave	1
18	bell	1
18	silent	1
18	all	1
18	bed	1
18	sweet	1
18	morning	1
18	wish	1
18	beauty	1
18	hath	1
18	like	1
18	with	1
18	ah	2
18	close	1
18	wilt	2
18	will	2
18	#allcapswords	6
18	at	1
18	as	1
18	and	5
18	hand	1
18	comes	1
18	divine	1
18	way	1
18	to	1
18	his	4
18	wide	1
18	the	5
18	this	2
18	flowers	1
18	yes	1
18	a	3
18	by	2
18	made	1
18	thy	1
18	in	1
18	secret	1
18	hear	1
18	spring	2
18	such	1
18	is	2
18	ear	1
18	golden	1
18	t	1
18	are	1
18	thou	3
18	too	1
18	see	2
18	then	1
18	of	4
18	home	1
18	he	2
18	grey	1
18	side	2
18	good	2
18	come	2
18	it	1
18	from	1
18	june	1
18	which	2
18	if	2
18	flower	2
18	whose	1
18	on	1
18	#sequentialcaps	3
18	#lines	32
18	#maxinitial	3
18	#quotations	12
18	#caplines	17
18	#periods	7
18	#stdev	348
18	#maxpair	4
18	#commas	13
18	#endwpunct	16
18	#questionmarks	1
18	#exclamationpoints	2
18	#textlines	25
18	#endwnumeral	1
18	wordNotInVocab	42
19	next	1
19	what	1
19	quite	1
19	master	1
19	us	1
19	have	1
19	oh	1
19	two	2
19	other	1
19	upon	1
19	hour	1
19	silent	1
19	call	1
19	where	1
19	arabic2digit	1
19	hear	1
19	fall	1
19	is	1
19	has	1
19	sweet	2
19	for	1
19	with	2
19	so	1
19	their	2
19	close	1
19	my	2
19	will	3
19	break	1
19	hast	1
19	just	1
19	as	2
19	an	1
19	work	1
19	i'll	1
19	and	6
19	morn	1
19	i	2
19	#allcapswords	4
19	hall	1
19	to	2
19	the	7
19	bid	1
19	thine	1
19	a	1
19	or	1
19	by	1
19	now	1
19	lips	1
19	thy	2
19	me	1
19	in	2
19	voice	1
19	rise	1
19	head	1
19	bed	1
19	yon	1
19	west	1
19	grave	1
19	not	1
19	skies	1
19	death	1
19	thou	1
19	out	1
19	little	1
19	then	1
19	of	2
19	near	1
19	return	1
19	do	1
19	side	1
19	stars	1
19	from	1
19	ere	1
19	though	1
19	go	1
19	how	1
19	answer	1
19	when	1
19	#sequentialcaps	2
19	#lines	32
19	#maxinitial	4
19	#quotations	7
19	#caplines	17
19	#startwname	1
19	#periods	2
19	#stdev	435
19	#maxpair	5
19	#commas	13
19	#endwpunct	17
19	#questionmarks	3
19	#exclamationpoints	8
19	#textlines	25
19	wordNotInVocab	36
20	the	4
20	would	2
20	dear	1
20	this	1
20	master	1
20	divine	1
20	but	1
20	shall	1
20	went	1
20	by	1
20	born	1
20	soon	1
20	never	2
20	eyes	1
20	are	1
20	life	1
20	done	1
20	silent	1
20	thine	1
20	rise	1
20	ye	2
20	arabic2digit	1
20	not	2
20	such	2
20	o	2
20	sweet	1
20	is	2
20	peace	1
20	with	1
20	so	1
20	were	1
20	if	1
20	as	1
20	forth	1
20	death	1
20	grave	1
20	and	1
20	dead	1
20	will	1
20	thy	1
20	be	4
20	one	2
20	then	1
20	here	2
20	them	1
20	thee	1
20	christ	1
20	near	1
20	voice	1
20	in	1
20	work	1
20	who	2
20	that	1
20	hearts	1
20	they	1
20	from	1
20	heard	1
20	morn	2
20	sleep	3
20	a	1
20	feet	1
20	skies	1
20	#allcapswords	6
20	until	1
20	go	1
20	to	3
20	whose	1
20	when	1
20	#sequentialcaps	3
20	#lines	26
20	#maxinitial	5
20	#caplines	18
20	#periods	4
20	#stdev	937
20	#maxpair	5
20	#startwrubric	1
20	#commas	9
20	#endwpunct	11
20	#questionmarks	2
20	#exclamationpoints	6
20	#textlines	18
20	#endwnumeral	1
20	wordNotInVocab	15
21	arabic1digit	1
21	bring	1
21	next	1
21	but	1
21	arabic2digit	1
21	time	1
21	another	1
21	should	1
21	great	1
21	interest	2
21	silent	1
21	interesting	1
21	have	1
21	of	9
21	all	2
21	hear	1
21	some	2
21	note	1
21	sing	1
21	sweet	2
21	had	1
21	with	3
21	so	3
21	has	1
21	house	1
21	their	1
21	beyond	1
21	at	1
21	elegant	1
21	during	1
21	fourth	1
21	first	1
21	it	2
21	as	1
21	love	2
21	and	5
21	children	1
21	whose	1
21	dost	1
21	who	1
21	#allcapswords	13
21	to	1
21	day	2
21	was	1
21	summer	1
21	the	14
21	our	2
21	dear	1
21	this	2
21	give	1
21	thought	2
21	a	5
21	set	1
21	by	1
21	only	1
21	thy	3
21	in	5
21	they	2
21	mother	3
21	we	6
21	night	2
21	nothing	1
21	earth	1
21	general	1
21	for	1
21	are	1
21	thou	2
21	out	2
21	long	1
21	most	1
21	dream	1
21	family	1
21	home	1
21	thee	6
21	near	2
21	called	1
21	that	2
21	happy	3
21	meeting	1
21	flowers	2
21	arabic4digit	2
21	husband	1
21	which	1
21	though	1
21	early	1
21	flower	2
21	on	3
21	#sequentialcaps	4
21	#lines	37
21	#maxinitial	4
21	#quotations	4
21	#caplines	14
21	#periods	13
21	#stdev	1632
21	#maxpair	6
21	#commas	15
21	#endwpunct	14
21	#exclamationpoints	1
21	#textlines	26
21	wordNotInVocab	47
22	what	1
22	latter	1
22	brought	1
22	also	1
22	would	1
22	we	3
22	remarkable	1
22	once	1
22	narrative	1
22	arabic2digit	3
22	all	1
22	f	1
22	room	2
22	brother	2
22	had	2
22	beauty	1
22	summer	1
22	memory	1
22	their	1
22	ready	1
22	at	2
22	living	1
22	first	2
22	being	1
22	as	5
22	following	2
22	general	1
22	who	1
22	sit	1
22	#allcapswords	5
22	forces	1
22	few	1
22	those	1
22	present	3
22	under	1
22	could	1
22	a	10
22	was	8
22	made	1
22	for	2
22	in	6
22	these	3
22	began	1
22	felt	1
22	rather	1
22	again	1
22	came	2
22	its	2
22	out	1
22	then	1
22	family	2
22	leave	1
22	called	1
22	that	6
22	friends	1
22	cover	1
22	which	2
22	though	1
22	fair	1
22	arabic4digit	1
22	early	1
22	table	2
22	when	1
22	next	1
22	quite	1
22	but	3
22	religious	1
22	ill	1
22	our	5
22	should	1
22	did	1
22	have	1
22	there	3
22	rose	1
22	with	3
22	so	2
22	dead	2
22	hope	1
22	open	2
22	occasion	2
22	many	1
22	and	10
22	always	1
22	i	1
22	her	1
22	to	10
22	day	3
22	able	1
22	died	1
22	the	36
22	nay	1
22	flowers	1
22	described	2
22	be	2
22	might	1
22	above	2
22	or	3
22	by	2
22	about	1
22	are	1
22	they	5
22	mother	1
22	head	1
22	is	3
22	than	1
22	not	3
22	were	6
22	placed	1
22	year	2
22	it	4
22	thy	1
22	of	18
22	near	1
22	been	2
22	small	1
22	none	1
22	from	2
22	till	1
22	if	1
22	flower	1
22	on	3
22	#sequentialcaps	2
22	#lines	49
22	#maxinitial	7
22	#quotations	5
22	#caplines	10
22	#periods	9
22	#stdev	1603
22	#maxpair	8
22	#commas	24
22	#endwpunct	16
22	#questionmarks	5
22	#exclamationpoints	2
22	#textlines	40
22	#endwnumeral	1
22	wordNotInVocab	115
23	white	1
23	brought	1
23	but	1
23	have	1
23	while	1
23	winds	1
23	hour	1
23	did	1
23	arabic2digit	1
23	of	8
23	all	1
23	sweet	2
23	with	2
23	so	1
23	dead	1
23	prove	1
23	living	1
23	one	1
23	here	1
23	as	1
23	spirit	1
23	know	1
23	and	4
23	pleasure	1
23	it	1
23	save	1
23	way	1
23	to	4
23	day	2
23	the	15
23	our	3
23	or	1
23	this	2
23	flowers	1
23	by	3
23	are	1
23	thy	3
23	in	2
23	earth	1
23	propernoun	1
23	we	2
23	knowledge	1
23	is	2
23	comes	1
23	were	1
23	matter	1
23	doth	1
23	on	2
23	its	1
23	#allcapswords	4
23	mind	1
23	out	2
23	little	1
23	love	3
23	birth	1
23	he	2
23	measure	1
23	they	1
23	from	1
23	soul	1
23	how	1
23	power	1
23	when	1
23	#sequentialcaps	3
23	#lines	40
23	#maxinitial	4
23	#quotations	1
23	#caplines	23
23	#startwname	1
23	#periods	8
23	#stdev	412
23	#maxpair	5
23	#commas	12
23	#endwpunct	16
23	#exclamationpoints	1
23	#textlines	25
23	wordNotInVocab	42
24	but	1
24	one	1
24	time	1
24	soon	1
24	just	1
24	arabic2digit	1
24	there	2
24	at	1
24	before	1
24	without	1
24	hath	1
24	fall	1
24	with	2
24	so	1
24	more	1
24	house	1
24	must	1
24	will	2
24	be	3
24	living	1
24	open	1
24	think	1
24	great	1
24	as	1
24	and	3
24	always	1
24	thine	2
24	who	3
24	#allcapswords	4
24	to	3
24	day	1
24	that	1
24	died	1
24	the	2
24	lord	1
24	wife	1
24	earth	1
24	divine	1
24	art	1
24	only	1
24	eyes	1
24	are	1
24	lie	1
24	thy	5
24	they	1
24	mother	1
24	we	2
24	made	1
24	rest	1
24	not	4
24	for	1
24	yet	2
24	sad	1
24	thou	3
24	out	1
24	long	1
24	another	2
24	of	3
24	night	1
24	thee	3
24	how	2
24	side	1
24	good	1
24	it	2
24	happy	1
24	from	1
24	about	1
24	on	1
24	where	1
24	when	2
24	#sequentialcaps	3
24	#lines	40
24	#maxinitial	5
24	#quotations	2
24	#caplines	24
24	#periods	12
24	#stdev	490
24	#maxpair	6
24	#commas	13
24	#endwpunct	22
24	#textlines	25
24	#endwnumeral	1
24	wordNotInVocab	41
25	the	4
25	those	1
25	heaven	1
25	dost	2
25	meet	1
25	but	1
25	arabic2digit	1
25	born	1
25	a	1
25	pure	1
25	hast	1
25	purpose	1
25	praise	1
25	heart	1
25	places	1
25	days	1
25	are	1
25	life	1
25	death	2
25	whom	2
25	in	3
25	earth	1
25	mother	2
25	have	1
25	already	1
25	all	3
25	sing	1
25	sweet	2
25	tis	1
25	strong	1
25	is	2
25	heavenly	2
25	with	1
25	mighty	1
25	so	2
25	unto	1
25	for	1
25	love	4
25	kept	1
25	like	1
25	well	1
25	thou	3
25	thy	4
25	out	1
25	long	1
25	wise	1
25	one	1
25	of	3
25	home	1
25	thee	12
25	mind	1
25	still	1
25	part	1
25	kind	1
25	that	1
25	and	2
25	from	1
25	free	1
25	feet	1
25	#allcapswords	4
25	to	1
25	#sequentialcaps	3
25	#lines	34
25	#maxinitial	8
25	#quotations	4
25	#caplines	19
25	#periods	6
25	#stdev	501
25	#maxpair	9
25	#commas	15
25	#endwpunct	17
25	#exclamationpoints	5
25	#textlines	21
25	wordNotInVocab	27
26	arabic1digit	3
26	breath	1
26	the	2
26	us	1
26	grave	1
26	sight	1
26	where	1
26	arabic2digit	1
26	all	3
26	has	1
26	o	1
26	sweet	1
26	had	1
26	white	1
26	child	1
26	my	1
26	living	1
26	born	1
26	here	2
26	as	1
26	spirit	1
26	and	1
26	again	1
26	#allcapswords	9
26	she	2
26	her	1
26	through	2
26	our	4
26	this	2
26	thought	1
26	a	4
26	was	1
26	now	1
26	cold	1
26	death	3
26	in	3
26	earth	1
26	tis	1
26	is	3
26	than	1
26	not	1
26	for	1
26	thou	1
26	see	1
26	of	1
26	birth	1
26	to	3
26	side	1
26	hearts	1
26	no	2
26	from	1
26	which	2
26	though	2
26	true	1
26	when	1
26	#sequentialcaps	3
26	#lines	32
26	#maxinitial	3
26	#caplines	21
26	#startwname	2
26	#periods	8
26	#stdev	1155
26	#maxpair	4
26	#startwrubric	2
26	#commas	10
26	#endwpunct	17
26	#exclamationpoints	6
26	#textlines	21
26	#endwnumeral	4
26	wordNotInVocab	36
27	arabic1digit	3
27	breath	1
27	brought	1
27	what	1
27	meet	1
27	but	2
27	never	1
27	too	1
27	hour	1
27	arabic2digit	1
27	there	2
27	o	2
27	smile	1
27	more	1
27	forth	1
27	even	1
27	will	1
27	be	1
27	open	1
27	hast	1
27	upon	1
27	and	3
27	dost	2
27	that	1
27	again	1
27	#allcapswords	3
27	her	1
27	to	1
27	the	9
27	our	1
27	nay	1
27	could	1
27	were	1
27	shall	1
27	by	3
27	unto	1
27	now	1
27	heart	1
27	strong	1
27	lips	2
27	eyes	1
27	thy	4
27	in	8
27	rise	1
27	we	1
27	pain	1
27	tis	1
27	not	2
27	s	1
27	doth	3
27	thus	1
27	away	1
27	thou	2
27	press	1
27	out	1
27	long	1
27	goes	1
27	death	5
27	love	6
27	thee	1
27	laid	1
27	it	2
27	hearts	1
27	from	1
27	which	1
27	power	1
27	when	1
27	#sequentialcaps	2
27	#lines	35
27	#maxinitial	5
27	#caplines	23
27	#periods	7
27	#stdev	1013
27	#maxpair	6
27	#commas	11
27	#endwpunct	17
27	#exclamationpoints	6
27	#textlines	26
27	#endwnumeral	2
27	wordNotInVocab	33
28	arabic1digit	1
28	breath	1
28	the	12
28	air	1
28	from	1
28	burns	1
28	sea	1
28	but	1
28	soul	1
28	sleep	1
28	might	1
28	world	1
28	set	1
28	then	5
28	art	1
28	made	1
28	are	1
28	too	1
28	death	1
28	in	3
28	earth	1
28	evening	1
28	darkness	1
28	arabic2digit	1
28	propernoun	1
28	of	3
28	all	3
28	light	2
28	home	1
28	sweet	8
28	is	5
28	hath	2
28	father	1
28	wings	1
28	s	1
28	personalname	3
28	pain	1
28	thou	3
28	out	1
28	long	1
28	free	1
28	hast	1
28	love	3
28	night	1
28	thee	1
28	mind	1
28	divine	1
28	and	1
28	mortal	1
28	thine	1
28	soft	1
28	liberty	1
28	save	1
28	#allcapswords	10
28	she	1
28	to	3
28	#sequentialcaps	4
28	#lines	29
28	#maxinitial	11
28	#caplines	21
28	#startwname	3
28	#periods	10
28	#stdev	858
28	#maxpair	17
28	#startwrubric	1
28	#commas	8
28	#endwpunct	17
28	#textlines	21
28	#endwnumeral	2
28	wordNotInVocab	25
29	arabic1digit	1
29	what	1
29	ever	1
29	us	1
29	when	1
29	would	1
29	form	1
29	never	2
29	sight	1
29	where	2
29	arabic2digit	1
29	there	1
29	of	3
29	this	1
29	journey	1
29	has	1
29	o	2
29	alone	1
29	light	1
29	seems	1
29	with	1
29	more	1
29	may	2
29	heaven	1
29	could	3
29	my	2
29	wise	1
29	nor	1
29	round	1
29	is	3
29	i	5
29	again	1
29	#allcapswords	8
29	to	6
29	the	6
29	dear	1
29	am	1
29	be	2
29	each	1
29	pure	1
29	look	1
29	now	1
29	heart	1
29	only	2
29	gods	1
29	in	1
29	soul	1
29	ye	4
29	thus	2
29	face	2
29	tis	2
29	than	1
29	not	4
29	wings	1
29	eyes	1
29	pain	1
29	old	1
29	free	5
29	see	2
29	death	2
29	love	1
29	home	1
29	place	1
29	do	1
29	it	1
29	hearts	1
29	no	2
29	sleep	1
29	though	1
29	table	1
29	before	2
29	on	1
29	#sequentialcaps	4
29	#lines	43
29	#maxinitial	3
29	#quotations	7
29	#caplines	17
29	#startwname	1
29	#periods	10
29	#stdev	720
29	#maxpair	4
29	#commas	16
29	#endwpunct	21
29	#textlines	25
29	#endwnumeral	1
29	wordNotInVocab	28
30	arabic1digit	2
30	breath	1
30	the	8
30	bring	1
30	air	1
30	this	1
30	within	1
30	up	1
30	sea	1
30	arabic4digit	1
30	by	3
30	o	3
30	strong	1
30	eyes	1
30	death	1
30	song	1
30	sleep	1
30	esq	1
30	arabic2digit	2
30	grief	1
30	now	1
30	these	1
30	them	1
30	light	2
30	they	1
30	sweet	8
30	morning	2
30	is	4
30	earth	1
30	with	1
30	golden	1
30	personalname	2
30	their	1
30	forth	1
30	#allcapswords	12
30	bliss	1
30	thy	1
30	sun	2
30	gave	1
30	goes	1
30	then	1
30	of	3
30	night	2
30	thee	1
30	beyond	1
30	hearts	1
30	from	1
30	glory	1
30	lies	1
30	and	1
30	after	1
30	to	5
30	#sequentialcaps	3
30	#lines	33
30	#maxinitial	6
30	#caplines	19
30	#periods	9
30	#stdev	1151
30	#maxpair	9
30	#startwrubric	3
30	#commas	17
30	#endwpunct	19
30	#exclamationpoints	4
30	#textlines	20
30	#endwnumeral	4
30	wordNotInVocab	20
31	arabic1digit	1
31	with	2
31	the	2
31	bring	2
31	him	3
31	light	1
31	from	2
31	sea	1
31	sleep	1
31	re	1
31	your	4
31	now	3
31	never	1
31	lips	2
31	eyes	1
31	death	2
31	song	2
31	in	4
31	they	4
31	these	3
31	music	1
31	sweet	1
31	flowers	2
31	beauty	1
31	summer	2
31	for	1
31	cold	1
31	down	1
31	are	1
31	he	1
31	sun	1
31	gave	2
31	thy	7
31	fly	1
31	them	1
31	thee	1
31	south	2
31	out	1
31	will	1
31	best	1
31	stay	1
31	within	1
31	#allcapswords	2
31	go	1
31	to	4
31	his	1
31	#sequentialcaps	3
31	#lines	38
31	#maxinitial	5
31	#caplines	21
31	#startwname	1
31	#periods	6
31	#stdev	763
31	#maxpair	7
31	#commas	14
31	#endwpunct	18
31	#exclamationpoints	2
31	#textlines	21
31	#endwnumeral	1
31	wordNotInVocab	29
32	bosom	1
32	us	1
32	but	1
32	ground	1
32	form	1
32	farewell	1
32	held	1
32	never	1
32	upon	1
32	deep	1
32	arabic2digit	1
32	e	1
32	boy	2
32	o	1
32	sweet	3
32	thee	10
32	with	2
32	more	10
32	house	2
32	music	1
32	own	1
32	against	1
32	laid	2
32	as	1
32	face	1
32	and	4
32	thine	1
32	morn	1
32	far	1
32	within	1
32	#allcapswords	6
32	her	5
32	to	2
32	the	9
32	our	4
32	words	1
32	dear	1
32	play	1
32	a	1
32	was	1
32	made	1
32	lips	1
32	thy	12
32	in	5
32	at	4
32	names	1
32	we	5
32	bed	2
32	felt	2
32	than	1
32	not	2
32	for	3
32	arms	3
32	then	3
32	heard	1
32	of	2
32	night	1
32	called	1
32	good	1
32	no	11
32	from	1
32	about	1
32	sleep	3
32	saw	1
32	feet	1
32	when	4
32	on	1
32	#sequentialcaps	3
32	#lines	31
32	#maxinitial	6
32	#caplines	25
32	#periods	5
32	#stdev	951
32	#maxpair	8
32	#commas	11
32	#endwpunct	10
32	#exclamationpoints	2
32	#textlines	25
32	#endwnumeral	1
32	wordNotInVocab	42
33	bosom	1
33	not	1
33	form	1
33	those	1
33	never	1
33	other	1
33	life	1
33	upon	1
33	were	1
33	silent	1
33	did	1
33	arabic2digit	1
33	all	2
33	till	1
33	fall	1
33	had	1
33	some	1
33	with	2
33	so	1
33	more	9
33	o	1
33	well	1
33	must	1
33	make	1
33	beneath	1
33	own	1
33	one	1
33	alone	3
33	as	4
33	and	3
33	hand	1
33	in	2
33	it	1
33	than	1
33	#allcapswords	3
33	to	3
33	day	2
33	name	1
33	the	9
33	our	5
33	by	1
33	could	1
33	each	1
33	a	2
33	was	1
33	or	1
33	lips	1
33	soft	1
33	thy	9
33	red	1
33	which	2
33	of	3
33	head	1
33	we	4
33	gentle	1
33	over	1
33	else	1
33	sacred	1
33	its	1
33	sure	1
33	then	3
33	love	1
33	night	1
33	less	2
33	side	1
33	that	2
33	hearts	1
33	no	9
33	about	1
33	hands	1
33	right	1
33	feet	2
33	be	1
33	before	1
33	when	1
33	#sequentialcaps	3
33	#lines	36
33	#maxinitial	11
33	#caplines	24
33	#periods	4
33	#stdev	1024
33	#maxpair	12
33	#commas	7
33	#endwpunct	11
33	#exclamationpoints	5
33	#textlines	25
33	wordNotInVocab	52
34	form	1
34	master	2
34	us	1
34	would	1
34	than	1
34	we	7
34	high	1
34	upon	1
34	where	1
34	arabic2digit	2
34	of	4
34	all	1
34	tears	1
34	some	1
34	music	1
34	sweet	1
34	let	1
34	had	1
34	so	4
34	more	1
34	memory	1
34	house	1
34	their	1
34	o	2
34	and	4
34	will	1
34	but	1
34	lost	1
34	here	3
34	through	1
34	an	1
34	still	2
34	his	4
34	again	2
34	#allcapswords	8
34	left	1
34	use	1
34	to	1
34	late	1
34	the	12
34	our	3
34	air	1
34	this	1
34	coming	1
34	up	1
34	could	1
34	set	1
34	golden	1
34	eyes	1
34	thy	1
34	in	3
34	they	2
34	death	1
34	any	1
34	boy	1
34	tis	1
34	is	2
34	rest	1
34	not	3
34	wings	1
34	for	1
34	why	1
34	thou	1
34	he	1
34	sun	1
34	gave	1
34	sight	1
34	little	8
34	them	2
34	thee	1
34	come	3
34	happy	1
34	at	1
34	play	1
34	long	1
34	by	2
34	which	1
34	saw	1
34	feet	2
34	like	2
34	do	1
34	say	2
34	#sequentialcaps	6
34	#lines	28
34	#maxinitial	6
34	#quotations	2
34	#caplines	23
34	#periods	11
34	#stdev	774
34	#maxpair	9
34	#startwrubric	1
34	#commas	7
34	#endwpunct	14
34	#questionmarks	1
34	#exclamationpoints	6
34	#textlines	25
34	#endwnumeral	1
34	wordNotInVocab	49
35	form	1
35	its	2
35	through	1
35	have	2
35	would	2
35	oh	1
35	lovely	1
35	life	1
35	break	1
35	stream	1
35	arabic2digit	1
35	river	1
35	vain	1
35	some	1
35	might	1
35	had	1
35	found	1
35	with	1
35	more	3
35	house	1
35	beneath	1
35	at	1
35	thine	1
35	command	1
35	poor	1
35	as	1
35	round	2
35	and	5
35	returned	1
35	it	1
35	#allcapswords	8
35	influence	1
35	to	3
35	day	1
35	the	14
35	reign	1
35	air	2
35	strength	1
35	fell	1
35	rose	2
35	be	1
35	a	2
35	was	1
35	or	2
35	thy	4
35	red	1
35	in	3
35	earth	2
35	of	8
35	spring	1
35	such	1
35	strong	1
35	over	2
35	away	2
35	way	1
35	sun	1
35	bright	1
35	full	1
35	love	1
35	twas	1
35	that	1
35	no	1
35	from	3
35	beauty	1
35	fair	1
35	sky	2
35	put	1
35	how	2
35	power	2
35	her	2
35	on	2
35	#sequentialcaps	4
35	#lines	50
35	#maxinitial	7
35	#quotations	1
35	#caplines	24
35	#periods	7
35	#stdev	959
35	#maxpair	9
35	#commas	17
35	#endwpunct	16
35	#exclamationpoints	3
35	#textlines	25
35	wordNotInVocab	59
36	but	2
36	soon	1
36	silent	2
36	arabic2digit	1
36	love	1
36	lovely	1
36	into	1
36	tears	1
36	let	1
36	wish	1
36	had	1
36	with	2
36	so	2
36	more	1
36	house	1
36	hard	1
36	child	1
36	could	1
36	my	3
36	one	1
36	knew	1
36	it	1
36	every	1
36	as	2
36	bliss	1
36	native	1
36	and	2
36	years	1
36	i	2
36	shall	2
36	save	1
36	#allcapswords	9
36	she	1
36	her	2
36	to	8
36	day	1
36	the	8
36	air	1
36	fell	1
36	rose	1
36	be	2
36	a	3
36	was	1
36	eyes	1
36	thy	2
36	in	6
36	at	2
36	head	1
36	we	1
36	ah	1
36	care	1
36	joy	1
36	not	1
36	personalname	1
36	down	1
36	away	2
36	thou	1
36	keep	1
36	turned	1
36	out	1
36	part	1
36	see	1
36	little	1
36	death	3
36	full	2
36	of	6
36	thee	3
36	alas	1
36	that	2
36	know	1
36	no	1
36	stay	1
36	though	1
36	fair	1
36	sky	1
36	company	1
36	pale	1
36	when	1
36	#sequentialcaps	3
36	#lines	29
36	#maxinitial	9
36	#caplines	21
36	#periods	6
36	#stdev	1043
36	#maxpair	13
36	#startwrubric	1
36	#commas	17
36	#endwpunct	13
36	#exclamationpoints	1
36	#textlines	21
36	#endwnumeral	1
36	wordNotInVocab	33
37	of	2
37	the	3
37	him	1
37	this	1
37	master	1
37	lay	1
37	would	1
37	a	2
37	by	1
37	heart	1
37	should	1
37	grave	1
37	water	1
37	thy	1
37	memory	1
37	in	2
37	death	1
37	arabic2digit	2
37	all	1
37	honourable	1
37	o	1
37	new	2
37	off	1
37	with	1
37	personalname	3
37	thou	1
37	romannumeral	1
37	he	1
37	gave	1
37	one	1
37	hast	1
37	op	1
37	tis	1
37	whom	1
37	every	1
37	an	1
37	placename	1
37	upon	1
37	it	1
37	cannot	1
37	to	2
37	arabic4digit	1
37	soul	1
37	name	1
37	if	1
37	#allcapswords	25
37	put	1
37	do	1
37	late	1
37	his	2
37	#sequentialcaps	2
37	#lines	22
37	#maxinitial	4
37	#caplines	12
37	#startwname	1
37	#periods	8
37	#stdev	1155
37	#maxpair	4
37	#startwrubric	1
37	#commas	7
37	#endwpunct	12
37	#textlines	14
37	#endwnumeral	1
37	wordNotInVocab	22
38	the	3
38	good	1
38	#allcapswords	8
38	and	1
38	beautiful	1
38	true	1
38	romannumeral	1
38	#sequentialcaps	2
38	#lines	5
38	#maxinitial	2
38	#caplines	3
38	#periods	2
38	#stdev	817
38	#maxpair	2
38	#startwrubric	1
38	#commas	2
38	#endwpunct	2
38	#textlines	3
39	with	1
39	truth	1
39	thou	3
39	be	2
39	thought	1
39	will	1
39	free	1
39	love	3
39	worship	1
39	thee	1
39	men	1
39	thy	1
39	good	1
39	in	1
39	divine	1
39	and	2
39	all	1
39	#allcapswords	3
39	beautiful	1
39	true	1
39	beauty	1
39	the	4
39	#sequentialcaps	3
39	#lines	8
39	#maxinitial	3
39	#caplines	4
39	#periods	2
39	#stdev	785
39	#maxpair	4
39	#commas	2
39	#endwpunct	5
39	#textlines	5
39	wordNotInVocab	4
40	arabic1digit	2
40	the	5
40	bosom	4
40	prince	1
40	set	1
40	am	1
40	give	2
40	lose	1
40	little	1
40	bid	1
40	heart	1
40	thy	6
40	me	3
40	in	6
40	mother	1
40	of	1
40	arabic2digit	1
40	all	1
40	hear	1
40	tears	2
40	o	1
40	let	1
40	alone	1
40	rest	1
40	not	1
40	one	1
40	pain	1
40	thou	1
40	myself	1
40	my	6
40	will	1
40	free	1
40	born	1
40	great	1
40	them	1
40	can	2
40	thee	2
40	as	1
40	come	1
40	and	1
40	i	3
40	though	3
40	again	1
40	#allcapswords	8
40	to	1
40	peace	2
40	#sequentialcaps	3
40	#lines	31
40	#maxinitial	6
40	#caplines	18
40	#startwname	1
40	#periods	7
40	#stdev	918
40	#maxpair	8
40	#commas	9
40	#endwpunct	16
40	#exclamationpoints	1
40	#textlines	18
40	#endwnumeral	3
40	wordNotInVocab	20
41	low	1
41	then	2
41	soon	1
41	life	1
41	behold	1
41	arabic2digit	1
41	into	1
41	while	1
41	sweet	1
41	morning	2
41	away	1
41	with	3
41	more	2
41	their	3
41	great	1
41	first	1
41	every	2
41	last	1
41	soul	1
41	and	10
41	to	4
41	day	1
41	few	1
41	his	4
41	the	13
41	this	2
41	up	1
41	each	1
41	east	1
41	a	1
41	was	2
41	new	1
41	unto	1
41	now	1
41	man	1
41	soft	1
41	in	1
41	at	2
41	everything	1
41	light	1
41	around	1
41	tis	1
41	west	1
41	wings	3
41	golden	1
41	came	1
41	old	1
41	#allcapswords	3
41	grey	1
41	out	1
41	star	1
41	of	6
41	breast	1
41	that	1
41	earth	2
41	from	2
41	about	1
41	till	1
41	nature	1
41	lives	1
41	sky	2
41	#sequentialcaps	3
41	#lines	44
41	#maxinitial	5
41	#quotations	2
41	#caplines	20
41	#startwname	2
41	#periods	7
41	#stdev	1051
41	#maxpair	6
41	#startwrubric	1
41	#commas	10
41	#endwpunct	15
41	#exclamationpoints	2
41	#textlines	22
41	wordNotInVocab	44
42	waves	1
42	through	1
42	us	1
42	arabic2digit	1
42	life	2
42	upon	2
42	duties	1
42	where	1
42	have	1
42	grief	1
42	love	3
42	all	2
42	into	2
42	is	1
42	had	2
42	with	3
42	well	1
42	sea	1
42	hope	1
42	living	1
42	born	1
42	hast	4
42	fortune	1
42	angel	1
42	every	1
42	as	1
42	work	1
42	still	1
42	years	1
42	hand	1
42	it	1
42	cast	1
42	within	2
42	and	2
42	faith	1
42	to	4
42	day	1
42	that	4
42	the	9
42	our	3
42	when	2
42	words	1
42	him	1
42	this	1
42	from	2
42	find	1
42	give	1
42	be	1
42	oft	2
42	a	4
42	might	1
42	strong	3
42	did	1
42	me	1
42	in	2
42	mother	1
42	we	1
42	light	1
42	grave	1
42	peace	1
42	for	3
42	its	1
42	#allcapswords	4
42	thou	3
42	stood	1
42	sun	1
42	long	1
42	too	1
42	arms	1
42	thy	11
42	ready	1
42	of	2
42	thee	2
42	do	1
42	called	1
42	been	1
42	hearts	1
42	no	2
42	back	2
42	if	1
42	part	1
42	daily	1
42	go	1
42	how	4
42	#sequentialcaps	2
42	#lines	28
42	#maxinitial	6
42	#caplines	25
42	#periods	7
42	#stdev	827
42	#maxpair	8
42	#commas	16
42	#endwpunct	10
42	#exclamationpoints	3
42	#textlines	25
42	#endwnumeral	1
42	wordNotInVocab	43
43	breath	1
43	low	1
43	race	1
43	makes	1
43	hour	1
43	arabic2digit	1
43	of	8
43	all	1
43	note	1
43	forth	1
43	sweet	1
43	its	1
43	short	1
43	find	1
43	with	3
43	their	1
43	eye	1
43	and	9
43	thine	3
43	just	1
43	along	1
43	every	2
43	round	2
43	thing	1
43	come	1
43	who	1
43	she	1
43	her	3
43	to	3
43	the	12
43	no	1
43	whether	1
43	each	1
43	or	2
43	new	1
43	made	1
43	thy	1
43	in	4
43	song	1
43	spring	1
43	joy	1
43	comes	1
43	for	2
43	doth	2
43	is	3
43	soft	1
43	out	1
43	full	1
43	love	1
43	thee	5
43	tree	1
43	#allcapswords	6
43	glory	1
43	nature	2
43	whose	1
43	#sequentialcaps	5
43	#lines	44
43	#maxinitial	7
43	#quotations	1
43	#caplines	22
43	#periods	6
43	#stdev	727
43	#maxpair	9
43	#commas	14
43	#endwpunct	11
43	#exclamationpoints	1
43	#textlines	24
43	wordNotInVocab	64
44	corn	1
44	silent	1
44	arabic2digit	1
44	love	1
44	all	4
44	night	1
44	wind	1
44	green	1
44	thee	8
44	with	1
44	so	3
44	more	1
44	their	1
44	and	7
44	once	1
44	wild	1
44	into	1
44	ever	1
44	born	1
44	great	1
44	powers	1
44	thine	1
44	clouds	1
44	her	3
44	to	1
44	day	1
44	the	25
44	sheep	1
44	a	1
44	pure	1
44	in	1
44	spring	1
44	over	1
44	mighty	1
44	tell	1
44	for	7
44	thousand	1
44	#allcapswords	4
44	mind	1
44	out	1
44	moon	1
44	of	5
44	can	1
44	that	1
44	flowers	1
44	which	1
44	nature	2
44	stars	1
44	feet	1
44	blue	1
44	ancient	1
44	#sequentialcaps	3
44	#lines	24
44	#maxinitial	9
44	#quotations	2
44	#caplines	19
44	#periods	5
44	#stdev	1050
44	#maxpair	9
44	#commas	22
44	#endwpunct	13
44	#textlines	22
44	#endwnumeral	1
44	wordNotInVocab	49
45	bird	1
45	life	2
45	upon	2
45	arabic2digit	1
45	of	2
45	lovely	1
45	into	2
45	o	1
45	had	1
45	with	1
45	more	1
45	may	1
45	around	1
45	well	2
45	ready	1
45	sweet	3
45	race	1
45	thee	1
45	propernoun	1
45	born	1
45	looking	1
45	first	1
45	as	1
45	thine	3
45	who	1
45	than	1
45	and	4
45	her	3
45	day	1
45	happy	1
45	above	1
45	the	5
45	no	1
45	this	1
45	whether	1
45	up	1
45	so	2
45	be	1
45	a	6
45	was	1
45	or	2
45	by	1
45	pure	1
45	heart	1
45	lips	1
45	eyes	3
45	thy	5
45	in	4
45	they	1
45	mother	4
45	ye	1
45	spring	1
45	its	1
45	face	1
45	earth	1
45	heavenly	1
45	for	1
45	down	1
45	#allcapswords	10
45	clear	1
45	thoughts	1
45	arms	1
45	full	1
45	love	6
45	night	1
45	birth	1
45	flower	1
45	breast	1
45	found	1
45	proud	1
45	at	2
45	from	2
45	ere	1
45	sky	1
45	whose	3
45	when	1
45	#sequentialcaps	3
45	#lines	28
45	#maxinitial	4
45	#quotations	1
45	#caplines	23
45	#startwname	2
45	#periods	8
45	#stdev	754
45	#maxpair	5
45	#commas	13
45	#endwpunct	12
45	#exclamationpoints	1
45	#textlines	25
45	wordNotInVocab	53
46	breath	1
46	what	1
46	head	1
46	corn	1
46	behold	1
46	arabic2digit	1
46	love	1
46	all	1
46	fall	1
46	o	1
46	sweet	1
46	green	1
46	king	1
46	with	3
46	so	1
46	their	1
46	heaven	1
46	dead	1
46	hope	1
46	one	1
46	prayer	1
46	angel	1
46	every	1
46	as	1
46	an	1
46	and	3
46	beauty	1
46	that	1
46	#allcapswords	3
46	to	1
46	his	4
46	summer	1
46	the	10
46	though	2
46	be	2
46	thought	1
46	might	1
46	by	1
46	s	1
46	death	1
46	in	4
46	propernoun	1
46	hear	1
46	its	2
46	is	2
46	comes	2
46	not	1
46	golden	1
46	yet	1
46	sun	1
46	fine	1
46	then	2
46	of	1
46	twas	1
46	it	2
46	say	1
46	flowers	1
46	wind	1
46	care	1
46	fair	2
46	like	1
46	lay	1
46	when	1
46	#sequentialcaps	5
46	#lines	28
46	#maxinitial	6
46	#caplines	24
46	#startwname	2
46	#periods	12
46	#stdev	755
46	#maxpair	9
46	#startwrubric	2
46	#commas	11
46	#endwpunct	21
46	#questionmarks	1
46	#textlines	24
46	#endwnumeral	1
46	wordNotInVocab	48
47	arabic1digit	3
47	bosom	1
47	grief	1
47	soon	1
47	grave	1
47	persian	1
47	where	1
47	arabic2digit	1
47	there	1
47	boy	1
47	read	1
47	sweet	1
47	king	1
47	with	2
47	loves	1
47	passed	1
47	child	2
47	dead	1
47	every	1
47	is	2
47	kind	1
47	page	1
47	who	2
47	wife	1
47	again	2
47	and	2
47	not	1
47	his	1
47	the	11
47	a	1
47	hundred	1
47	by	3
47	look	2
47	death	1
47	bright	1
47	mother	4
47	greek	1
47	bed	1
47	face	1
47	joy	1
47	comes	1
47	heavenly	1
47	s	1
47	its	1
47	#allcapswords	1
47	children	1
47	see	6
47	of	1
47	can	1
47	he	1
47	that	3
47	happy	1
47	lies	1
47	husband	1
47	her	3
47	on	1
47	#sequentialcaps	5
47	#lines	37
47	#maxinitial	5
47	#quotations	2
47	#caplines	20
47	#periods	7
47	#stdev	1186
47	#maxpair	5
47	#commas	5
47	#endwpunct	16
47	#questionmarks	2
47	#exclamationpoints	4
47	#textlines	24
47	#endwnumeral	3
47	wordNotInVocab	32
48	arabic1digit	3
48	arabic2digit	1
48	again	1
48	life	1
48	post	1
48	break	1
48	ship	1
48	of	4
48	what	1
48	o	1
48	with	1
48	so	1
48	their	2
48	my	2
48	will	1
48	not	2
48	one	2
48	great	1
48	as	1
48	is	1
48	who	2
48	and	2
48	within	1
48	save	1
48	#allcapswords	2
48	her	2
48	to	1
48	his	2
48	the	13
48	be	1
48	a	1
48	by	2
48	look	1
48	now	2
48	are	1
48	thy	1
48	in	1
48	at	1
48	mother	2
48	we	1
48	wave	1
48	j	1
48	state	1
48	joy	1
48	comes	1
48	peace	1
48	s	1
48	doth	1
48	he	2
48	lost	3
48	see	2
48	arms	1
48	love	1
48	can	1
48	mind	1
48	do	1
48	breast	1
48	that	1
48	nation	1
48	evening	1
48	gone	1
48	true	1
48	husband	1
48	#sequentialcaps	2
48	#lines	35
48	#maxinitial	3
48	#quotations	7
48	#caplines	16
48	#periods	7
48	#stdev	1078
48	#maxpair	3
48	#startwrubric	1
48	#commas	12
48	#endwpunct	21
48	#questionmarks	2
48	#exclamationpoints	5
48	#textlines	24
48	#endwnumeral	4
48	wordNotInVocab	37
49	ye	2
49	brave	1
49	that	2
49	least	1
49	doth	1
49	call	1
49	where	3
49	r	1
49	arabic2digit	1
49	there	2
49	read	1
49	forth	1
49	stand	1
49	had	1
49	from	1
49	may	2
49	up	1
49	entered	1
49	child	1
49	ready	1
49	black	1
49	nation	1
49	but	1
49	great	1
49	turn	1
49	and	2
49	save	1
49	who	1
49	wife	1
49	indeed	1
49	#allcapswords	4
49	god	1
49	faith	1
49	above	1
49	the	12
49	our	3
49	this	1
49	blessed	1
49	would	1
49	lord	2
49	even	1
49	be	1
49	each	1
49	th	1
49	a	3
49	was	1
49	look	1
49	your	1
49	ourselves	1
49	are	1
49	thy	1
49	me	1
49	in	4
49	fate	1
49	we	2
49	stars	1
49	company	1
49	is	3
49	not	1
49	s	1
49	lives	1
49	thou	1
49	he	1
49	though	1
49	thoughts	1
49	little	1
49	seemed	1
49	of	3
49	home	1
49	to	5
49	t	1
49	circle	1
49	at	1
49	will	1
49	soul	2
49	if	1
49	put	1
49	do	1
49	whose	1
49	#sequentialcaps	2
49	#lines	38
49	#maxinitial	4
49	#quotations	2
49	#caplines	22
49	#periods	7
49	#stdev	789
49	#maxpair	5
49	#commas	14
49	#endwpunct	14
49	#textlines	25
49	wordNotInVocab	50
50	what	2
50	but	1
50	horse	1
50	world	2
50	does	1
50	life	1
50	real	1
50	break	1
50	call	1
50	where	1
50	arabic2digit	1
50	there	2
50	of	10
50	this	1
50	devil	1
50	alone	1
50	beauty	1
50	with	2
50	loves	1
50	heaven	2
50	knows	1
50	own	1
50	angel	1
50	every	1
50	and	10
50	i	2
50	else	1
50	#allcapswords	7
50	to	2
50	strange	1
50	the	17
50	our	4
50	or	3
50	words	1
50	him	1
50	vain	1
50	oft	1
50	hell	2
50	taken	1
50	heart	1
50	in	5
50	they	1
50	propernoun	1
50	light	1
50	thought	1
50	is	3
50	gentle	1
50	not	1
50	doth	1
50	its	3
50	are	1
50	thou	1
50	he	2
50	out	2
50	love	1
50	home	1
50	glory	1
50	that	1
50	from	1
50	soul	1
50	sky	1
50	until	1
50	answer	1
50	#sequentialcaps	3
50	#lines	30
50	#maxinitial	8
50	#caplines	24
50	#startwname	1
50	#periods	7
50	#stdev	868
50	#maxpair	9
50	#commas	19
50	#endwpunct	14
50	#questionmarks	1
50	#textlines	25
50	#endwnumeral	1
50	wordNotInVocab	59
51	mine	1
51	what	1
51	through	1
51	horse	2
51	grave	1
51	life	1
51	if	1
51	where	1
51	arabic2digit	1
51	there	1
51	of	13
51	all	1
51	is	1
51	sweet	1
51	tears	1
51	brother	1
51	wish	1
51	very	1
51	hath	1
51	some	1
51	well	1
51	leaves	1
51	one	1
51	think	1
51	great	1
51	green	1
51	as	4
51	an	1
51	kind	1
51	much	1
51	and	15
51	dost	1
51	morn	1
51	i	3
51	far	1
51	his	1
51	the	9
51	air	1
51	words	1
51	thought	1
51	a	1
51	or	1
51	heart	1
51	are	1
51	thy	2
51	end	1
51	in	3
51	voice	1
51	thus	1
51	hear	1
51	joy	1
51	peace	1
51	for	1
51	doth	1
51	pain	1
51	its	1
51	away	1
51	#allcapswords	6
51	thou	1
51	children	1
51	he	1
51	out	1
51	thoughts	1
51	little	1
51	love	2
51	home	1
51	thee	2
51	my	4
51	that	2
51	no	2
51	sleep	1
51	yon	1
51	daily	1
51	how	1
51	whose	1
51	#sequentialcaps	5
51	#lines	32
51	#maxinitial	6
51	#caplines	21
51	#periods	9
51	#stdev	949
51	#maxpair	6
51	#commas	13
51	#endwpunct	16
51	#questionmarks	1
51	#textlines	23
51	wordNotInVocab	49
52	arabic1digit	3
52	with	1
52	the	13
52	our	1
52	words	1
52	this	1
52	ground	1
52	a	1
52	farewell	1
52	performed	1
52	now	1
52	love	1
52	thy	2
52	in	3
52	interesting	1
52	arabic2digit	2
52	we	1
52	while	2
52	school	1
52	wide	1
52	unto	2
52	on	1
52	may	1
52	virtue	1
52	and	3
52	leaves	2
52	them	2
52	tree	1
52	of	5
52	thee	1
52	as	1
52	round	3
52	come	1
52	it	1
52	class	2
52	june	1
52	#allcapswords	14
52	go	2
52	to	1
52	#sequentialcaps	2
52	#lines	34
52	#maxinitial	4
52	#caplines	18
52	#startwname	2
52	#periods	9
52	#stdev	1617
52	#maxpair	5
52	#commas	10
52	#endwpunct	13
52	#textlines	21
52	#endwnumeral	4
52	wordNotInVocab	47
53	arabic1digit	2
53	the	8
53	our	2
53	bird	2
53	words	1
53	thought	2
53	ground	1
53	propernoun	1
53	farewell	1
53	re	1
53	will	2
53	now	1
53	heart	2
53	upon	1
53	me	1
53	in	2
53	earth	1
53	arabic2digit	1
53	there	1
53	we	2
53	while	1
53	sing	2
53	sweet	2
53	tis	1
53	is	1
53	rest	1
53	with	1
53	so	2
53	unto	2
53	down	1
53	o	1
53	well	4
53	press	1
53	my	3
53	beneath	1
53	round	2
53	love	1
53	home	1
53	thee	3
53	happy	1
53	as	1
53	to	1
53	come	1
53	it	1
53	and	3
53	done	1
53	hand	1
53	foot	1
53	morn	1
53	a	2
53	#allcapswords	3
53	go	1
53	how	1
53	day	1
53	#sequentialcaps	2
53	#lines	31
53	#maxinitial	4
53	#caplines	19
53	#startwname	4
53	#periods	11
53	#stdev	1155
53	#maxpair	5
53	#startwrubric	1
53	#commas	11
53	#endwpunct	20
53	#exclamationpoints	6
53	#textlines	21
53	#endwnumeral	2
53	wordNotInVocab	37
54	form	1
54	bring	1
54	what	4
54	but	1
54	sorrow	1
54	would	1
54	have	1
54	heart	4
54	never	1
54	joy	1
54	arabic2digit	1
54	grief	1
54	them	2
54	all	3
54	hear	2
54	music	1
54	make	1
54	song	1
54	brother	2
54	wish	3
54	hath	1
54	with	3
54	so	1
54	their	2
54	sing	1
54	my	2
54	will	1
54	same	1
54	just	2
54	flowers	1
54	i	1
54	as	1
54	and	7
54	things	2
54	thine	1
54	morn	3
54	who	1
54	shall	1
54	over	1
54	#allcapswords	2
54	to	11
54	day	1
54	that	2
54	his	2
54	the	19
54	him	2
54	from	1
54	re	1
54	see	2
54	a	6
54	sky	1
54	look	1
54	feel	2
54	for	4
54	eyes	1
54	along	1
54	me	2
54	thy	2
54	t	1
54	in	2
54	earth	4
54	of	3
54	we	3
54	by	1
54	seems	1
54	such	2
54	j	1
54	though	3
54	is	4
54	than	1
54	not	3
54	were	3
54	s	1
54	doth	2
54	its	2
54	sad	3
54	are	2
54	mind	1
54	sun	1
54	moon	1
54	night	1
54	thee	3
54	come	2
54	it	2
54	they	1
54	take	1
54	power	1
54	soul	1
54	takes	1
54	fair	1
54	until	1
54	how	1
54	whose	2
54	on	1
54	#sequentialcaps	10
54	#lines	34
54	#maxinitial	11
54	#quotations	1
54	#caplines	27
54	#startwname	1
54	#periods	10
54	#stdev	896
54	#maxpair	13
54	#startwrubric	1
54	#commas	12
54	#endwpunct	14
54	#textlines	29
54	#endwnumeral	1
54	wordNotInVocab	52
55	time	1
55	the	4
55	some	1
55	is	1
55	other	1
55	up	2
55	us	1
55	lose	2
55	a	1
55	seems	1
55	by	3
55	art	1
55	heart	2
55	strong	1
55	friend	1
55	along	3
55	thy	2
55	way	1
55	like	1
55	have	3
55	there	1
55	shalt	1
55	into	1
55	night	2
55	tis	1
55	make	1
55	though	1
55	brother	2
55	hath	1
55	not	3
55	with	1
55	their	2
55	thus	1
55	hard	1
55	seek	1
55	thou	4
55	keep	1
55	my	1
55	long	1
55	great	2
55	of	1
55	noble	1
55	that	3
55	and	5
55	no	1
55	sister	1
55	these	1
55	fame	1
55	if	1
55	#allcapswords	3
55	souls	1
55	to	3
55	day	2
55	power	1
55	name	1
55	#sequentialcaps	5
55	#lines	35
55	#maxinitial	9
55	#caplines	23
55	#periods	10
55	#stdev	971
55	#maxpair	11
55	#commas	6
55	#endwpunct	14
55	#textlines	23
55	wordNotInVocab	35
56	holy	1
56	breath	1
56	master	1
56	but	1
56	would	1
56	hill	1
56	too	1
56	bear	1
56	call	1
56	where	1
56	joy	1
56	there	1
56	sweet	1
56	brother	1
56	with	1
56	so	1
56	easy	2
56	heaven	1
56	an	1
56	glorious	1
56	will	2
56	christ	1
56	who	1
56	last	1
56	and	2
56	come	1
56	worth	1
56	bright	1
56	again	1
56	way	1
56	god	2
56	to	2
56	name	1
56	the	6
56	live	1
56	up	1
56	be	2
56	a	2
56	st	1
56	or	1
56	shame	1
56	hard	1
56	along	6
56	death	1
56	in	1
56	earth	1
56	ah	1
56	such	1
56	law	1
56	is	4
56	pleasure	1
56	not	4
56	for	1
56	personalname	1
56	pain	1
56	seek	1
56	#allcapswords	3
56	thou	4
56	sun	1
56	see	1
56	little	2
56	of	1
56	good	1
56	that	2
56	they	1
56	from	1
56	days	1
56	if	2
56	soul	1
56	his	2
56	when	1
56	#sequentialcaps	3
56	#lines	41
56	#maxinitial	6
56	#quotations	2
56	#caplines	26
56	#startwname	1
56	#periods	14
56	#stdev	813
56	#maxpair	6
56	#commas	10
56	#endwpunct	23
56	#exclamationpoints	2
56	#textlines	27
56	wordNotInVocab	36
57	who	2
57	the	7
57	but	2
57	lose	2
57	oh	1
57	friend	1
57	too	1
57	break	1
57	arabic2digit	1
57	love	1
57	all	1
57	hear	1
57	tears	1
57	rules	1
57	brother	1
57	short	1
57	best	1
57	sin	1
57	man	1
57	their	4
57	hard	1
57	will	3
57	hast	1
57	it	1
57	nor	1
57	as	2
57	last	1
57	and	1
57	help	1
57	i	1
57	god	2
57	to	6
57	below	1
57	few	1
57	his	1
57	through	2
57	hill	1
57	up	1
57	be	1
57	above	1
57	by	1
57	art	1
57	heart	1
57	are	1
57	thy	5
57	in	1
57	they	2
57	fate	1
57	fear	3
57	these	1
57	seems	1
57	ah	1
57	is	1
57	not	3
57	way	2
57	song	1
57	along	6
57	thou	4
57	turned	1
57	gave	1
57	see	3
57	then	1
57	of	1
57	can	1
57	thee	2
57	how	2
57	bear	1
57	sublime	1
57	glorious	1
57	that	1
57	#allcapswords	3
57	if	1
57	do	1
57	#sequentialcaps	3
57	#lines	42
57	#maxinitial	6
57	#caplines	26
57	#startwname	1
57	#periods	11
57	#stdev	819
57	#maxpair	7
57	#commas	18
57	#endwpunct	25
57	#questionmarks	2
57	#exclamationpoints	4
57	#textlines	27
57	wordNotInVocab	31
58	place	1
58	the	4
58	prince	1
58	air	1
58	him	1
58	blessed	1
58	truth	2
58	be	1
58	arabic2digit	1
58	thought	1
58	a	4
58	art	1
58	side	1
58	all	1
58	but	1
58	thy	4
58	in	1
58	at	1
58	where	1
58	have	2
58	love	2
58	room	1
58	door	1
58	make	1
58	poor	1
58	very	1
58	never	1
58	with	1
58	before	1
58	heaven	1
58	s	1
58	doth	2
58	for	2
58	is	2
58	thou	4
58	he	6
58	will	1
58	prove	1
58	ever	3
58	fine	4
58	then	1
58	of	1
58	thee	5
58	as	1
58	to	2
58	give	1
58	and	4
58	young	1
58	though	1
58	his	3
58	if	2
58	#allcapswords	6
58	true	1
58	when	2
58	#sequentialcaps	2
58	#lines	35
58	#maxinitial	4
58	#quotations	1
58	#caplines	19
58	#periods	11
58	#stdev	570
58	#maxpair	5
58	#commas	6
58	#endwpunct	16
58	#questionmarks	2
58	#textlines	20
58	#endwnumeral	1
58	wordNotInVocab	21
59	further	1
59	breath	1
59	strength	1
59	oh	1
59	bound	1
59	upon	1
59	call	1
59	another	1
59	arabic2digit	1
59	there	1
59	all	1
59	while	1
59	its	2
59	king	2
59	with	3
59	glorious	1
59	wild	1
59	living	1
59	without	1
59	side	1
59	behold	1
59	through	1
59	nor	1
59	last	1
59	and	7
59	gentle	1
59	who	3
59	poor	1
59	mad	1
59	an	1
59	again	1
59	#allcapswords	7
59	pleasure	1
59	to	2
59	his	6
59	the	11
59	him	1
59	this	1
59	shame	1
59	up	1
59	a	4
59	by	1
59	are	1
59	feel	1
59	at	1
59	death	1
59	their	3
59	themselves	1
59	down	1
59	foe	1
59	ear	1
59	not	1
59	for	1
59	pain	2
59	yet	1
59	men	1
59	he	1
59	see	1
59	then	1
59	of	5
59	can	1
59	sense	1
59	in	2
59	it	1
59	they	1
59	name	1
59	like	1
59	until	1
59	how	1
59	#sequentialcaps	3
59	#lines	27
59	#maxinitial	6
59	#quotations	2
59	#caplines	23
59	#periods	7
59	#stdev	915
59	#maxpair	7
59	#commas	20
59	#endwpunct	15
59	#exclamationpoints	4
59	#textlines	24
59	wordNotInVocab	64
60	greater	1
60	least	1
60	life	2
60	arabic2digit	1
60	all	1
60	f	1
60	its	1
60	with	1
60	so	1
60	their	1
60	and	4
60	sweet	1
60	beneath	1
60	not	1
60	nor	1
60	every	1
60	as	3
60	last	1
60	hand	1
60	that	1
60	#allcapswords	11
60	to	7
60	things	1
60	his	1
60	placename	2
60	the	5
60	our	1
60	thine	1
60	find	1
60	up	2
60	be	1
60	oft	1
60	shall	1
60	or	1
60	by	1
60	heart	1
60	strong	1
60	thy	1
60	personalname	1
60	in	2
60	at	1
60	may	1
60	is	2
60	doth	1
60	out	1
60	of	3
60	thee	1
60	it	2
60	though	2
60	feet	1
60	like	1
60	on	1
60	#sequentialcaps	3
60	#lines	38
60	#maxinitial	4
60	#quotations	3
60	#caplines	19
60	#startwname	2
60	#periods	5
60	#stdev	728
60	#maxpair	5
60	#commas	12
60	#endwpunct	13
60	#textlines	20
60	#endwnumeral	1
60	wordNotInVocab	54
61	arabic1digit	1
61	the	10
61	hath	1
61	birth	1
61	st	1
61	though	1
61	up	2
61	but	1
61	a	3
61	world	1
61	long	1
61	lie	1
61	only	1
61	s	1
61	keep	1
61	men	1
61	life	1
61	thy	3
61	whom	2
61	in	2
61	sleep	1
61	gone	1
61	propernoun	1
61	of	1
61	all	1
61	bed	1
61	forth	1
61	within	1
61	beneath	1
61	for	1
61	doth	1
61	better	1
61	#allcapswords	7
61	religion	2
61	thou	1
61	he	2
61	dead	1
61	will	1
61	race	1
61	then	1
61	them	1
61	stand	1
61	christ	1
61	before	1
61	and	2
61	to	4
61	help	1
61	soul	1
61	be	1
61	noble	1
61	after	1
61	true	1
61	name	1
61	above	1
61	#sequentialcaps	2
61	#lines	21
61	#maxinitial	3
61	#caplines	16
61	#startwname	3
61	#periods	8
61	#stdev	869
61	#maxpair	4
61	#commas	12
61	#endwpunct	13
61	#textlines	16
61	wordNotInVocab	28
62	to	2
62	#allcapswords	5
62	and	1
62	romannumeral	1
62	#sequentialcaps	2
62	#lines	5
62	#maxinitial	2
62	#caplines	3
62	#startwname	2
62	#periods	2
62	#stdev	748
62	#maxpair	2
62	#startwrubric	2
62	#commas	2
62	#endwpunct	2
62	#textlines	3
62	wordNotInVocab	3
63	the	7
63	le	2
63	s	1
63	ready	1
63	he	1
63	dead	1
63	long	2
63	was	1
63	live	2
63	now	1
63	turn	1
63	out	1
63	that	1
63	and	2
63	already	1
63	while	1
63	#allcapswords	7
63	tis	1
63	king	5
63	is	4
63	his	1
63	on	1
63	#sequentialcaps	3
63	#lines	9
63	#maxinitial	3
63	#quotations	2
63	#caplines	7
63	#startwname	1
63	#periods	3
63	#stdev	666
63	#maxpair	3
63	#commas	3
63	#endwpunct	7
63	#exclamationpoints	5
63	#textlines	7
63	wordNotInVocab	18
64	bird	1
64	would	1
64	time	1
64	makes	1
64	then	2
64	bound	1
64	too	1
64	stream	3
64	arabic2digit	1
64	e	1
64	all	1
64	into	1
64	fall	1
64	below	1
64	wind	1
64	very	1
64	best	1
64	here	1
64	with	1
64	may	1
64	and	3
64	one	2
64	just	1
64	behold	1
64	stand	1
64	as	2
64	i'll	1
64	clouds	1
64	that	4
64	far	1
64	within	1
64	again	1
64	#allcapswords	12
64	to	1
64	the	10
64	our	2
64	this	1
64	give	1
64	hand	1
64	a	5
64	force	1
64	lie	1
64	thy	1
64	me	1
64	in	4
64	at	1
64	propernoun	1
64	pretty	1
64	seems	1
64	j	1
64	is	3
64	over	1
64	not	1
64	hold	1
64	away	1
64	thou	1
64	out	1
64	see	1
64	little	1
64	another	1
64	romannumeral	1
64	of	3
64	thee	1
64	near	1
64	lost	1
64	it	2
64	from	2
64	which	1
64	itself	1
64	yon	1
64	feet	2
64	like	2
64	sky	2
64	where	1
64	#sequentialcaps	2
64	#lines	39
64	#maxinitial	8
64	#caplines	22
64	#startwname	1
64	#periods	7
64	#stdev	1005
64	#maxpair	9
64	#commas	8
64	#endwpunct	8
64	#exclamationpoints	3
64	#textlines	22
64	#endwnumeral	1
64	wordNotInVocab	51
65	least	1
65	have	2
65	born	1
65	two	1
65	either	1
65	never	3
65	other	1
65	nay	1
65	arabic2digit	1
65	all	2
65	into	1
65	tears	1
65	can	2
65	read	1
65	without	1
65	past	1
65	hath	1
65	more	1
65	end	2
65	ever	1
65	one	1
65	great	1
65	nor	1
65	every	1
65	as	1
65	an	2
65	round	4
65	much	1
65	and	6
65	things	2
65	who	1
65	soul	3
65	again	1
65	#allcapswords	6
65	time	3
65	to	1
65	the	9
65	no	1
65	our	1
65	or	1
65	him	1
65	this	1
65	find	1
65	moment	1
65	itself	1
65	even	1
65	a	7
65	by	1
65	strand	1
65	are	1
65	made	1
65	death	1
65	whom	2
65	in	2
65	at	1
65	love	1
65	yet	2
65	is	2
65	not	2
65	down	1
65	place	1
65	then	1
65	here	1
65	so	1
65	of	4
65	home	1
65	birth	1
65	less	1
65	that	4
65	meeting	1
65	from	1
65	back	1
65	line	1
65	which	1
65	both	1
65	#sequentialcaps	5
65	#lines	29
65	#maxinitial	5
65	#quotations	3
65	#caplines	20
65	#startwname	2
65	#periods	12
65	#stdev	1050
65	#maxpair	5
65	#startwrubric	1
65	#commas	17
65	#endwpunct	16
65	#exclamationpoints	2
65	#textlines	24
65	wordNotInVocab	42
66	what	2
66	but	1
66	hand	1
66	one	1
66	time	1
66	world	2
66	become	1
66	soon	1
66	since	1
66	life	1
66	dear	1
66	arabic2digit	1
66	of	6
66	all	4
66	while	3
66	room	1
66	sweet	1
66	preparation	1
66	beauty	1
66	with	3
66	duty	1
66	their	1
66	s	1
66	ready	1
66	my	1
66	will	3
66	give	1
66	ever	2
66	open	1
66	think	1
66	here	1
66	past	1
66	as	1
66	round	1
66	and	2
66	thine	1
66	between	1
66	that	2
66	within	1
66	hath	2
66	#allcapswords	6
66	the	8
66	find	1
66	be	2
66	each	2
66	was	1
66	art	1
66	taken	1
66	heart	2
66	only	1
66	lips	1
66	made	1
66	thy	4
66	t	2
66	in	3
66	propernoun	1
66	love	2
66	yet	2
66	joy	1
66	gentle	1
66	for	3
66	doth	1
66	thus	1
66	its	4
66	is	1
66	making	1
66	thou	2
66	been	1
66	them	3
66	thee	2
66	to	2
66	it	4
66	beneath	1
66	line	1
66	till	1
66	head	1
66	sometimes	1
66	if	3
66	on	1
66	#sequentialcaps	3
66	#lines	48
66	#maxinitial	10
66	#quotations	1
66	#caplines	23
66	#startwname	3
66	#periods	5
66	#stdev	701
66	#maxpair	11
66	#commas	15
66	#endwpunct	9
66	#questionmarks	3
66	#textlines	24
66	#endwnumeral	1
66	wordNotInVocab	42
67	oh	1
67	bring	1
67	what	1
67	soon	2
67	bear	1
67	then	2
67	arabic2digit	1
67	lovely	1
67	this	1
67	fall	1
67	can	1
67	o	1
67	wind	1
67	thee	2
67	hath	2
67	therefore	1
67	thou	7
67	must	1
67	sweet	1
67	will	2
67	one	1
67	hast	6
67	against	1
67	just	1
67	as	3
67	bliss	1
67	spirit	1
67	and	2
67	i	1
67	hand	1
67	who	1
67	#allcapswords	10
67	to	2
67	day	1
67	that	2
67	the	7
67	vain	1
67	coming	1
67	thought	1
67	shall	2
67	or	1
67	by	1
67	made	2
67	heart	1
67	only	1
67	at	1
67	propernoun	1
67	these	1
67	is	1
67	not	2
67	pain	1
67	its	2
67	thy	5
67	prayer	1
67	them	1
67	night	1
67	he	1
67	in	1
67	it	1
67	happy	1
67	no	1
67	from	1
67	sleep	2
67	say	1
67	if	2
67	like	2
67	how	1
67	#sequentialcaps	2
67	#lines	29
67	#maxinitial	9
67	#quotations	1
67	#caplines	18
67	#startwname	1
67	#periods	5
67	#stdev	889
67	#maxpair	10
67	#commas	12
67	#endwpunct	11
67	#questionmarks	4
67	#exclamationpoints	3
67	#textlines	19
67	wordNotInVocab	36
68	the	5
68	words	1
68	what	3
68	dost	1
68	be	2
68	hand	2
68	while	1
68	have	2
68	shall	1
68	or	4
68	moment	1
68	been	1
68	now	1
68	thy	5
68	glorious	1
68	arabic2digit	1
68	east	1
68	flower	1
68	this	1
68	brother	1
68	o	2
68	is	6
68	not	1
68	thine	1
68	man	2
68	birth	1
68	may	1
68	these	1
68	thou	5
68	child	1
68	a	1
68	but	1
68	behold	1
68	of	3
68	past	1
68	as	1
68	however	2
68	in	2
68	out	1
68	it	7
68	poor	1
68	within	1
68	#allcapswords	11
68	time	1
68	lay	1
68	that	1
68	when	1
68	#sequentialcaps	3
68	#lines	39
68	#maxinitial	3
68	#caplines	19
68	#startwname	1
68	#periods	10
68	#stdev	831
68	#maxpair	5
68	#commas	8
68	#endwpunct	15
68	#questionmarks	4
68	#exclamationpoints	3
68	#textlines	20
68	#endwnumeral	1
68	wordNotInVocab	46
69	prince	2
69	living	1
69	tree	1
69	open	1
69	are	1
69	life	1
69	bear	1
69	have	1
69	grief	1
69	th	1
69	all	3
69	o	1
69	morning	2
69	birth	1
69	very	1
69	with	1
69	so	1
69	more	2
69	among	1
69	their	1
69	must	1
69	dead	2
69	ever	2
69	one	1
69	each	1
69	breast	1
69	as	1
69	king	1
69	had	2
69	thine	1
69	morn	1
69	been	1
69	great	1
69	soul	1
69	way	1
69	time	1
69	to	4
69	day	2
69	that	2
69	the	14
69	this	7
69	rose	2
69	up	2
69	a	1
69	was	2
69	by	2
69	unto	1
69	now	2
69	for	5
69	garden	1
69	eyes	1
69	men	1
69	earth	2
69	arabic2digit	1
69	propernoun	1
69	sin	1
69	only	1
69	is	1
69	not	1
69	doth	1
69	its	2
69	#allcapswords	4
69	thou	3
69	he	1
69	star	1
69	thy	4
69	of	9
69	night	1
69	thee	7
69	flower	2
69	it	3
69	and	4
69	from	3
69	glory	2
69	which	1
69	stay	1
69	nature	2
69	if	2
69	like	1
69	on	2
69	#sequentialcaps	3
69	#lines	46
69	#maxinitial	6
69	#caplines	27
69	#startwname	1
69	#periods	12
69	#stdev	826
69	#maxpair	7
69	#commas	17
69	#endwpunct	16
69	#questionmarks	2
69	#exclamationpoints	4
69	#textlines	29
69	wordNotInVocab	64
70	knows	1
70	required	1
70	never	1
70	silent	1
70	call	1
70	arabic2digit	1
70	love	1
70	all	1
70	this	3
70	tears	2
70	with	3
70	so	1
70	more	1
70	their	1
70	heaven	1
70	and	3
70	my	1
70	own	1
70	one	2
70	hast	1
70	each	1
70	every	1
70	as	2
70	thine	2
70	save	1
70	who	1
70	a	2
70	within	1
70	again	1
70	way	1
70	to	3
70	day	4
70	the	12
70	him	1
70	be	2
70	now	1
70	saying	1
70	only	1
70	eyes	2
70	along	1
70	thy	6
70	me	1
70	in	1
70	voice	3
70	shall	2
70	light	3
70	such	1
70	joy	1
70	son	1
70	unto	3
70	for	3
70	personalname	1
70	down	1
70	#allcapswords	5
70	thou	3
70	he	2
70	out	2
70	goes	1
70	been	1
70	ocean	1
70	little	1
70	of	7
70	night	1
70	thee	1
70	breast	1
70	still	1
70	that	1
70	small	1
70	no	1
70	from	2
70	sleep	1
70	stars	2
70	feet	2
70	when	1
70	#sequentialcaps	3
70	#lines	48
70	#maxinitial	10
70	#quotations	2
70	#caplines	23
70	#startwname	1
70	#periods	8
70	#stdev	543
70	#maxpair	11
70	#commas	11
70	#endwpunct	10
70	#questionmarks	3
70	#textlines	24
70	#endwnumeral	1
70	wordNotInVocab	49
71	all	1
71	what	1
71	us	1
71	would	1
71	time	1
71	scene	1
71	too	1
71	have	1
71	there	1
71	should	1
71	some	1
71	make	1
71	let	1
71	so	1
71	till	1
71	people	2
71	winter	1
71	sweet	1
71	said	1
71	going	1
71	twas	2
71	here	2
71	as	2
71	an	1
71	and	6
71	i	1
71	#allcapswords	28
71	day	1
71	placename	2
71	the	4
71	this	1
71	be	1
71	oft	1
71	a	2
71	re	1
71	purpose	1
71	new	1
71	made	1
71	strong	1
71	along	1
71	me	2
71	in	1
71	they	1
71	we	1
71	for	1
71	together	1
71	are	1
71	he	3
71	then	2
71	op	2
71	of	1
71	home	3
71	near	2
71	alas	1
71	laid	1
71	come	2
71	evening	1
71	if	1
71	go	2
71	when	1
71	#sequentialcaps	3
71	#lines	33
71	#maxinitial	7
71	#quotations	4
71	#caplines	18
71	#startwname	1
71	#periods	4
71	#stdev	1162
71	#maxpair	8
71	#startwrubric	1
71	#commas	19
71	#endwpunct	17
71	#exclamationpoints	3
71	#textlines	23
71	wordNotInVocab	29
72	marriage	1
72	mine	1
72	the	4
72	but	4
72	have	1
72	once	1
72	never	1
72	hour	1
72	did	2
72	arabic2digit	1
72	all	1
72	some	2
72	sweet	1
72	let	1
72	best	1
72	sin	1
72	man	1
72	house	2
72	may	1
72	my	1
72	here	1
72	as	3
72	kind	1
72	and	5
72	done	1
72	that	1
72	heavenly	1
72	again	1
72	#allcapswords	2
72	god	1
72	left	1
72	father	2
72	day	1
72	us	1
72	our	2
72	blessed	1
72	be	2
72	thought	1
72	to	3
72	might	1
72	live	1
72	shame	1
72	thy	2
72	me	1
72	in	2
72	i	1
72	hither	1
72	wine	1
72	head	1
72	we	8
72	j	1
72	law	1
72	find	1
72	not	1
72	were	1
72	for	1
72	thus	1
72	thou	1
72	mind	1
72	fine	1
72	then	1
72	of	3
72	night	1
72	it	1
72	no	1
72	flower	1
72	power	1
72	on	1
72	#sequentialcaps	2
72	#lines	38
72	#maxinitial	4
72	#quotations	3
72	#caplines	23
72	#periods	5
72	#stdev	578
72	#maxpair	8
72	#startwrubric	1
72	#commas	6
72	#endwpunct	14
72	#textlines	27
72	#endwnumeral	1
72	wordNotInVocab	24
73	holy	1
73	meet	1
73	but	1
73	would	1
73	world	1
73	oh	1
73	those	1
73	plain	1
73	upon	1
73	arabic2digit	1
73	there	1
73	vain	2
73	tears	1
73	sweet	2
73	let	1
73	poor	1
73	with	2
73	so	1
73	and	3
73	black	1
73	thee	1
73	one	2
73	great	1
73	die	1
73	alone	1
73	every	1
73	joy	2
73	come	1
73	i	1
73	again	2
73	#allcapswords	2
73	left	1
73	to	7
73	his	1
73	the	2
73	our	2
73	this	2
73	from	1
73	give	1
73	a	2
73	here	1
73	heart	1
73	lips	1
73	are	1
73	me	5
73	in	4
73	who	1
73	fear	1
73	we	3
73	hear	1
73	face	1
73	tis	2
73	rest	1
73	not	3
73	s	1
73	why	2
73	place	1
73	little	1
73	night	1
73	leave	1
73	he	2
73	alas	1
73	breast	1
73	my	1
73	that	1
73	hearts	1
73	no	1
73	take	1
73	will	1
73	back	1
73	feet	1
73	if	1
73	#sequentialcaps	3
73	#lines	36
73	#maxinitial	5
73	#quotations	3
73	#caplines	23
73	#periods	8
73	#stdev	691
73	#maxpair	6
73	#commas	11
73	#endwpunct	19
73	#questionmarks	2
73	#exclamationpoints	9
73	#textlines	28
73	wordNotInVocab	27
74	arabic1digit	2
74	mine	1
74	arabic2digit	1
74	oh	3
74	doth	1
74	other	1
74	life	1
74	silent	1
74	him	1
74	have	1
74	should	1
74	am	1
74	some	1
74	o	1
74	with	1
74	every	1
74	so	3
74	and	1
74	my	5
74	will	1
74	went	1
74	one	1
74	prayer	1
74	w	1
74	turn	1
74	christ	1
74	as	1
74	thine	1
74	i	5
74	a	2
74	save	1
74	#allcapswords	9
74	perhaps	1
74	the	1
74	swear	1
74	this	3
74	be	1
74	each	1
74	grave	1
74	or	1
74	art	1
74	now	1
74	heart	2
74	s	2
74	did	1
74	me	1
74	in	2
74	at	1
74	sound	1
74	we	1
74	know	1
74	tis	1
74	strong	1
74	is	4
74	not	5
74	way	1
74	for	1
74	personalname	1
74	why	2
74	thou	2
74	he	2
74	thy	2
74	wilt	1
74	of	1
74	to	2
74	still	1
74	dead	1
74	it	1
74	from	2
74	long	2
74	feet	1
74	go	1
74	how	1
74	#sequentialcaps	2
74	#lines	38
74	#maxinitial	4
74	#quotations	2
74	#caplines	22
74	#periods	5
74	#stdev	555
74	#maxpair	7
74	#startwrubric	1
74	#commas	6
74	#endwpunct	16
74	#questionmarks	1
74	#exclamationpoints	11
74	#textlines	27
74	#endwnumeral	2
74	wordNotInVocab	25
75	quite	1
75	would	2
75	oh	1
75	friend	1
75	where	1
75	arabic2digit	2
75	all	1
75	much	1
75	some	1
75	sweet	1
75	king	1
75	had	1
75	face	1
75	so	2
75	once	1
75	said	1
75	have	1
75	good	1
75	as	1
75	an	1
75	many	1
75	and	5
75	things	1
75	i	4
75	#allcapswords	6
75	left	1
75	to	1
75	his	2
75	m	1
75	him	1
75	often	1
75	sir	1
75	be	1
75	you	1
75	returned	1
75	a	3
75	by	1
75	me	4
75	we	1
75	light	1
75	such	1
75	tis	1
75	not	1
75	tell	1
75	s	2
75	together	1
75	gentleman	1
75	is	1
75	he	7
75	lost	1
75	then	4
75	seemed	1
75	home	1
75	till	1
75	this	1
75	twas	1
75	come	1
75	at	1
75	can	1
75	hands	1
75	feet	1
75	if	2
75	go	1
75	#sequentialcaps	3
75	#lines	35
75	#maxinitial	5
75	#quotations	4
75	#caplines	22
75	#periods	7
75	#stdev	549
75	#maxpair	8
75	#startwrubric	1
75	#commas	7
75	#endwpunct	20
75	#exclamationpoints	1
75	#textlines	27
75	wordNotInVocab	33
76	what	1
76	would	1
76	never	2
76	arabic2digit	2
76	am	1
76	maid	1
76	o	1
76	make	1
76	nor	2
76	some	1
76	with	2
76	so	2
76	has	1
76	as	1
76	child	1
76	my	1
76	will	1
76	said	1
76	went	1
76	ever	1
76	it	1
76	poor	2
76	and	1
76	i	5
76	vain	1
76	again	1
76	way	1
76	perhaps	1
76	that	1
76	his	2
76	m	2
76	the	1
76	words	1
76	him	2
76	this	1
76	you	4
76	to	1
76	was	2
76	come	1
76	lie	1
76	are	1
76	your	3
76	me	2
76	hear	1
76	believe	1
76	is	1
76	not	2
76	s	1
76	replied	1
76	#allcapswords	6
76	seek	1
76	he	10
76	sure	1
76	of	1
76	home	1
76	side	1
76	dead	2
76	neither	1
76	no	2
76	take	1
76	back	1
76	lies	1
76	go	2
76	do	1
76	on	1
76	#sequentialcaps	3
76	#lines	37
76	#maxinitial	5
76	#quotations	7
76	#caplines	23
76	#startwname	1
76	#periods	7
76	#stdev	539
76	#maxpair	8
76	#startwrubric	1
76	#commas	6
76	#endwpunct	20
76	#exclamationpoints	6
76	#textlines	27
76	#endwnumeral	1
76	wordNotInVocab	28
77	arabic1digit	2
77	waves	1
77	street	2
77	air	1
77	hour	1
77	arabic2digit	1
77	home	1
77	forth	1
77	best	1
77	white	1
77	some	1
77	with	1
77	so	1
77	as	1
77	passed	1
77	black	1
77	dead	1
77	wild	1
77	die	1
77	poor	2
77	i'll	2
77	thing	1
77	and	3
77	to	2
77	his	2
77	the	6
77	dark	1
77	him	1
77	take	1
77	find	1
77	could	1
77	you	1
77	a	4
77	or	1
77	your	1
77	she	2
77	death	1
77	at	2
77	gone	1
77	light	1
77	down	1
77	tis	1
77	hath	1
77	rest	1
77	over	2
77	s	1
77	doth	1
77	its	3
77	is	3
77	turned	1
77	gave	1
77	see	1
77	then	1
77	of	2
77	night	1
77	he	2
77	good	1
77	my	1
77	#allcapswords	1
77	from	2
77	foot	1
77	soul	1
77	ere	1
77	like	2
77	go	1
77	when	1
77	power	1
77	on	1
77	#sequentialcaps	3
77	#lines	37
77	#maxinitial	5
77	#quotations	7
77	#caplines	22
77	#periods	8
77	#stdev	687
77	#maxpair	6
77	#commas	9
77	#endwpunct	19
77	#exclamationpoints	3
77	#textlines	28
77	#endwnumeral	1
77	wordNotInVocab	36
78	form	1
78	knows	1
78	meet	1
78	sea	1
78	street	1
78	i	2
78	arabic2digit	1
78	there	1
78	of	1
78	river	1
78	what	1
78	see	1
78	o	1
78	wind	1
78	heaven	1
78	with	1
78	so	1
78	end	1
78	s	1
78	herself	1
78	going	1
78	one	2
78	here	1
78	as	1
78	an	1
78	rest	1
78	that	2
78	and	2
78	she	4
78	her	3
78	to	4
78	the	6
78	this	2
78	be	1
78	a	5
78	along	1
78	thy	1
78	in	1
78	at	1
78	wave	1
78	light	1
78	face	2
78	tis	1
78	is	1
78	ear	1
78	doth	1
78	down	1
78	#allcapswords	5
78	are	1
78	out	2
78	long	1
78	goes	1
78	th	1
78	night	1
78	breast	1
78	who	1
78	it	1
78	from	1
78	hands	1
78	ere	1
78	feet	1
78	if	1
78	on	1
78	#sequentialcaps	4
78	#lines	40
78	#maxinitial	8
78	#quotations	1
78	#caplines	25
78	#periods	4
78	#stdev	539
78	#maxpair	10
78	#startwrubric	1
78	#commas	8
78	#endwpunct	13
78	#exclamationpoints	5
78	#textlines	27
78	#endwnumeral	1
78	wordNotInVocab	41
79	white	1
79	some	1
79	race	1
79	ground	1
79	form	1
79	oh	1
79	never	1
79	winds	1
79	life	1
79	upon	2
79	arabic2digit	1
79	there	1
79	love	1
79	o	1
79	had	1
79	beauty	1
79	with	1
79	so	1
79	human	1
79	their	1
79	around	1
79	j	1
79	wild	1
79	ever	1
79	born	1
79	poor	1
79	grace	1
79	and	4
79	more	2
79	i	1
79	skies	1
79	#allcapswords	3
79	she	1
79	her	8
79	to	1
79	the	5
79	as	2
79	could	1
79	be	1
79	was	1
79	by	2
79	look	1
79	eyes	1
79	are	2
79	feel	1
79	in	4
79	fate	1
79	gone	2
79	such	2
79	face	1
79	you	1
79	is	2
79	heavenly	1
79	one	1
79	for	1
79	doth	1
79	out	1
79	arms	1
79	of	1
79	no	1
79	from	1
79	feet	1
79	if	1
79	when	1
79	#sequentialcaps	3
79	#lines	38
79	#maxinitial	5
79	#quotations	1
79	#caplines	25
79	#periods	6
79	#stdev	582
79	#maxpair	7
79	#commas	4
79	#endwpunct	12
79	#questionmarks	1
79	#exclamationpoints	2
79	#textlines	27
79	wordNotInVocab	38
80	marriage	1
80	form	2
80	them	1
80	what	3
80	already	1
80	air	1
80	winds	1
80	life	2
80	upon	2
80	arabic2digit	1
80	there	1
80	love	1
80	with	3
80	once	1
80	wild	1
80	against	1
80	bliss	1
80	joy	1
80	and	5
80	her	7
80	to	2
80	loved	1
80	the	6
80	sent	1
80	your	1
80	heart	1
80	she	2
80	are	1
80	in	3
80	at	1
80	gone	1
80	propernoun	1
80	wave	1
80	face	1
80	tis	1
80	is	3
80	rest	1
80	not	1
80	doth	2
80	down	1
80	#allcapswords	1
80	children	1
80	sun	1
80	high	1
80	of	4
80	breast	1
80	dead	1
80	like	1
80	husband	1
80	#sequentialcaps	3
80	#lines	39
80	#maxinitial	4
80	#quotations	1
80	#caplines	26
80	#startwname	1
80	#periods	7
80	#stdev	719
80	#maxpair	6
80	#startwrubric	1
80	#commas	6
80	#endwpunct	16
80	#questionmarks	3
80	#exclamationpoints	3
80	#textlines	28
80	#endwnumeral	1
80	wordNotInVocab	38
81	white	1
81	the	13
81	air	1
81	sword	1
81	none	1
81	word	1
81	shore	1
81	a	6
81	oh	2
81	war	1
81	in	2
81	into	1
81	deep	1
81	arabic2digit	1
81	wave	1
81	such	1
81	face	1
81	tis	2
81	is	1
81	ear	1
81	not	1
81	with	3
81	more	2
81	doth	1
81	clear	1
81	out	1
81	wild	4
81	see	3
81	here	1
81	of	3
81	night	2
81	alone	2
81	near	1
81	black	1
81	it	1
81	and	3
81	from	2
81	save	1
81	back	1
81	comes	1
81	i	3
81	again	4
81	#allcapswords	6
81	she	3
81	her	2
81	to	1
81	#sequentialcaps	4
81	#lines	38
81	#maxinitial	9
81	#caplines	23
81	#periods	7
81	#stdev	522
81	#maxpair	9
81	#commas	3
81	#endwpunct	16
81	#exclamationpoints	20
81	#textlines	26
81	wordNotInVocab	38
82	white	1
82	some	1
82	waves	1
82	through	1
82	wrong	1
82	hour	1
82	love	2
82	all	1
82	vain	1
82	o	1
82	hath	1
82	for	1
82	sing	1
82	romannumeral	1
82	sweet	1
82	but	1
82	my	1
82	prayer	1
82	poor	1
82	whose	1
82	#allcapswords	5
82	she	1
82	to	3
82	name	2
82	the	2
82	our	1
82	this	1
82	blessed	1
82	a	1
82	above	1
82	taken	1
82	heart	2
82	strong	1
82	sad	1
82	song	1
82	in	3
82	earth	1
82	gone	3
82	is	1
82	s	2
82	doth	1
82	pain	1
82	away	1
82	virtue	1
82	he	1
82	goes	1
82	thy	2
82	of	5
82	birth	1
82	out	1
82	that	3
82	mortal	1
82	from	2
82	back	1
82	wind	1
82	on	1
82	power	1
82	her	2
82	hope	1
82	#sequentialcaps	5
82	#lines	37
82	#maxinitial	6
82	#quotations	6
82	#caplines	25
82	#periods	8
82	#stdev	712
82	#maxpair	6
82	#startwrubric	1
82	#commas	8
82	#endwpunct	15
82	#exclamationpoints	4
82	#textlines	26
82	wordNotInVocab	31
83	the	4
83	but	1
83	have	1
83	if	1
83	arabic2digit	1
83	there	2
83	all	3
83	till	1
83	sweet	1
83	let	1
83	thee	2
83	with	1
83	ay	1
83	heaven	1
83	and	3
83	glorious	1
83	open	1
83	o	2
83	behold	2
83	play	1
83	nor	1
83	as	1
83	an	2
83	many	1
83	thing	1
83	thine	1
83	divine	1
83	a	2
83	#allcapswords	6
83	she	1
83	father	1
83	day	1
83	that	3
83	excellent	1
83	through	1
83	those	1
83	him	2
83	this	1
83	blessed	1
83	find	1
83	so	1
83	be	1
83	you	1
83	shall	2
83	set	1
83	art	1
83	your	2
83	heart	2
83	lips	1
83	eyes	1
83	are	1
83	years	1
83	in	1
83	at	3
83	mother	2
83	head	3
83	such	1
83	around	4
83	tis	2
83	peace	1
83	for	2
83	doth	2
83	thou	1
83	free	1
83	thy	3
83	of	5
83	home	1
83	birth	2
83	last	1
83	breast	2
83	who	1
83	it	2
83	happy	1
83	mortal	1
83	from	1
83	glory	1
83	fair	1
83	her	3
83	#sequentialcaps	4
83	#lines	29
83	#maxinitial	5
83	#caplines	23
83	#startwname	1
83	#periods	11
83	#stdev	985
83	#maxpair	7
83	#startwrubric	1
83	#commas	13
83	#endwpunct	10
83	#textlines	24
83	wordNotInVocab	39
84	what	1
84	through	1
84	but	2
84	arabic2digit	1
84	of	3
84	all	1
84	some	2
84	wish	2
84	had	3
84	with	2
84	so	1
84	may	2
84	us	1
84	child	1
84	black	4
84	be	1
84	born	1
84	wise	1
84	round	1
84	angel	1
84	and	4
84	it	1
84	#allcapswords	8
84	her	1
84	that	1
84	the	6
84	our	2
84	nay	1
84	this	1
84	dost	1
84	you	1
84	by	1
84	your	1
84	eyes	3
84	are	3
84	made	1
84	thy	3
84	blue	4
84	in	1
84	they	3
84	head	1
84	we	1
84	nature	2
84	days	1
84	stars	1
84	law	1
84	heavenly	1
84	s	1
84	doth	2
84	thou	1
84	deep	1
84	long	2
84	then	1
84	them	2
84	how	1
84	been	1
84	to	1
84	glory	1
84	though	1
84	if	1
84	like	1
84	after	1
84	however	1
84	#sequentialcaps	2
84	#lines	36
84	#maxinitial	4
84	#quotations	1
84	#caplines	18
84	#startwname	2
84	#periods	7
84	#stdev	961
84	#maxpair	6
84	#commas	10
84	#endwpunct	10
84	#questionmarks	2
84	#textlines	20
84	#endwnumeral	1
84	wordNotInVocab	39
85	years	1
85	truth	1
85	the	4
85	time	3
85	delight	1
85	soon	1
85	i	1
85	daughter	1
85	silent	1
85	arabic2digit	1
85	them	4
85	read	1
85	sweet	1
85	with	5
85	so	1
85	man	1
85	their	1
85	passed	1
85	and	4
85	dead	2
85	thy	2
85	living	2
85	one	1
85	just	2
85	knew	1
85	to	6
85	nor	1
85	as	3
85	work	1
85	upon	1
85	thine	1
85	found	1
85	#allcapswords	10
85	not	2
85	his	2
85	crown	1
85	smile	1
85	this	1
85	from	2
85	a	1
85	are	1
85	heart	1
85	me	1
85	in	2
85	they	1
85	any	1
85	everything	1
85	stars	1
85	over	1
85	were	1
85	for	1
85	its	1
85	thou	2
85	he	3
85	sun	1
85	moon	1
85	of	1
85	thee	1
85	return	1
85	out	1
85	it	1
85	no	2
85	flowers	1
85	till	1
85	lies	1
85	though	1
85	feet	1
85	if	2
85	like	1
85	when	1
85	on	3
85	#sequentialcaps	2
85	#lines	31
85	#maxinitial	6
85	#quotations	2
85	#caplines	17
85	#periods	8
85	#stdev	835
85	#maxpair	6
85	#commas	8
85	#endwpunct	10
85	#questionmarks	1
85	#textlines	20
85	wordNotInVocab	40
86	who	1
86	again	1
86	such	1
86	but	1
86	hands	1
86	does	1
86	held	1
86	back	1
86	very	1
86	i	1
86	fortune	2
86	upon	1
86	arabic2digit	1
86	all	3
86	sweet	1
86	morning	1
86	best	1
86	with	3
86	so	2
86	more	1
86	as	1
86	ready	1
86	measure	2
86	hope	1
86	one	1
86	just	1
86	wise	1
86	turn	1
86	every	1
86	and	4
86	dost	2
86	hand	1
86	in	1
86	that	2
86	else	1
86	save	1
86	#allcapswords	5
86	she	7
86	her	4
86	to	8
86	day	1
86	wide	2
86	the	5
86	nay	1
86	thine	1
86	find	1
86	on	1
86	up	2
86	be	2
86	each	1
86	oft	1
86	mean	1
86	a	2
86	st	1
86	art	1
86	because	1
86	now	1
86	for	1
86	cold	1
86	thy	9
86	at	1
86	ere	2
86	soon	1
86	door	1
86	felt	1
86	face	1
86	tis	2
86	is	4
86	over	2
86	not	4
86	s	2
86	t	1
86	friend	1
86	its	1
86	better	1
86	thou	8
86	thoughts	1
86	little	2
86	then	1
86	wilt	1
86	of	3
86	thee	3
86	half	1
86	it	5
86	none	1
86	take	1
86	till	2
86	nature	1
86	though	1
86	if	3
86	clouds	1
86	do	2
86	perhaps	1
86	when	3
86	#sequentialcaps	3
86	#lines	32
86	#maxinitial	6
86	#quotations	4
86	#caplines	28
86	#periods	10
86	#stdev	588
86	#maxpair	10
86	#commas	15
86	#endwpunct	14
86	#questionmarks	1
86	#exclamationpoints	1
86	#textlines	29
86	#endwnumeral	1
86	wordNotInVocab	62
87	who	2
87	what	1
87	enough	1
87	ill	1
87	d	2
87	all	1
87	fortune	1
87	arabic2digit	2
87	should	1
87	make	1
87	brother	1
87	with	2
87	so	1
87	for	1
87	well	1
87	ready	2
87	sweet	2
87	my	1
87	ever	3
87	one	1
87	just	1
87	wise	1
87	feet	1
87	as	3
87	thing	1
87	thine	1
87	that	3
87	#allcapswords	8
87	she	9
87	her	3
87	to	7
87	the	2
87	nay	1
87	this	1
87	find	1
87	give	2
87	hand	2
87	oft	1
87	purpose	1
87	a	4
87	was	3
87	unto	1
87	because	1
87	now	1
87	only	1
87	thy	5
87	in	4
87	kill	2
87	such	3
87	is	2
87	not	3
87	pleased	1
87	were	1
87	s	2
87	t	1
87	pain	1
87	thou	2
87	sun	1
87	love	2
87	can	1
87	thee	9
87	before	1
87	it	1
87	and	1
87	from	1
87	gave	2
87	on	2
87	nature	1
87	though	2
87	fair	1
87	if	4
87	after	2
87	friend	2
87	how	2
87	#sequentialcaps	3
87	#lines	33
87	#maxinitial	9
87	#quotations	3
87	#caplines	22
87	#startwname	2
87	#periods	5
87	#stdev	980
87	#maxpair	12
87	#commas	18
87	#endwpunct	17
87	#questionmarks	5
87	#exclamationpoints	1
87	#textlines	25
87	wordNotInVocab	48
88	arabic2digit	1
88	ill	1
88	honest	1
88	never	2
88	upon	1
88	if	1
88	have	2
88	love	3
88	all	2
88	into	2
88	bed	1
88	sweet	4
88	smile	1
88	so	1
88	hard	1
88	heaven	2
88	and	5
88	will	1
88	break	1
88	at	1
88	true	1
88	one	1
88	as	3
88	would	4
88	still	1
88	dost	1
88	again	5
88	#allcapswords	8
88	she	1
88	her	7
88	not	1
88	day	1
88	look	1
88	wide	1
88	the	10
88	find	1
88	to	3
88	set	1
88	because	1
88	now	2
88	heart	1
88	lips	1
88	sad	1
88	in	3
88	they	1
88	these	1
88	such	1
88	stars	1
88	is	1
88	seeing	1
88	for	2
88	yet	1
88	thou	6
88	sun	1
88	pray	1
88	see	1
88	thy	7
88	of	4
88	thee	4
88	return	1
88	that	1
88	from	1
88	sleep	1
88	though	1
88	put	1
88	how	2
88	#sequentialcaps	6
88	#lines	37
88	#maxinitial	6
88	#caplines	24
88	#periods	7
88	#stdev	1011
88	#maxpair	11
88	#commas	12
88	#endwpunct	18
88	#exclamationpoints	1
88	#textlines	25
88	#endwnumeral	1
88	wordNotInVocab	56
89	ever	1
89	but	2
89	ill	1
89	sure	1
89	already	1
89	shalt	1
89	never	1
89	was	1
89	makes	1
89	call	1
89	certain	1
89	arabic2digit	1
89	them	2
89	lovely	1
89	into	1
89	down	1
89	there	1
89	laws	1
89	brother	3
89	stand	1
89	best	1
89	with	2
89	duty	1
89	must	1
89	sweet	1
89	one	2
89	hast	1
89	good	1
89	every	1
89	as	1
89	kind	1
89	much	1
89	and	6
89	hand	1
89	morn	1
89	that	4
89	again	1
89	way	1
89	she	3
89	her	1
89	to	5
89	took	1
89	his	2
89	the	5
89	this	1
89	propernoun	1
89	be	3
89	sent	1
89	pure	1
89	a	2
89	st	1
89	or	3
89	shame	1
89	now	1
89	heart	3
89	are	1
89	made	1
89	thy	12
89	in	3
89	who	1
89	gone	2
89	house	2
89	ye	1
89	head	1
89	two	1
89	love	1
89	such	1
89	ma	1
89	is	1
89	pleasure	1
89	not	4
89	pleased	1
89	for	3
89	doth	1
89	its	1
89	#allcapswords	7
89	thou	6
89	he	2
89	god	1
89	gave	1
89	free	1
89	see	1
89	both	1
89	then	1
89	heard	1
89	of	3
89	can	1
89	thee	4
89	come	1
89	it	1
89	choice	2
89	fair	1
89	cannot	1
89	true	1
89	on	2
89	#sequentialcaps	3
89	#lines	38
89	#maxinitial	7
89	#caplines	27
89	#startwname	1
89	#periods	16
89	#stdev	820
89	#maxpair	11
89	#commas	21
89	#endwpunct	17
89	#textlines	29
89	wordNotInVocab	53
90	meet	1
90	strength	1
90	but	2
90	have	1
90	greater	2
90	name	1
90	these	1
90	well	1
90	then	1
90	arabic2digit	2
90	there	1
90	into	2
90	till	1
90	o	1
90	brother	1
90	best	1
90	some	1
90	designed	1
90	man	1
90	may	1
90	hold	2
90	heaven	1
90	yes	1
90	will	3
90	be	3
90	turn	2
90	every	2
90	give	1
90	much	1
90	and	7
90	it	4
90	again	1
90	#allcapswords	14
90	to	1
90	the	11
90	help	1
90	by	4
90	up	1
90	even	1
90	hand	3
90	a	4
90	new	1
90	look	2
90	guide	1
90	s	1
90	thy	9
90	who	1
90	far	1
90	is	2
90	not	1
90	for	1
90	thus	1
90	down	2
90	thou	5
90	keep	1
90	he	3
90	out	3
90	long	1
90	feet	1
90	see	1
90	must	3
90	love	1
90	each	1
90	thee	3
90	show	1
90	that	1
90	small	1
90	choice	1
90	from	4
90	hands	1
90	ere	1
90	though	1
90	his	1
90	added	1
90	on	2
90	own	1
90	#sequentialcaps	3
90	#lines	28
90	#maxinitial	9
90	#caplines	23
90	#startwname	1
90	#periods	14
90	#stdev	568
90	#maxpair	10
90	#commas	8
90	#endwpunct	19
90	#questionmarks	1
90	#exclamationpoints	5
90	#textlines	24
90	#endwnumeral	1
90	wordNotInVocab	57
91	bring	1
91	knows	1
91	the	7
91	would	1
91	what	1
91	never	1
91	too	1
91	bear	1
91	arabic2digit	1
91	there	1
91	into	1
91	o	3
91	brother	3
91	smile	1
91	so	1
91	man	3
91	as	2
91	wilt	1
91	will	2
91	give	1
91	hast	1
91	here	1
91	tis	1
91	turn	2
91	every	1
91	upon	1
91	and	9
91	come	1
91	clouds	1
91	it	2
91	hath	1
91	way	1
91	to	2
91	late	1
91	strength	1
91	find	1
91	coming	1
91	up	1
91	be	1
91	a	3
91	might	1
91	above	1
91	or	1
91	look	1
91	made	1
91	necessary	2
91	thy	6
91	in	3
91	i	1
91	of	3
91	head	1
91	light	2
91	heart	1
91	over	1
91	not	1
91	cover	1
91	for	2
91	away	1
91	thou	2
91	he	1
91	see	1
91	then	2
91	must	1
91	love	2
91	thee	4
91	that	2
91	#allcapswords	10
91	from	2
91	about	1
91	which	2
91	plays	1
91	sky	1
91	#sequentialcaps	3
91	#lines	31
91	#maxinitial	6
91	#caplines	22
91	#startwname	1
91	#periods	9
91	#stdev	735
91	#maxpair	6
91	#commas	17
91	#endwpunct	14
91	#questionmarks	2
91	#textlines	24
91	wordNotInVocab	53
92	white	1
92	other	1
92	the	12
92	but	3
92	hand	1
92	friend	1
92	break	2
92	arabic2digit	1
92	of	5
92	all	5
92	tears	1
92	sin	1
92	with	4
92	necessary	1
92	wilt	1
92	will	1
92	hast	2
92	first	1
92	wise	1
92	breast	2
92	work	1
92	and	4
92	way	1
92	more	1
92	#allcapswords	3
92	turn	1
92	left	1
92	to	6
92	strength	1
92	oft	1
92	a	1
92	might	1
92	by	1
92	heart	3
92	only	2
92	thy	17
92	in	3
92	sacred	1
92	propernoun	1
92	is	2
92	gentle	1
92	than	1
92	unto	1
92	doth	2
92	pain	2
92	its	1
92	better	1
92	thou	4
92	he	1
92	out	2
92	part	1
92	little	2
92	upon	1
92	love	1
92	thee	1
92	this	1
92	bear	1
92	once	1
92	that	3
92	no	1
92	from	1
92	beneath	1
92	which	1
92	though	2
92	therefore	1
92	before	1
92	#sequentialcaps	2
92	#lines	31
92	#maxinitial	10
92	#caplines	28
92	#startwname	2
92	#periods	11
92	#stdev	662
92	#maxpair	10
92	#commas	18
92	#endwpunct	17
92	#textlines	28
92	#endwnumeral	1
92	wordNotInVocab	63
93	bring	1
93	the	10
93	but	2
93	hast	2
93	only	1
93	looking	1
93	i	1
93	other	1
93	life	1
93	hour	1
93	arabic2digit	1
93	there	1
93	of	3
93	all	7
93	o	1
93	let	1
93	very	1
93	sin	1
93	with	1
93	so	3
93	hard	1
93	for	1
93	heaven	1
93	must	1
93	once	1
93	will	3
93	hope	1
93	one	1
93	alone	1
93	know	1
93	and	2
93	thine	3
93	hand	2
93	more	1
93	last	1
93	within	1
93	save	1
93	#allcapswords	12
93	left	3
93	to	5
93	that	5
93	strength	2
93	up	1
93	even	1
93	be	1
93	too	1
93	art	1
93	man	1
93	eyes	1
93	thy	6
93	propernoun	4
93	shalt	1
93	seems	1
93	hold	1
93	tis	3
93	never	1
93	is	5
93	not	4
93	unto	1
93	s	3
93	yet	2
93	way	3
93	thou	11
93	mind	1
93	free	1
93	th	1
93	thee	4
93	alas	1
93	in	1
93	it	2
93	no	1
93	take	1
93	back	1
93	lies	1
93	if	2
93	go	1
93	power	1
93	#sequentialcaps	3
93	#lines	30
93	#maxinitial	7
93	#caplines	21
93	#startwname	2
93	#periods	7
93	#stdev	1008
93	#maxpair	11
93	#commas	12
93	#endwpunct	15
93	#questionmarks	4
93	#exclamationpoints	3
93	#textlines	25
93	wordNotInVocab	42
94	bosom	1
94	the	10
94	but	1
94	oh	1
94	shalt	1
94	winds	1
94	call	1
94	where	1
94	arabic2digit	1
94	tears	2
94	fall	2
94	length	1
94	with	2
94	more	2
94	ah	1
94	sweet	1
94	will	2
94	as	1
94	many	2
94	and	8
94	#allcapswords	3
94	her	1
94	less	1
94	smile	1
94	through	1
94	rose	1
94	up	1
94	even	1
94	each	2
94	a	2
94	new	1
94	are	2
94	thy	4
94	in	1
94	at	1
94	joy	1
94	rest	2
94	personalname	3
94	thou	1
94	leaves	1
94	arms	1
94	of	1
94	night	1
94	thee	2
94	to	5
94	told	1
94	come	1
94	earth	1
94	flowers	1
94	till	1
94	feet	1
94	after	1
94	on	2
94	#sequentialcaps	1
94	#lines	30
94	#maxinitial	4
94	#quotations	1
94	#caplines	19
94	#startwname	3
94	#periods	8
94	#stdev	1168
94	#maxpair	6
94	#startwrubric	2
94	#commas	12
94	#endwpunct	11
94	#exclamationpoints	1
94	#textlines	21
94	#endwnumeral	1
94	wordNotInVocab	39
95	#textlines	0
96	the	1
96	#allcapswords	3
96	romannumeral	1
96	#sequentialcaps	1
96	#lines	3
96	#maxinitial	1
96	#caplines	2
96	#periods	2
96	#stdev	500
96	#maxpair	1
96	#startwrubric	1
96	#endwpunct	2
96	#textlines	2
96	wordNotInVocab	1
97	the	1
97	more	2
97	this	1
97	blessed	1
97	away	1
97	they	1
97	thou	1
97	most	1
97	than	1
97	account	1
97	fly	1
97	fortune	1
97	of	1
97	worth	1
97	true	1
97	breast	1
97	in	1
97	earth	1
97	friends	1
97	love	2
97	all	1
97	may	2
97	stay	1
97	false	1
97	#allcapswords	1
97	far	2
97	to	1
97	is	1
97	whose	1
97	hath	1
97	#sequentialcaps	3
97	#lines	13
97	#maxinitial	3
97	#caplines	9
97	#startwname	1
97	#periods	3
97	#stdev	671
97	#maxpair	3
97	#startwrubric	1
97	#commas	2
97	#endwpunct	6
97	#textlines	9
97	wordNotInVocab	7
98	arabic1digit	1
98	who	1
98	argument	1
98	what	1
98	ready	1
98	ill	1
98	kind	1
98	have	1
98	them	1
98	all	1
98	while	1
98	miss	1
98	o	1
98	make	1
98	its	1
98	with	2
98	so	1
98	sweet	1
98	will	2
98	one	1
98	called	1
98	great	1
98	good	1
98	as	1
98	hands	2
98	fire	1
98	last	1
98	and	4
98	dost	1
98	i	1
98	soul	2
98	within	1
98	still	2
98	to	2
98	day	1
98	through	1
98	bid	1
98	those	1
98	a	1
98	thine	3
98	be	1
98	each	2
98	shall	2
98	might	3
98	purpose	1
98	eyes	1
98	love	2
98	years	1
98	in	2
98	at	2
98	mother	3
98	death	1
98	propernoun	1
98	light	1
98	yet	1
98	is	1
98	the	3
98	for	2
98	doth	2
98	#allcapswords	10
98	thou	2
98	clear	1
98	mind	1
98	goes	1
98	thy	6
98	of	5
98	thee	2
98	ten	1
98	hour	1
98	my	2
98	that	3
98	they	1
98	sleep	1
98	though	1
98	on	1
98	when	1
98	#sequentialcaps	3
98	#lines	34
98	#maxinitial	7
98	#quotations	2
98	#caplines	20
98	#startwname	1
98	#periods	5
98	#stdev	1557
98	#maxpair	7
98	#commas	10
98	#endwpunct	11
98	#exclamationpoints	2
98	#textlines	23
98	#endwnumeral	1
98	wordNotInVocab	37
99	be	1
99	heavenly	1
99	enough	1
99	those	1
99	i	1
99	where	1
99	arabic2digit	1
99	love	1
99	has	1
99	o	1
99	sweet	2
99	had	1
99	found	1
99	with	1
99	so	2
99	as	1
99	may	2
99	heaven	2
99	my	4
99	beneath	1
99	thy	2
99	called	1
99	die	1
99	wise	1
99	good	1
99	many	1
99	and	1
99	thine	1
99	morn	1
99	been	1
99	soul	1
99	skies	1
99	#allcapswords	10
99	to	6
99	that	4
99	the	4
99	our	1
99	reason	1
99	even	1
99	a	5
99	greater	1
99	pure	1
99	look	1
99	now	1
99	heart	1
99	eyes	1
99	are	1
99	feel	1
99	in	1
99	earth	1
99	mother	1
99	already	1
99	blessed	1
99	light	1
99	youth	1
99	its	1
99	beautiful	1
99	joy	1
99	rest	1
99	over	1
99	not	1
99	were	1
99	unto	1
99	doth	1
99	thou	3
99	place	1
99	life	2
99	death	1
99	evening	1
99	of	6
99	can	1
99	thee	4
99	near	1
99	alas	1
99	it	1
99	hearts	2
99	no	2
99	sister	1
99	which	1
99	ere	1
99	bliss	1
99	if	1
99	whose	1
99	her	1
99	on	3
99	#sequentialcaps	3
99	#lines	28
99	#maxinitial	4
99	#caplines	20
99	#periods	8
99	#stdev	1287
99	#maxpair	6
99	#commas	12
99	#endwpunct	12
99	#exclamationpoints	1
99	#textlines	23
99	wordNotInVocab	38
100	bosom	1
100	what	2
100	meet	1
100	world	1
100	friend	1
100	high	1
100	upon	1
100	call	2
100	where	1
100	joy	1
100	arabic2digit	1
100	there	1
100	them	3
100	all	2
100	knows	1
100	till	1
100	forth	2
100	sweet	2
100	morning	1
100	brother	1
100	with	4
100	so	3
100	their	4
100	hold	1
100	close	1
100	o	1
100	well	1
100	my	1
100	mistress	1
100	great	1
100	every	1
100	as	1
100	hands	1
100	round	1
100	know	2
100	and	11
100	always	1
100	years	1
100	dost	1
100	her	2
100	to	7
100	was	1
100	the	9
100	none	1
100	do	1
100	him	1
100	this	1
100	thine	2
100	find	1
100	even	1
100	thought	1
100	which	2
100	a	4
100	st	1
100	by	1
100	pure	1
100	lie	1
100	heart	1
100	strong	1
100	love	5
100	thy	8
100	me	1
100	in	5
100	evening	1
100	these	1
100	may	2
100	before	1
100	they	1
100	run	1
100	is	1
100	not	1
100	for	1
100	doth	1
100	eyes	1
100	thou	6
100	common	1
100	sun	1
100	arms	1
100	of	5
100	thee	3
100	how	3
100	own	2
100	it	1
100	#allcapswords	5
100	flowers	2
100	power	1
100	soul	1
100	care	2
100	feet	1
100	like	1
100	true	1
100	sister	1
100	on	2
100	#sequentialcaps	4
100	#lines	32
100	#maxinitial	8
100	#caplines	28
100	#periods	9
100	#stdev	710
100	#maxpair	9
100	#commas	15
100	#endwpunct	12
100	#exclamationpoints	3
100	#textlines	29
100	#endwnumeral	1
100	wordNotInVocab	51
101	arabic1digit	1
101	form	1
101	low	2
101	what	1
101	lose	1
101	world	1
101	shalt	1
101	winds	1
101	life	1
101	where	1
101	spring	1
101	into	2
101	bed	1
101	tears	1
101	o	1
101	sweet	2
101	brother	1
101	translated	1
101	more	1
101	may	3
101	for	2
101	heaven	1
101	enter	1
101	my	2
101	as	1
101	souls	1
101	thine	1
101	who	1
101	soul	1
101	save	1
101	and	8
101	to	4
101	the	5
101	bid	1
101	this	1
101	be	1
101	a	3
101	new	1
101	only	1
101	year	1
101	are	1
101	behind	1
101	sad	1
101	doth	2
101	in	2
101	earth	1
101	beautiful	1
101	is	1
101	again	1
101	golden	1
101	personalname	1
101	pain	1
101	away	1
101	#allcapswords	14
101	most	1
101	thy	8
101	here	1
101	of	3
101	can	1
101	till	1
101	before	1
101	come	1
101	which	2
101	flower	2
101	on	1
101	#sequentialcaps	5
101	#lines	34
101	#maxinitial	6
101	#quotations	1
101	#caplines	23
101	#startwname	1
101	#periods	6
101	#stdev	824
101	#maxpair	9
101	#commas	11
101	#endwpunct	15
101	#exclamationpoints	1
101	#textlines	24
101	wordNotInVocab	48
102	breath	1
102	bring	2
102	but	1
102	ground	1
102	oh	3
102	never	1
102	arabic2digit	2
102	lovely	1
102	into	1
102	count	1
102	sing	1
102	miss	1
102	so	1
102	more	1
102	lived	1
102	may	5
102	ah	1
102	sweet	3
102	give	1
102	poor	1
102	know	1
102	and	5
102	things	1
102	dost	1
102	who	1
102	a	2
102	again	1
102	#allcapswords	4
102	she	1
102	to	2
102	why	1
102	the	3
102	no	1
102	dear	1
102	this	3
102	thine	1
102	by	1
102	new	2
102	him	3
102	cold	1
102	thy	7
102	i	1
102	propernoun	4
102	hear	1
102	j	1
102	tis	1
102	is	1
102	gentle	1
102	for	4
102	doth	3
102	year	2
102	pain	1
102	away	2
102	thou	1
102	he	3
102	love	2
102	whom	1
102	how	1
102	his	7
102	good	1
102	that	1
102	they	3
102	till	1
102	feet	2
102	go	1
102	do	2
102	her	1
102	#sequentialcaps	4
102	#lines	42
102	#maxinitial	6
102	#caplines	25
102	#startwname	4
102	#periods	8
102	#stdev	461
102	#maxpair	8
102	#commas	16
102	#endwpunct	22
102	#questionmarks	2
102	#exclamationpoints	5
102	#textlines	27
102	#endwnumeral	1
102	wordNotInVocab	47
103	form	1
103	have	1
103	oh	1
103	father	1
103	i	1
103	winds	1
103	life	1
103	upon	1
103	where	1
103	arabic2digit	1
103	there	1
103	them	1
103	family	1
103	while	1
103	garden	1
103	sing	1
103	sweet	2
103	with	1
103	so	1
103	human	1
103	may	2
103	ah	1
103	o	2
103	looking	1
103	bliss	1
103	spirit	1
103	thine	1
103	wife	1
103	within	1
103	and	5
103	name	1
103	the	3
103	our	1
103	live	1
103	him	1
103	give	1
103	a	1
103	re	2
103	new	1
103	heart	1
103	year	1
103	love	4
103	thy	3
103	me	1
103	they	4
103	mother	1
103	propernoun	1
103	tis	1
103	husband	1
103	is	1
103	for	1
103	doth	2
103	its	1
103	away	2
103	#allcapswords	9
103	children	1
103	he	1
103	long	1
103	see	2
103	of	2
103	home	2
103	to	5
103	my	5
103	earth	1
103	back	1
103	his	2
103	how	1
103	whose	1
103	#sequentialcaps	3
103	#lines	34
103	#maxinitial	4
103	#quotations	1
103	#caplines	22
103	#periods	10
103	#stdev	651
103	#maxpair	7
103	#commas	15
103	#endwpunct	18
103	#exclamationpoints	7
103	#textlines	24
103	wordNotInVocab	50
104	arabic1digit	1
104	mine	1
104	what	1
104	but	2
104	there	2
104	g	1
104	arabic2digit	2
104	desire	1
104	of	9
104	all	2
104	garden	1
104	o	1
104	sweet	1
104	let	1
104	with	4
104	so	1
104	man	1
104	human	1
104	enter	1
104	romannumeral	1
104	beneath	1
104	ever	1
104	one	1
104	nor	1
104	kind	1
104	and	4
104	hand	1
104	who	1
104	#allcapswords	20
104	to	2
104	that	2
104	placename	1
104	the	9
104	no	1
104	words	1
104	this	2
104	divine	1
104	thought	1
104	a	2
104	was	1
104	or	2
104	by	1
104	made	1
104	heart	1
104	doth	1
104	in	3
104	such	2
104	state	1
104	is	3
104	comes	1
104	personalname	2
104	speech	1
104	love	2
104	can	2
104	it	1
104	none	1
104	arabic4digit	1
104	fair	1
104	on	1
104	#sequentialcaps	5
104	#lines	41
104	#maxinitial	5
104	#quotations	1
104	#caplines	22
104	#startwname	3
104	#periods	7
104	#stdev	1158
104	#maxpair	7
104	#commas	13
104	#endwpunct	18
104	#questionmarks	1
104	#textlines	23
104	#endwnumeral	3
104	wordNotInVocab	51
105	arabic1digit	2
105	shore	1
105	i	1
105	all	1
105	other	1
105	arabic2digit	1
105	there	2
105	while	1
105	morning	1
105	thee	1
105	best	1
105	summer	1
105	arabic3digit	1
105	herself	1
105	own	1
105	women	4
105	stand	1
105	as	2
105	is	6
105	who	4
105	and	7
105	she	1
105	her	2
105	to	1
105	crown	1
105	the	7
105	this	9
105	up	1
105	a	5
105	are	1
105	in	5
105	they	1
105	mother	1
105	propernoun	1
105	their	1
105	youth	1
105	state	1
105	joy	1
105	comes	2
105	than	1
105	tell	1
105	for	2
105	personalname	3
105	#allcapswords	7
105	out	1
105	arms	1
105	tale	1
105	of	9
105	with	6
105	red	1
105	people	1
105	it	2
105	no	1
105	from	1
105	if	1
105	like	1
105	go	1
105	queen	1
105	#sequentialcaps	4
105	#lines	40
105	#maxinitial	7
105	#quotations	1
105	#caplines	25
105	#startwname	1
105	#periods	7
105	#stdev	1189
105	#maxpair	7
105	#commas	12
105	#endwpunct	23
105	#questionmarks	4
105	#textlines	26
105	#endwnumeral	2
105	wordNotInVocab	47
106	arabic1digit	1
106	sea	1
106	would	2
106	world	1
106	never	1
106	upon	1
106	english	1
106	should	1
106	home	2
106	known	1
106	birth	1
106	had	1
106	hath	1
106	some	2
106	with	3
106	so	2
106	arabic3digit	1
106	eye	1
106	behold	1
106	women	1
106	every	2
106	an	1
106	and	3
106	hand	1
106	who	1
106	than	1
106	#allcapswords	2
106	she	6
106	her	10
106	to	5
106	placename	1
106	the	11
106	up	1
106	a	3
106	was	1
106	live	1
106	heart	1
106	years	1
106	in	5
106	fear	2
106	light	1
106	youth	1
106	only	1
106	why	2
106	over	1
106	father	2
106	tell	2
106	for	2
106	personalname	2
106	throne	3
106	turned	1
106	out	1
106	long	1
106	child	2
106	nature	1
106	strong	1
106	of	10
106	garden	1
106	thee	2
106	people	1
106	good	1
106	come	1
106	that	3
106	reign	1
106	queen	1
106	how	2
106	#sequentialcaps	3
106	#lines	42
106	#maxinitial	6
106	#quotations	1
106	#caplines	23
106	#startwname	2
106	#periods	9
106	#stdev	1224
106	#maxpair	12
106	#commas	13
106	#endwpunct	21
106	#questionmarks	2
106	#textlines	26
106	#endwnumeral	2
106	wordNotInVocab	42
107	arabic1digit	1
107	when	1
107	would	1
107	serve	1
107	all	1
107	sweet	3
107	with	4
107	so	2
107	their	4
107	ah	2
107	arabic3digit	1
107	hope	1
107	ever	1
107	against	1
107	as	3
107	had	6
107	young	1
107	been	2
107	a	5
107	and	7
107	her	4
107	to	2
107	was	3
107	died	3
107	the	8
107	might	1
107	pure	2
107	point	1
107	now	2
107	more	1
107	me	1
107	in	7
107	they	4
107	fear	1
107	youth	1
107	pride	1
107	beautiful	1
107	joy	1
107	for	1
107	personalname	6
107	yet	1
107	#allcapswords	7
107	throne	1
107	out	1
107	see	1
107	of	9
107	home	3
107	true	1
107	once	1
107	that	3
107	no	1
107	from	1
107	placename	2
107	queen	2
107	on	1
107	#sequentialcaps	6
107	#lines	39
107	#maxinitial	7
107	#quotations	1
107	#caplines	23
107	#startwname	3
107	#periods	9
107	#stdev	1320
107	#maxpair	7
107	#commas	18
107	#endwpunct	20
107	#exclamationpoints	1
107	#textlines	26
107	#endwnumeral	1
107	wordNotInVocab	43
108	arabic1digit	2
108	prince	2
108	sea	1
108	wrong	1
108	when	1
108	oh	1
108	them	1
108	should	2
108	well	1
108	english	1
108	where	1
108	arabic2digit	1
108	there	1
108	all	2
108	knew	1
108	sweet	2
108	youth	2
108	had	3
108	with	2
108	half	1
108	their	2
108	arabic3digit	1
108	stood	1
108	eye	1
108	nation	1
108	said	1
108	morning	1
108	open	1
108	every	1
108	bliss	1
108	twas	1
108	and	7
108	young	1
108	how	1
108	been	2
108	#allcapswords	4
108	to	1
108	his	2
108	placename	1
108	the	16
108	none	1
108	him	1
108	from	1
108	a	4
108	by	1
108	pure	1
108	heart	2
108	only	1
108	she	3
108	years	3
108	whom	1
108	they	1
108	eyes	1
108	of	11
108	german	1
108	propernoun	2
108	light	1
108	for	2
108	personalname	2
108	land	1
108	came	1
108	down	1
108	away	1
108	throne	1
108	turned	2
108	out	2
108	see	1
108	thoughts	1
108	star	1
108	sat	1
108	love	1
108	queen	3
108	he	1
108	people	1
108	side	2
108	that	1
108	hearts	1
108	no	1
108	take	1
108	line	1
108	something	1
108	fair	1
108	on	1
108	her	5
108	#sequentialcaps	4
108	#lines	37
108	#maxinitial	6
108	#caplines	25
108	#startwname	3
108	#periods	8
108	#stdev	1365
108	#maxpair	9
108	#commas	11
108	#endwpunct	16
108	#exclamationpoints	1
108	#textlines	26
108	#endwnumeral	3
108	wordNotInVocab	33
109	arabic1digit	1
109	prince	3
109	what	1
109	seen	1
109	sea	1
109	world	1
109	oh	1
109	praise	1
109	again	1
109	well	1
109	english	2
109	where	1
109	have	1
109	of	9
109	should	1
109	some	1
109	sweet	3
109	king	1
109	had	1
109	best	1
109	hath	2
109	with	1
109	so	5
109	more	2
109	their	3
109	arabic3digit	1
109	sat	1
109	once	1
109	twas	2
109	thought	1
109	much	2
109	and	2
109	young	1
109	woman	1
109	who	2
109	than	2
109	#allcapswords	7
109	to	1
109	day	1
109	his	3
109	placename	1
109	the	19
109	by	3
109	up	1
109	be	2
109	a	7
109	might	2
109	was	1
109	set	1
109	shame	1
109	pure	4
109	guide	1
109	made	1
109	heart	2
109	man	1
109	tree	1
109	in	2
109	thus	1
109	worthy	1
109	over	1
109	not	1
109	royal	1
109	p	1
109	personalname	1
109	german	1
109	came	1
109	down	1
109	noble	1
109	throne	1
109	he	1
109	gave	2
109	love	8
109	home	2
109	people	1
109	side	1
109	good	3
109	that	3
109	hearts	1
109	from	1
109	takes	2
109	true	1
109	though	1
109	lives	1
109	when	2
109	kingdom	1
109	queen	4
109	went	1
109	#sequentialcaps	5
109	#lines	43
109	#maxinitial	8
109	#caplines	23
109	#periods	10
109	#stdev	1158
109	#maxpair	10
109	#commas	12
109	#endwpunct	18
109	#exclamationpoints	3
109	#textlines	27
109	#endwnumeral	1
109	wordNotInVocab	31
110	holy	1
110	oh	1
110	prince	2
110	soon	1
110	where	2
110	arabic2digit	2
110	love	2
110	all	2
110	light	1
110	home	3
110	sweet	3
110	king	1
110	summer	2
110	every	1
110	among	1
110	passed	2
110	arabic3digit	1
110	child	1
110	word	1
110	leaves	1
110	wild	1
110	nor	1
110	and	8
110	come	1
110	within	1
110	over	2
110	again	1
110	#allcapswords	4
110	to	2
110	day	2
110	peace	1
110	placename	1
110	with	1
110	the	7
110	those	1
110	father	1
110	as	1
110	a	2
110	was	1
110	or	3
110	by	6
110	pure	1
110	wife	1
110	year	2
110	others	1
110	years	2
110	they	1
110	mother	1
110	of	5
110	names	1
110	any	1
110	came	2
110	such	2
110	joy	1
110	gentle	1
110	than	1
110	heaven	1
110	against	1
110	golden	1
110	personalname	1
110	land	1
110	thus	2
110	down	1
110	making	1
110	out	2
110	little	3
110	then	1
110	heard	1
110	seemed	1
110	them	2
110	ten	2
110	once	1
110	that	5
110	happy	1
110	from	1
110	till	1
110	feet	1
110	like	2
110	husband	1
110	queen	2
110	#sequentialcaps	3
110	#lines	34
110	#maxinitial	8
110	#caplines	25
110	#startwname	1
110	#periods	10
110	#stdev	1304
110	#maxpair	12
110	#commas	14
110	#endwpunct	15
110	#exclamationpoints	2
110	#textlines	28
110	#endwnumeral	3
110	wordNotInVocab	48
111	prince	1
111	what	1
111	through	1
111	but	1
111	women	1
111	true	2
111	upon	1
111	english	1
111	where	1
111	arabic2digit	1
111	o	4
111	sweet	1
111	hath	1
111	with	3
111	more	2
111	arabic3digit	1
111	alone	1
111	every	3
111	an	1
111	round	1
111	and	1
111	worth	1
111	it	1
111	#allcapswords	9
111	to	2
111	placename	5
111	the	14
111	game	1
111	this	2
111	thought	1
111	a	1
111	or	4
111	your	1
111	heart	1
111	years	1
111	personalname	7
111	in	3
111	they	1
111	world	1
111	propernoun	1
111	days	1
111	welcome	1
111	is	4
111	gentle	3
111	than	2
111	not	1
111	unto	1
111	sacred	1
111	why	2
111	virtue	1
111	place	1
111	thy	1
111	of	7
111	home	2
111	people	2
111	good	3
111	that	1
111	from	1
111	lives	1
111	flower	1
111	whose	1
111	queen	1
111	on	1
111	#sequentialcaps	7
111	#lines	52
111	#maxinitial	3
111	#quotations	10
111	#caplines	22
111	#periods	8
111	#stdev	1002
111	#maxpair	4
111	#commas	18
111	#endwpunct	20
111	#exclamationpoints	9
111	#textlines	29
111	#endwnumeral	1
111	wordNotInVocab	56
112	also	1
112	we	1
112	arabic2digit	1
112	all	1
112	had	1
112	with	3
112	so	2
112	therefore	1
112	memory	1
112	duty	1
112	their	3
112	arabic3digit	1
112	herself	1
112	dead	1
112	every	1
112	as	1
112	who	1
112	p	1
112	and	7
112	she	1
112	left	1
112	her	11
112	to	6
112	the	11
112	blessed	1
112	on	1
112	be	2
112	charge	1
112	a	1
112	might	1
112	was	1
112	save	1
112	whom	1
112	in	2
112	they	2
112	youth	1
112	j	1
112	state	1
112	welcome	1
112	father	1
112	for	1
112	personalname	2
112	sacred	1
112	#allcapswords	7
112	throne	2
112	children	1
112	he	1
112	god	1
112	long	1
112	child	1
112	little	1
112	of	3
112	people	1
112	called	1
112	that	3
112	glory	2
112	true	1
112	say	1
112	kingdom	1
112	queen	1
112	#sequentialcaps	2
112	#lines	29
112	#maxinitial	4
112	#quotations	4
112	#caplines	18
112	#startwname	1
112	#periods	8
112	#stdev	1172
112	#maxpair	5
112	#commas	11
112	#endwpunct	18
112	#exclamationpoints	2
112	#textlines	22
112	#endwnumeral	2
112	wordNotInVocab	39
113	meet	1
113	oh	1
113	upon	1
113	have	1
113	grief	1
113	of	6
113	into	2
113	tears	1
113	has	1
113	forth	2
113	without	3
113	brother	1
113	alone	1
113	find	1
113	with	2
113	so	1
113	loves	1
113	my	1
113	will	1
113	breast	1
113	know	1
113	is	2
113	thine	2
113	that	1
113	within	1
113	again	1
113	and	5
113	she	6
113	her	12
113	to	5
113	day	1
113	st	1
113	the	8
113	words	2
113	rose	1
113	whether	1
113	even	1
113	ask	1
113	oft	1
113	pure	1
113	wife	2
113	was	1
113	or	1
113	shame	1
113	art	1
113	heart	1
113	s	2
113	thy	9
113	gone	1
113	off	1
113	door	2
113	than	1
113	not	1
113	for	2
113	doth	1
113	how	2
113	arabic3digit	1
113	#allcapswords	6
113	seek	1
113	thou	4
113	speech	1
113	god	1
113	love	5
113	home	1
113	thee	2
113	it	2
113	about	1
113	on	1
113	though	1
113	feet	1
113	after	1
113	do	1
113	when	1
113	#sequentialcaps	3
113	#lines	43
113	#maxinitial	7
113	#caplines	23
113	#periods	5
113	#stdev	938
113	#maxpair	9
113	#commas	15
113	#endwpunct	16
113	#questionmarks	5
113	#exclamationpoints	3
113	#textlines	25
113	wordNotInVocab	52
114	ready	1
114	strength	1
114	not	1
114	sort	1
114	life	1
114	bear	1
114	silent	1
114	order	1
114	of	7
114	all	2
114	f	1
114	brother	1
114	fall	1
114	o	1
114	without	1
114	with	3
114	so	1
114	man	1
114	among	2
114	never	1
114	husband	1
114	word	1
114	as	1
114	let	1
114	hast	2
114	nor	1
114	devil	1
114	tongue	1
114	last	1
114	still	1
114	thine	1
114	between	1
114	how	1
114	found	1
114	a	1
114	and	10
114	she	3
114	left	1
114	her	8
114	to	6
114	day	1
114	that	2
114	alone	2
114	the	3
114	enemy	1
114	#allcapswords	4
114	this	2
114	until	1
114	on	1
114	up	1
114	each	1
114	returned	1
114	wife	1
114	st	1
114	set	1
114	made	1
114	now	1
114	s	4
114	eyes	2
114	thy	17
114	in	5
114	at	2
114	mother	1
114	propernoun	1
114	any	1
114	father	1
114	were	1
114	placed	1
114	for	5
114	thousand	1
114	arabic3digit	1
114	youth	1
114	thou	2
114	carefully	1
114	children	1
114	long	1
114	love	2
114	night	1
114	thee	3
114	turned	1
114	ten	1
114	breast	1
114	been	1
114	choice	1
114	back	1
114	sleep	1
114	though	2
114	if	1
114	gone	1
114	friend	1
114	true	1
114	when	1
114	#sequentialcaps	4
114	#lines	33
114	#maxinitial	6
114	#quotations	1
114	#caplines	28
114	#startwname	3
114	#periods	5
114	#stdev	534
114	#maxpair	8
114	#commas	16
114	#endwpunct	15
114	#exclamationpoints	2
114	#textlines	29
114	#endwnumeral	1
114	wordNotInVocab	55
115	marriage	1
115	what	1
115	but	1
115	enough	1
115	g	1
115	life	2
115	all	3
115	while	1
115	make	3
115	heaven	1
115	wish	3
115	very	1
115	hath	2
115	so	2
115	more	3
115	birth	1
115	may	1
115	wi	1
115	arabic3digit	1
115	wilt	1
115	sweet	2
115	own	1
115	one	1
115	hast	1
115	as	2
115	love	2
115	much	2
115	thing	1
115	thine	3
115	it	1
115	a	1
115	and	5
115	her	7
115	to	3
115	the	3
115	our	1
115	blessed	1
115	find	1
115	give	1
115	be	2
115	thought	4
115	divine	1
115	by	1
115	art	2
115	o	1
115	are	2
115	thy	12
115	in	3
115	earth	2
115	mother	1
115	ye	4
115	heart	2
115	days	2
115	is	1
115	over	1
115	were	1
115	for	3
115	doth	1
115	#allcapswords	7
115	thou	6
115	children	1
115	she	4
115	little	1
115	then	1
115	of	5
115	thee	1
115	called	1
115	that	3
115	which	1
115	common	1
115	nature	1
115	if	1
115	both	1
115	power	1
115	when	2
115	#sequentialcaps	3
115	#lines	29
115	#maxinitial	7
115	#caplines	25
115	#periods	8
115	#stdev	865
115	#maxpair	7
115	#commas	27
115	#endwpunct	10
115	#questionmarks	1
115	#textlines	26
115	wordNotInVocab	49
116	take	1
116	find	1
116	shame	1
116	a	2
116	by	1
116	lived	1
116	now	1
116	strong	1
116	eyes	1
116	life	1
116	thy	4
116	in	2
116	soul	1
116	love	1
116	o	1
116	brother	1
116	is	3
116	man	2
116	personalname	1
116	as	1
116	for	3
116	noble	2
116	arabic3digit	1
116	thou	1
116	romannumeral	1
116	once	1
116	them	1
116	see	2
116	wise	1
116	ever	1
116	one	1
116	hast	1
116	think	1
116	fortune	4
116	of	1
116	home	1
116	every	2
116	speak	1
116	breast	1
116	it	1
116	and	4
116	children	1
116	at	1
116	from	1
116	that	2
116	wife	1
116	#allcapswords	7
116	therefore	1
116	to	2
116	whose	1
116	when	2
116	#sequentialcaps	2
116	#lines	26
116	#maxinitial	5
116	#caplines	19
116	#startwname	1
116	#periods	5
116	#stdev	1051
116	#maxpair	6
116	#startwrubric	1
116	#commas	6
116	#endwpunct	13
116	#textlines	19
116	#endwnumeral	1
116	wordNotInVocab	27
117	what	1
117	but	1
117	brave	1
117	there	1
117	ill	1
117	row	2
117	praise	1
117	two	2
117	winds	1
117	if	2
117	sword	1
117	of	1
117	all	1
117	o	1
117	sweet	1
117	with	1
117	may	1
117	hold	1
117	arabic3digit	1
117	boat	1
117	own	1
117	one	1
117	and	2
117	#allcapswords	8
117	god	1
117	her	1
117	to	1
117	name	1
117	roman	1
117	the	4
117	enemy	1
117	voyage	2
117	him	1
117	this	2
117	thine	1
117	so	1
117	be	3
117	a	2
117	was	1
117	by	4
117	guide	1
117	your	2
117	because	1
117	s	1
117	eyes	1
117	men	1
117	thy	1
117	in	4
117	fear	1
117	judge	1
117	is	1
117	not	4
117	for	2
117	virtue	1
117	are	1
117	thou	1
117	he	2
117	another	1
117	love	1
117	thee	1
117	before	2
117	side	1
117	good	1
117	it	2
117	hearts	1
117	ere	1
117	his	3
117	go	1
117	true	1
117	#sequentialcaps	3
117	#lines	30
117	#maxinitial	5
117	#caplines	19
117	#periods	8
117	#stdev	1037
117	#maxpair	7
117	#commas	10
117	#endwpunct	15
117	#exclamationpoints	6
117	#textlines	20
117	wordNotInVocab	26
118	#textlines	0
119	#textlines	0
120	#textlines	0
121	#textlines	0
122	#textlines	0
123	i	1
123	a	1
123	arabic3digit	3
123	#allcapswords	1
123	#lines	6
123	#maxinitial	1
123	#stdev	984
123	#maxpair	1
123	#textlines	2
123	wordNotInVocab	1
