0	of	1
0	personalname	2
0	#lines	1
0	#maxinitial	1
0	#caplines	1
0	#startwname	1
0	#maxpair	1
0	#textlines	1
0	wordNotInVocab	1
1	personalname	3
1	mrs	1
1	propernoun	1
1	p	1
1	#allcapswords	1
1	placename	1
1	of	1
1	#lines	9
1	#maxinitial	1
1	#caplines	2
1	#startwname	2
1	#periods	3
1	#stdev	621
1	#maxpair	2
1	#startwrubric	1
1	#commas	1
1	#endwpunct	2
1	#textlines	6
1	wordNotInVocab	7
2	#textlines	0
3	#textlines	0
4	#textlines	0
5	#textlines	0
6	#textlines	0
7	#lines	1
7	#textlines	0
8	the	1
8	n	1
8	company	1
8	personalname	2
8	w	1
8	propernoun	1
8	romannumeral	1
8	arabic4digit	1
8	#allcapswords	13
8	u	1
8	of	1
8	placename	1
8	#sequentialcaps	1
8	#lines	7
8	#maxinitial	1
8	#caplines	5
8	#startwname	3
8	#periods	6
8	#stdev	876
8	#maxpair	2
8	#commas	2
8	#endwpunct	2
8	#textlines	7
8	#endwnumeral	1
8	wordNotInVocab	7
9	#lines	1
9	#textlines	0
10	the	1
10	personalname	3
10	w	1
10	#allcapswords	15
10	arabic3digit	2
10	propernoun	1
10	romannumeral	1
10	publishers	1
10	by	1
10	street	1
10	company	1
10	n	2
10	of	1
10	d	1
10	placename	1
10	#sequentialcaps	2
10	#lines	8
10	#maxinitial	2
10	#caplines	6
10	#startwname	3
10	#periods	4
10	#stdev	905
10	#maxpair	2
10	#commas	2
10	#endwpunct	2
10	#textlines	8
10	#endwnumeral	1
10	wordNotInVocab	3
11	personalname	1
11	arabic4digit	1
11	by	1
11	#lines	1
11	#maxinitial	1
11	#caplines	1
11	#maxpair	1
11	#commas	2
11	#textlines	1
11	wordNotInVocab	2
12	arabic1digit	1
12	r	1
12	personalname	1
12	#allcapswords	3
12	#lines	4
12	#maxinitial	1
12	#caplines	2
12	#startwname	1
12	#periods	1
12	#stdev	535
12	#maxpair	1
12	#textlines	2
12	#endwnumeral	1
12	wordNotInVocab	2
13	#lines	1
13	#textlines	0
14	to	1
14	personalname	1
14	#allcapswords	3
14	#sequentialcaps	1
14	#lines	3
14	#maxinitial	1
14	#caplines	3
14	#stdev	454
14	#maxpair	1
14	#textlines	3
14	wordNotInVocab	2
15	the	3
15	illustrations	1
15	personalname	4
15	sword	1
15	romannumeral	2
15	frontispiece	1
15	of	6
15	for	1
15	at	2
15	list	1
15	portrait	1
15	page	1
15	#allcapswords	4
15	she	1
15	her	1
15	arabic2digit	3
15	placename	1
15	#sequentialcaps	2
15	#lines	8
15	#maxinitial	2
15	#quotations	7
15	#caplines	5
15	#startwname	1
15	#periods	5
15	#stdev	1781
15	#maxpair	2
15	#commas	1
15	#endwpunct	2
15	#textlines	8
15	#endwnumeral	3
15	wordNotInVocab	11
16	of	1
16	#allcapswords	2
16	#lines	2
16	#periods	1
16	#textlines	1
16	wordNotInVocab	2
17	arabic1digit	1
17	illustrations	1
17	personalname	2
17	sword	1
17	romannumeral	1
17	or	2
17	of	1
17	co	1
17	in	1
17	at	2
17	list	1
17	propernoun	5
17	i	1
17	f	1
17	#allcapswords	5
17	#sequentialcaps	1
17	#lines	7
17	#maxinitial	1
17	#quotations	5
17	#caplines	4
17	#startwname	3
17	#periods	6
17	#stdev	1237
17	#maxpair	1
17	#commas	1
17	#endwpunct	2
17	#textlines	6
17	wordNotInVocab	13
18	personalname	1
18	#allcapswords	3
18	#lines	2
18	#maxinitial	1
18	#caplines	1
18	#startwname	1
18	#maxpair	1
18	#textlines	1
18	wordNotInVocab	2
19	#textlines	0
20	strength	1
20	wrong	1
20	when	1
20	would	3
20	led	1
20	time	1
20	head	2
20	war	3
20	people	1
20	battle	1
20	grief	1
20	them	1
20	should	2
20	tears	1
20	required	2
20	with	2
20	sense	1
20	so	1
20	under	1
20	more	1
20	human	1
20	among	1
20	well	1
20	once	2
20	but	6
20	ever	1
20	great	1
20	through	1
20	as	1
20	spirit	2
20	and	11
20	things	1
20	done	1
20	english	1
20	king	1
20	greatest	1
20	divine	1
20	without	2
20	judgement	1
20	#allcapswords	1
20	she	13
20	forces	1
20	her	17
20	to	14
20	his	3
20	placename	1
20	crown	1
20	the	13
20	him	2
20	army	1
20	could	1
20	held	1
20	a	6
20	was	6
20	or	1
20	by	1
20	purpose	1
20	preface	1
20	made	1
20	did	1
20	in	2
20	at	2
20	court	1
20	began	1
20	nothing	2
20	days	1
20	knowledge	1
20	again	2
20	than	1
20	not	4
20	were	3
20	placed	1
20	for	7
20	personalname	1
20	its	1
20	body	1
20	he	1
20	use	1
20	power	1
20	of	5
20	hope	1
20	do	1
20	told	1
20	good	2
20	it	3
20	herself	1
20	few	1
20	if	1
20	almost	1
20	right	1
20	council	2
20	be	3
20	destroyed	1
20	before	1
20	answer	1
20	on	2
20	#sequentialcaps	1
20	#lines	30
20	#maxinitial	3
20	#caplines	6
20	#startwname	1
20	#periods	15
20	#stdev	1849
20	#maxpair	6
20	#commas	17
20	#endwpunct	9
20	#textlines	30
20	wordNotInVocab	69
21	brought	1
21	due	1
21	wrote	1
21	time	1
21	does	1
21	war	1
21	shakespeare	1
21	life	1
21	grief	1
21	all	1
21	green	1
21	king	1
21	had	1
21	hear	1
21	their	1
21	body	1
21	romannumeral	2
21	at	2
21	going	1
21	first	1
21	every	1
21	as	8
21	an	1
21	thing	1
21	hand	1
21	who	2
21	over	1
21	god	2
21	less	1
21	his	4
21	kingdom	3
21	a	7
21	was	4
21	pure	1
21	only	1
21	lips	1
21	eyes	1
21	men	1
21	personalname	3
21	in	3
21	everything	1
21	felt	1
21	hundred	1
21	rest	1
21	#allcapswords	2
21	she	6
21	see	1
21	arms	1
21	eternal	1
21	her	21
21	led	1
21	out	1
21	that	1
21	says	2
21	and	20
21	arabic4digit	1
21	which	1
21	saw	4
21	fair	1
21	placename	3
21	where	2
21	sea	1
21	but	2
21	into	2
21	english	1
21	him	3
21	tears	1
21	with	2
21	among	1
21	heaven	1
21	people	1
21	herself	1
21	even	1
21	one	2
21	it	3
21	hands	1
21	very	1
21	to	14
21	died	1
21	the	32
21	this	4
21	whether	1
21	be	1
21	or	1
21	preface	3
21	now	2
21	heart	1
21	more	1
21	others	1
21	did	2
21	country	1
21	propernoun	1
21	any	1
21	light	2
21	they	2
21	four	1
21	is	2
21	than	2
21	not	1
21	for	1
21	he	2
21	years	2
21	of	22
21	could	1
21	before	2
21	come	1
21	divine	2
21	from	4
21	power	1
21	being	1
21	followed	1
21	both	1
21	lay	1
21	whose	1
21	on	6
21	#sequentialcaps	1
21	#lines	37
21	#maxinitial	8
21	#quotations	6
21	#caplines	6
21	#startwname	1
21	#periods	17
21	#stdev	1115
21	#maxpair	11
21	#commas	29
21	#endwpunct	6
21	#textlines	37
21	wordNotInVocab	105
22	let	1
22	answered	1
22	would	4
22	time	1
22	never	1
22	clear	1
22	arabic2digit	2
22	into	1
22	required	1
22	king	3
22	had	5
22	act	1
22	more	2
22	human	1
22	as	2
22	romannumeral	1
22	then	2
22	against	2
22	duty	1
22	an	1
22	give	1
22	know	1
22	who	1
22	than	1
22	#allcapswords	2
22	god	1
22	left	2
22	few	1
22	his	5
22	placename	6
22	it	1
22	him	2
22	am	1
22	army	1
22	could	3
22	kingdom	1
22	a	6
22	was	6
22	men	2
22	continued	1
22	in	4
22	girl	2
22	fear	1
22	nothing	1
22	hundred	1
22	worthy	1
22	tell	1
22	came	1
22	out	3
22	arms	2
22	journey	1
22	home	1
22	to	16
22	led	1
22	that	1
22	no	1
22	march	1
22	arabic4digit	2
22	almost	1
22	fair	1
22	how	1
22	became	1
22	pity	1
22	arabicprice	2
22	through	1
22	but	8
22	upon	1
22	where	1
22	there	1
22	this	2
22	known	1
22	with	6
22	court	1
22	may	1
22	heaven	1
22	even	1
22	appeared	2
22	own	3
22	april	1
22	angel	1
22	poor	1
22	and	15
22	help	1
22	i	2
22	she	18
22	her	24
22	having	1
22	the	26
22	enemy	1
22	or	2
22	city	1
22	vain	1
22	be	1
22	returned	1
22	st	1
22	set	1
22	by	2
22	which	1
22	because	1
22	heart	1
22	at	3
22	propernoun	1
22	others	1
22	light	1
22	four	1
22	not	3
22	were	3
22	for	3
22	personalname	1
22	away	1
22	he	1
22	of	11
22	wars	1
22	half	1
22	do	1
22	side	1
22	come	2
22	been	1
22	from	1
22	back	1
22	till	1
22	if	1
22	go	2
22	power	1
22	on	6
22	#sequentialcaps	3
22	#lines	38
22	#maxinitial	5
22	#quotations	8
22	#caplines	8
22	#startwname	1
22	#periods	25
22	#stdev	1517
22	#maxpair	7
22	#startwrubric	1
22	#commas	21
22	#endwpunct	9
22	#questionmarks	1
22	#textlines	38
22	wordNotInVocab	87
23	time	1
23	war	1
23	any	1
23	that	1
23	arabic2digit	1
23	should	1
23	dare	1
23	fall	1
23	fact	1
23	memory	1
23	such	1
23	child	1
23	romannumeral	2
23	my	2
23	said	1
23	according	1
23	think	1
23	as	3
23	an	2
23	reason	1
23	who	2
23	fame	1
23	#allcapswords	4
23	god	1
23	faith	1
23	church	4
23	his	1
23	placename	5
23	race	1
23	those	1
23	him	3
23	on	2
23	could	1
23	you	2
23	a	6
23	was	10
23	only	1
23	personalname	5
23	in	7
23	girl	2
23	fear	1
23	already	1
23	came	1
23	peace	1
23	indeed	1
23	replied	1
23	way	1
23	keep	1
23	gave	1
23	been	1
23	then	2
23	seemed	1
23	them	3
23	led	1
23	out	1
23	it	1
23	and	17
23	arabic4digit	1
23	almost	1
23	when	3
23	knows	1
23	pope	1
23	the	26
23	but	3
23	fire	1
23	horse	1
23	all	2
23	other	2
23	upon	4
23	english	3
23	have	3
23	there	1
23	love	1
23	often	1
23	address	1
23	maid	2
23	persecution	1
23	may	1
23	hold	1
23	must	1
23	will	1
23	own	1
23	called	1
23	green	1
23	alone	1
23	king	1
23	duke	1
23	last	1
23	had	7
23	i	2
23	far	1
23	appear	1
23	her	14
23	to	17
23	flight	1
23	through	1
23	no	1
23	words	3
23	this	1
23	be	2
23	by	6
23	preface	3
23	which	1
23	sold	1
23	she	9
23	are	1
23	your	1
23	human	1
23	they	1
23	spoke	1
23	we	2
23	is	1
23	than	1
23	not	2
23	were	2
23	for	4
23	cause	1
23	down	1
23	away	1
23	he	1
23	lost	2
23	behind	1
23	of	14
23	during	1
23	at	2
23	from	1
23	answer	1
23	country	1
23	use	1
23	#sequentialcaps	2
23	#lines	38
23	#maxinitial	4
23	#quotations	12
23	#caplines	12
23	#startwname	3
23	#periods	24
23	#stdev	1493
23	#maxpair	6
23	#startwrubric	3
23	#commas	24
23	#endwpunct	10
23	#exclamationpoints	2
23	#textlines	38
23	wordNotInVocab	85
24	the	4
24	no	1
24	example	1
24	a	1
24	propernoun	1
24	purpose	1
24	preface	3
24	d	1
24	are	2
24	in	1
24	they	2
24	have	1
24	desire	1
24	maid	1
24	such	1
24	j	1
24	is	2
24	from	1
24	country	1
24	human	1
24	its	1
24	herself	1
24	romannumeral	3
24	mind	1
24	be	1
24	of	2
24	sense	1
24	an	2
24	following	1
24	spirit	1
24	and	3
24	play	1
24	arabic4digit	1
24	which	1
24	nature	1
24	if	1
24	#allcapswords	4
24	to	5
24	at	1
24	#sequentialcaps	1
24	#lines	11
24	#maxinitial	2
24	#caplines	4
24	#startwname	1
24	#periods	10
24	#stdev	2566
24	#maxpair	3
24	#startwrubric	2
24	#commas	9
24	#endwpunct	6
24	#textlines	11
24	#endwnumeral	1
24	wordNotInVocab	16
25	the	5
25	bishop	1
25	lord	1
25	a	1
25	made	1
25	dramatis	1
25	persons	2
25	mother	4
25	law	1
25	propernoun	6
25	earl	1
25	brother	1
25	king	1
25	father	1
25	personalname	14
25	la	2
25	english	1
25	an	1
25	romannumeral	1
25	of	16
25	good	1
25	afterwards	2
25	de	4
25	duke	3
25	and	2
25	in	1
25	page	2
25	#allcapswords	3
25	to	3
25	french	1
25	sister	1
25	queen	1
25	placename	9
25	#sequentialcaps	3
25	#lines	26
25	#maxinitial	5
25	#caplines	23
25	#startwname	12
25	#periods	19
25	#stdev	1585
25	#maxpair	7
25	#commas	25
25	#endwpunct	24
25	#textlines	26
25	wordNotInVocab	29
26	seen	1
26	us	1
26	but	2
26	seemed	1
26	time	1
26	our	1
26	that	3
26	scene	1
26	call	1
26	where	1
26	have	3
26	there	1
26	of	1
26	all	2
26	night	1
26	has	1
26	brother	2
26	been	4
26	act	1
26	more	1
26	may	1
26	close	1
26	heard	1
26	once	1
26	will	2
26	went	1
26	told	1
26	and	4
26	i	4
26	r	3
26	else	1
26	#allcapswords	12
26	she	4
26	her	2
26	not	2
26	day	1
26	the	5
26	sheep	1
26	indeed	1
26	am	1
26	looks	1
26	could	1
26	be	1
26	a	2
26	by	2
26	are	1
26	found	1
26	in	1
26	at	3
26	t	1
26	gone	1
26	propernoun	2
26	bed	1
26	door	1
26	is	3
26	away	1
26	father	1
26	personalname	5
26	why	1
26	keep	1
26	out	1
26	goes	1
26	then	1
26	so	1
26	home	1
26	near	1
26	to	5
26	side	1
26	good	1
26	my	1
26	it	1
26	from	1
26	few	1
26	evening	1
26	if	1
26	do	1
26	sister	1
26	church	1
26	#sequentialcaps	3
26	#lines	25
26	#maxinitial	7
26	#caplines	19
26	#startwname	5
26	#periods	34
26	#stdev	1497
26	#maxpair	9
26	#startwrubric	7
26	#commas	11
26	#endwpunct	23
26	#questionmarks	3
26	#textlines	25
26	wordNotInVocab	42
27	seen	1
27	propernoun	1
27	does	1
27	that	3
27	since	2
27	life	2
27	should	3
27	into	1
27	has	1
27	let	1
27	had	1
27	act	1
27	more	1
27	end	1
27	exeunt	1
27	yes	1
27	romannumeral	2
27	said	1
27	as	1
27	work	1
27	things	1
27	gentle	1
27	who	1
27	sit	1
27	#allcapswords	11
27	god	2
27	our	2
27	sent	1
27	a	9
27	was	2
27	lie	1
27	t	1
27	in	4
27	voice	2
27	fear	1
27	felt	1
27	days	1
27	rest	2
27	father	1
27	mighty	1
27	doth	1
27	friend	1
27	why	2
27	door	1
27	out	2
27	long	1
27	then	1
27	them	1
27	home	1
27	leave	1
27	it	4
27	strange	2
27	take	1
27	late	2
27	observed	1
27	like	1
27	how	1
27	sister	2
27	arabic1digit	2
27	form	1
27	but	1
27	oh	1
27	all	1
27	where	1
27	have	4
27	there	2
27	often	1
27	night	1
27	maid	1
27	some	1
27	with	2
27	so	2
27	coming	1
27	question	1
27	may	3
27	enter	1
27	herself	1
27	will	3
27	hope	1
27	ever	1
27	you	2
27	wood	1
27	and	15
27	i	5
27	hath	1
27	she	12
27	her	11
27	to	1
27	day	1
27	name	1
27	the	9
27	this	1
27	find	1
27	oft	1
27	r	1
27	or	1
27	by	1
27	look	1
27	now	1
27	heart	1
27	years	1
27	bed	1
27	they	1
27	seems	1
27	four	1
27	thought	1
27	is	4
27	not	4
27	were	1
27	for	2
27	personalname	1
27	clear	1
27	goes	1
27	eye	1
27	sad	1
27	of	4
27	return	1
27	come	1
27	been	5
27	at	1
27	from	2
27	if	2
27	kingdom	1
27	on	1
27	#sequentialcaps	4
27	#lines	39
27	#maxinitial	6
27	#quotations	4
27	#caplines	32
27	#startwname	1
27	#periods	39
27	#stdev	1406
27	#maxpair	9
27	#startwrubric	7
27	#commas	15
27	#endwpunct	25
27	#questionmarks	4
27	#exclamationpoints	2
27	#textlines	38
27	#endwnumeral	1
27	wordNotInVocab	74
28	what	1
28	would	1
28	time	1
28	plain	1
28	scene	3
28	into	1
28	has	1
28	brother	2
28	news	1
28	house	1
28	their	1
28	my	6
28	wild	1
28	home	1
28	first	1
28	turn	1
28	as	3
28	know	1
28	danger	1
28	#allcapswords	15
28	our	1
28	could	1
28	you	4
28	a	5
28	was	3
28	whom	1
28	in	3
28	fear	2
28	bed	1
28	off	1
28	welcome	1
28	tell	1
28	came	1
28	its	1
28	long	1
28	most	1
28	then	1
28	tale	1
28	called	1
28	that	1
28	says	1
28	no	1
28	ere	1
28	care	1
28	name	1
28	call	1
28	early	2
28	how	2
28	sister	1
28	when	3
28	arabic1digit	1
28	form	1
28	but	3
28	there	2
28	ill	2
28	bound	1
28	where	3
28	have	2
28	some	1
28	known	1
28	very	1
28	with	2
28	so	2
28	wood	1
28	court	1
28	may	1
28	went	1
28	prayer	1
28	it	3
28	and	6
28	clouds	1
28	i	12
28	wife	1
28	she	2
28	her	7
28	to	6
28	this	1
28	from	2
28	find	1
28	be	2
28	st	1
28	by	2
28	here	1
28	your	3
28	are	2
28	tree	1
28	at	2
28	mother	1
28	night	1
28	hear	1
28	seems	1
28	saw	2
28	is	4
28	the	15
28	not	5
28	were	2
28	for	4
28	personalname	5
28	like	3
28	seek	1
28	he	1
28	pray	1
28	thoughts	1
28	until	1
28	view	1
28	garden	2
28	go	1
28	of	2
28	can	2
28	before	1
28	told	1
28	come	1
28	back	1
28	sleep	1
28	nature	1
28	if	1
28	exit	1
28	#sequentialcaps	4
28	#lines	39
28	#maxinitial	8
28	#caplines	37
28	#startwname	1
28	#periods	28
28	#stdev	1383
28	#maxpair	12
28	#startwrubric	10
28	#commas	23
28	#endwpunct	31
28	#questionmarks	4
28	#exclamationpoints	1
28	#textlines	38
28	#endwnumeral	1
28	wordNotInVocab	84
29	arabic1digit	1
29	truth	1
29	meet	1
29	tree	1
29	but	4
29	when	2
29	farewell	1
29	then	1
29	n	1
29	people	1
29	all	4
29	life	1
29	every	1
29	children	1
29	have	4
29	into	1
29	false	1
29	make	2
29	us	1
29	had	1
29	act	3
29	with	4
29	so	1
29	their	1
29	loves	1
29	speech	1
29	sea	1
29	my	2
29	fair	1
29	at	1
29	great	1
29	i'm	1
29	here	1
29	alone	1
29	duty	1
29	an	1
29	wish	1
29	much	1
29	and	10
29	king	1
29	i	4
29	over	1
29	#allcapswords	7
29	she	10
29	her	12
29	to	3
29	his	1
29	placename	2
29	the	11
29	no	2
29	our	1
29	words	1
29	men	1
29	this	2
29	under	1
29	you	1
29	a	3
29	might	1
29	was	1
29	or	1
29	purpose	1
29	made	1
29	heart	1
29	only	1
29	are	1
29	your	1
29	feel	1
29	me	1
29	in	2
29	voice	1
29	of	5
29	death	1
29	propernoun	1
29	delight	1
29	by	1
29	father	1
29	is	1
29	not	2
29	were	1
29	unto	1
29	personalname	3
29	on	2
29	yet	1
29	scene	1
29	clear	1
29	he	1
29	gave	1
29	land	1
29	arms	1
29	sure	1
29	love	1
29	pity	1
29	good	1
29	own	1
29	come	1
29	that	3
29	hearts	2
29	from	2
29	back	1
29	till	2
29	followed	1
29	doubt	1
29	kingdom	1
29	went	1
29	#sequentialcaps	4
29	#lines	35
29	#maxinitial	8
29	#caplines	31
29	#startwname	4
29	#periods	22
29	#stdev	1448
29	#maxpair	10
29	#startwrubric	4
29	#commas	20
29	#endwpunct	22
29	#textlines	33
29	#endwnumeral	1
29	wordNotInVocab	63
30	arabic1digit	1
30	alone	1
30	mine	1
30	what	1
30	personalname	3
30	but	3
30	oh	2
30	plain	1
30	into	1
30	are	2
30	scene	3
30	where	1
30	there	1
30	its	1
30	am	2
30	hear	1
30	take	1
30	make	1
30	brother	3
30	king	1
30	had	1
30	from	1
30	so	2
30	wood	1
30	duty	1
30	heaven	2
30	romannumeral	2
30	my	3
30	give	1
30	thee	1
30	poor	2
30	grace	1
30	an	1
30	know	1
30	and	10
30	come	1
30	clouds	1
30	night	1
30	i	10
30	far	1
30	than	1
30	again	1
30	way	1
30	god	3
30	answered	1
30	her	4
30	to	10
30	day	1
30	st	1
30	crown	1
30	with	3
30	the	12
30	our	1
30	this	4
30	blessed	1
30	lord	1
30	be	1
30	thought	1
30	a	5
30	was	2
30	or	2
30	look	1
30	such	2
30	now	1
30	men	1
30	thy	1
30	wars	1
30	in	2
30	at	2
30	enter	1
30	placename	6
30	these	1
30	light	2
30	is	5
30	not	4
30	were	1
30	for	2
30	t	2
30	#allcapswords	13
30	throne	1
30	he	1
30	dream	1
30	hour	1
30	pray	1
30	arms	2
30	sure	1
30	must	2
30	of	6
30	can	3
30	me	4
30	leave	1
30	show	1
30	do	1
30	pity	1
30	it	3
30	captain	1
30	long	1
30	on	2
30	like	1
30	go	2
30	how	1
30	power	1
30	see	4
30	#sequentialcaps	3
30	#lines	37
30	#maxinitial	6
30	#caplines	34
30	#startwname	2
30	#periods	20
30	#stdev	1327
30	#maxpair	9
30	#startwrubric	2
30	#commas	32
30	#endwpunct	26
30	#questionmarks	3
30	#exclamationpoints	5
30	#textlines	36
30	#endwnumeral	1
30	wordNotInVocab	59
31	us	2
31	but	1
31	would	1
31	mad	1
31	time	2
31	than	1
31	ill	1
31	oh	1
31	father	1
31	whom	1
31	winds	1
31	upon	1
31	himself	1
31	there	1
31	all	2
31	has	2
31	rules	1
31	sweet	1
31	morning	1
31	brother	2
31	act	3
31	with	3
31	so	1
31	more	2
31	hope	1
31	house	1
31	may	1
31	hard	1
31	enter	2
31	romannumeral	2
31	my	3
31	will	2
31	at	1
31	one	2
31	here	3
31	early	1
31	give	2
31	and	8
31	morn	1
31	i	5
31	danger	1
31	over	1
31	#allcapswords	8
31	god	2
31	last	1
31	not	5
31	day	2
31	that	1
31	his	1
31	placename	1
31	the	9
31	it	1
31	our	6
31	by	1
31	be	2
31	you	6
31	a	4
31	your	1
31	wife	1
31	are	4
31	read	1
31	me	2
31	bright	1
31	t	1
31	gone	1
31	shall	1
31	propernoun	3
31	we	1
31	fair	1
31	know	1
31	is	2
31	rest	1
31	duty	1
31	were	1
31	for	3
31	personalname	5
31	land	1
31	he	1
31	been	1
31	of	1
31	home	1
31	to	6
31	good	1
31	come	2
31	found	1
31	they	1
31	from	1
31	friends	1
31	though	1
31	scene	1
31	if	1
31	english	1
31	sky	1
31	do	1
31	french	1
31	see	1
31	#sequentialcaps	4
31	#lines	36
31	#maxinitial	4
31	#caplines	31
31	#startwname	6
31	#periods	30
31	#stdev	1652
31	#maxpair	7
31	#startwrubric	6
31	#commas	24
31	#endwpunct	26
31	#questionmarks	1
31	#textlines	34
31	wordNotInVocab	62
32	arabic1digit	1
32	truth	1
32	through	3
32	us	1
32	time	1
32	oh	2
32	war	2
32	dream	1
32	soon	2
32	scene	3
32	daughter	1
32	upon	1
32	have	1
32	grief	1
32	all	1
32	this	2
32	while	1
32	has	2
32	brother	2
32	am	1
32	with	2
32	so	1
32	duty	1
32	ah	1
32	for	2
32	enter	1
32	yes	2
32	word	1
32	my	3
32	will	5
32	ever	3
32	think	2
32	here	4
32	first	2
32	as	3
32	and	8
32	rest	1
32	it	4
32	a	5
32	than	1
32	#allcapswords	11
32	she	4
32	her	9
32	to	5
32	day	1
32	that	2
32	his	1
32	placename	2
32	the	5
32	our	2
32	dear	1
32	personalname	9
32	be	2
32	you	3
32	east	1
32	was	2
32	by	1
32	guide	1
32	your	4
32	now	1
32	heart	2
32	only	1
32	others	1
32	me	5
32	in	4
32	i	7
32	mother	1
32	shall	1
32	we	1
32	girl	1
32	light	1
32	chief	1
32	father	1
32	state	1
32	rather	1
32	is	4
32	comes	1
32	not	2
32	t	1
32	its	1
32	mind	1
32	god	2
32	long	1
32	too	1
32	see	3
32	then	1
32	full	2
32	romannumeral	1
32	of	7
32	he	2
32	found	1
32	happy	2
32	from	2
32	ere	1
32	nature	1
32	fair	3
32	like	1
32	sister	1
32	hope	2
32	#sequentialcaps	2
32	#lines	37
32	#maxinitial	6
32	#caplines	30
32	#startwname	5
32	#periods	37
32	#stdev	1314
32	#maxpair	9
32	#startwrubric	7
32	#commas	29
32	#endwpunct	27
32	#questionmarks	1
32	#textlines	36
32	#endwnumeral	1
32	wordNotInVocab	58
33	arabic1digit	1
33	marriage	1
33	bring	1
33	dare	1
33	what	1
33	personalname	5
33	but	2
33	have	1
33	makes	1
33	oh	1
33	i	9
33	doth	2
33	here	1
33	hour	1
33	grief	1
33	all	1
33	into	1
33	false	1
33	has	1
33	make	1
33	let	1
33	wish	1
33	from	2
33	act	3
33	with	2
33	so	2
33	house	1
33	may	1
33	for	1
33	exeunt	1
33	enter	1
33	must	2
33	will	2
33	be	2
33	through	1
33	breast	1
33	spent	1
33	much	1
33	and	4
33	murder	1
33	#allcapswords	13
33	god	2
33	her	1
33	to	3
33	day	1
33	that	1
33	his	2
33	placename	1
33	the	12
33	best	1
33	am	1
33	sir	1
33	up	1
33	even	1
33	give	1
33	each	1
33	you	2
33	mean	1
33	a	3
33	hell	1
33	made	1
33	more	3
33	are	3
33	your	5
33	me	2
33	in	1
33	mother	3
33	world	1
33	fear	2
33	now	1
33	ever	1
33	they	1
33	four	1
33	is	2
33	father	1
33	tell	1
33	s	2
33	t	1
33	its	1
33	seek	1
33	he	1
33	arms	1
33	stage	1
33	romannumeral	1
33	of	2
33	night	1
33	this	1
33	my	4
33	it	2
33	no	1
33	scene	1
33	three	1
33	exit	1
33	how	1
33	say	2
33	news	1
33	own	1
33	#sequentialcaps	2
33	#lines	33
33	#maxinitial	4
33	#caplines	27
33	#startwname	6
33	#periods	28
33	#stdev	1622
33	#maxpair	7
33	#startwrubric	8
33	#commas	10
33	#endwpunct	23
33	#exclamationpoints	6
33	#textlines	31
33	#endwnumeral	1
33	wordNotInVocab	62
34	would	2
34	bosom	1
34	propernoun	4
34	war	1
34	scene	3
34	daughter	1
34	life	1
34	all	3
34	till	2
34	has	1
34	memory	1
34	their	1
34	romannumeral	1
34	my	4
34	wild	1
34	have	3
34	born	1
34	every	1
34	as	1
34	still	1
34	things	1
34	who	1
34	#allcapswords	10
34	left	1
34	that	1
34	his	3
34	placename	3
34	our	1
34	am	2
34	a	3
34	was	2
34	dark	1
34	title	1
34	made	1
34	thy	1
34	me	3
34	in	5
34	these	1
34	rest	1
34	tell	1
34	home	1
34	rule	1
34	sun	1
34	gave	1
34	high	1
34	little	1
34	then	1
34	tale	1
34	love	1
34	night	2
34	leave	1
34	to	3
34	breast	1
34	blood	1
34	it	1
34	ere	2
34	like	1
34	how	9
34	french	1
34	when	2
34	arabic1digit	2
34	sorrow	1
34	oh	1
34	should	1
34	winds	1
34	too	1
34	english	2
34	son	1
34	while	1
34	some	1
34	music	1
34	with	1
34	hard	1
34	sat	1
34	once	1
34	be	2
34	here	4
34	knew	1
34	and	10
34	clouds	1
34	i	8
34	far	1
34	else	1
34	she	2
34	her	2
34	the	17
34	this	1
34	coming	1
34	up	4
34	boy	1
34	or	1
34	by	1
34	they	1
34	took	1
34	now	1
34	heart	1
34	wars	1
34	head	1
34	such	1
34	face	1
34	joy	1
34	for	1
34	personalname	5
34	down	1
34	seek	1
34	of	5
34	can	1
34	gone	1
34	laid	1
34	from	1
34	sometimes	1
34	mother	1
34	on	2
34	#sequentialcaps	5
34	#lines	39
34	#maxinitial	12
34	#caplines	37
34	#startwname	2
34	#periods	9
34	#stdev	1118
34	#maxpair	15
34	#commas	27
34	#endwpunct	31
34	#questionmarks	1
34	#exclamationpoints	5
34	#textlines	38
34	#endwnumeral	1
34	wordNotInVocab	87
35	mine	1
35	would	3
35	mad	1
35	bring	1
35	here	1
35	sight	1
35	arabic2digit	1
35	grief	1
35	all	2
35	fall	1
35	brother	1
35	act	3
35	wide	1
35	country	1
35	duty	1
35	romannumeral	1
35	my	13
35	i'm	2
35	command	1
35	every	1
35	as	4
35	upon	1
35	over	1
35	again	1
35	#allcapswords	12
35	that	2
35	placename	1
35	times	1
35	a	7
35	strong	1
35	eyes	1
35	gods	1
35	me	5
35	in	6
35	earth	2
35	sound	1
35	these	4
35	came	1
35	bed	1
35	off	1
35	hundred	1
35	ear	1
35	father	1
35	tell	1
35	free	1
35	then	2
35	tale	1
35	it	1
35	silent	1
35	church	1
35	which	1
35	like	1
35	sky	1
35	put	1
35	how	1
35	sister	1
35	breath	1
35	meet	1
35	but	2
35	i	10
35	river	1
35	hour	1
35	dare	1
35	if	1
35	where	1
35	have	1
35	them	1
35	some	1
35	maid	1
35	make	2
35	very	1
35	with	3
35	hold	1
35	heaven	1
35	once	1
35	ever	1
35	one	1
35	angel	1
35	poor	1
35	king	1
35	many	1
35	and	6
35	help	1
35	greatest	1
35	far	1
35	her	1
35	to	5
35	loved	1
35	name	1
35	the	5
35	dear	1
35	this	3
35	from	2
35	whether	1
35	be	1
35	shall	1
35	or	2
35	now	1
35	heart	2
35	at	2
35	mother	1
35	love	1
35	hear	2
35	is	1
35	than	1
35	not	2
35	for	3
35	personalname	3
35	away	1
35	after	1
35	of	4
35	can	1
35	told	1
35	they	2
35	till	4
35	stay	2
35	go	1
35	on	1
35	#sequentialcaps	3
35	#lines	39
35	#maxinitial	11
35	#quotations	2
35	#caplines	37
35	#startwname	1
35	#periods	6
35	#stdev	1108
35	#maxpair	11
35	#commas	30
35	#endwpunct	23
35	#exclamationpoints	7
35	#textlines	39
35	#endwnumeral	1
35	wordNotInVocab	75
36	b	2
36	but	2
36	would	1
36	desire	1
36	farewell	6
36	war	1
36	what	1
36	scene	4
36	set	1
36	arabic2digit	1
36	there	1
36	th	1
36	all	1
36	this	2
36	family	1
36	take	1
36	maid	1
36	make	1
36	with	2
36	so	1
36	man	1
36	may	1
36	enter	2
36	romannumeral	2
36	my	3
36	them	1
36	called	1
36	am	1
36	angel	1
36	every	1
36	and	3
36	portrait	1
36	comes	1
36	i	3
36	shall	2
36	#allcapswords	10
36	she	1
36	faith	1
36	her	3
36	to	6
36	his	1
36	placename	2
36	the	5
36	sir	1
36	whether	1
36	looks	2
36	lord	1
36	be	1
36	each	1
36	you	5
36	a	5
36	or	1
36	your	1
36	him	1
36	now	1
36	saying	1
36	only	1
36	are	1
36	me	4
36	de	5
36	at	1
36	aside	1
36	propernoun	5
36	chief	1
36	heart	1
36	is	2
36	for	1
36	personalname	5
36	yet	1
36	why	1
36	he	1
36	goes	1
36	see	1
36	trial	1
36	then	2
36	full	1
36	of	4
36	how	1
36	speak	2
36	in	2
36	come	1
36	that	3
36	no	2
36	captain	1
36	till	1
36	put	1
36	exit	1
36	doubt	1
36	gentle	1
36	girl	1
36	#sequentialcaps	2
36	#lines	31
36	#maxinitial	6
36	#caplines	25
36	#startwname	4
36	#periods	26
36	#stdev	1606
36	#maxpair	10
36	#startwrubric	6
36	#commas	17
36	#endwpunct	21
36	#questionmarks	2
36	#exclamationpoints	4
36	#textlines	31
36	#endwnumeral	1
36	wordNotInVocab	38
37	b	10
37	what	2
37	but	1
37	have	2
37	would	1
37	women	1
37	made	1
37	once	1
37	i	7
37	should	1
37	other	1
37	where	1
37	arabic2digit	1
37	there	2
37	all	1
37	home	1
37	works	1
37	king	1
37	had	1
37	act	3
37	so	1
37	well	1
37	must	4
37	my	4
37	will	1
37	woman	1
37	one	1
37	table	1
37	as	2
37	work	1
37	and	7
37	in	1
37	girl	1
37	save	1
37	#allcapswords	19
37	god	1
37	faith	1
37	her	5
37	to	9
37	that	1
37	his	2
37	placename	4
37	crown	1
37	the	3
37	when	1
37	him	5
37	this	2
37	lord	2
37	be	2
37	you	7
37	a	6
37	was	3
37	or	1
37	mean	1
37	your	3
37	she	3
37	are	1
37	did	2
37	de	10
37	at	3
37	land	1
37	propernoun	3
37	boy	1
37	off	1
37	is	4
37	comes	1
37	than	2
37	not	3
37	mighty	1
37	for	2
37	personalname	14
37	how	1
37	rule	1
37	why	1
37	daughter	1
37	he	1
37	maid	1
37	then	2
37	of	5
37	can	4
37	me	2
37	do	3
37	who	2
37	it	1
37	no	2
37	from	1
37	charge	1
37	whose	1
37	send	1
37	fair	1
37	if	3
37	go	5
37	before	1
37	say	1
37	kingdom	1
37	see	2
37	#sequentialcaps	3
37	#lines	40
37	#maxinitial	11
37	#caplines	25
37	#startwname	10
37	#periods	48
37	#stdev	1524
37	#maxpair	13
37	#startwrubric	10
37	#commas	11
37	#endwpunct	31
37	#questionmarks	6
37	#exclamationpoints	1
37	#textlines	39
37	#endwnumeral	1
37	wordNotInVocab	51
38	b	11
38	what	3
38	meet	1
38	us	1
38	but	3
38	making	1
38	war	1
38	i	4
38	scene	3
38	other	1
38	wit	1
38	dare	1
38	battle	1
38	have	1
38	there	2
38	all	1
38	into	1
38	maid	2
38	without	1
38	hath	1
38	with	2
38	has	1
38	their	2
38	hard	1
38	child	1
38	must	4
38	blood	1
38	my	2
38	be	1
38	think	1
38	duty	1
38	king	1
38	work	2
38	would	1
38	know	1
38	and	7
38	just	1
38	come	2
38	yours	1
38	help	1
38	a	6
38	st	1
38	save	1
38	#allcapswords	21
38	god	3
38	her	2
38	to	5
38	that	5
38	his	2
38	placename	4
38	the	7
38	no	1
38	our	1
38	him	1
38	am	1
38	give	1
38	you	7
38	shall	1
38	might	1
38	was	3
38	or	1
38	by	2
38	born	1
38	they	1
38	your	1
38	now	2
38	are	3
38	did	1
38	personalname	19
38	de	11
38	girl	1
38	fear	2
38	we	1
38	hear	1
38	off	1
38	is	8
38	not	3
38	for	4
38	t	2
38	cause	1
38	yet	1
38	why	2
38	men	2
38	out	1
38	way	1
38	used	1
38	then	2
38	romannumeral	1
38	of	1
38	each	1
38	doubt	1
38	told	1
38	who	2
38	it	7
38	at	1
38	from	2
38	on	1
38	do	2
38	kingdom	1
38	when	1
38	#sequentialcaps	4
38	#lines	38
38	#maxinitial	14
38	#caplines	25
38	#startwname	14
38	#periods	51
38	#stdev	1224
38	#maxpair	14
38	#startwrubric	14
38	#commas	9
38	#endwpunct	36
38	#questionmarks	6
38	#textlines	38
38	wordNotInVocab	50
39	arabic1digit	1
39	but	1
39	mine	1
39	b	9
39	sword	4
39	what	1
39	prove	1
39	arabic2digit	1
39	would	2
39	get	1
39	of	4
39	horse	1
39	then	2
39	war	1
39	find	1
39	shall	1
39	sure	1
39	life	1
39	have	2
39	them	1
39	all	1
39	into	1
39	journey	1
39	make	1
39	let	1
39	best	1
39	act	3
39	maid	1
39	up	1
39	heaven	1
39	well	1
39	must	1
39	taking	1
39	will	3
39	at	1
39	without	1
39	yours	1
39	am	1
39	first	1
39	as	3
39	another	1
39	keep	1
39	brave	2
39	friend	1
39	and	8
39	come	1
39	hand	1
39	girl	1
39	else	1
39	#allcapswords	16
39	god	1
39	her	1
39	to	5
39	that	3
39	his	1
39	why	1
39	the	6
39	swear	1
39	this	2
39	him	1
39	personalname	16
39	captain	4
39	lord	1
39	be	5
39	friends	1
39	you	9
39	a	4
39	st	2
39	set	1
39	by	6
39	brothers	1
39	your	1
39	now	3
39	men	1
39	behind	1
39	me	4
39	de	10
39	i	6
39	not	4
39	mother	1
39	aside	2
39	placename	1
39	fear	1
39	propernoun	1
39	we	3
39	beautiful	1
39	believe	1
39	is	3
39	gentle	3
39	than	2
39	father	1
39	were	1
39	for	4
39	t	1
39	on	1
39	yet	1
39	better	2
39	he	2
39	she	3
39	goes	2
39	though	1
39	love	1
39	can	3
39	leave	2
39	true	1
39	my	5
39	it	3
39	take	2
39	takes	1
39	if	2
39	after	1
39	until	1
39	table	1
39	do	3
39	french	1
39	sister	1
39	when	1
39	#sequentialcaps	3
39	#lines	40
39	#maxinitial	11
39	#caplines	23
39	#startwname	11
39	#periods	48
39	#stdev	1352
39	#maxpair	12
39	#startwrubric	10
39	#commas	26
39	#endwpunct	29
39	#questionmarks	7
39	#exclamationpoints	1
39	#textlines	39
39	#endwnumeral	1
39	wordNotInVocab	39
40	exit	1
40	the	8
40	dear	1
40	this	1
40	master	1
40	up	1
40	through	1
40	but	1
40	have	1
40	mad	1
40	makes	1
40	oh	3
40	we	1
40	him	1
40	scene	3
40	here	1
40	i	1
40	mother	1
40	sword	2
40	propernoun	1
40	of	2
40	all	1
40	what	1
40	farewell	1
40	has	1
40	exeunt	1
40	is	2
40	comes	1
40	father	1
40	with	2
40	for	4
40	personalname	2
40	four	1
40	english	1
40	romannumeral	1
40	he	3
40	my	1
40	will	1
40	be	1
40	round	1
40	them	1
40	every	1
40	as	2
40	side	1
40	and	7
40	captain	1
40	friends	1
40	girl	1
40	a	3
40	#allcapswords	3
40	god	1
40	her	2
40	to	2
40	say	1
40	his	3
40	placename	1
40	#sequentialcaps	4
40	#lines	16
40	#maxinitial	3
40	#caplines	14
40	#startwname	2
40	#periods	11
40	#stdev	1567
40	#maxpair	3
40	#startwrubric	2
40	#commas	13
40	#endwpunct	11
40	#exclamationpoints	3
40	#textlines	16
40	wordNotInVocab	27
41	what	1
41	master	2
41	ever	2
41	arabic2digit	1
41	brave	1
41	mad	1
41	except	1
41	propernoun	1
41	does	1
41	war	1
41	n	1
41	that	1
41	two	1
41	i	8
41	scene	1
41	where	1
41	maid	4
41	make	1
41	devil	1
41	act	4
41	with	1
41	has	1
41	must	1
41	la	2
41	enter	1
41	romannumeral	1
41	my	6
41	three	1
41	i'm	2
41	first	1
41	it	1
41	as	2
41	round	2
41	and	8
41	been	1
41	think	2
41	#allcapswords	12
41	she	4
41	to	5
41	church	1
41	have	1
41	world	1
41	crown	1
41	the	11
41	times	1
41	am	2
41	says	1
41	so	1
41	be	4
41	a	9
41	was	1
41	by	2
41	now	1
41	news	1
41	are	1
41	in	2
41	earth	1
41	placename	1
41	shall	1
41	we	1
41	spring	1
41	such	2
41	is	2
41	rest	1
41	peace	1
41	were	1
41	personalname	3
41	since	1
41	camp	1
41	old	2
41	he	1
41	moon	1
41	heard	1
41	of	4
41	night	1
41	me	2
41	near	1
41	this	3
41	good	1
41	found	1
41	no	2
41	take	1
41	if	2
41	on	3
41	kingdom	1
41	when	1
41	#sequentialcaps	2
41	#lines	33
41	#maxinitial	9
41	#caplines	30
41	#startwname	3
41	#periods	16
41	#stdev	1537
41	#maxpair	10
41	#startwrubric	2
41	#commas	24
41	#endwpunct	19
41	#questionmarks	2
41	#exclamationpoints	2
41	#textlines	32
41	#endwnumeral	1
41	wordNotInVocab	53
42	the	4
42	r	1
42	st	1
42	by	1
42	w	1
42	t	1
42	in	2
42	i	1
42	propernoun	3
42	act	1
42	ay	1
42	personalname	1
42	of	3
42	an	1
42	it	1
42	country	1
42	if	1
42	#allcapswords	16
42	her	1
42	to	1
42	on	1
42	#sequentialcaps	2
42	#lines	9
42	#maxinitial	3
42	#quotations	1
42	#caplines	6
42	#startwname	3
42	#periods	12
42	#stdev	1625
42	#maxpair	3
42	#startwrubric	1
42	#commas	1
42	#endwpunct	2
42	#textlines	8
42	wordNotInVocab	23
43	what	1
43	mad	1
43	except	1
43	world	1
43	war	1
43	n	1
43	e	1
43	of	2
43	this	2
43	f	1
43	maid	4
43	io	1
43	act	1
43	earth	1
43	such	1
43	romannumeral	3
43	my	1
43	three	1
43	ever	2
43	think	1
43	w	2
43	it	1
43	as	1
43	round	1
43	brave	1
43	and	6
43	h	1
43	been	1
43	#allcapswords	14
43	she	4
43	to	2
43	church	1
43	placename	1
43	crown	1
43	the	9
43	le	1
43	am	1
43	be	2
43	kingdom	1
43	a	8
43	was	1
43	or	1
43	by	1
43	lie	1
43	now	1
43	in	4
43	i	17
43	t	1
43	propernoun	3
43	d	3
43	spring	1
43	is	1
43	rest	1
43	were	1
43	personalname	1
43	old	1
43	moon	1
43	th	1
43	me	1
43	good	1
43	k	1
43	found	1
43	no	2
43	take	1
43	if	3
43	on	3
43	say	1
43	where	1
43	when	1
43	#sequentialcaps	2
43	#lines	31
43	#maxinitial	6
43	#quotations	3
43	#caplines	19
43	#startwname	5
43	#periods	54
43	#stdev	1412
43	#maxpair	7
43	#startwrubric	1
43	#commas	19
43	#endwpunct	17
43	#questionmarks	1
43	#exclamationpoints	4
43	#textlines	30
43	wordNotInVocab	75
44	arabic1digit	1
44	the	5
44	personalname	2
44	sword	1
44	by	2
44	herself	1
44	romannumeral	1
44	god	1
44	st	1
44	w	1
44	of	5
44	library	1
44	an	1
44	de	1
44	i	1
44	it	1
44	and	2
44	from	2
44	propernoun	1
44	in	2
44	country	1
44	service	1
44	#allcapswords	24
44	she	1
44	her	1
44	to	1
44	church	1
44	act	1
44	on	1
44	#sequentialcaps	2
44	#lines	9
44	#maxinitial	2
44	#caplines	5
44	#periods	10
44	#stdev	1546
44	#maxpair	3
44	#commas	2
44	#endwpunct	3
44	#textlines	8
44	wordNotInVocab	12
45	#textlines	0
46	comes	1
46	b	5
46	sword	1
46	quite	1
46	such	1
46	word	1
46	us	2
46	arabic2digit	1
46	sure	2
46	scene	3
46	where	2
46	see	1
46	have	1
46	there	2
46	all	3
46	this	3
46	them	1
46	some	1
46	maid	2
46	make	2
46	let	1
46	devil	1
46	follow	1
46	with	3
46	their	1
46	lord	2
46	la	7
46	enter	2
46	my	2
46	but	1
46	i'm	1
46	as	2
46	three	2
46	and	6
46	i	10
46	f	3
46	way	1
46	she	2
46	two	2
46	use	1
46	to	5
46	that	4
46	his	1
46	the	9
46	live	1
46	him	3
46	am	1
46	play	1
46	find	1
46	up	1
46	sent	2
46	a	7
46	earth	1
46	or	3
46	they	2
46	your	1
46	six	1
46	man	1
46	are	1
46	death	3
46	found	1
46	in	2
46	at	2
46	we'll	1
46	fear	1
46	propernoun	1
46	we	2
46	light	1
46	off	1
46	you	3
46	is	1
46	close	1
46	not	2
46	exeunt	1
46	will	2
46	for	6
46	personalname	2
46	camp	2
46	its	1
46	#allcapswords	25
46	about	1
46	he	2
46	long	1
46	h	5
46	been	1
46	put	1
46	did	1
46	same	1
46	of	3
46	can	1
46	de	5
46	come	1
46	it	3
46	no	1
46	take	2
46	church	1
46	then	2
46	if	1
46	after	1
46	go	1
46	do	2
46	kingdom	1
46	her	1
46	on	3
46	#sequentialcaps	3
46	#lines	35
46	#maxinitial	7
46	#caplines	26
46	#startwname	1
46	#periods	39
46	#stdev	1446
46	#maxpair	7
46	#commas	16
46	#endwpunct	28
46	#questionmarks	5
46	#exclamationpoints	3
46	#textlines	35
46	#endwnumeral	1
46	wordNotInVocab	63
47	lie	1
47	no	1
47	master	1
47	us	1
47	arabic2digit	1
47	would	1
47	come	1
47	two	2
47	i	12
47	other	2
47	h	1
47	upon	1
47	hence	1
47	nor	2
47	have	3
47	there	2
47	them	3
47	all	1
47	f	8
47	maid	1
47	rose	1
47	heaven	1
47	act	3
47	with	2
47	man	3
47	court	1
47	their	2
47	close	1
47	enter	2
47	romannumeral	1
47	my	3
47	fortune	1
47	but	3
47	one	1
47	i'm	2
47	here	3
47	die	1
47	word	1
47	stand	2
47	give	1
47	and	12
47	blood	1
47	more	2
47	it	1
47	peace	1
47	shall	2
47	#allcapswords	23
47	she	2
47	her	2
47	to	1
47	t	1
47	placename	1
47	crown	1
47	the	7
47	swear	1
47	own	1
47	him	7
47	this	2
47	army	1
47	coming	1
47	be	1
47	you	11
47	a	10
47	st	1
47	or	2
47	by	1
47	mean	1
47	new	1
47	your	4
47	re	1
47	full	2
47	lives	1
47	death	1
47	me	1
47	in	3
47	at	2
47	aside	1
47	fear	3
47	propernoun	1
47	mr	1
47	is	2
47	comes	2
47	than	1
47	not	2
47	tell	2
47	la	2
47	for	5
47	personalname	4
47	on	3
47	down	1
47	way	1
47	are	2
47	he	2
47	pray	1
47	prayer	1
47	of	5
47	place	1
47	speak	1
47	de	1
47	lost	1
47	that	1
47	they	2
47	if	5
47	like	1
47	gold	2
47	go	1
47	do	1
47	french	1
47	#sequentialcaps	3
47	#lines	35
47	#maxinitial	5
47	#caplines	25
47	#startwname	2
47	#periods	44
47	#stdev	1591
47	#maxpair	6
47	#startwrubric	3
47	#commas	25
47	#endwpunct	30
47	#exclamationpoints	1
47	#textlines	35
47	#endwnumeral	1
47	wordNotInVocab	64
48	arabic1digit	1
48	what	2
48	us	3
48	but	4
48	have	2
48	went	1
48	oh	3
48	honest	1
48	two	3
48	i	7
48	h	8
48	sight	1
48	arabic2digit	1
48	them	2
48	all	3
48	these	2
48	has	1
48	make	1
48	let	1
48	its	1
48	very	1
48	wide	1
48	so	3
48	man	1
48	do	1
48	la	9
48	enter	1
48	office	1
48	my	2
48	scene	3
48	one	1
48	i'm	1
48	here	2
48	it	1
48	as	2
48	work	1
48	many	1
48	and	9
48	in	4
48	found	1
48	#allcapswords	16
48	want	1
48	to	5
48	day	1
48	that	2
48	his	1
48	the	11
48	him	1
48	am	1
48	captain	1
48	up	2
48	were	2
48	you	6
48	a	5
48	set	1
48	by	2
48	lie	1
48	don't	3
48	dead	1
48	only	1
48	are	3
48	your	3
48	did	7
48	de	1
48	they	4
48	ere	1
48	propernoun	1
48	we	2
48	off	1
48	four	2
48	is	2
48	comes	1
48	over	1
48	not	2
48	for	7
48	personalname	9
48	yet	2
48	why	2
48	other	1
48	keep	1
48	better	1
48	lost	1
48	moon	1
48	too	1
48	tale	1
48	of	2
48	good	1
48	out	1
48	neither	1
48	no	2
48	men	1
48	which	1
48	on	2
48	saw	1
48	exeunt	1
48	if	1
48	come	1
48	our	2
48	three	2
48	#sequentialcaps	3
48	#lines	38
48	#maxinitial	9
48	#caplines	35
48	#startwname	6
48	#periods	47
48	#stdev	1540
48	#maxpair	10
48	#startwrubric	8
48	#commas	18
48	#endwpunct	32
48	#questionmarks	7
48	#exclamationpoints	1
48	#textlines	38
48	#endwnumeral	2
48	wordNotInVocab	73
49	be	1
49	what	3
49	but	2
49	have	1
49	fire	1
49	except	1
49	there	1
49	either	1
49	scene	1
49	seemed	1
49	then	2
49	arabic2digit	1
49	grief	1
49	all	1
49	am	2
49	maid	1
49	should	1
49	king	1
49	act	3
49	their	1
49	fool	1
49	la	1
49	enter	1
49	man	1
49	romannumeral	2
49	will	1
49	said	1
49	hope	1
49	my	1
49	nor	3
49	it	1
49	poor	1
49	know	1
49	and	1
49	page	1
49	i	6
49	over	1
49	p	4
49	#allcapswords	13
49	to	1
49	joys	1
49	his	3
49	placename	3
49	the	5
49	men	2
49	vain	1
49	oh	1
49	up	1
49	woman	1
49	a	6
49	or	1
49	come	3
49	title	1
49	him	1
49	news	2
49	are	1
49	death	2
49	me	1
49	in	3
49	fear	1
49	propernoun	3
49	such	2
49	is	7
49	than	1
49	not	1
49	for	2
49	personalname	4
49	thou	1
49	he	3
49	fly	1
49	heard	1
49	so	1
49	of	5
49	can	1
49	show	1
49	told	1
49	de	1
49	that	2
49	none	1
49	from	3
49	if	3
49	like	3
49	sad	2
49	power	1
49	see	1
49	#sequentialcaps	3
49	#lines	36
49	#maxinitial	9
49	#caplines	32
49	#startwname	3
49	#periods	27
49	#stdev	1496
49	#maxpair	9
49	#startwrubric	11
49	#commas	31
49	#endwpunct	28
49	#questionmarks	5
49	#exclamationpoints	2
49	#textlines	35
49	#endwnumeral	1
49	wordNotInVocab	76
50	them	1
50	what	2
50	us	1
50	but	1
50	il	1
50	one	1
50	mine	1
50	any	1
50	court	1
50	fortune	1
50	majesty	2
50	even	1
50	call	1
50	have	3
50	maid	1
50	has	2
50	make	2
50	says	1
50	king	3
50	with	4
50	more	2
50	near	1
50	up	1
50	la	1
50	enter	1
50	an	1
50	ready	1
50	my	2
50	will	2
50	at	2
50	nor	1
50	lose	1
50	knew	1
50	first	1
50	you	1
50	welcome	1
50	work	1
50	hand	1
50	years	1
50	english	1
50	who	3
50	p	1
50	and	7
50	she	3
50	to	7
50	his	3
50	placename	3
50	the	8
50	no	1
50	when	2
50	#allcapswords	6
50	am	1
50	find	1
50	coming	1
50	lord	2
50	every	1
50	help	1
50	a	3
50	or	1
50	by	1
50	your	2
50	are	1
50	me	5
50	in	1
50	i	5
50	gone	1
50	propernoun	2
50	we	1
50	these	1
50	may	1
50	they	1
50	save	1
50	husband	1
50	is	7
50	not	4
50	for	2
50	personalname	1
50	came	1
50	like	1
50	thou	1
50	mind	1
50	free	1
50	turned	1
50	left	1
50	then	1
50	of	1
50	can	1
50	he	1
50	de	1
50	own	1
50	come	1
50	that	2
50	choice	1
50	from	1
50	sleep	1
50	though	1
50	fair	1
50	if	1
50	doubt	1
50	say	1
50	her	4
50	on	4
50	#sequentialcaps	3
50	#lines	35
50	#maxinitial	12
50	#caplines	34
50	#startwname	7
50	#periods	28
50	#stdev	1193
50	#maxpair	14
50	#startwrubric	14
50	#commas	24
50	#endwpunct	21
50	#questionmarks	2
50	#exclamationpoints	1
50	#textlines	35
50	wordNotInVocab	76
51	truth	1
51	bring	1
51	what	2
51	seen	1
51	never	1
51	here	1
51	arabic2digit	1
51	all	1
51	king	1
51	act	3
51	more	2
51	la	1
51	romannumeral	1
51	my	1
51	said	1
51	against	1
51	first	1
51	every	1
51	an	1
51	believe	1
51	know	2
51	reason	1
51	who	1
51	save	1
51	#allcapswords	3
51	god	1
51	that	3
51	placename	1
51	those	1
51	am	1
51	under	1
51	you	3
51	a	7
51	new	1
51	me	2
51	in	4
51	conduct	1
51	these	1
51	chief	1
51	off	1
51	rest	1
51	yet	1
51	gave	1
51	see	1
51	trial	1
51	then	1
51	use	1
51	mind	1
51	people	1
51	called	1
51	it	2
51	says	1
51	no	2
51	captain	1
51	though	2
51	fair	1
51	english	1
51	put	2
51	true	1
51	say	1
51	the	11
51	but	2
51	there	2
51	should	1
51	other	2
51	call	1
51	some	2
51	make	1
51	follow	1
51	with	1
51	so	2
51	maid	2
51	court	2
51	may	1
51	once	1
51	woman	1
51	one	1
51	much	2
51	and	9
51	i	1
51	she	7
51	her	6
51	to	6
51	strange	1
51	crown	1
51	through	1
51	this	2
51	be	3
51	shall	1
51	by	1
51	your	2
51	are	5
51	at	4
51	t	1
51	propernoun	2
51	now	1
51	their	2
51	youth	1
51	such	1
51	only	1
51	is	7
51	for	3
51	personalname	3
51	like	2
51	he	1
51	resolved	1
51	of	3
51	whom	1
51	they	3
51	ask	1
51	if	2
51	both	1
51	go	1
51	answer	1
51	queen	1
51	#sequentialcaps	4
51	#lines	39
51	#maxinitial	11
51	#caplines	35
51	#startwname	8
51	#periods	32
51	#stdev	1440
51	#maxpair	12
51	#startwrubric	13
51	#commas	24
51	#endwpunct	28
51	#questionmarks	4
51	#textlines	38
51	#endwnumeral	1
51	wordNotInVocab	72
52	invasion	1
52	bring	1
52	b	1
52	sword	1
52	what	2
52	propernoun	2
52	war	1
52	that	4
52	soon	1
52	scene	3
52	daughter	1
52	hence	1
52	arabic2digit	1
52	has	1
52	nothing	1
52	king	2
52	end	1
52	do	3
52	their	1
52	body	2
52	romannumeral	1
52	an	2
52	know	1
52	who	2
52	than	1
52	#allcapswords	13
52	god	1
52	few	1
52	his	1
52	placename	4
52	am	2
52	could	1
52	you	9
52	a	9
52	made	2
52	year	1
52	men	1
52	me	3
52	chief	2
52	else	1
52	royal	1
52	doth	1
52	its	1
52	net	1
52	out	1
52	gave	1
52	free	1
52	arms	2
52	then	2
52	tale	1
52	them	1
52	home	1
52	course	1
52	it	1
52	take	1
52	be	3
52	like	1
52	true	1
52	say	1
52	breath	1
52	prince	1
52	but	1
52	many	1
52	english	2
52	have	2
52	maid	2
52	make	2
52	with	2
52	must	3
52	will	2
52	hope	1
52	here	1
52	tongue	1
52	work	1
52	last	1
52	and	8
52	how	3
52	i	7
52	she	1
52	her	1
52	to	9
52	crown	2
52	the	10
52	this	6
52	give	1
52	shall	2
52	battle	1
52	or	3
52	by	1
52	your	6
52	now	2
52	more	2
52	are	4
52	done	1
52	de	1
52	at	1
52	head	1
52	we	2
52	is	2
52	over	1
52	not	3
52	were	1
52	for	2
52	personalname	7
52	land	1
52	did	1
52	yet	1
52	of	8
52	can	3
52	in	3
52	my	1
52	they	1
52	from	2
52	country	1
52	go	1
52	on	1
52	own	1
52	#sequentialcaps	2
52	#lines	39
52	#maxinitial	7
52	#caplines	36
52	#startwname	8
52	#periods	34
52	#stdev	1453
52	#maxpair	9
52	#startwrubric	13
52	#commas	21
52	#endwpunct	28
52	#questionmarks	6
52	#exclamationpoints	1
52	#textlines	39
52	#endwnumeral	1
52	wordNotInVocab	68
53	holy	1
53	b	2
53	sword	1
53	would	1
53	does	1
53	street	1
53	since	1
53	arabic2digit	1
53	all	4
53	dare	2
53	has	1
53	hath	1
53	their	2
53	said	1
53	born	1
53	command	1
53	past	1
53	as	1
53	an	1
53	spirit	2
53	worth	1
53	who	1
53	danger	1
53	p	1
53	#allcapswords	7
53	not	2
53	church	1
53	placename	3
53	our	2
53	am	1
53	present	1
53	letter	2
53	each	1
53	a	9
53	made	1
53	me	4
53	in	5
53	i	3
53	fear	1
53	comes	1
53	doth	1
53	honour	1
53	what	2
53	then	1
53	fly	1
53	them	1
53	led	1
53	that	2
53	right	1
53	do	2
53	french	1
53	when	1
53	de	2
53	word	1
53	but	2
53	reading	1
53	enough	1
53	there	1
53	want	2
53	winds	1
53	too	1
53	english	1
53	where	1
53	home	1
53	known	1
53	with	4
53	so	1
53	enter	1
53	heard	1
53	went	1
53	here	2
53	it	5
53	and	10
53	girl	1
53	act	1
53	she	6
53	her	8
53	to	4
53	the	8
53	this	4
53	find	1
53	shall	5
53	or	1
53	look	1
53	brave	1
53	are	3
53	behind	1
53	we	1
53	face	1
53	is	5
53	seeing	1
53	field	1
53	for	4
53	personalname	4
53	conquest	1
53	he	2
53	go	1
53	goes	1
53	of	2
53	can	1
53	good	1
53	found	1
53	hearts	1
53	from	2
53	back	1
53	if	1
53	after	1
53	hope	1
53	#sequentialcaps	3
53	#lines	37
53	#maxinitial	6
53	#caplines	32
53	#startwname	3
53	#periods	33
53	#stdev	1259
53	#maxpair	7
53	#startwrubric	6
53	#commas	18
53	#endwpunct	27
53	#questionmarks	1
53	#textlines	37
53	#endwnumeral	1
53	wordNotInVocab	73
54	trade	1
54	paper	1
54	bring	1
54	meet	1
54	arabic2digit	1
54	war	1
54	keep	1
54	hence	1
54	dare	2
54	himself	1
54	call	1
54	dear	1
54	have	5
54	them	1
54	wish	1
54	service	1
54	maid	2
54	known	1
54	been	2
54	had	3
54	best	3
54	with	2
54	city	1
54	country	1
54	name	1
54	as	1
54	their	1
54	conquest	1
54	romannumeral	1
54	my	3
54	at	1
54	ever	2
54	called	1
54	sent	1
54	an	3
54	spirit	1
54	and	12
54	i	4
54	a	3
54	else	1
54	#allcapswords	6
54	god	1
54	forces	1
54	to	6
54	loved	1
54	his	3
54	placename	5
54	the	6
54	bid	1
54	our	1
54	when	1
54	this	2
54	take	1
54	be	1
54	you	8
54	shall	2
54	was	1
54	by	3
54	your	4
54	him	1
54	now	3
54	north	1
54	are	2
54	me	1
54	in	3
54	meeting	1
54	enter	1
54	propernoun	2
54	we	6
54	business	1
54	foe	1
54	welcome	1
54	joy	1
54	not	2
54	were	1
54	for	1
54	personalname	7
54	came	1
54	its	2
54	men	1
54	free	1
54	see	2
54	what	1
54	both	1
54	of	6
54	home	1
54	south	1
54	true	1
54	speak	1
54	own	1
54	it	3
54	soul	1
54	they	2
54	till	1
54	ere	1
54	if	1
54	like	2
54	go	1
54	m	1
54	say	1
54	on	1
54	#sequentialcaps	3
54	#lines	33
54	#maxinitial	6
54	#caplines	30
54	#startwname	8
54	#periods	27
54	#stdev	1490
54	#maxpair	8
54	#startwrubric	8
54	#commas	17
54	#endwpunct	24
54	#questionmarks	3
54	#textlines	33
54	#endwnumeral	1
54	wordNotInVocab	60
55	through	1
55	but	1
55	greek	1
55	war	1
55	was	1
55	should	1
55	english	2
55	nay	1
55	arabic2digit	1
55	there	1
55	all	1
55	while	1
55	fall	1
55	some	1
55	has	1
55	music	1
55	let	1
55	act	1
55	with	3
55	city	1
55	among	1
55	may	1
55	up	1
55	enter	2
55	ready	1
55	scene	1
55	nor	1
55	thought	1
55	and	7
55	night	1
55	i	5
55	#allcapswords	9
55	god	1
55	two	1
55	to	6
55	his	1
55	placename	4
55	the	9
55	air	1
55	him	2
55	this	2
55	present	1
55	prove	1
55	coming	1
55	lord	1
55	be	2
55	sent	1
55	a	8
55	as	2
55	christian	1
55	or	3
55	rich	1
55	new	1
55	now	1
55	hard	1
55	for	1
55	are	1
55	me	1
55	at	1
55	cause	1
55	fear	1
55	propernoun	2
55	we	1
55	by	1
55	exeunt	1
55	is	3
55	why	1
55	not	3
55	mighty	1
55	tell	1
55	personalname	1
55	camp	1
55	its	1
55	he	4
55	lost	1
55	pray	1
55	what	1
55	romannumeral	2
55	of	7
55	can	1
55	do	1
55	my	1
55	it	3
55	friends	1
55	which	1
55	if	1
55	french	3
55	power	1
55	on	1
55	#sequentialcaps	4
55	#lines	32
55	#maxinitial	5
55	#quotations	1
55	#caplines	29
55	#startwname	3
55	#periods	22
55	#stdev	1437
55	#maxpair	9
55	#startwrubric	6
55	#commas	23
55	#endwpunct	23
55	#questionmarks	2
55	#textlines	31
55	#endwnumeral	1
55	wordNotInVocab	62
56	oh	1
56	holy	1
56	what	2
56	seen	1
56	would	1
56	paper	2
56	scene	3
56	hence	1
56	arabic2digit	1
56	southern	1
56	into	1
56	has	1
56	had	2
56	their	3
56	romannumeral	1
56	my	2
56	said	1
56	think	1
56	turn	1
56	as	1
56	an	1
56	hand	1
56	town	1
56	who	1
56	mad	1
56	than	1
56	#allcapswords	11
56	god	3
56	his	1
56	placename	1
56	sent	1
56	a	11
56	was	1
56	men	2
56	read	1
56	whom	1
56	in	4
56	girl	1
56	death	1
56	these	2
56	peace	1
56	doth	1
56	came	1
56	why	1
56	charge	1
56	out	1
56	then	1
56	her	4
56	home	1
56	to	4
56	that	2
56	be	1
56	english	1
56	white	1
56	exit	1
56	no	1
56	meet	1
56	the	14
56	dream	1
56	two	1
56	upon	1
56	dare	1
56	call	1
56	have	4
56	there	1
56	some	1
56	maid	2
56	make	1
56	yourself	1
56	with	6
56	so	1
56	under	1
56	may	2
56	up	2
56	once	1
56	looking	1
56	it	2
56	good	1
56	you	7
56	last	1
56	and	7
56	help	1
56	i	9
56	send	1
56	name	1
56	christian	1
56	us	1
56	bid	1
56	this	6
56	play	1
56	lord	1
56	give	2
56	shall	1
56	or	1
56	your	1
56	now	1
56	are	1
56	done	1
56	at	3
56	gone	1
56	ere	1
56	propernoun	1
56	we	3
56	they	2
56	face	2
56	is	3
56	over	1
56	not	2
56	field	1
56	were	1
56	personalname	3
56	lost	1
56	of	2
56	me	2
56	from	1
56	will	7
56	if	1
56	go	1
56	doubt	1
56	on	2
56	#sequentialcaps	3
56	#lines	39
56	#maxinitial	9
56	#quotations	6
56	#caplines	35
56	#startwname	5
56	#periods	31
56	#stdev	1292
56	#maxpair	15
56	#startwrubric	8
56	#commas	30
56	#endwpunct	32
56	#textlines	39
56	#endwnumeral	1
56	wordNotInVocab	98
57	us	1
57	war	2
57	we	1
57	arabic2digit	1
57	should	2
57	dare	1
57	false	1
57	has	2
57	had	1
57	act	1
57	more	1
57	their	1
57	romannumeral	1
57	my	2
57	as	3
57	believe	1
57	would	3
57	over	1
57	and	3
57	left	1
57	his	1
57	placename	2
57	our	2
57	looks	1
57	could	1
57	you	1
57	a	10
57	hell	3
57	thy	1
57	in	1
57	voice	1
57	fear	1
57	sound	1
57	comes	1
57	its	1
57	why	1
57	#allcapswords	4
57	turned	1
57	out	2
57	that	6
57	proud	1
57	no	2
57	french	1
57	pale	1
57	arabic1digit	1
57	breath	1
57	meet	1
57	word	1
57	but	1
57	i	2
57	english	1
57	have	1
57	there	1
57	this	1
57	maid	1
57	make	1
57	devil	1
57	hard	1
57	fool	1
57	enter	1
57	open	1
57	tongue	1
57	thine	1
57	it	3
57	hath	1
57	to	1
57	with	2
57	the	7
57	or	2
57	effect	1
57	vain	1
57	take	1
57	lord	2
57	battle	1
57	by	1
57	your	3
57	are	1
57	taken	1
57	death	1
57	at	4
57	propernoun	2
57	now	2
57	they	1
57	foe	1
57	is	6
57	than	2
57	not	2
57	for	2
57	personalname	2
57	camp	1
57	down	1
57	like	2
57	thou	1
57	of	5
57	thee	1
57	say	1
57	earth	2
57	authority	1
57	line	1
57	if	1
57	exit	1
57	whose	1
57	age	1
57	on	2
57	#sequentialcaps	4
57	#lines	38
57	#maxinitial	9
57	#caplines	34
57	#startwname	2
57	#periods	26
57	#stdev	1357
57	#maxpair	13
57	#startwrubric	6
57	#commas	20
57	#endwpunct	27
57	#questionmarks	1
57	#textlines	37
57	#endwnumeral	1
57	wordNotInVocab	85
58	may	2
58	truth	2
58	different	1
58	but	1
58	brave	1
58	head	1
58	oh	1
58	sheep	1
58	was	1
58	scene	4
58	arabic2digit	1
58	all	1
58	into	1
58	count	2
58	make	1
58	let	1
58	stand	1
58	with	1
58	so	1
58	near	1
58	end	1
58	as	1
58	up	2
58	enter	2
58	yes	1
58	romannumeral	2
58	our	1
58	command	1
58	play	1
58	an	1
58	round	1
58	know	1
58	and	4
58	i	4
58	save	1
58	#allcapswords	9
58	she	1
58	less	1
58	his	1
58	placename	1
58	the	6
58	him	1
58	this	2
58	re	1
58	lord	1
58	you	1
58	a	9
58	back	1
58	by	1
58	your	2
58	are	3
58	me	1
58	in	3
58	at	2
58	aside	1
58	fear	1
58	propernoun	2
58	we	4
58	these	1
58	off	1
58	on	1
58	exeunt	1
58	face	1
58	not	4
58	flight	1
58	for	1
58	personalname	6
58	cause	1
58	came	1
58	out	1
58	rode	1
58	must	1
58	of	1
58	he	1
58	show	1
58	to	3
58	pity	1
58	my	4
58	it	2
58	from	2
58	bring	1
58	ere	1
58	fair	1
58	if	3
58	how	2
58	french	1
58	her	1
58	#sequentialcaps	2
58	#lines	31
58	#maxinitial	6
58	#caplines	28
58	#startwname	7
58	#periods	33
58	#stdev	1511
58	#maxpair	7
58	#startwrubric	8
58	#commas	16
58	#endwpunct	27
58	#questionmarks	2
58	#exclamationpoints	1
58	#textlines	31
58	#endwnumeral	1
58	wordNotInVocab	62
59	appears	1
59	us	1
59	would	1
59	we	2
59	these	1
59	arabic2digit	1
59	should	1
59	into	2
59	fall	2
59	let	1
59	act	1
59	la	2
59	romannumeral	1
59	my	2
59	great	1
59	command	1
59	as	1
59	an	2
59	hand	1
59	in	2
59	who	1
59	#allcapswords	6
59	his	1
59	placename	2
59	our	2
59	sent	1
59	a	12
59	was	1
59	places	1
59	me	1
59	cried	1
59	off	1
59	out	3
59	then	2
59	them	5
59	show	2
59	to	5
59	led	1
59	exeunt	1
59	that	2
59	no	1
59	fort	2
59	though	2
59	fair	1
59	like	2
59	how	1
59	french	3
59	when	2
59	through	2
59	sheep	1
59	upon	1
59	break	2
59	english	3
59	where	1
59	have	2
59	count	1
59	maid	1
59	make	1
59	very	1
59	with	3
59	may	1
59	up	1
59	enter	1
59	will	3
59	it	2
59	you	2
59	king	1
59	tongue	1
59	and	12
59	clouds	1
59	i	4
59	hath	1
59	she	5
59	her	6
59	follow	1
59	day	1
59	the	19
59	this	1
59	by	2
59	be	1
59	battle	1
59	re	1
59	they	3
59	propernoun	1
59	now	1
59	such	1
59	is	1
59	were	2
59	for	3
59	personalname	3
59	down	2
59	myself	1
59	he	2
59	after	3
59	of	2
59	can	1
59	small	1
59	play	1
59	foot	1
59	till	1
59	looked	1
59	power	1
59	on	2
59	#sequentialcaps	3
59	#lines	37
59	#maxinitial	6
59	#quotations	2
59	#caplines	28
59	#startwname	2
59	#periods	33
59	#stdev	1612
59	#maxpair	7
59	#startwrubric	3
59	#commas	26
59	#endwpunct	21
59	#exclamationpoints	2
59	#textlines	36
59	#endwnumeral	1
59	wordNotInVocab	88
60	they	1
60	us	1
60	but	2
60	have	3
60	enough	2
60	whole	1
60	oh	1
60	lord	1
60	doth	1
60	scene	3
60	hence	1
60	sight	1
60	english	3
60	arabic2digit	1
60	of	4
60	all	2
60	am	2
60	fall	1
60	maid	1
60	lost	1
60	let	1
60	from	1
60	so	1
60	word	1
60	has	1
60	their	3
60	hold	1
60	la	2
60	must	2
60	my	5
60	will	1
60	god	2
60	here	1
60	an	1
60	up	1
60	work	2
60	brave	1
60	last	1
60	and	10
60	help	1
60	in	3
60	who	1
60	again	3
60	#allcapswords	10
60	she	4
60	her	4
60	to	1
60	that	1
60	name	1
60	placename	5
60	the	7
60	our	3
60	or	1
60	this	2
60	count	1
60	you	1
60	a	2
60	back	1
60	set	1
60	down	1
60	your	1
60	taken	1
60	me	1
60	i	6
60	enter	3
60	side	1
60	we	4
60	off	2
60	exeunt	2
60	now	3
60	rather	1
60	comes	2
60	fair	1
60	five	1
60	way	1
60	for	4
60	personalname	4
60	old	1
60	why	2
60	is	6
60	clear	1
60	he	1
60	out	1
60	sun	1
60	h	1
60	pray	1
60	see	1
60	arms	1
60	then	2
60	romannumeral	1
60	them	2
60	it	3
60	says	2
60	at	2
60	charge	1
60	glory	2
60	till	1
60	on	1
60	free	1
60	say	2
60	before	1
60	french	1
60	when	3
60	#sequentialcaps	4
60	#lines	33
60	#maxinitial	5
60	#caplines	32
60	#startwname	3
60	#periods	35
60	#stdev	1353
60	#maxpair	8
60	#startwrubric	7
60	#commas	23
60	#endwpunct	27
60	#questionmarks	1
60	#exclamationpoints	4
60	#textlines	33
60	#endwnumeral	1
60	wordNotInVocab	51
61	what	2
61	seen	1
61	personalname	9
61	whom	1
61	h	1
61	arabic2digit	1
61	all	1
61	stage	1
61	earl	1
61	let	2
61	king	1
61	had	1
61	act	3
61	as	2
61	their	1
61	la	2
61	romannumeral	1
61	my	1
61	every	1
61	duty	1
61	town	2
61	who	1
61	over	2
61	#allcapswords	8
61	god	2
61	that	2
61	placename	4
61	our	3
61	visit	1
61	him	1
61	am	1
61	looks	1
61	distance	1
61	a	6
61	art	1
61	title	1
61	me	2
61	in	1
61	welcome	1
61	tell	1
61	doth	1
61	its	1
61	see	2
61	arms	1
61	then	1
61	fly	2
61	them	1
61	it	1
61	no	2
61	which	1
61	on	4
61	say	1
61	english	2
61	french	1
61	but	1
61	oh	1
61	should	1
61	call	1
61	where	1
61	have	2
61	count	1
61	maid	1
61	make	1
61	known	1
61	thee	1
61	hold	1
61	heaven	1
61	enter	2
61	will	3
61	be	3
61	here	1
61	you	2
61	and	12
61	i	5
61	to	6
61	day	1
61	name	1
61	the	10
61	words	2
61	this	2
61	give	2
61	shall	1
61	or	1
61	by	4
61	look	2
61	mercy	1
61	now	2
61	heart	2
61	are	1
61	they	4
61	we	1
61	exeunt	1
61	is	3
61	than	1
61	not	2
61	field	1
61	for	2
61	camp	1
61	noble	1
61	thou	2
61	he	1
61	full	1
61	of	4
61	can	1
61	speak	1
61	wild	1
61	followed	1
61	lay	1
61	#sequentialcaps	4
61	#lines	34
61	#maxinitial	5
61	#caplines	30
61	#startwname	6
61	#periods	30
61	#stdev	1505
61	#maxpair	7
61	#startwrubric	8
61	#commas	26
61	#endwpunct	26
61	#exclamationpoints	4
61	#textlines	34
61	#endwnumeral	1
61	wordNotInVocab	72
62	exit	1
62	brought	1
62	the	10
62	have	2
62	get	1
62	except	1
62	another	1
62	enemy	1
62	scene	4
62	bell	1
62	arabic2digit	1
62	all	1
62	what	1
62	while	1
62	service	2
62	some	1
62	maid	2
62	found	1
62	with	2
62	as	2
62	may	1
62	lord	1
62	la	1
62	enter	1
62	romannumeral	4
62	my	3
62	will	1
62	own	1
62	speak	1
62	breast	1
62	you	1
62	an	1
62	and	6
62	town	1
62	i	9
62	shall	1
62	#allcapswords	16
62	god	1
62	to	3
62	that	1
62	his	3
62	crown	2
62	our	2
62	him	3
62	this	1
62	king	1
62	be	1
62	sent	1
62	street	1
62	a	8
62	was	1
62	or	1
62	by	1
62	art	2
62	now	1
62	for	2
62	along	2
62	behind	1
62	me	2
62	in	4
62	placename	3
62	wine	1
62	fear	1
62	we	2
62	is	2
62	not	2
62	were	1
62	personalname	3
62	camp	2
62	old	1
62	why	1
62	french	1
62	thou	10
62	out	1
62	long	1
62	church	1
62	born	1
62	of	11
62	thee	2
62	show	1
62	come	2
62	it	3
62	proud	1
62	fort	1
62	which	1
62	fair	1
62	if	1
62	like	5
62	after	1
62	capture	1
62	go	2
62	before	2
62	on	1
62	#sequentialcaps	2
62	#lines	34
62	#maxinitial	5
62	#caplines	31
62	#startwname	1
62	#periods	26
62	#stdev	1542
62	#maxpair	9
62	#startwrubric	3
62	#commas	25
62	#endwpunct	21
62	#questionmarks	3
62	#exclamationpoints	5
62	#textlines	34
62	#endwnumeral	1
62	wordNotInVocab	74
63	meet	1
63	but	1
63	brave	1
63	oh	2
63	held	1
63	english	1
63	arabic2digit	1
63	there	3
63	of	3
63	all	1
63	this	2
63	while	3
63	maid	2
63	master	1
63	act	3
63	has	1
63	enter	3
63	romannumeral	9
63	my	1
63	will	2
63	said	1
63	let	1
63	led	1
63	here	3
63	first	1
63	as	1
63	and	6
63	whom	1
63	i	5
63	#allcapswords	17
63	god	1
63	her	6
63	to	4
63	church	1
63	name	1
63	placename	3
63	the	9
63	bid	1
63	him	1
63	fell	1
63	looks	1
63	a	3
63	was	1
63	or	1
63	by	1
63	new	1
63	behind	1
63	personalname	3
63	in	5
63	they	2
63	exeunt	1
63	face	1
63	is	3
63	comes	1
63	father	1
63	were	1
63	t	2
63	scene	1
63	down	1
63	way	1
63	he	4
63	she	4
63	moon	1
63	see	1
63	then	1
63	them	1
63	night	1
63	me	2
63	steel	1
63	place	1
63	side	1
63	come	1
63	proud	1
63	back	1
63	fellow	1
63	lies	1
63	saw	2
63	his	1
63	like	2
63	go	1
63	how	1
63	french	1
63	on	1
63	#sequentialcaps	4
63	#lines	31
63	#maxinitial	4
63	#quotations	2
63	#caplines	22
63	#startwname	4
63	#periods	33
63	#stdev	1645
63	#maxpair	6
63	#startwrubric	4
63	#commas	13
63	#endwpunct	25
63	#exclamationpoints	1
63	#textlines	30
63	#endwnumeral	1
63	wordNotInVocab	45
64	arabic1digit	1
64	have	1
64	would	2
64	oh	2
64	soon	1
64	are	1
64	doth	1
64	these	2
64	sight	1
64	english	3
64	then	1
64	arabic2digit	1
64	there	1
64	of	3
64	all	1
64	what	1
64	tears	1
64	some	2
64	away	1
64	be	1
64	with	2
64	more	2
64	their	1
64	enter	2
64	romannumeral	1
64	thy	1
64	but	4
64	one	1
64	angel	1
64	alone	1
64	as	3
64	an	2
64	work	2
64	spirit	1
64	and	2
64	come	2
64	whom	1
64	king	1
64	i	2
64	#allcapswords	5
64	god	1
64	her	4
64	to	4
64	name	1
64	the	10
64	this	3
64	who	2
64	looks	1
64	up	1
64	woman	1
64	placename	3
64	a	2
64	was	1
64	by	2
64	for	1
64	eyes	1
64	men	1
64	behind	1
64	sad	1
64	me	2
64	in	1
64	at	1
64	mother	1
64	treaty	2
64	rise	1
64	propernoun	2
64	blood	1
64	cold	1
64	they	1
64	is	2
64	perhaps	1
64	personalname	12
64	down	2
64	why	1
64	seek	1
64	thou	2
64	she	2
64	gave	1
64	goes	1
64	moon	1
64	it	2
64	must	1
64	them	1
64	night	1
64	half	1
64	people	1
64	called	1
64	my	2
64	that	2
64	no	2
64	from	1
64	himself	1
64	lies	1
64	own	1
64	how	1
64	french	2
64	kingdom	1
64	on	1
64	#sequentialcaps	2
64	#lines	35
64	#maxinitial	10
64	#caplines	31
64	#startwname	10
64	#periods	40
64	#stdev	1486
64	#maxpair	12
64	#startwrubric	14
64	#commas	19
64	#endwpunct	30
64	#questionmarks	2
64	#exclamationpoints	4
64	#textlines	35
64	#endwnumeral	1
64	wordNotInVocab	64
65	sword	1
65	but	2
65	have	1
65	would	1
65	enough	1
65	whole	1
65	oh	1
65	two	1
65	upon	1
65	english	1
65	joy	1
65	king	2
65	arabic2digit	1
65	grief	1
65	should	1
65	this	5
65	till	1
65	tears	1
65	make	2
65	turn	2
65	had	1
65	meet	1
65	act	3
65	sin	1
65	leave	1
65	grace	1
65	never	2
65	an	1
65	romannumeral	1
65	dead	1
65	will	3
65	woman	1
65	ever	1
65	mine	1
65	nor	1
65	here	4
65	devil	1
65	alone	1
65	every	1
65	you	5
65	work	2
65	and	5
65	at	1
65	yours	1
65	hand	1
65	i	12
65	soul	2
65	#allcapswords	13
65	she	4
65	her	1
65	to	11
65	that	4
65	his	3
65	the	4
65	as	1
65	am	3
65	thine	1
65	whether	1
65	turned	1
65	be	4
65	sent	1
65	a	6
65	or	1
65	by	1
65	your	2
65	men	1
65	mercy	1
65	thy	1
65	me	4
65	who	1
65	gone	1
65	aside	1
65	cause	2
65	any	1
65	these	2
65	such	1
65	ma	1
65	rather	1
65	is	8
65	than	1
65	not	2
65	field	2
65	tell	1
65	for	4
65	personalname	14
65	wrong	1
65	thou	1
65	god	2
65	you'll	1
65	then	2
65	full	2
65	of	7
65	home	1
65	thee	3
65	near	1
65	before	1
65	called	1
65	in	3
65	my	4
65	it	4
65	no	2
65	ask	1
65	back	1
65	which	1
65	like	1
65	on	4
65	when	1
65	#sequentialcaps	3
65	#lines	40
65	#maxinitial	9
65	#quotations	1
65	#caplines	35
65	#startwname	8
65	#periods	38
65	#stdev	1223
65	#maxpair	13
65	#startwrubric	12
65	#commas	20
65	#endwpunct	27
65	#questionmarks	2
65	#textlines	39
65	#endwnumeral	1
65	wordNotInVocab	74
66	holy	2
66	next	2
66	arabic2digit	1
66	would	1
66	does	2
66	street	1
66	any	1
66	scene	4
66	got	1
66	sword	1
66	have	2
66	all	1
66	while	1
66	maid	4
66	music	1
66	make	1
66	king	5
66	with	2
66	close	1
66	la	1
66	enter	2
66	yes	1
66	romannumeral	15
66	woman	1
66	ever	1
66	born	1
66	fortune	1
66	here	3
66	first	1
66	stand	1
66	and	4
66	comes	1
66	i	2
66	danger	1
66	#allcapswords	22
66	she	3
66	left	1
66	her	3
66	to	3
66	that	4
66	his	2
66	placename	3
66	the	17
66	him	3
66	personalname	6
66	coming	1
66	up	1
66	be	1
66	you	1
66	a	5
66	was	5
66	shame	1
66	because	1
66	now	2
66	behind	1
66	fine	1
66	me	1
66	who	2
66	propernoun	1
66	these	1
66	he	2
66	such	1
66	is	6
66	rest	1
66	not	2
66	for	1
66	t	1
66	why	1
66	are	1
66	better	1
66	out	1
66	lords	1
66	goes	1
66	see	1
66	of	3
66	place	1
66	in	2
66	come	1
66	it	2
66	exeunt	1
66	if	1
66	doubt	2
66	exit	2
66	before	2
66	queen	1
66	#sequentialcaps	4
66	#lines	36
66	#maxinitial	3
66	#caplines	19
66	#startwname	2
66	#periods	45
66	#stdev	1568
66	#maxpair	6
66	#startwrubric	2
66	#commas	12
66	#endwpunct	31
66	#questionmarks	5
66	#exclamationpoints	1
66	#textlines	36
66	#endwnumeral	1
66	wordNotInVocab	54
67	take	1
67	but	3
67	arabic2digit	1
67	would	2
67	when	1
67	time	1
67	become	1
67	been	1
67	i	10
67	all	3
67	too	1
67	where	1
67	have	1
67	there	1
67	land	1
67	this	2
67	maid	3
67	rose	1
67	master	1
67	act	3
67	with	1
67	so	1
67	court	2
67	some	1
67	enter	1
67	romannumeral	4
67	my	2
67	said	2
67	same	1
67	one	2
67	great	2
67	it	1
67	gentlemen	1
67	every	3
67	king	1
67	killed	1
67	hi	1
67	who	1
67	#allcapswords	16
67	she	1
67	left	1
67	to	3
67	day	1
67	that	3
67	placename	1
67	whole	1
67	the	17
67	no	2
67	our	1
67	or	2
67	him	4
67	am	1
67	from	1
67	sent	1
67	kingdom	2
67	a	12
67	was	3
67	set	1
67	you	1
67	because	1
67	about	1
67	sold	1
67	dead	2
67	thank	1
67	took	1
67	me	3
67	in	3
67	at	3
67	head	1
67	we	2
67	else	1
67	fair	1
67	face	1
67	run	2
67	over	1
67	as	2
67	half	1
67	for	1
67	personalname	4
67	since	1
67	away	2
67	like	2
67	scene	1
67	he	3
67	lords	1
67	chap	1
67	church	1
67	taken	1
67	of	5
67	queen	1
67	means	1
67	good	1
67	k	1
67	small	1
67	and	11
67	captain	1
67	charge	1
67	fellow	1
67	stay	1
67	is	1
67	saw	1
67	here	1
67	war	1
67	after	2
67	most	1
67	on	2
67	#sequentialcaps	3
67	#lines	35
67	#maxinitial	9
67	#caplines	32
67	#startwname	1
67	#periods	18
67	#stdev	1396
67	#maxpair	9
67	#startwrubric	2
67	#commas	22
67	#endwpunct	17
67	#textlines	34
67	#endwnumeral	1
67	wordNotInVocab	59
68	mine	1
68	b	1
68	what	2
68	would	2
68	time	1
68	propernoun	2
68	their	1
68	scene	3
68	h	2
68	serve	1
68	all	2
68	dare	1
68	has	1
68	let	1
68	king	1
68	meet	1
68	man	1
68	q	1
68	speech	2
68	romannumeral	1
68	my	1
68	race	1
68	turn	1
68	as	2
68	an	3
68	who	2
68	danger	1
68	over	2
68	#allcapswords	15
68	his	3
68	placename	1
68	our	1
68	him	1
68	could	1
68	you	9
68	a	10
68	thy	1
68	me	4
68	in	6
68	kill	1
68	fear	1
68	judge	1
68	rest	1
68	royal	1
68	gave	1
68	fly	1
68	them	1
68	leave	1
68	led	1
68	that	3
68	says	1
68	which	1
68	right	1
68	fair	1
68	do	1
68	say	1
68	when	2
68	but	3
68	should	3
68	too	1
68	have	1
68	there	2
68	love	1
68	maid	1
68	with	5
68	half	1
68	may	2
68	lord	1
68	well	1
68	herself	1
68	must	1
68	will	1
68	give	2
68	ever	1
68	here	1
68	it	2
68	tongue	1
68	and	7
68	i	5
68	within	1
68	she	7
68	her	6
68	to	6
68	name	1
68	us	1
68	this	1
68	be	1
68	might	1
68	or	2
68	look	1
68	your	3
68	are	1
68	death	1
68	de	2
68	at	3
68	t	2
68	spoke	1
68	we	2
68	heart	1
68	pride	1
68	is	5
68	the	7
68	not	3
68	la	3
68	for	2
68	personalname	1
68	he	1
68	of	4
68	can	1
68	thee	1
68	near	1
68	speak	1
68	good	1
68	k	4
68	line	1
68	stay	1
68	if	5
68	own	1
68	on	2
68	#sequentialcaps	3
68	#lines	38
68	#maxinitial	8
68	#caplines	37
68	#startwname	4
68	#periods	36
68	#stdev	981
68	#maxpair	10
68	#startwrubric	10
68	#commas	28
68	#endwpunct	31
68	#questionmarks	2
68	#exclamationpoints	3
68	#textlines	38
68	wordNotInVocab	85
69	heard	1
69	them	1
69	what	3
69	word	1
69	but	6
69	have	1
69	would	4
69	then	1
69	those	1
69	we	1
69	his	1
69	since	1
69	h	1
69	call	1
69	arabic2digit	1
69	cast	1
69	all	1
69	maid	2
69	make	1
69	let	3
69	known	1
69	king	4
69	best	1
69	act	3
69	off	1
69	has	2
69	q	1
69	court	3
69	us	1
69	heaven	1
69	people	1
69	romannumeral	2
69	my	9
69	will	2
69	be	1
69	home	3
69	god	2
69	i'm	1
69	here	1
69	up	1
69	side	1
69	work	2
69	and	6
69	enough	1
69	comes	1
69	i	10
69	#allcapswords	21
69	she	1
69	her	1
69	peace	1
69	that	3
69	name	1
69	placename	1
69	crown	2
69	the	7
69	our	3
69	words	1
69	as	2
69	this	3
69	by	1
69	lord	1
69	anything	1
69	give	2
69	ask	1
69	you	14
69	a	5
69	was	3
69	born	1
69	your	2
69	ourselves	1
69	heart	2
69	are	1
69	made	1
69	done	1
69	whom	1
69	in	2
69	still	1
69	mother	1
69	do	3
69	shall	1
69	now	2
69	their	1
69	light	1
69	saw	1
69	is	1
69	gentle	1
69	duty	1
69	not	7
69	cut	1
69	la	1
69	for	1
69	personalname	9
69	came	1
69	yet	1
69	mighty	1
69	out	1
69	long	1
69	too	1
69	pray	1
69	another	1
69	must	2
69	of	3
69	me	4
69	leave	4
69	oh	1
69	to	9
69	speak	1
69	k	8
69	come	2
69	it	3
69	hearts	1
69	from	2
69	back	3
69	church	1
69	right	1
69	send	1
69	fair	1
69	if	2
69	english	1
69	go	5
69	before	1
69	queen	1
69	own	1
69	#sequentialcaps	3
69	#lines	40
69	#maxinitial	8
69	#caplines	36
69	#startwname	9
69	#periods	48
69	#stdev	1354
69	#maxpair	16
69	#startwrubric	16
69	#commas	21
69	#endwpunct	31
69	#questionmarks	3
69	#exclamationpoints	2
69	#textlines	39
69	#endwnumeral	1
69	wordNotInVocab	51
70	of	2
70	exit	1
70	knows	1
70	but	4
70	when	1
70	would	1
70	whole	1
70	world	2
70	farewell	1
70	then	2
70	our	2
70	that	1
70	soon	1
70	never	1
70	scene	3
70	other	1
70	h	1
70	english	1
70	arabic2digit	1
70	love	1
70	all	3
70	what	1
70	till	1
70	home	1
70	maid	1
70	make	2
70	let	2
70	could	1
70	thee	1
70	from	1
70	voice	1
70	with	2
70	talk	1
70	more	2
70	q	2
70	court	1
70	la	3
70	well	1
70	romannumeral	1
70	leaves	1
70	will	2
70	means	1
70	have	2
70	worship	1
70	am	1
70	here	2
70	no	2
70	angel	1
70	good	1
70	as	1
70	and	5
70	blood	2
70	reason	1
70	gentle	1
70	i	9
70	#allcapswords	15
70	she	1
70	her	1
70	to	7
70	his	5
70	the	6
70	council	2
70	those	1
70	father	2
70	dear	2
70	personalname	10
70	blessed	1
70	oh	5
70	so	2
70	be	4
70	you	7
70	was	1
70	or	1
70	come	2
70	art	1
70	your	2
70	now	2
70	only	1
70	eyes	1
70	men	1
70	death	1
70	me	9
70	in	5
70	at	1
70	enter	1
70	gone	1
70	aside	2
70	house	1
70	propernoun	3
70	we	1
70	whose	1
70	exeunt	1
70	state	2
70	is	2
70	rest	1
70	not	2
70	tell	1
70	for	2
70	t	1
70	this	2
70	these	1
70	thou	2
70	he	2
70	god	1
70	lords	1
70	pray	2
70	keep	1
70	arms	1
70	must	4
70	them	1
70	can	1
70	leave	1
70	half	1
70	before	1
70	k	1
70	my	3
70	it	2
70	they	1
70	take	2
70	charge	1
70	back	1
70	power	1
70	which	1
70	sleep	1
70	care	1
70	after	1
70	go	1
70	do	2
70	french	1
70	queen	3
70	pity	1
70	#sequentialcaps	2
70	#lines	37
70	#maxinitial	5
70	#caplines	33
70	#startwname	7
70	#periods	42
70	#stdev	1728
70	#maxpair	9
70	#startwrubric	9
70	#commas	25
70	#endwpunct	30
70	#questionmarks	5
70	#exclamationpoints	2
70	#textlines	37
70	#endwnumeral	1
70	wordNotInVocab	45
71	question	1
71	what	2
71	personalname	9
71	word	1
71	but	3
71	would	1
71	world	1
71	n	1
71	should	1
71	into	1
71	arabic2digit	1
71	all	5
71	am	1
71	home	1
71	has	1
71	make	1
71	yourself	1
71	brother	1
71	king	4
71	act	3
71	which	1
71	with	4
71	more	2
71	dear	1
71	may	1
71	heaven	1
71	heard	1
71	my	5
71	will	2
71	said	1
71	went	2
71	one	1
71	wish	1
71	against	1
71	here	1
71	through	1
71	nor	2
71	every	1
71	duty	1
71	hands	1
71	duke	1
71	work	1
71	know	1
71	and	7
71	in	1
71	page	1
71	within	1
71	#allcapswords	9
71	god	3
71	to	4
71	day	1
71	that	2
71	his	1
71	flight	1
71	the	8
71	him	2
71	this	3
71	up	1
71	even	1
71	placename	1
71	you	12
71	a	1
71	was	3
71	made	2
71	now	1
71	heart	2
71	news	1
71	are	1
71	your	1
71	death	1
71	me	7
71	de	2
71	i	7
71	fear	4
71	propernoun	4
71	nothing	2
71	saw	1
71	is	6
71	than	1
71	not	4
71	t	2
71	came	1
71	good	1
71	place	1
71	gave	1
71	free	1
71	then	3
71	fly	2
71	must	1
71	of	4
71	can	1
71	he	2
71	how	1
71	speak	1
71	it	1
71	no	2
71	from	2
71	knows	1
71	soul	1
71	on	1
71	takes	1
71	since	1
71	if	1
71	do	3
71	#sequentialcaps	4
71	#lines	40
71	#maxinitial	9
71	#caplines	35
71	#startwname	9
71	#periods	36
71	#stdev	1182
71	#maxpair	13
71	#startwrubric	15
71	#commas	16
71	#endwpunct	35
71	#questionmarks	5
71	#exclamationpoints	2
71	#textlines	39
71	#endwnumeral	1
71	wordNotInVocab	44
72	who	1
72	but	2
72	arabic2digit	1
72	would	1
72	get	1
72	time	1
72	farewell	2
72	war	1
72	shall	1
72	since	1
72	grave	1
72	h	2
72	wit	1
72	english	1
72	have	3
72	of	2
72	all	1
72	this	1
72	has	1
72	make	1
72	king	1
72	very	1
72	with	2
72	so	1
72	more	1
72	end	1
72	court	1
72	la	4
72	enter	2
72	romannumeral	3
72	once	1
72	will	1
72	respect	1
72	ever	1
72	against	1
72	here	2
72	die	1
72	it	3
72	nor	1
72	as	1
72	and	6
72	come	1
72	in	2
72	hi	2
72	i	5
72	#allcapswords	12
72	her	1
72	to	3
72	that	1
72	wide	1
72	the	6
72	ill	1
72	am	1
72	be	1
72	you	4
72	a	3
72	or	1
72	hell	1
72	new	1
72	lived	1
72	your	2
72	now	4
72	man	1
72	cold	1
72	are	1
72	me	2
72	t	1
72	placename	1
72	propernoun	3
72	is	4
72	again	1
72	over	2
72	not	1
72	tell	1
72	matter	1
72	for	3
72	personalname	2
72	scene	1
72	maid	1
72	must	1
72	love	1
72	near	1
72	good	1
72	my	4
72	they	2
72	which	1
72	stay	1
72	if	1
72	exit	1
72	how	1
72	french	2
72	queen	1
72	when	1
72	#sequentialcaps	3
72	#lines	29
72	#maxinitial	4
72	#quotations	2
72	#caplines	26
72	#startwname	5
72	#periods	28
72	#stdev	1484
72	#maxpair	6
72	#startwrubric	5
72	#commas	18
72	#endwpunct	22
72	#exclamationpoints	2
72	#textlines	29
72	#endwnumeral	1
72	wordNotInVocab	51
73	adventure	1
73	exit	2
73	what	1
73	gave	1
73	us	1
73	but	3
73	have	2
73	get	1
73	war	1
73	n	1
73	these	2
73	h	1
73	hence	1
73	command	1
73	arabic2digit	1
73	all	1
73	dare	1
73	king	2
73	like	1
73	end	1
73	as	1
73	their	1
73	hard	1
73	la	3
73	enter	1
73	romannumeral	2
73	my	2
73	against	1
73	here	1
73	first	1
73	nor	1
73	thought	1
73	thing	1
73	come	1
73	between	2
73	your	1
73	i	4
73	act	3
73	and	5
73	god	1
73	peace	1
73	his	2
73	with	1
73	the	9
73	our	2
73	subject	1
73	gone	1
73	arabic1digit	1
73	this	4
73	re	1
73	up	1
73	could	1
73	be	3
73	friends	1
73	you	10
73	a	3
73	set	1
73	shame	1
73	they	1
73	taken	1
73	now	1
73	are	3
73	did	1
73	personalname	7
73	in	7
73	who	1
73	propernoun	2
73	we	4
73	by	1
73	hold	2
73	is	4
73	better	1
73	not	5
73	were	2
73	for	3
73	t	2
73	why	1
73	#allcapswords	7
73	throne	1
73	he	2
73	lords	2
73	behind	1
73	then	1
73	must	1
73	of	3
73	whom	1
73	place	1
73	how	2
73	speak	1
73	blood	1
73	french	1
73	to	5
73	take	2
73	men	2
73	about	1
73	name	2
73	english	3
73	until	1
73	go	2
73	do	2
73	say	1
73	#sequentialcaps	2
73	#lines	35
73	#maxinitial	6
73	#caplines	26
73	#startwname	6
73	#periods	29
73	#stdev	1370
73	#maxpair	9
73	#startwrubric	5
73	#commas	15
73	#endwpunct	24
73	#questionmarks	8
73	#exclamationpoints	5
73	#textlines	34
73	#endwnumeral	1
73	wordNotInVocab	58
74	h	2
74	but	1
74	arabic2digit	1
74	desire	1
74	oh	1
74	war	1
74	father	2
74	beyond	1
74	these	2
74	grave	1
74	majesty	1
74	well	2
74	him	1
74	have	2
74	there	1
74	of	2
74	all	6
74	am	1
74	some	1
74	brother	1
74	king	2
74	very	1
74	best	1
74	man	2
74	court	2
74	la	5
74	enter	2
74	must	3
74	my	3
74	will	1
74	open	1
74	i'm	1
74	nor	2
74	stay	1
74	thing	1
74	meet	1
74	yours	1
74	i	7
74	a	4
74	nay	1
74	god	1
74	to	4
74	his	1
74	the	2
74	no	2
74	our	3
74	indeed	1
74	#allcapswords	15
74	this	2
74	blessed	2
74	re	1
74	be	1
74	each	1
74	you	10
74	shall	3
74	by	2
74	your	3
74	now	2
74	more	1
74	are	6
74	in	2
74	at	2
74	house	1
74	had	1
74	propernoun	3
74	we	2
74	light	2
74	exeunt	1
74	not	4
74	tell	1
74	for	2
74	personalname	13
74	came	1
74	why	1
74	is	6
74	daughter	1
74	he	2
74	she	1
74	long	1
74	free	1
74	see	2
74	can	1
74	then	1
74	here	4
74	romannumeral	3
74	taken	1
74	them	1
74	home	1
74	leave	1
74	speak	1
74	good	1
74	k	3
74	once	1
74	that	3
74	hearts	1
74	and	11
74	sister	1
74	if	1
74	how	3
74	french	1
74	kingdom	1
74	her	1
74	#sequentialcaps	4
74	#lines	35
74	#maxinitial	8
74	#caplines	28
74	#startwname	9
74	#periods	45
74	#stdev	1492
74	#maxpair	11
74	#startwrubric	13
74	#commas	21
74	#endwpunct	29
74	#questionmarks	4
74	#exclamationpoints	2
74	#textlines	35
74	#endwnumeral	1
74	wordNotInVocab	43
75	holy	1
75	ever	1
75	one	1
75	time	1
75	any	1
75	honest	1
75	soon	1
75	h	4
75	sight	1
75	arabic2digit	1
75	all	4
75	girl	1
75	should	1
75	had	1
75	act	3
75	man	1
75	la	7
75	yes	2
75	romannumeral	3
75	my	4
75	as	1
75	an	1
75	joy	1
75	again	1
75	#allcapswords	16
75	left	2
75	not	4
75	that	5
75	his	1
75	him	2
75	am	1
75	you	4
75	which	1
75	a	3
75	dark	1
75	only	1
75	thy	1
75	me	4
75	in	2
75	earth	1
75	nothing	1
75	rest	1
75	peace	1
75	save	1
75	its	1
75	why	1
75	most	1
75	see	1
75	then	3
75	night	1
75	leave	1
75	course	1
75	less	1
75	ten	1
75	no	1
75	about	1
75	meet	2
75	the	8
75	but	5
75	brave	2
75	enough	1
75	there	1
75	farewell	1
75	oh	1
75	want	1
75	other	1
75	have	4
75	this	2
75	some	1
75	read	1
75	make	1
75	devil	1
75	very	1
75	with	1
75	so	1
75	much	1
75	enter	1
75	must	2
75	black	4
75	will	1
75	fair	1
75	open	1
75	each	1
75	work	1
75	last	1
75	and	11
75	i	11
75	help	1
75	it	3
75	her	1
75	to	4
75	day	1
75	crown	2
75	through	1
75	nay	1
75	vain	4
75	up	1
75	be	3
75	shall	1
75	by	2
75	your	3
75	now	2
75	heart	1
75	are	1
75	at	1
75	propernoun	1
75	we	1
75	exeunt	2
75	is	7
75	bright	1
75	for	3
75	personalname	7
75	he	1
75	pray	1
75	full	1
75	of	5
75	can	3
75	been	1
75	happy	1
75	if	2
75	after	1
75	queen	1
75	on	1
75	#sequentialcaps	3
75	#lines	38
75	#maxinitial	6
75	#caplines	35
75	#startwname	7
75	#periods	36
75	#stdev	1214
75	#maxpair	9
75	#startwrubric	5
75	#commas	28
75	#endwpunct	30
75	#exclamationpoints	3
75	#textlines	37
75	#endwnumeral	1
75	wordNotInVocab	68
76	may	1
76	but	2
76	arabic2digit	1
76	would	1
76	i	5
76	scene	1
76	too	1
76	marry	1
76	have	1
76	there	2
76	maid	1
76	o	1
76	wish	1
76	with	1
76	more	1
76	their	1
76	la	1
76	romannumeral	1
76	will	1
76	while	1
76	one	1
76	knew	1
76	as	3
76	much	1
76	and	4
76	found	1
76	#allcapswords	7
76	not	1
76	that	5
76	his	1
76	the	7
76	sheep	1
76	up	1
76	be	1
76	a	5
76	set	1
76	new	1
76	did	1
76	me	1
76	in	2
76	they	2
76	propernoun	1
76	camp	1
76	is	2
76	than	1
76	for	2
76	personalname	2
76	old	1
76	cattle	1
76	he	1
76	pray	1
76	see	1
76	years	1
76	of	4
76	to	2
76	it	2
76	at	1
76	fellow	1
76	lives	2
76	exit	1
76	on	1
76	#sequentialcaps	5
76	#lines	17
76	#maxinitial	3
76	#caplines	16
76	#startwname	1
76	#periods	13
76	#stdev	1653
76	#maxpair	5
76	#commas	3
76	#endwpunct	7
76	#exclamationpoints	2
76	#textlines	17
76	#endwnumeral	1
76	wordNotInVocab	42
77	us	1
77	have	1
77	while	2
77	scene	1
77	sea	1
77	arabic2digit	1
77	there	1
77	has	1
77	make	1
77	king	2
77	act	4
77	with	4
77	more	3
77	enter	2
77	romannumeral	2
77	wild	1
77	ever	1
77	poor	1
77	as	2
77	conquests	2
77	still	1
77	murder	1
77	in	1
77	i	3
77	#allcapswords	7
77	her	1
77	to	3
77	his	4
77	placename	9
77	the	8
77	no	1
77	our	4
77	him	1
77	fell	1
77	were	1
77	thought	2
77	a	3
77	come	1
77	made	1
77	now	1
77	personalname	2
77	who	1
77	mother	1
77	of	2
77	cause	1
77	we	1
77	these	1
77	bed	1
77	such	1
77	you	1
77	is	5
77	over	1
77	father	1
77	royal	1
77	doth	1
77	like	1
77	lords	1
77	left	1
77	then	1
77	them	1
77	he	2
77	blood	1
77	that	2
77	and	2
77	from	3
77	till	1
77	on	1
77	french	1
77	queen	1
77	when	1
77	#sequentialcaps	4
77	#lines	31
77	#maxinitial	4
77	#caplines	27
77	#startwname	2
77	#periods	20
77	#stdev	1565
77	#maxpair	5
77	#startwrubric	2
77	#commas	17
77	#endwpunct	26
77	#textlines	30
77	#endwnumeral	1
77	wordNotInVocab	51
78	met	1
78	sword	2
78	what	2
78	seen	1
78	waves	1
78	propernoun	2
78	does	1
78	war	1
78	hence	1
78	all	1
78	forth	1
78	had	2
78	their	1
78	my	2
78	wild	1
78	first	1
78	killed	1
78	as	2
78	an	1
78	conquests	1
78	who	1
78	#allcapswords	5
78	forces	1
78	our	6
78	am	1
78	army	1
78	could	1
78	a	10
78	was	1
78	mean	1
78	made	1
78	men	3
78	in	5
78	ever	1
78	bed	2
78	rest	1
78	tell	1
78	thousand	1
78	its	1
78	why	1
78	tale	1
78	her	6
78	south	1
78	ten	1
78	that	1
78	saw	1
78	fair	1
78	like	3
78	placename	3
78	french	1
78	when	1
78	white	1
78	the	10
78	where	2
78	have	1
78	there	1
78	of	4
78	fell	2
78	maid	1
78	with	3
78	easy	1
78	black	1
78	it	3
78	through	1
78	last	1
78	and	10
78	i	4
78	she	3
78	to	5
78	us	2
78	this	1
78	lord	1
78	or	1
78	by	1
78	your	3
78	now	1
78	are	1
78	took	1
78	did	1
78	at	1
78	ere	1
78	head	1
78	we	1
78	is	4
78	over	1
78	not	1
78	for	1
78	personalname	2
78	cause	1
78	myself	1
78	steel	1
78	means	1
78	how	3
78	from	4
78	back	1
78	takes	1
78	both	1
78	on	5
78	#sequentialcaps	5
78	#lines	38
78	#maxinitial	6
78	#caplines	37
78	#startwname	1
78	#periods	20
78	#stdev	914
78	#maxpair	9
78	#startwrubric	4
78	#commas	23
78	#endwpunct	25
78	#questionmarks	2
78	#textlines	38
78	wordNotInVocab	100
79	truth	1
79	would	2
79	muse	1
79	war	2
79	bear	1
79	arabic2digit	1
79	all	1
79	while	1
79	has	1
79	had	2
79	act	3
79	house	1
79	speech	1
79	yes	1
79	romannumeral	1
79	my	3
79	grace	1
79	turn	1
79	as	3
79	an	1
79	in	1
79	who	1
79	god	1
79	faith	1
79	church	1
79	his	3
79	placename	9
79	our	3
79	you	4
79	a	5
79	was	1
79	hell	1
79	dead	1
79	me	1
79	girl	1
79	aside	1
79	these	1
79	cow	1
79	thus	2
79	its	1
79	#allcapswords	3
79	seemed	1
79	he	1
79	called	1
79	says	1
79	though	1
79	how	2
79	say	1
79	arabic1digit	1
79	the	15
79	enough	1
79	either	1
79	english	1
79	where	1
79	have	3
79	some	2
79	with	4
79	up	1
79	fool	1
79	must	2
79	black	1
79	will	3
79	hope	1
79	duke	1
79	and	15
79	i	1
79	wife	1
79	she	9
79	her	2
79	to	3
79	crown	1
79	us	1
79	this	2
79	lord	1
79	or	1
79	re	1
79	your	1
79	now	3
79	are	2
79	bed	3
79	they	1
79	view	1
79	propernoun	3
79	we	1
79	wild	1
79	ah	1
79	money	1
79	is	4
79	over	3
79	not	1
79	for	2
79	personalname	3
79	of	11
79	half	1
79	do	1
79	been	1
79	earth	1
79	from	4
79	if	1
79	north	1
79	power	1
79	on	2
79	#sequentialcaps	3
79	#lines	40
79	#maxinitial	7
79	#caplines	36
79	#startwname	2
79	#periods	23
79	#stdev	1188
79	#maxpair	11
79	#startwrubric	6
79	#commas	24
79	#endwpunct	30
79	#questionmarks	2
79	#textlines	39
79	#endwnumeral	2
79	wordNotInVocab	88
80	#lines	1
80	#textlines	0
81	arabic1digit	10
81	personalname	1
81	bis	1
81	war	1
81	n	8
81	d	1
81	h	3
81	f	3
81	has	1
81	o	2
81	la	1
81	romannumeral	9
81	my	1
81	an	1
81	is	3
81	who	1
81	#allcapswords	9
81	not	1
81	church	1
81	his	1
81	our	2
81	ill	1
81	j	2
81	a	2
81	thy	1
81	me	1
81	in	4
81	its	1
81	ad	1
81	god	1
81	it	2
81	yon	2
81	do	1
81	have	1
81	enough	1
81	g	1
81	wit	1
81	il	1
81	e	2
81	with	1
81	en	1
81	up	1
81	fool	1
81	must	1
81	w	2
81	placename	1
81	and	4
81	hi	1
81	i	14
81	r	7
81	to	1
81	m	1
81	air	1
81	this	1
81	lord	1
81	wife	1
81	re	1
81	your	1
81	lie	1
81	t	6
81	propernoun	6
81	we	1
81	ah	1
81	u	1
81	the	4
81	for	1
81	he	1
81	of	5
81	how	1
81	from	2
81	if	2
81	#sequentialcaps	2
81	#lines	35
81	#maxinitial	4
81	#quotations	11
81	#caplines	14
81	#startwname	7
81	#periods	123
81	#stdev	911
81	#maxpair	5
81	#startwrubric	1
81	#commas	22
81	#endwpunct	27
81	#questionmarks	4
81	#exclamationpoints	6
81	#textlines	35
81	#endwnumeral	2
81	wordNotInVocab	150
82	the	3
82	romannumeral	2
82	j	1
82	by	1
82	as	2
82	an	1
82	propernoun	1
82	of	1
82	i	1
82	#allcapswords	7
82	she	1
82	act	1
82	#sequentialcaps	1
82	#lines	5
82	#maxinitial	1
82	#quotations	1
82	#caplines	3
82	#startwname	1
82	#periods	5
82	#stdev	1063
82	#maxpair	1
82	#commas	1
82	#endwpunct	3
82	#textlines	4
82	wordNotInVocab	11
83	#textlines	0
84	what	2
84	waves	1
84	but	2
84	lose	1
84	would	2
84	mad	1
84	came	1
84	oh	1
84	never	1
84	scene	1
84	other	1
84	to	3
84	him	2
84	have	1
84	there	1
84	see	1
84	maid	3
84	brother	1
84	with	1
84	so	2
84	more	1
84	hard	2
84	for	1
84	la	3
84	yes	1
84	romannumeral	1
84	my	2
84	at	1
84	while	1
84	i	1
84	as	3
84	an	2
84	round	1
84	money	1
84	work	1
84	and	13
84	help	2
84	in	1
84	save	1
84	#allcapswords	5
84	god	4
84	sort	1
84	day	1
84	that	5
84	his	1
84	the	16
84	swear	1
84	our	1
84	may	1
84	nay	1
84	this	1
84	from	1
84	find	1
84	says	2
84	lord	2
84	could	1
84	give	1
84	you	4
84	war	1
84	a	5
84	was	3
84	your	1
84	force	1
84	men	1
84	did	3
84	personalname	3
84	they	1
84	placename	2
84	propernoun	2
84	we	3
84	their	1
84	bed	9
84	is	2
84	rest	1
84	not	5
84	field	1
84	were	2
84	indeed	2
84	t	2
84	thus	1
84	way	2
84	he	8
84	she	4
84	gave	1
84	up	1
84	moon	1
84	both	1
84	then	2
84	of	5
84	each	1
84	wars	1
84	steel	1
84	however	1
84	out	2
84	it	2
84	say	2
84	no	1
84	rode	1
84	though	1
84	fair	4
84	if	1
84	like	1
84	how	1
84	french	2
84	queen	1
84	when	2
84	#sequentialcaps	3
84	#lines	38
84	#maxinitial	11
84	#caplines	38
84	#startwname	1
84	#periods	37
84	#stdev	1210
84	#maxpair	14
84	#startwrubric	18
84	#commas	19
84	#endwpunct	29
84	#questionmarks	8
84	#exclamationpoints	2
84	#textlines	38
84	wordNotInVocab	71
85	exit	1
85	party	1
85	sword	1
85	what	1
85	marry	1
85	not	1
85	have	1
85	whole	2
85	propernoun	2
85	another	1
85	has	2
85	tell	1
85	too	1
85	upon	3
85	low	1
85	arabic2digit	1
85	this	2
85	while	1
85	maid	2
85	king	1
85	meet	1
85	act	3
85	with	3
85	so	2
85	more	3
85	house	1
85	such	1
85	well	1
85	must	2
85	my	8
85	into	1
85	one	1
85	ten	1
85	here	1
85	every	1
85	know	1
85	price	1
85	it	2
85	a	6
85	#allcapswords	5
85	she	4
85	her	2
85	to	10
85	his	5
85	placename	9
85	the	12
85	no	2
85	our	2
85	him	2
85	would	1
85	lord	6
85	be	1
85	you	1
85	shall	2
85	town	1
85	or	1
85	taken	1
85	wife	1
85	now	1
85	sister	1
85	news	1
85	along	1
85	did	1
85	me	1
85	i	3
85	t	1
85	mother	3
85	do	1
85	we	1
85	bed	5
85	is	6
85	rest	1
85	father	2
85	for	4
85	personalname	2
85	thousand	1
85	way	1
85	are	2
85	goes	1
85	sure	1
85	romannumeral	1
85	got	2
85	of	2
85	he	2
85	speak	1
85	laid	1
85	blood	2
85	that	2
85	and	13
85	take	1
85	answer	1
85	say	1
85	if	3
85	like	1
85	both	1
85	go	2
85	doubt	1
85	french	1
85	whose	1
85	at	3
85	#sequentialcaps	4
85	#lines	37
85	#maxinitial	7
85	#caplines	34
85	#startwname	2
85	#periods	32
85	#stdev	1307
85	#maxpair	12
85	#startwrubric	10
85	#commas	30
85	#endwpunct	29
85	#questionmarks	3
85	#textlines	37
85	#endwnumeral	1
85	wordNotInVocab	72
86	truth	2
86	wrong	1
86	would	1
86	head	1
86	lord	2
86	never	1
86	arabic2digit	1
86	all	2
86	has	1
86	let	1
86	more	3
86	end	2
86	die	1
86	every	1
86	grace	1
86	an	1
86	know	1
86	worth	1
86	who	1
86	#allcapswords	10
86	church	3
86	council	1
86	our	2
86	am	1
86	could	1
86	were	4
86	thought	1
86	a	1
86	hell	1
86	only	1
86	men	1
86	in	2
86	i	9
86	ye	1
86	bed	7
86	off	1
86	tell	1
86	doth	1
86	high	2
86	see	1
86	then	2
86	course	1
86	called	1
86	that	2
86	says	1
86	no	1
86	take	1
86	which	1
86	fair	1
86	placename	3
86	say	1
86	breath	1
86	meet	1
86	brave	1
86	makes	1
86	should	1
86	too	3
86	break	1
86	have	2
86	maid	1
86	yourself	1
86	best	1
86	with	4
86	so	1
86	hold	1
86	must	1
86	once	1
86	will	4
86	women	1
86	you	8
86	king	1
86	tongue	1
86	and	6
86	it	5
86	indeed	1
86	she	2
86	her	5
86	to	3
86	name	1
86	the	18
86	words	1
86	this	1
86	find	1
86	up	1
86	even	1
86	be	1
86	battle	1
86	re	1
86	your	6
86	now	1
86	along	1
86	did	1
86	propernoun	1
86	we	2
86	is	6
86	than	1
86	not	4
86	for	4
86	personalname	1
86	better	1
86	are	1
86	practice	1
86	of	5
86	can	1
86	how	1
86	side	1
86	my	4
86	divine	1
86	french	1
86	from	1
86	back	1
86	till	2
86	if	3
86	on	1
86	power	1
86	queen	1
86	girl	1
86	#sequentialcaps	4
86	#lines	39
86	#maxinitial	9
86	#caplines	38
86	#startwname	3
86	#periods	39
86	#stdev	1255
86	#maxpair	15
86	#startwrubric	13
86	#commas	17
86	#endwpunct	34
86	#questionmarks	1
86	#exclamationpoints	2
86	#textlines	39
86	#endwnumeral	1
86	wordNotInVocab	63
87	exit	1
87	have	1
87	head	1
87	life	1
87	into	1
87	call	4
87	arabic2digit	1
87	there	1
87	them	1
87	dare	1
87	let	2
87	king	1
87	act	3
87	their	1
87	study	1
87	well	1
87	romannumeral	1
87	my	1
87	will	1
87	open	1
87	against	1
87	here	1
87	work	1
87	fire	1
87	and	9
87	your	1
87	shall	1
87	a	7
87	over	1
87	#allcapswords	1
87	to	2
87	placename	5
87	crown	2
87	the	13
87	it	1
87	set	1
87	game	1
87	him	1
87	this	1
87	lord	1
87	be	3
87	you	3
87	might	1
87	or	1
87	look	1
87	light	1
87	are	4
87	in	4
87	they	2
87	propernoun	1
87	may	2
87	bed	1
87	off	1
87	face	1
87	within	1
87	is	4
87	not	2
87	field	1
87	divine	1
87	personalname	2
87	cause	1
87	throne	1
87	fly	1
87	of	2
87	he	2
87	that	3
87	proud	2
87	at	1
87	from	1
87	back	1
87	ere	1
87	saw	1
87	his	3
87	if	2
87	both	1
87	go	1
87	do	1
87	on	1
87	#sequentialcaps	3
87	#lines	27
87	#maxinitial	6
87	#caplines	25
87	#startwname	2
87	#periods	17
87	#stdev	1212
87	#maxpair	9
87	#startwrubric	3
87	#commas	13
87	#endwpunct	18
87	#questionmarks	1
87	#exclamationpoints	2
87	#textlines	27
87	#endwnumeral	1
87	wordNotInVocab	54
88	marriage	2
88	wine	1
88	but	1
88	war	1
88	empire	1
88	other	2
88	upon	1
88	have	1
88	them	1
88	all	1
88	morning	1
88	act	1
88	with	4
88	so	3
88	q	3
88	fifth	1
88	romannumeral	1
88	my	6
88	will	1
88	not	2
88	i'm	2
88	it	1
88	children	1
88	every	1
88	as	1
88	duke	1
88	and	6
88	murder	1
88	i	5
88	way	1
88	to	5
88	strange	1
88	placename	3
88	crown	1
88	the	7
88	game	1
88	am	3
88	find	1
88	you	2
88	a	2
88	re	1
88	now	1
88	did	1
88	me	2
88	in	6
88	enter	1
88	their	1
88	bed	1
88	state	1
88	is	4
88	father	2
88	were	1
88	personalname	7
88	scene	1
88	yet	1
88	this	1
88	#allcapswords	11
88	life	1
88	early	1
88	used	1
88	arms	1
88	of	4
88	good	1
88	blood	1
88	that	3
88	sleep	1
88	ere	1
88	care	1
88	after	1
88	on	1
88	husband	1
88	queen	1
88	when	2
88	#sequentialcaps	3
88	#lines	29
88	#maxinitial	5
88	#caplines	29
88	#startwname	6
88	#periods	24
88	#stdev	1511
88	#maxpair	8
88	#startwrubric	7
88	#commas	12
88	#endwpunct	24
88	#questionmarks	2
88	#exclamationpoints	1
88	#textlines	29
88	wordNotInVocab	51
89	marriage	1
89	least	1
89	what	1
89	personalname	16
89	would	1
89	that	5
89	arabic2digit	1
89	has	1
89	found	1
89	act	3
89	news	2
89	q	7
89	their	2
89	body	1
89	romannumeral	1
89	my	2
89	as	2
89	give	1
89	still	1
89	who	2
89	#allcapswords	15
89	letters	1
89	his	3
89	placename	2
89	game	1
89	am	1
89	you	8
89	a	7
89	mean	1
89	made	1
89	me	1
89	in	3
89	already	1
89	these	1
89	off	1
89	pray	1
89	royal	1
89	yet	1
89	why	1
89	out	1
89	pardon	1
89	then	2
89	leave	2
89	re	1
89	blood	1
89	which	1
89	death	1
89	like	1
89	pope	1
89	but	4
89	have	2
89	enough	1
89	makes	1
89	two	1
89	other	1
89	too	2
89	english	1
89	them	2
89	some	1
89	make	2
89	with	2
89	so	1
89	maid	1
89	hold	1
89	well	2
89	must	1
89	be	1
89	speak	1
89	here	1
89	poor	1
89	much	3
89	and	7
89	between	1
89	i	5
89	hath	1
89	she	2
89	her	2
89	to	3
89	the	9
89	this	1
89	by	2
89	wife	1
89	point	1
89	your	4
89	now	1
89	man	1
89	are	3
89	taken	1
89	end	1
89	at	2
89	house	1
89	heart	1
89	pride	1
89	state	1
89	is	11
89	not	2
89	for	4
89	t	1
89	thou	1
89	he	1
89	more	1
89	sure	2
89	of	8
89	can	1
89	before	1
89	come	1
89	they	1
89	play	1
89	till	1
89	doubt	1
89	on	1
89	#sequentialcaps	6
89	#lines	40
89	#maxinitial	9
89	#caplines	37
89	#startwname	9
89	#periods	43
89	#stdev	1314
89	#maxpair	16
89	#startwrubric	14
89	#commas	28
89	#endwpunct	31
89	#questionmarks	4
89	#exclamationpoints	1
89	#textlines	39
89	#endwnumeral	1
89	wordNotInVocab	68
90	brought	1
90	us	2
90	but	4
90	arabic2digit	1
90	would	1
90	world	1
90	scene	1
90	daughter	1
90	makes	1
90	hour	1
90	english	1
90	them	4
90	all	1
90	nothing	2
90	maid	2
90	o	2
90	earl	2
90	let	1
90	king	1
90	bishop	2
90	act	1
90	some	1
90	with	3
90	city	1
90	q	3
90	their	4
90	enter	2
90	our	1
90	make	1
90	will	4
90	said	1
90	be	1
90	my	1
90	here	1
90	knew	1
90	it	1
90	turn	1
90	round	1
90	work	1
90	spirit	1
90	much	1
90	and	6
90	come	2
90	page	3
90	i	2
90	shall	2
90	#allcapswords	6
90	left	1
90	her	2
90	to	4
90	crown	1
90	the	14
90	him	3
90	this	2
90	find	1
90	give	1
90	you	5
90	a	5
90	shame	1
90	me	3
90	in	2
90	they	5
90	mother	1
90	propernoun	4
90	we	3
90	is	9
90	not	2
90	tell	1
90	personalname	6
90	thus	1
90	he	2
90	she	1
90	see	1
90	please	1
90	then	1
90	tale	1
90	of	10
90	true	1
90	re	1
90	perhaps	1
90	that	2
90	from	2
90	ask	1
90	name	1
90	if	3
90	exit	1
90	placename	10
90	french	1
90	whose	1
90	on	2
90	#sequentialcaps	4
90	#lines	35
90	#maxinitial	6
90	#caplines	33
90	#startwname	6
90	#periods	37
90	#stdev	1482
90	#maxpair	9
90	#startwrubric	9
90	#commas	15
90	#endwpunct	26
90	#questionmarks	3
90	#textlines	35
90	#endwnumeral	1
90	wordNotInVocab	58
91	be	1
91	form	1
91	arabicprice	1
91	what	1
91	but	1
91	time	1
91	we	1
91	farewell	1
91	war	2
91	prince	1
91	daughter	1
91	english	1
91	have	1
91	of	7
91	this	2
91	service	1
91	maid	1
91	known	1
91	king	2
91	had	1
91	act	3
91	off	1
91	with	1
91	has	1
91	so	2
91	more	1
91	end	1
91	much	2
91	romannumeral	1
91	my	4
91	will	4
91	hope	2
91	think	1
91	it	3
91	every	1
91	as	4
91	round	1
91	and	4
91	always	1
91	i	10
91	#allcapswords	13
91	she	3
91	her	5
91	to	6
91	that	1
91	placename	1
91	the	5
91	or	1
91	am	3
91	bishop	1
91	by	1
91	lord	1
91	give	2
91	you	3
91	a	3
91	new	1
91	your	2
91	q	1
91	now	4
91	are	2
91	taken	1
91	me	1
91	in	6
91	sin	2
91	judge	2
91	they	2
91	exeunt	1
91	is	6
91	not	1
91	tell	1
91	for	5
91	personalname	9
91	thousand	1
91	came	1
91	he	1
91	go	1
91	trial	1
91	them	1
91	can	1
91	ten	1
91	been	1
91	at	1
91	play	1
91	charge	1
91	which	2
91	right	1
91	being	1
91	if	2
91	exit	1
91	french	1
91	power	1
91	#sequentialcaps	3
91	#lines	31
91	#maxinitial	7
91	#caplines	26
91	#startwname	9
91	#periods	29
91	#stdev	1418
91	#maxpair	7
91	#startwrubric	9
91	#commas	16
91	#endwpunct	18
91	#questionmarks	1
91	#textlines	28
91	#endwnumeral	1
91	wordNotInVocab	43
92	#allcapswords	1
92	ill	1
92	i	1
92	and	1
92	oh	1
92	#lines	4
92	#maxinitial	1
92	#caplines	1
92	#startwname	1
92	#periods	2
92	#stdev	588
92	#maxpair	1
92	#commas	1
92	#endwpunct	1
92	#textlines	3
92	wordNotInVocab	6
93	arabic1digit	6
93	what	1
93	n	2
93	h	4
93	arabic2digit	1
93	e	1
93	of	2
93	f	1
93	o	1
93	io	1
93	king	1
93	so	1
93	wi	1
93	well	1
93	romannumeral	13
93	will	2
93	u	4
93	w	1
93	as	1
93	round	1
93	k	1
93	i'll	1
93	hi	3
93	i	25
93	a	6
93	her	2
93	to	4
93	m	1
93	r	9
93	or	2
93	y	2
93	now	3
93	ft	1
93	at	1
93	j	2
93	is	1
93	not	1
93	s	1
93	t	1
93	#allcapswords	18
93	he	1
93	th	1
93	in	4
93	it	3
93	and	1
93	if	1
93	#sequentialcaps	2
93	#lines	24
93	#maxinitial	4
93	#quotations	8
93	#caplines	9
93	#startwname	4
93	#periods	112
93	#stdev	1101
93	#maxpair	5
93	#commas	14
93	#endwpunct	12
93	#questionmarks	3
93	#exclamationpoints	11
93	#textlines	23
93	#endwnumeral	1
93	wordNotInVocab	77
94	n	1
94	t	1
94	personalname	1
94	at	1
94	and	1
94	joy	1
94	it	1
94	#allcapswords	11
94	romannumeral	1
94	of	2
94	act	1
94	#lines	5
94	#maxinitial	1
94	#quotations	1
94	#caplines	2
94	#periods	5
94	#stdev	1197
94	#maxpair	1
94	#startwrubric	1
94	#endwpunct	2
94	#textlines	4
94	wordNotInVocab	9
95	#textlines	0
96	how	1
96	the	8
96	war	1
96	year	1
96	been	1
96	two	1
96	i	12
96	scene	5
96	darkness	1
96	did	1
96	there	1
96	hear	1
96	king	2
96	bird	1
96	act	1
96	with	2
96	so	1
96	has	1
96	end	1
96	do	1
96	romannumeral	1
96	will	1
96	be	2
96	one	1
96	think	2
96	poor	1
96	an	2
96	kind	1
96	last	2
96	and	2
96	that	2
96	again	2
96	#allcapswords	18
96	not	3
96	day	1
96	placename	2
96	through	1
96	fell	1
96	coming	1
96	up	1
96	a	6
96	was	4
96	mercy	1
96	now	1
96	eyes	1
96	years	1
96	me	2
96	in	4
96	gone	1
96	propernoun	2
96	we	1
96	joy	1
96	father	1
96	for	1
96	personalname	4
96	since	1
96	its	1
96	rode	1
96	free	2
96	star	2
96	then	2
96	full	1
96	must	2
96	of	3
96	night	1
96	to	3
96	still	1
96	it	5
96	long	1
96	sleep	1
96	fair	1
96	like	1
96	air	1
96	lay	1
96	on	1
96	#sequentialcaps	5
96	#lines	28
96	#maxinitial	7
96	#caplines	28
96	#startwname	5
96	#periods	25
96	#stdev	1546
96	#maxpair	11
96	#startwrubric	3
96	#commas	10
96	#endwpunct	19
96	#textlines	28
96	wordNotInVocab	52
97	what	1
97	but	1
97	have	3
97	would	1
97	except	1
97	long	1
97	that	2
97	i	11
97	keep	1
97	since	1
97	too	1
97	english	3
97	arabic2digit	1
97	of	3
97	should	2
97	am	3
97	hear	1
97	has	1
97	earl	1
97	been	2
97	had	1
97	act	3
97	with	3
97	as	1
97	enter	1
97	yes	1
97	romannumeral	1
97	my	8
97	will	6
97	not	3
97	ever	1
97	one	1
97	here	1
97	first	1
97	kept	1
97	king	1
97	give	1
97	know	1
97	is	6
97	and	4
97	god	2
97	her	1
97	to	10
97	church	3
97	the	8
97	this	1
97	take	1
97	bishop	2
97	lord	4
97	be	3
97	you	15
97	office	1
97	a	1
97	might	1
97	your	4
97	sold	1
97	now	1
97	are	2
97	me	7
97	in	2
97	kill	1
97	propernoun	1
97	judge	1
97	must	2
97	over	1
97	peace	1
97	for	3
97	personalname	15
97	came	1
97	well	1
97	away	1
97	#allcapswords	11
97	he	3
97	see	2
97	trial	1
97	ready	1
97	them	1
97	can	2
97	whom	1
97	do	2
97	who	3
97	it	1
97	none	2
97	from	1
97	charge	1
97	if	1
97	put	1
97	how	1
97	say	1
97	power	1
97	on	1
97	#sequentialcaps	3
97	#lines	38
97	#maxinitial	13
97	#caplines	36
97	#startwname	26
97	#periods	50
97	#stdev	1351
97	#maxpair	16
97	#startwrubric	24
97	#commas	15
97	#endwpunct	33
97	#questionmarks	9
97	#textlines	38
97	#endwnumeral	1
97	wordNotInVocab	59
98	all	1
98	what	3
98	but	2
98	have	3
98	would	1
98	scene	4
98	english	1
98	where	1
98	arabic2digit	2
98	there	1
98	them	1
98	should	1
98	into	1
98	some	2
98	king	1
98	more	1
98	do	2
98	heaven	1
98	romannumeral	2
98	will	1
98	true	1
98	born	1
98	think	1
98	here	1
98	grace	1
98	an	1
98	much	1
98	and	1
98	things	3
98	years	1
98	yours	1
98	i	14
98	than	1
98	#allcapswords	18
98	god	3
98	to	4
98	that	2
98	name	1
98	placename	2
98	the	4
98	him	4
98	am	4
98	anything	1
98	be	1
98	charge	1
98	you	9
98	a	3
98	was	3
98	your	2
98	now	1
98	saying	1
98	are	4
98	done	1
98	me	5
98	in	6
98	they	3
98	propernoun	1
98	came	1
98	judge	1
98	exeunt	1
98	state	1
98	believe	1
98	is	4
98	over	1
98	not	4
98	one	1
98	tell	1
98	for	2
98	personalname	10
98	old	1
98	keep	1
98	place	1
98	gave	1
98	pray	3
98	trial	1
98	did	2
98	of	5
98	led	1
98	come	2
98	it	2
98	from	3
98	about	1
98	if	4
98	care	1
98	call	1
98	most	1
98	how	1
98	say	2
98	#sequentialcaps	3
98	#lines	31
98	#maxinitial	7
98	#caplines	30
98	#startwname	13
98	#periods	34
98	#stdev	1433
98	#maxpair	14
98	#startwrubric	13
98	#commas	9
98	#endwpunct	27
98	#questionmarks	5
98	#textlines	31
98	#endwnumeral	2
98	wordNotInVocab	25
99	bring	1
99	them	4
99	what	4
99	seen	1
99	but	2
99	would	2
99	does	2
99	our	3
99	never	1
99	should	1
99	other	1
99	upon	2
99	bear	1
99	english	4
99	arabic2digit	1
99	of	15
99	all	2
99	fall	1
99	lady	1
99	king	2
99	had	3
99	act	3
99	with	2
99	killed	1
99	has	1
99	their	2
99	loves	1
99	forth	1
99	sent	1
99	romannumeral	1
99	my	3
99	will	3
99	said	1
99	have	1
99	born	1
99	think	2
99	great	1
99	poor	1
99	every	1
99	as	3
99	know	2
99	souls	1
99	done	1
99	yours	1
99	between	1
99	i	7
99	far	1
99	danger	1
99	and	9
99	god	3
99	to	8
99	day	2
99	that	2
99	was	6
99	the	20
99	no	1
99	those	1
99	fell	1
99	whether	1
99	lord	3
99	be	3
99	you	4
99	shall	1
99	might	1
99	st	2
99	or	2
99	standard	1
99	because	1
99	your	3
99	only	2
99	taken	1
99	did	2
99	me	3
99	in	6
99	at	1
99	any	1
99	may	1
99	nothing	1
99	such	1
99	rather	1
99	myself	1
99	than	1
99	not	2
99	for	2
99	personalname	11
99	came	1
99	well	1
99	why	1
99	#allcapswords	7
99	he	2
99	out	1
99	honour	1
99	part	1
99	keep	1
99	feet	1
99	pity	1
99	people	1
99	love	2
99	can	1
99	been	2
99	do	2
99	told	1
99	good	2
99	who	1
99	it	8
99	they	2
99	take	1
99	church	1
99	hands	1
99	right	1
99	free	1
99	care	1
99	fair	1
99	own	1
99	put	1
99	placename	5
99	say	1
99	power	1
99	on	1
99	#sequentialcaps	4
99	#lines	39
99	#maxinitial	9
99	#caplines	37
99	#startwname	16
99	#periods	28
99	#stdev	1390
99	#maxpair	12
99	#startwrubric	16
99	#commas	14
99	#endwpunct	27
99	#questionmarks	8
99	#textlines	39
99	#endwnumeral	1
99	wordNotInVocab	43
100	holy	1
100	mine	1
100	through	1
100	wrong	1
100	have	1
100	would	1
100	times	1
100	head	1
100	oh	2
100	against	1
100	never	1
100	scene	3
100	winds	1
100	great	1
100	english	1
100	arabic2digit	1
100	of	7
100	all	1
100	has	1
100	sweet	1
100	let	2
100	had	2
100	bishop	2
100	like	1
100	smile	1
100	so	3
100	rather	1
100	body	1
100	romannumeral	1
100	blood	1
100	my	5
100	will	3
100	give	1
100	am	1
100	flight	1
100	die	3
100	flowers	1
100	an	1
100	work	1
100	and	17
100	spirit	1
100	thine	1
100	i	8
100	shall	1
100	#allcapswords	10
100	god	2
100	faith	1
100	to	6
100	church	2
100	name	1
100	placename	1
100	the	14
100	welcome	1
100	done	1
100	this	1
100	dost	2
100	be	3
100	you	3
100	office	1
100	which	1
100	a	3
100	was	1
100	or	2
100	by	4
100	pure	1
100	are	1
100	thy	1
100	me	4
100	in	1
100	at	2
100	death	2
100	it	1
100	propernoun	2
100	we	1
100	judge	1
100	off	1
100	is	3
100	than	1
100	not	3
100	cut	1
100	if	2
100	personalname	5
100	thus	1
100	its	2
100	better	1
100	thou	3
100	been	2
100	then	4
100	must	2
100	alas	2
100	your	2
100	that	5
100	they	1
100	from	1
100	soul	1
100	do	1
100	say	1
100	when	1
100	#sequentialcaps	3
100	#lines	39
100	#maxinitial	9
100	#caplines	36
100	#startwname	5
100	#periods	19
100	#stdev	1149
100	#maxpair	13
100	#startwrubric	3
100	#commas	31
100	#endwpunct	25
100	#questionmarks	2
100	#exclamationpoints	1
100	#textlines	39
100	#endwnumeral	1
100	wordNotInVocab	69
101	arabic1digit	1
101	bosom	1
101	bring	1
101	born	1
101	makes	1
101	oh	2
101	shalt	1
101	i	8
101	high	1
101	darkness	1
101	sight	1
101	english	1
101	where	1
101	have	2
101	remember	1
101	all	4
101	into	1
101	till	1
101	some	1
101	king	1
101	act	3
101	with	2
101	do	1
101	may	1
101	ah	1
101	yes	1
101	romannumeral	1
101	then	1
101	my	8
101	will	2
101	as	1
101	one	2
101	god	4
101	jesus	1
101	christ	1
101	grace	1
101	much	1
101	and	7
101	die	1
101	that	2
101	a	6
101	#allcapswords	9
101	she	3
101	her	5
101	not	3
101	church	4
101	his	1
101	placename	3
101	the	14
101	upon	1
101	dear	2
101	bishop	1
101	up	1
101	be	3
101	help	1
101	distance	1
101	shall	2
101	by	2
101	art	1
101	which	1
101	death	1
101	me	4
101	in	4
101	hands	1
101	gone	1
101	fear	1
101	propernoun	4
101	hear	1
101	hold	1
101	being	1
101	is	3
101	father	1
101	for	5
101	personalname	2
101	scene	1
101	away	2
101	thou	3
101	place	1
101	pardon	2
101	see	1
101	notes	1
101	thy	3
101	of	3
101	last	2
101	to	7
101	were	1
101	come	2
101	it	5
101	at	2
101	from	2
101	ask	1
101	soul	1
101	on	1
101	until	1
101	doubt	1
101	say	1
101	kingdom	1
101	#sequentialcaps	3
101	#lines	34
101	#maxinitial	4
101	#quotations	4
101	#caplines	24
101	#startwname	1
101	#periods	18
101	#stdev	1613
101	#maxpair	6
101	#commas	26
101	#endwpunct	20
101	#questionmarks	3
101	#exclamationpoints	7
101	#textlines	34
101	wordNotInVocab	60
102	#textlines	0
103	arabic1digit	1
103	#lines	2
103	#textlines	0
103	#endwnumeral	1
104	#textlines	0
105	arabic5+digit	2
105	#lines	2
105	#textlines	1
105	#endwnumeral	1
106	due	2
106	date	4
106	#allcapswords	9
106	to	1
106	arabic2digit	1
106	#lines	4
106	#maxinitial	1
106	#caplines	1
106	#stdev	1721
106	#maxpair	1
106	#textlines	3
106	#endwnumeral	1
106	wordNotInVocab	2
107	#lines	1
107	#textlines	0
