0	personalname	4
0	of	1
0	#lines	1
0	#maxinitial	1
0	#caplines	1
0	#maxpair	1
0	#commas	2
0	#textlines	1
0	wordNotInVocab	7
1	con	1
1	#lines	2
1	#textlines	1
2	#lines	1
2	#textlines	0
3	#textlines	0
4	#textlines	0
5	#textlines	0
6	#lines	1
6	#textlines	0
7	#textlines	0
8	the	1
8	public	1
8	#allcapswords	6
8	#lines	3
8	#maxinitial	1
8	#caplines	3
8	#stdev	94
8	#maxpair	1
8	#commas	2
8	#endwpunct	1
8	#textlines	3
8	wordNotInVocab	7
9	#lines	1
9	#textlines	0
10	#lines	1
10	#textlines	0
11	s	1
11	#allcapswords	3
11	#lines	12
11	#maxinitial	1
11	#quotations	3
11	#periods	20
11	#stdev	696
11	#maxpair	1
11	#commas	3
11	#endwpunct	7
11	#questionmarks	1
11	#textlines	12
11	wordNotInVocab	4
12	son	1
12	personalname	2
12	#allcapswords	8
12	romannumeral	1
12	placename	1
12	arabic4digit	1
12	#sequentialcaps	1
12	#lines	6
12	#maxinitial	2
12	#caplines	3
12	#periods	4
12	#stdev	906
12	#maxpair	2
12	#startwrubric	1
12	#commas	1
12	#endwpunct	4
12	#textlines	5
12	#endwnumeral	1
12	wordNotInVocab	4
13	arabic4digit	1
13	r	1
13	arabic5+digit	1
13	#allcapswords	5
13	t	1
13	#sequentialcaps	1
13	#lines	9
13	#maxinitial	1
13	#caplines	3
13	#startwname	3
13	#periods	7
13	#stdev	500
13	#maxpair	1
13	#commas	1
13	#endwpunct	2
13	#textlines	9
13	#endwnumeral	2
13	wordNotInVocab	5
14	jesus	1
14	but	1
14	been	1
14	has	3
14	himself	1
14	deep	1
14	nay	1
14	have	4
14	us	1
14	brother	2
14	nor	1
14	d.d.	1
14	with	4
14	sense	1
14	country	1
14	grace	1
14	may	1
14	well	2
14	sea	1
14	manner	1
14	rev	1
14	one	1
14	great	1
14	it	1
14	through	1
14	stand	1
14	christ	2
14	would	2
14	and	9
14	general	2
14	who	1
14	without	1
14	#allcapswords	7
14	god	2
14	not	1
14	church	1
14	his	1
14	the	17
14	our	3
14	visit	1
14	him	2
14	this	1
14	present	1
14	letter	1
14	under	1
14	so	2
14	performed	1
14	noble	1
14	office	1
14	a	1
14	christian	1
14	by	1
14	ourselves	1
14	united	1
14	are	1
14	in	7
14	which	5
14	cause	1
14	we	8
14	light	1
14	around	1
14	is	3
14	heavenly	1
14	pleased	1
14	personalname	1
14	its	3
14	better	1
14	way	1
14	important	1
14	just	1
14	trial	1
14	duties	1
14	upon	1
14	must	1
14	of	12
14	can	1
14	you	11
14	near	1
14	to	11
14	your	3
14	that	3
14	loved	1
14	no	1
14	from	2
14	cannot	2
14	do	1
14	whose	2
14	#sequentialcaps	2
14	#lines	25
14	#maxinitial	4
14	#quotations	4
14	#caplines	8
14	#periods	13
14	#stdev	1284
14	#maxpair	5
14	#commas	16
14	#endwpunct	6
14	#textlines	25
14	wordNotInVocab	65
15	but	1
15	master	1
15	would	1
15	ground	1
15	whole	1
15	does	1
15	life	1
15	all	1
15	into	1
15	while	1
15	fall	1
15	has	5
15	brother	1
15	more	1
15	numerous	1
15	as	1
15	great	1
15	nor	1
15	every	1
15	river	1
15	joy	1
15	done	1
15	who	1
15	still	1
15	god	4
15	peace	1
15	church	5
15	his	4
15	strength	2
15	our	4
15	him	2
15	present	1
15	under	1
15	you	14
15	a	5
15	christian	1
15	new	1
15	lie	1
15	whom	1
15	in	8
15	cause	1
15	these	2
15	principles	1
15	comes	1
15	father	1
15	divine	1
15	sacred	1
15	its	3
15	common	1
15	part	1
15	most	1
15	trial	1
15	hour	1
15	that	9
15	himself	1
15	like	1
15	until	1
15	do	1
15	the	21
15	according	1
15	desire	1
15	condition	1
15	possible	1
15	upon	1
15	board	1
15	if	1
15	have	6
15	there	1
15	which	3
15	with	3
15	may	4
15	once	1
15	will	4
15	yourself	1
15	sermons	1
15	just	1
15	work	1
15	much	1
15	and	18
15	yours	1
15	it	4
15	she	1
15	her	1
15	to	12
15	day	2
15	us	1
15	dear	1
15	this	4
15	up	1
15	so	1
15	be	4
15	by	2
15	your	13
15	thank	1
15	years	1
15	at	1
15	we	12
15	hear	1
15	around	1
15	believe	1
15	is	2
15	not	3
15	field	1
15	unto	1
15	for	2
15	administration	1
15	children	1
15	enlarged	1
15	of	12
15	true	1
15	glorious	1
15	been	2
15	hearts	1
15	they	1
15	from	1
15	he	2
15	hands	1
15	go	1
15	doubt	1
15	power	1
15	on	2
15	#sequentialcaps	2
15	#lines	39
15	#maxinitial	5
15	#quotations	3
15	#caplines	7
15	#periods	20
15	#stdev	1476
15	#maxpair	8
15	#commas	21
15	#endwpunct	10
15	#textlines	39
15	wordNotInVocab	103
16	arabic1digit	1
16	officers	1
16	the	6
16	our	1
16	this	1
16	clerk	3
16	lord	2
16	jesus	1
16	arabic2digit	1
16	you	1
16	shall	1
16	was	1
16	new	1
16	others	1
16	letter	1
16	t	1
16	in	1
16	at	2
16	propernoun	1
16	into	1
16	by	3
16	present	1
16	not	1
16	were	1
16	unto	1
16	personalname	3
16	may	2
16	its	2
16	he	1
16	w	1
16	of	4
16	christ	1
16	an	1
16	come	1
16	many	1
16	and	2
16	general	1
16	arabic4digit	1
16	kingdom	1
16	who	1
16	a	1
16	#allcapswords	5
16	on	1
16	church	1
16	placename	2
16	#sequentialcaps	2
16	#lines	13
16	#maxinitial	3
16	#caplines	7
16	#startwname	3
16	#periods	11
16	#stdev	1988
16	#maxpair	3
16	#startwrubric	1
16	#commas	13
16	#endwpunct	8
16	#textlines	12
16	#endwnumeral	2
16	wordNotInVocab	23
17	arabic1digit	4
17	through	1
17	according	1
17	viz	1
17	feel	1
17	order	1
17	held	1
17	g	1
17	board	6
17	deep	1
17	esq	1
17	arabic2digit	1
17	grief	1
17	wise	1
17	all	3
17	make	1
17	length	1
17	had	1
17	d.d.	1
17	meeting	1
17	with	3
17	sense	1
17	so	2
17	therefore	1
17	has	2
17	their	5
17	heard	1
17	will	2
17	rev	3
17	have	1
17	one	2
17	sorrow	1
17	grace	1
17	following	1
17	upon	1
17	and	13
17	that	4
17	mr	1
17	#allcapswords	8
17	to	7
17	late	1
17	his	8
17	placename	2
17	having	1
17	the	26
17	him	1
17	this	3
17	own	1
17	a	6
17	christian	1
17	by	1
17	new	1
17	now	1
17	heart	1
17	tender	2
17	in	10
17	they	2
17	is	1
17	were	1
17	for	1
17	personalname	3
17	cause	1
17	its	2
17	youth	1
17	he	3
17	god	1
17	resolved	4
17	until	1
17	of	19
17	received	1
17	still	2
17	it	1
17	hearts	1
17	at	4
17	church	3
17	which	2
17	right	2
17	being	1
17	servant	1
17	on	1
17	her	1
17	#sequentialcaps	4
17	#lines	32
17	#maxinitial	6
17	#caplines	9
17	#periods	17
17	#stdev	1592
17	#maxpair	7
17	#startwrubric	1
17	#commas	34
17	#endwpunct	10
17	#textlines	31
17	wordNotInVocab	94
18	arabic1digit	1
18	the	5
18	be	3
18	board	1
18	wife	1
18	held	1
18	in	2
18	at	2
18	esq	1
18	propernoun	1
18	of	3
18	these	1
18	brother	1
18	d.d.	2
18	with	1
18	hon	1
18	s	1
18	personalname	7
18	their	1
18	its	1
18	body	1
18	romannumeral	1
18	place	1
18	will	1
18	resolved	1
18	rev	2
18	family	2
18	and	4
18	they	1
18	that	3
18	a	3
18	#allcapswords	4
18	to	4
18	placename	2
18	#sequentialcaps	2
18	#lines	10
18	#maxinitial	3
18	#caplines	5
18	#startwname	2
18	#periods	15
18	#stdev	1526
18	#maxpair	4
18	#startwrubric	1
18	#commas	17
18	#endwpunct	7
18	#textlines	10
18	wordNotInVocab	25
19	brought	2
19	dr	1
19	whole	2
19	high	1
19	first	1
19	arabic2digit	1
19	all	1
19	into	1
19	while	1
19	has	1
19	nearly	1
19	had	1
19	more	1
19	their	3
19	rev	1
19	over	1
19	every	4
19	as	1
19	an	1
19	know	1
19	general	2
19	much	1
19	than	1
19	#allcapswords	3
19	church	4
19	his	8
19	placename	2
19	our	7
19	him	2
19	present	1
19	letter	2
19	sent	1
19	a	8
19	was	9
19	new	1
19	worth	1
19	object	1
19	in	8
19	who	3
19	wave	1
19	felt	1
19	hundred	1
19	thousand	1
19	gave	1
19	then	1
19	love	1
19	that	3
19	history	1
19	no	3
19	bed	1
19	which	3
19	feet	1
19	servant	1
19	do	1
19	when	1
19	arabic1digit	1
19	but	1
19	sorrow	1
19	other	1
19	upon	1
19	there	2
19	tears	1
19	address	1
19	d.d.	1
19	with	1
19	so	4
19	therefore	1
19	almost	1
19	well	1
19	heard	1
19	will	1
19	three	3
19	ever	1
19	one	2
19	prayer	1
19	brother	1
19	congregation	1
19	thus	1
19	many	2
19	and	7
19	it	5
19	to	10
19	the	13
19	this	1
19	be	1
19	arabic4digit	1
19	or	1
19	by	2
19	heart	1
19	man	3
19	death	1
19	persons	1
19	at	1
19	we	1
19	face	1
19	state	1
19	not	6
19	were	1
19	for	1
19	personalname	3
19	land	1
19	is	4
19	he	1
19	duties	1
19	of	10
19	any	1
19	last	1
19	however	1
19	hearts	1
19	from	1
19	union	1
19	whose	1
19	on	1
19	#sequentialcaps	2
19	#lines	31
19	#maxinitial	3
19	#caplines	9
19	#periods	18
19	#stdev	1563
19	#maxpair	5
19	#commas	21
19	#endwpunct	8
19	#textlines	30
19	#endwnumeral	2
19	wordNotInVocab	77
20	what	1
20	circumstances	1
20	grave	1
20	life	4
20	well	1
20	joy	1
20	arabic2digit	1
20	all	5
20	into	1
20	service	1
20	has	1
20	brother	2
20	character	2
20	fall	1
20	coloured	1
20	more	2
20	very	1
20	their	1
20	word	2
20	hon	1
20	same	1
20	born	1
20	god	2
20	first	2
20	nor	1
20	christ	1
20	as	2
20	cannot	1
20	done	1
20	general	1
20	hand	1
20	over	1
20	church	3
20	his	14
20	placename	7
20	our	3
20	college	1
20	him	2
20	under	2
20	a	2
20	was	9
20	new	4
20	lips	1
20	year	1
20	christians	1
20	whom	1
20	in	18
20	enter	1
20	these	1
20	continued	1
20	sacred	1
20	its	2
20	common	1
20	thou	1
20	important	1
20	those	1
20	love	1
20	leave	1
20	course	1
20	to	11
20	that	4
20	history	1
20	no	1
20	arabic4digit	6
20	which	6
20	sense	1
20	servant	1
20	do	1
20	arabic1digit	1
20	but	3
20	sorrow	1
20	two	1
20	other	1
20	every	1
20	son	1
20	tears	1
20	known	1
20	with	2
20	designed	1
20	may	1
20	own	1
20	one	1
20	it	2
20	good	5
20	work	1
20	spirit	1
20	native	1
20	and	10
20	occasion	1
20	entered	1
20	loved	1
20	christian	1
20	having	1
20	the	31
20	fit	1
20	city	1
20	this	5
20	lord	2
20	be	2
20	office	1
20	or	1
20	are	2
20	end	1
20	at	2
20	historical	1
20	names	1
20	we	2
20	state	1
20	is	6
20	than	1
20	field	1
20	were	1
20	for	2
20	personalname	3
20	he	13
20	used	1
20	of	22
20	can	1
20	means	1
20	return	1
20	principal	1
20	beyond	1
20	they	2
20	from	2
20	board	1
20	on	1
20	#sequentialcaps	2
20	#lines	39
20	#maxinitial	7
20	#quotations	2
20	#caplines	7
20	#periods	21
20	#stdev	1059
20	#maxpair	10
20	#commas	42
20	#endwpunct	11
20	#textlines	38
20	#endwnumeral	1
20	wordNotInVocab	94
21	truth	2
21	what	1
21	does	2
21	himself	4
21	arabic2digit	1
21	all	5
21	has	1
21	brother	1
21	wide	2
21	man	6
21	husband	1
21	said	1
21	grace	1
21	who	9
21	again	1
21	#allcapswords	1
21	god	5
21	faith	2
21	his	2
21	those	1
21	him	1
21	natural	1
21	a	16
21	christian	1
21	pure	1
21	only	5
21	object	1
21	christians	1
21	whom	1
21	in	18
21	earth	1
21	these	1
21	useful	1
21	rather	1
21	worthy	1
21	father	1
21	thus	1
21	common	1
21	keep	1
21	often	1
21	free	1
21	most	1
21	them	1
21	praise	1
21	called	2
21	it	3
21	says	1
21	no	1
21	ought	1
21	about	1
21	right	1
21	acts	1
21	say	2
21	when	3
21	men	2
21	word	3
21	but	4
21	fire	1
21	our	2
21	friend	1
21	there	1
21	son	1
21	this	4
21	make	1
21	with	2
21	so	1
21	therefore	2
21	may	3
21	well	3
21	appeared	1
21	original	1
21	one	1
21	source	4
21	alone	1
21	kind	1
21	and	15
21	beauty	1
21	that	8
21	language	1
21	to	8
21	was	4
21	the	19
21	as	8
21	lord	2
21	even	1
21	be	5
21	glory	1
21	or	5
21	by	1
21	which	3
21	now	1
21	are	7
21	tree	1
21	works	1
21	they	9
21	we	4
21	such	3
21	is	19
21	than	1
21	not	5
21	for	2
21	personalname	2
21	others	2
21	he	7
21	feel	1
21	of	19
21	can	1
21	sense	4
21	speak	2
21	good	28
21	found	1
21	none	1
21	from	2
21	being	1
21	on	1
21	power	1
21	#sequentialcaps	2
21	#lines	40
21	#maxinitial	6
21	#quotations	2
21	#caplines	6
21	#periods	22
21	#stdev	1214
21	#maxpair	8
21	#commas	45
21	#endwpunct	9
21	#textlines	40
21	#endwnumeral	1
21	wordNotInVocab	80
22	bring	1
22	holy	1
22	jesus	1
22	dr	1
22	whole	1
22	time	1
22	never	1
22	high	1
22	arabic2digit	1
22	all	5
22	into	1
22	brother	1
22	had	2
22	christ	2
22	man	2
22	end	1
22	duty	1
22	their	3
22	stood	1
22	ready	1
22	same	1
22	great	2
22	every	4
22	grace	1
22	things	1
22	reason	1
22	his	11
22	native	1
22	god	5
22	faith	3
22	church	1
22	our	1
22	up	1
22	could	1
22	thought	1
22	a	4
22	christian	1
22	because	1
22	only	1
22	object	1
22	christians	2
22	in	12
22	these	2
22	off	1
22	principles	1
22	matter	1
22	measure	1
22	came	1
22	its	1
22	life	1
22	press	1
22	system	1
22	eternal	1
22	them	5
22	people	1
22	that	7
22	proud	1
22	no	2
22	which	6
22	servant	1
22	true	3
22	when	1
22	word	3
22	but	1
22	religious	1
22	held	1
22	upon	1
22	progress	1
22	with	2
22	therefore	1
22	may	1
22	glorious	1
22	will	1
22	own	1
22	ever	1
22	one	1
22	looking	1
22	really	1
22	natural	1
22	also	1
22	spirit	1
22	much	1
22	and	13
22	always	2
22	greatest	1
22	appear	1
22	judgement	1
22	day	1
22	name	1
22	was	5
22	through	1
22	less	1
22	effect	1
22	as	3
22	lord	1
22	so	1
22	be	2
22	or	1
22	by	1
22	are	1
22	they	2
22	we	1
22	is	4
22	the	40
22	for	2
22	personalname	1
22	down	1
22	children	1
22	body	1
22	he	9
22	account	1
22	full	1
22	of	39
22	worship	1
22	any	2
22	religion	3
22	how	1
22	speak	1
22	doctrine	6
22	hearts	1
22	to	11
22	from	3
22	power	1
22	after	1
22	however	1
22	use	1
22	on	1
22	#sequentialcaps	1
22	#lines	40
22	#maxinitial	6
22	#caplines	3
22	#periods	12
22	#stdev	1320
22	#maxpair	8
22	#commas	32
22	#endwpunct	7
22	#textlines	40
22	#endwnumeral	1
22	wordNotInVocab	95
23	what	1
23	master	2
23	jesus	1
23	dr	2
23	any	1
23	honest	1
23	life	2
23	himself	3
23	property	1
23	arabic2digit	1
23	all	4
23	service	4
23	required	1
23	had	1
23	character	1
23	christ	4
23	end	1
23	schools	1
23	living	1
23	every	1
23	as	2
23	an	1
23	would	1
23	know	1
23	annual	1
23	general	1
23	hand	1
23	who	1
23	left	1
23	use	1
23	letters	1
23	his	17
23	our	1
23	him	4
23	you	1
23	a	3
23	was	9
23	live	1
23	pure	1
23	because	1
23	men	3
23	in	7
23	social	1
23	everything	1
23	nothing	1
23	principles	1
23	rest	1
23	notes	1
23	rule	1
23	its	2
23	making	1
23	important	1
23	gave	1
23	little	1
23	course	1
23	called	1
23	board	2
23	friends	1
23	church	1
23	which	1
23	right	1
23	servant	3
23	true	2
23	became	1
23	when	2
23	books	1
23	word	2
23	but	3
23	religious	1
23	friend	1
23	too	1
23	given	1
23	action	1
23	with	3
23	sense	2
23	so	2
23	man	1
23	taking	1
23	will	2
23	own	2
23	one	1
23	volume	1
23	and	14
23	blood	1
23	conduct	2
23	far	1
23	to	10
23	loved	1
23	published	1
23	the	36
23	no	1
23	subject	2
23	this	5
23	find	1
23	by	2
23	lord	1
23	even	1
23	be	3
23	moral	1
23	or	2
23	attention	1
23	heart	1
23	more	1
23	are	2
23	did	2
23	at	1
23	we	1
23	than	1
23	not	6
23	were	1
23	unto	1
23	for	5
23	personalname	3
23	he	16
23	duties	2
23	of	25
23	good	1
23	divine	1
23	from	1
23	glory	1
23	including	1
23	on	1
23	kingdom	1
23	#sequentialcaps	2
23	#lines	40
23	#maxinitial	7
23	#caplines	5
23	#periods	22
23	#stdev	1296
23	#maxpair	11
23	#commas	37
23	#endwpunct	7
23	#textlines	40
23	#endwnumeral	1
23	wordNotInVocab	97
24	bosom	1
24	also	1
24	time	1
24	we	1
24	life	1
24	himself	1
24	first	1
24	arabic2digit	1
24	all	2
24	into	3
24	till	1
24	service	1
24	has	1
24	carried	1
24	without	1
24	sin	1
24	house	3
24	their	4
24	body	2
24	said	1
24	living	1
24	great	3
24	christ	4
24	know	1
24	still	2
24	general	1
24	immediately	2
24	who	1
24	continued	1
24	god	3
24	faith	1
24	his	10
24	strength	1
24	bodies	2
24	our	1
24	present	1
24	itself	1
24	a	13
24	was	6
24	because	1
24	made	2
24	only	1
24	christians	1
24	me	1
24	death	3
24	person	1
24	bed	1
24	rest	1
24	souls	1
24	thus	1
24	its	1
24	lectures	1
24	eternal	1
24	leave	1
24	people	1
24	called	1
24	it	5
24	soul	1
24	almost	1
24	sense	2
24	servant	2
24	do	3
24	when	4
24	form	1
24	large	1
24	but	4
24	enough	1
24	condition	1
24	those	1
24	shalt	1
24	glorious	1
24	upon	1
24	have	1
24	there	2
24	with	4
24	third	1
24	therefore	2
24	united	1
24	hold	1
24	heaven	2
24	doctrine	1
24	one	3
24	good	1
24	rise	1
24	work	1
24	spirit	1
24	last	2
24	and	20
24	come	1
24	between	1
24	that	8
24	public	1
24	entered	1
24	day	1
24	us	5
24	as	2
24	this	4
24	blessed	1
24	lord	7
24	even	1
24	be	3
24	complete	2
24	shall	2
24	second	1
24	or	4
24	by	1
24	which	5
24	are	3
24	at	3
24	head	1
24	now	2
24	such	1
24	state	4
24	joy	5
24	the	36
24	not	5
24	unto	1
24	personalname	6
24	cause	1
24	enter	1
24	is	14
24	thou	1
24	he	11
24	of	18
24	can	1
24	works	1
24	in	13
24	dead	2
24	to	13
24	from	2
24	glory	2
24	hands	2
24	being	2
24	after	1
24	on	1
24	#sequentialcaps	2
24	#lines	40
24	#maxinitial	7
24	#quotations	4
24	#caplines	5
24	#startwname	1
24	#periods	19
24	#stdev	1160
24	#maxpair	11
24	#commas	36
24	#endwpunct	5
24	#textlines	40
24	#endwnumeral	1
24	wordNotInVocab	76
25	bird	1
25	holy	1
25	world	1
25	only	1
25	chapter	1
25	everything	1
25	himself	2
25	arabic2digit	1
25	all	4
25	into	2
25	has	4
25	brother	1
25	king	1
25	had	1
25	sin	1
25	country	1
25	man	1
25	human	1
25	their	2
25	body	1
25	said	1
25	at	1
25	christ	7
25	as	4
25	an	1
25	know	1
25	is	12
25	things	1
25	hand	1
25	who	2
25	than	1
25	sit	1
25	god	2
25	faith	1
25	less	1
25	that	8
25	his	8
25	our	4
25	him	6
25	rose	1
25	under	1
25	a	4
25	me	1
25	in	9
25	ye	4
25	judge	1
25	heavenly	1
25	father	1
25	came	1
25	#allcapswords	1
25	together	1
25	out	1
25	life	1
25	eternal	1
25	them	2
25	people	3
25	to	16
25	blood	1
25	it	1
25	says	4
25	no	2
25	which	7
25	feet	1
25	put	1
25	when	2
25	arabic1digit	2
25	the	39
25	but	2
25	those	1
25	virtue	1
25	justice	1
25	have	2
25	there	3
25	given	2
25	devil	2
25	with	5
25	so	2
25	therefore	1
25	united	1
25	lord	2
25	places	1
25	one	2
25	hast	2
25	through	2
25	longer	1
25	spirit	2
25	much	1
25	and	10
25	i	1
25	liberty	1
25	entered	1
25	loved	1
25	us	1
25	or	1
25	blessed	1
25	up	2
25	be	4
25	shall	1
25	might	1
25	second	1
25	order	1
25	by	2
25	your	1
25	more	1
25	are	15
25	death	4
25	works	1
25	they	11
25	person	1
25	head	1
25	we	1
25	heart	1
25	such	1
25	law	1
25	joy	4
25	over	2
25	not	2
25	for	1
25	personalname	1
25	thou	2
25	he	7
25	of	20
25	can	1
25	sense	1
25	this	2
25	speak	1
25	come	2
25	been	1
25	reign	2
25	from	7
25	glory	3
25	nature	1
25	union	5
25	power	4
25	on	2
25	#sequentialcaps	1
25	#lines	40
25	#maxinitial	5
25	#quotations	12
25	#caplines	5
25	#startwname	1
25	#periods	25
25	#stdev	1288
25	#maxpair	8
25	#commas	49
25	#endwpunct	5
25	#textlines	40
25	#endwnumeral	1
25	wordNotInVocab	78
26	holy	1
26	what	2
26	seen	2
26	whole	1
26	never	1
26	himself	1
26	arabic2digit	1
26	all	5
26	into	2
26	has	1
26	sin	1
26	every	2
26	man	1
26	as	4
26	their	2
26	consequences	1
26	knowledge	2
26	nor	2
26	christ	2
26	also	1
26	work	2
26	know	3
26	souls	1
26	things	3
26	many	1
26	and	11
26	god	5
26	that	2
26	his	9
26	those	1
26	him	5
26	you	1
26	which	9
26	a	10
26	was	1
26	hell	1
26	only	1
26	whom	2
26	in	8
26	who	2
26	these	1
26	themselves	1
26	ear	1
26	its	2
26	#allcapswords	2
26	part	1
26	see	3
26	then	2
26	love	2
26	people	2
26	to	12
26	neither	2
26	kingdom	2
26	until	1
26	became	1
26	when	1
26	arabic1digit	3
26	the	32
26	but	2
26	i	1
26	darkness	1
26	have	1
26	make	1
26	known	1
26	with	4
26	heard	1
26	own	1
26	one	1
26	here	1
26	received	1
26	last	1
26	joy	6
26	it	11
26	hath	3
26	entered	1
26	name	2
26	through	3
26	words	1
26	this	2
26	understand	1
26	lord	2
26	even	1
26	be	3
26	shall	5
26	above	3
26	by	1
26	now	2
26	heart	2
26	are	5
26	death	3
26	at	3
26	we	10
26	light	1
26	face	2
26	is	20
26	over	5
26	not	5
26	field	1
26	unto	1
26	for	4
26	like	1
26	he	3
26	eye	1
26	of	25
26	can	2
26	captain	1
26	glorious	1
26	from	2
26	glory	2
26	soul	3
26	nature	1
26	however	1
26	including	1
26	on	1
26	#sequentialcaps	1
26	#lines	40
26	#maxinitial	5
26	#quotations	2
26	#caplines	3
26	#periods	25
26	#stdev	1147
26	#maxpair	7
26	#commas	34
26	#endwpunct	8
26	#exclamationpoints	1
26	#textlines	40
26	#endwnumeral	1
26	wordNotInVocab	95
27	what	3
27	jesus	2
27	same	1
27	would	2
27	time	1
27	life	1
27	arabic2digit	1
27	should	2
27	into	4
27	has	1
27	let	2
27	nor	1
27	character	1
27	more	3
27	end	1
27	as	6
27	great	1
27	powers	1
27	turn	1
27	christ	2
27	grace	2
27	an	2
27	know	1
27	is	8
27	things	4
27	done	1
27	who	2
27	than	1
27	god	1
27	that	7
27	his	7
27	those	2
27	him	1
27	present	1
27	under	1
27	a	2
27	was	1
27	live	3
27	eyes	1
27	thy	2
27	earth	3
27	these	1
27	neither	1
27	felt	1
27	now	1
27	tell	1
27	yet	1
27	out	1
27	long	1
27	see	2
27	little	2
27	then	1
27	family	1
27	people	1
27	to	12
27	it	9
27	no	1
27	honour	2
27	church	1
27	which	2
27	death	1
27	care	1
27	lives	1
27	how	2
27	arabic1digit	1
27	the	27
27	but	1
27	sorrow	1
27	enough	1
27	our	13
27	two	1
27	all	2
27	other	1
27	upon	1
27	have	3
27	there	2
27	cast	1
27	in	6
27	with	3
27	means	2
27	past	1
27	heaven	2
27	enter	3
27	must	6
27	will	2
27	own	3
27	ever	1
27	one	2
27	good	3
27	occasion	1
27	tongue	1
27	many	1
27	and	17
27	conduct	1
27	far	1
27	indeed	1
27	entered	1
27	name	1
27	us	5
27	words	1
27	this	5
27	lord	2
27	even	1
27	be	10
27	friends	1
27	purpose	1
27	shall	3
27	or	3
27	by	4
27	ourselves	2
27	heart	1
27	man	1
27	are	6
27	feel	1
27	they	3
27	we	17
27	such	2
27	around	1
27	joy	4
27	over	1
27	not	4
27	for	1
27	personalname	1
27	sad	1
27	thou	1
27	he	2
27	may	1
27	did	1
27	of	20
27	can	1
27	south	1
27	longer	1
27	still	1
27	come	1
27	hearts	2
27	from	1
27	glory	3
27	sleep	1
27	something	1
27	if	2
27	north	1
27	kingdom	2
27	on	3
27	#sequentialcaps	2
27	#lines	40
27	#maxinitial	9
27	#caplines	3
27	#periods	24
27	#stdev	1430
27	#maxpair	9
27	#startwrubric	1
27	#commas	40
27	#endwpunct	4
27	#exclamationpoints	4
27	#textlines	40
27	#endwnumeral	1
27	wordNotInVocab	71
28	what	1
28	christ	1
28	master	1
28	the	12
28	but	2
28	lose	1
28	would	1
28	whole	1
28	world	2
28	then	1
28	grave	1
28	life	1
28	himself	1
28	him	1
28	arabic2digit	1
28	love	1
28	into	1
28	service	2
28	question	1
28	let	1
28	brother	1
28	past	1
28	with	1
28	so	1
28	necessary	1
28	among	1
28	may	1
28	heaven	2
28	man	1
28	must	1
28	my	1
28	will	2
28	own	2
28	living	1
28	true	1
28	one	1
28	here	2
28	die	1
28	turn	1
28	every	2
28	as	1
28	rather	2
28	give	3
28	much	2
28	is	2
28	more	1
28	divine	1
28	a	2
28	than	1
28	and	3
28	to	5
28	day	1
28	that	2
28	us	1
28	our	2
28	or	1
28	present	1
28	could	1
28	be	3
28	you	4
28	shall	2
28	live	1
28	new	1
28	your	1
28	ourselves	1
28	only	2
28	hearts	1
28	done	1
28	in	3
28	who	2
28	we	1
28	nothing	1
28	believe	1
28	joy	1
28	not	1
28	for	3
28	yet	1
28	away	1
28	he	3
28	out	1
28	little	1
28	death	1
28	of	6
28	can	1
28	less	1
28	favour	1
28	it	3
28	from	1
28	ask	1
28	soul	1
28	his	7
28	if	4
28	most	1
28	do	1
28	#lines	18
28	#maxinitial	3
28	#quotations	2
28	#caplines	1
28	#periods	6
28	#stdev	1507
28	#maxpair	5
28	#commas	19
28	#endwpunct	2
28	#questionmarks	2
28	#textlines	18
28	#endwnumeral	1
28	wordNotInVocab	37
29	master	2
29	jesus	1
29	dr	4
29	also	1
29	n	1
29	life	1
29	interest	1
29	die	1
29	arabic2digit	1
29	should	1
29	service	1
29	let	2
29	had	1
29	more	2
29	end	1
29	their	2
29	ready	1
29	my	1
29	rev	1
29	according	1
29	first	2
29	as	5
29	an	2
29	young	1
29	who	2
29	continued	2
29	#allcapswords	8
29	god	1
29	use	1
29	few	3
29	his	8
29	placename	4
29	those	1
29	him	1
29	a	11
29	christian	1
29	because	1
29	me	1
29	in	6
29	text	1
29	death	1
29	these	1
29	generally	1
29	felt	1
29	j	1
29	sermon	1
29	its	2
29	then	2
29	them	1
29	third	1
29	called	1
29	that	6
29	church	6
29	which	1
29	like	1
29	second	1
29	how	1
29	large	1
29	but	4
29	there	3
29	two	1
29	hour	1
29	board	1
29	interesting	1
29	deep	1
29	preached	1
29	did	1
29	have	1
29	this	2
29	useful	1
29	some	1
29	manner	1
29	known	2
29	with	3
29	once	1
29	one	4
29	work	2
29	last	2
29	and	7
29	it	4
29	to	10
29	was	7
29	the	21
29	no	1
29	whether	1
29	be	1
29	began	1
29	or	1
29	by	2
29	taken	1
29	heart	1
29	man	1
29	hearts	1
29	years	3
29	memory	1
29	four	1
29	private	1
29	than	1
29	were	4
29	for	2
29	personalname	6
29	is	1
29	are	1
29	he	4
29	another	1
29	full	1
29	of	16
29	worship	1
29	means	1
29	religion	1
29	number	1
29	small	1
29	from	1
29	arabic4digit	1
29	after	1
29	however	1
29	whose	3
29	#sequentialcaps	1
29	#lines	32
29	#maxinitial	4
29	#quotations	2
29	#caplines	9
29	#periods	20
29	#stdev	1624
29	#maxpair	6
29	#startwrubric	2
29	#commas	25
29	#endwpunct	7
29	#textlines	32
29	#endwnumeral	2
29	wordNotInVocab	67
30	due	1
30	dr	4
30	one	2
30	time	1
30	school	2
30	these	1
30	interest	2
30	arabic2digit	3
30	all	2
30	service	1
30	has	1
30	fact	2
30	had	3
30	more	1
30	duty	1
30	for	2
30	four	3
30	romannumeral	1
30	my	1
30	rev	4
30	great	1
30	first	1
30	felt	1
30	as	1
30	an	2
30	following	2
30	young	1
30	#allcapswords	6
30	god	2
30	church	8
30	his	8
30	placename	3
30	officers	2
30	him	2
30	present	2
30	really	1
30	a	5
30	was	8
30	placed	1
30	places	1
30	year	3
30	especially	1
30	in	7
30	about	1
30	sermon	1
30	thus	2
30	its	5
30	out	1
30	early	1
30	then	1
30	seemed	1
30	third	1
30	place	1
30	show	1
30	led	1
30	that	3
30	no	1
30	take	1
30	arabic4digit	5
30	june	1
30	which	3
30	though	1
30	how	1
30	where	1
30	arabicprice	2
30	the	35
30	another	1
30	two	2
30	interesting	1
30	call	1
30	preached	1
30	there	1
30	d.d.	1
30	with	2
30	may	1
30	will	2
30	it	3
30	spirit	1
30	many	1
30	and	9
30	i	3
30	mr	1
30	influence	1
30	to	12
30	name	1
30	having	1
30	this	5
30	blessed	3
30	find	1
30	up	1
30	performed	1
30	wife	1
30	second	1
30	set	1
30	by	7
30	took	2
30	done	1
30	persons	1
30	gone	1
30	head	1
30	we	1
30	such	1
30	is	4
30	than	1
30	field	1
30	were	1
30	unto	1
30	s	1
30	personalname	7
30	down	1
30	he	2
30	duties	1
30	years	2
30	of	20
30	thee	2
30	afterwards	2
30	during	4
30	come	1
30	been	2
30	from	4
30	hands	1
30	being	1
30	whose	1
30	on	5
30	#sequentialcaps	4
30	#lines	40
30	#maxinitial	9
30	#quotations	4
30	#caplines	10
30	#startwname	1
30	#periods	27
30	#stdev	1512
30	#maxpair	12
30	#startwrubric	2
30	#commas	34
30	#endwpunct	8
30	#textlines	40
30	#endwnumeral	1
30	wordNotInVocab	94
31	holy	1
31	truth	1
31	what	2
31	dr	1
31	would	3
31	world	1
31	life	4
31	command	1
31	arabic2digit	1
31	all	2
31	has	1
31	let	1
31	had	1
31	man	2
31	arabic3digit	1
31	yes	1
31	ready	1
31	living	1
31	great	1
31	first	1
31	every	2
31	as	3
31	an	1
31	give	1
31	know	4
31	hand	3
31	who	3
31	continued	1
31	god	2
31	church	4
31	his	8
31	him	1
31	am	1
31	present	2
31	could	2
31	a	8
31	was	9
31	new	1
31	year	1
31	thy	2
31	personalname	2
31	in	6
31	still	1
31	danger	1
31	divine	1
31	its	6
31	#allcapswords	2
31	defence	1
31	gave	2
31	part	1
31	most	1
31	trial	1
31	people	2
31	called	1
31	out	2
31	that	8
31	no	3
31	almost	1
31	right	1
31	stars	1
31	be	3
31	company	1
31	how	1
31	when	3
31	word	1
31	but	5
31	there	3
31	some	1
31	answer	1
31	very	1
31	with	2
31	may	1
31	eye	1
31	will	1
31	ever	4
31	one	4
31	source	1
31	here	1
31	it	1
31	many	2
31	and	12
31	i	2
31	language	1
31	influence	1
31	to	26
31	day	2
31	doubt	1
31	crown	1
31	through	2
31	this	5
31	lord	1
31	by	1
31	now	2
31	heart	3
31	more	2
31	are	1
31	which	3
31	we	1
31	they	2
31	such	2
31	the	36
31	not	1
31	were	2
31	for	1
31	left	1
31	early	1
31	he	5
31	after	1
31	another	1
31	of	27
31	can	2
31	conversation	1
31	religion	3
31	during	1
31	been	1
31	hearts	1
31	none	1
31	from	2
31	hands	1
31	if	2
31	both	1
31	power	2
31	on	2
31	#sequentialcaps	2
31	#lines	40
31	#maxinitial	6
31	#quotations	4
31	#caplines	5
31	#periods	15
31	#stdev	1405
31	#maxpair	10
31	#commas	29
31	#endwpunct	6
31	#textlines	40
31	#endwnumeral	1
31	wordNotInVocab	96
32	truth	1
32	personalname	1
32	would	1
32	time	2
32	that	10
32	circumstances	1
32	great	2
32	interest	1
32	arabic2digit	1
32	should	1
32	has	3
32	let	1
32	preparation	1
32	had	2
32	man	1
32	their	5
32	such	3
32	yes	2
32	my	1
32	die	1
32	every	1
32	as	1
32	an	1
32	who	1
32	continued	1
32	#allcapswords	2
32	god	2
32	faith	1
32	church	4
32	his	5
32	placename	1
32	example	1
32	our	2
32	him	1
32	a	8
32	christian	1
32	moment	1
32	placed	1
32	me	1
32	in	7
32	voice	1
32	its	1
32	rather	1
32	rest	1
32	than	1
32	friend	1
32	together	2
32	yet	1
32	keep	1
32	most	1
32	left	1
32	evening	1
32	seemed	1
32	them	4
32	hour	1
32	it	2
32	no	2
32	which	2
32	though	2
32	servant	1
32	do	1
32	word	1
32	but	2
32	reading	1
32	there	2
32	want	1
32	other	1
32	upon	1
32	where	1
32	have	2
32	order	1
32	given	1
32	some	1
32	follow	1
32	with	2
32	question	1
32	may	1
32	lord	1
32	enter	1
32	heaven	1
32	heard	1
32	once	1
32	hope	1
32	ever	1
32	one	1
32	concerning	1
32	poor	1
32	spirit	1
32	many	1
32	and	13
32	i	2
32	to	5
32	was	4
32	having	1
32	the	18
32	words	1
32	often	1
32	blessed	1
32	up	1
32	performed	1
32	by	1
32	they	1
32	behind	1
32	did	1
32	works	1
32	we	1
32	light	1
32	saying	1
32	around	1
32	were	2
32	unto	1
32	for	3
32	required	1
32	are	2
32	he	7
32	lost	1
32	thoughts	1
32	duties	2
32	of	11
32	can	1
32	this	4
32	dead	1
32	found	1
32	none	1
32	from	4
32	#sequentialcaps	1
32	#lines	30
32	#maxinitial	6
32	#quotations	2
32	#caplines	7
32	#periods	10
32	#stdev	1521
32	#maxpair	10
32	#commas	31
32	#endwpunct	5
32	#textlines	30
32	#endwnumeral	1
32	wordNotInVocab	64
33	also	2
33	would	1
33	time	1
33	that	3
33	grave	1
33	life	1
33	arabic2digit	3
33	all	2
33	service	1
33	has	2
33	had	2
33	character	1
33	summer	1
33	more	1
33	kept	1
33	numerous	1
33	ready	1
33	my	7
33	rev	1
33	as	1
33	an	3
33	hand	1
33	who	1
33	#allcapswords	33
33	faith	1
33	church	1
33	his	2
33	placename	2
33	excellent	1
33	those	1
33	him	5
33	am	3
33	which	2
33	a	6
33	was	2
33	only	1
33	me	8
33	in	5
33	together	1
33	judge	1
33	you	1
33	rather	1
33	good	1
33	press	1
33	left	1
33	them	1
33	home	1
33	course	1
33	to	15
33	it	1
33	loved	1
33	arabic4digit	1
33	evening	1
33	be	2
33	until	1
33	say	3
33	arabic1digit	1
33	but	2
33	friend	1
33	too	1
33	upon	2
33	have	5
33	there	1
33	love	1
33	while	1
33	address	1
33	read	1
33	d.d.	2
33	some	1
33	with	3
33	talk	1
33	may	1
33	up	1
33	well	2
33	people	1
33	must	1
33	once	1
33	appeared	1
33	hope	1
33	knew	1
33	much	1
33	and	7
33	always	1
33	i	14
33	indeed	1
33	sort	1
33	day	1
33	crown	1
33	the	15
33	this	4
33	flower	1
33	whether	1
33	lord	1
33	give	1
33	shall	3
33	by	1
33	look	1
33	taken	1
33	now	1
33	years	1
33	at	3
33	thought	1
33	is	4
33	than	1
33	not	4
33	for	4
33	personalname	4
33	professor	1
33	myself	1
33	about	2
33	he	1
33	did	1
33	romannumeral	1
33	of	7
33	can	1
33	laid	1
33	measure	1
33	been	1
33	from	2
33	regard	1
33	something	1
33	if	1
33	doubt	1
33	on	2
33	#sequentialcaps	4
33	#lines	31
33	#maxinitial	4
33	#quotations	1
33	#caplines	10
33	#startwname	1
33	#periods	16
33	#stdev	2045
33	#maxpair	7
33	#commas	33
33	#endwpunct	7
33	#questionmarks	1
33	#textlines	31
33	#endwnumeral	2
33	wordNotInVocab	64
34	all	1
34	what	1
34	dr	1
34	would	2
34	world	1
34	influence	1
34	grave	1
34	life	1
34	arabic2digit	1
34	should	1
34	while	1
34	let	2
34	had	3
34	character	1
34	various	1
34	for	7
34	around	1
34	our	1
34	case	1
34	as	6
34	an	2
34	still	1
34	things	1
34	young	2
34	who	1
34	continued	1
34	#allcapswords	1
34	his	6
34	century	1
34	strength	1
34	those	2
34	college	1
34	you	6
34	a	11
34	christian	1
34	moment	1
34	only	1
34	men	2
34	whom	1
34	in	7
34	conduct	1
34	sacred	1
34	already	1
34	these	1
34	fame	1
34	useful	1
34	yet	2
34	why	1
34	friend	1
34	press	1
34	honour	2
34	too	1
34	most	1
34	to	15
34	that	2
34	no	1
34	arabic4digit	1
34	about	1
34	which	5
34	himself	1
34	noble	1
34	true	1
34	when	1
34	crown	1
34	quite	1
34	but	2
34	hand	1
34	either	1
34	was	7
34	other	1
34	upon	4
34	have	3
34	there	1
34	before	1
34	been	2
34	with	6
34	may	2
34	study	1
34	religion	2
34	must	1
34	will	1
34	respect	1
34	three	1
34	one	1
34	here	1
34	knew	1
34	it	5
34	lived	1
34	spirit	1
34	much	4
34	and	13
34	i	1
34	public	1
34	us	2
34	or	4
34	this	2
34	up	1
34	be	4
34	compared	1
34	might	1
34	by	2
34	now	1
34	more	1
34	are	3
34	years	1
34	at	3
34	dignity	1
34	names	1
34	we	1
34	such	1
34	law	1
34	is	2
34	earth	1
34	the	34
34	not	4
34	placed	1
34	through	1
34	personalname	2
34	like	1
34	he	7
34	death	1
34	of	13
34	can	1
34	sense	1
34	last	1
34	afterwards	1
34	how	5
34	come	1
34	country	1
34	doubt	1
34	whose	2
34	#sequentialcaps	3
34	#lines	40
34	#maxinitial	6
34	#quotations	4
34	#caplines	5
34	#periods	18
34	#stdev	1159
34	#maxpair	9
34	#commas	23
34	#endwpunct	6
34	#questionmarks	1
34	#exclamationpoints	1
34	#textlines	40
34	#endwnumeral	1
34	wordNotInVocab	118
35	written	1
35	what	1
35	consequences	1
35	same	1
35	would	2
35	world	2
35	soon	1
35	circumstances	1
35	life	3
35	himself	2
35	arabic2digit	2
35	all	1
35	service	2
35	has	2
35	forth	1
35	themselves	1
35	nor	2
35	had	1
35	man	2
35	duty	1
35	their	1
35	my	9
35	past	1
35	every	1
35	as	2
35	an	1
35	believe	2
35	cannot	1
35	things	1
35	young	1
35	much	1
35	#allcapswords	15
35	god	3
35	that	9
35	his	7
35	placename	2
35	those	1
35	do	1
35	present	2
35	letter	2
35	under	2
35	thought	2
35	a	6
35	new	1
35	almost	1
35	only	1
35	men	2
35	me	4
35	in	9
35	who	3
35	these	1
35	useful	2
35	business	1
35	better	1
35	mind	3
35	part	1
35	most	3
35	course	4
35	it	7
35	no	2
35	which	2
35	when	1
35	arabic1digit	4
35	property	1
35	but	1
35	religious	1
35	other	1
35	upon	1
35	where	1
35	have	4
35	there	2
35	am	4
35	with	3
35	question	1
35	may	1
35	make	1
35	will	3
35	ever	1
35	one	1
35	alone	1
35	and	11
35	proper	1
35	i	14
35	public	1
35	to	15
35	the	18
35	vain	1
35	moment	1
35	be	4
35	ought	1
35	set	1
35	by	1
35	here	1
35	your	1
35	now	1
35	political	1
35	are	3
35	feel	1
35	at	3
35	mother	1
35	we	1
35	grace	2
35	law	1
35	is	8
35	not	3
35	placed	1
35	for	4
35	this	4
35	myself	1
35	he	3
35	thoughts	1
35	of	16
35	can	1
35	good	1
35	been	2
35	from	1
35	arabic4digit	1
35	if	1
35	after	1
35	#sequentialcaps	1
35	#lines	40
35	#maxinitial	6
35	#quotations	8
35	#caplines	3
35	#periods	18
35	#stdev	2111
35	#maxpair	8
35	#startwrubric	1
35	#commas	18
35	#endwpunct	10
35	#questionmarks	1
35	#exclamationpoints	1
35	#textlines	40
35	#endwnumeral	1
35	wordNotInVocab	86
36	written	1
36	what	1
36	ground	1
36	time	2
36	remarkable	1
36	never	1
36	life	2
36	serve	1
36	arabic2digit	2
36	all	2
36	into	2
36	honourable	1
36	while	1
36	service	2
36	note	1
36	had	5
36	character	1
36	more	1
36	my	3
36	said	1
36	first	2
36	nor	1
36	as	5
36	an	2
36	river	1
36	still	1
36	things	1
36	spirit	1
36	hand	1
36	north	1
36	last	1
36	ancient	1
36	again	1
36	#allcapswords	8
36	god	1
36	faith	1
36	less	1
36	that	7
36	his	17
36	placename	1
36	our	1
36	him	8
36	letter	3
36	could	3
36	elements	1
36	a	10
36	date	1
36	was	10
36	moment	1
36	new	1
36	saying	1
36	lips	1
36	year	3
36	me	1
36	in	10
36	soon	1
36	these	2
36	nothing	1
36	off	1
36	worthy	1
36	friend	1
36	most	1
36	then	1
36	practical	1
36	them	1
36	with	7
36	few	1
36	third	1
36	show	1
36	received	1
36	favour	1
36	it	7
36	history	1
36	no	1
36	arabic4digit	2
36	about	1
36	journal	1
36	daily	1
36	put	2
36	servant	1
36	before	2
36	when	1
36	home	1
36	prince	1
36	the	33
36	but	1
36	two	1
36	other	1
36	hour	2
36	there	2
36	some	1
36	known	1
36	very	1
36	question	1
36	may	1
36	enter	1
36	course	1
36	afterwards	1
36	three	1
36	one	2
36	just	1
36	knew	1
36	work	1
36	many	1
36	and	14
36	always	1
36	i	8
36	spent	1
36	to	15
36	christian	1
36	having	1
36	through	1
36	neither	1
36	board	1
36	mother	1
36	above	1
36	by	2
36	which	7
36	six	1
36	years	1
36	found	1
36	propernoun	1
36	we	1
36	such	1
36	is	2
36	private	1
36	than	2
36	not	2
36	were	2
36	placed	1
36	for	5
36	personalname	3
36	object	1
36	away	1
36	system	2
36	he	12
36	account	1
36	did	3
36	got	1
36	of	18
36	half	1
36	this	6
36	good	1
36	been	1
36	at	6
36	from	3
36	hands	1
36	field	1
36	union	1
36	cannot	1
36	after	1
36	go	1
36	on	4
36	own	3
36	#sequentialcaps	3
36	#lines	41
36	#maxinitial	6
36	#quotations	12
36	#caplines	4
36	#periods	16
36	#stdev	1387
36	#maxpair	10
36	#commas	34
36	#endwpunct	7
36	#textlines	41
36	#endwnumeral	1
36	wordNotInVocab	91
37	written	2
37	wrote	1
37	dr	1
37	make	1
37	would	1
37	ground	1
37	time	1
37	does	1
37	soon	1
37	just	1
37	first	1
37	arabic2digit	1
37	southern	1
37	what	1
37	while	2
37	has	1
37	had	1
37	character	1
37	more	1
37	romannumeral	1
37	race	2
37	old	1
37	as	1
37	an	4
37	believe	1
37	exemplified	1
37	still	1
37	general	1
37	last	1
37	than	1
37	again	1
37	#allcapswords	8
37	god	1
37	church	1
37	his	8
37	placename	3
37	excellent	1
37	our	1
37	him	3
37	letter	2
37	really	1
37	you	2
37	a	8
37	was	4
37	live	1
37	because	2
37	made	1
37	for	5
37	men	2
37	me	4
37	in	10
37	aside	1
37	these	1
37	felt	1
37	door	1
37	mighty	1
37	its	2
37	union	1
37	mind	1
37	important	1
37	long	2
37	life	1
37	most	2
37	cheap	1
37	them	1
37	south	1
37	entered	1
37	that	4
37	says	2
37	no	3
37	take	2
37	march	1
37	arabic4digit	1
37	which	6
37	though	1
37	opinion	1
37	true	1
37	say	1
37	when	3
37	through	1
37	but	2
37	e	1
37	condition	1
37	people	1
37	friend	1
37	upon	4
37	interesting	1
37	have	2
37	there	2
37	family	1
37	some	1
37	with	3
37	may	2
37	will	2
37	hope	1
37	one	5
37	here	1
37	it	3
37	received	1
37	much	2
37	and	8
37	i	7
37	public	1
37	to	14
37	christian	1
37	us	1
37	words	1
37	coloured	1
37	this	5
37	understand	1
37	coming	1
37	be	2
37	noble	1
37	subject	3
37	purpose	1
37	attention	1
37	man	1
37	are	2
37	done	1
37	at	2
37	among	1
37	propernoun	1
37	is	4
37	the	29
37	not	5
37	field	1
37	were	1
37	proper	2
37	personalname	1
37	he	11
37	of	19
37	can	1
37	whom	1
37	how	1
37	good	1
37	come	2
37	from	5
37	charge	1
37	something	1
37	if	1
37	own	1
37	doubt	1
37	age	1
37	on	5
37	#sequentialcaps	1
37	#lines	40
37	#maxinitial	6
37	#quotations	7
37	#caplines	7
37	#periods	15
37	#stdev	1201
37	#maxpair	9
37	#commas	44
37	#endwpunct	9
37	#questionmarks	1
37	#textlines	40
37	#endwnumeral	1
37	wordNotInVocab	93
38	b	1
38	what	1
38	jesus	1
38	time	2
38	become	1
38	since	2
38	century	1
38	himself	3
38	arabic2digit	1
38	southern	2
38	fall	1
38	selected	2
38	has	1
38	without	1
38	brother	1
38	had	2
38	coloured	1
38	theatre	1
38	circle	1
38	various	1
38	s	2
38	my	2
38	rev	1
38	first	3
38	every	1
38	as	2
38	an	1
38	spirit	1
38	young	1
38	#allcapswords	5
38	god	1
38	faith	2
38	that	4
38	his	7
38	placename	3
38	our	2
38	him	1
38	letter	1
38	itself	2
38	distance	1
38	a	12
38	was	7
38	origin	1
38	only	3
38	in	8
38	these	2
38	felt	1
38	days	1
38	period	1
38	thus	1
38	its	1
38	making	1
38	mind	1
38	been	1
38	seemed	1
38	cast	1
38	south	1
38	favour	1
38	it	6
38	says	1
38	arabic4digit	1
38	church	1
38	like	1
38	white	1
38	large	1
38	religious	2
38	then	1
38	two	1
38	other	2
38	upon	4
38	deep	1
38	where	1
38	have	1
38	read	1
38	very	1
38	with	5
38	so	1
38	may	1
38	eye	1
38	taking	1
38	them	1
38	own	2
38	ever	1
38	one	1
38	prayer	1
38	just	1
38	many	2
38	and	9
38	i	1
38	within	1
38	to	17
38	loved	1
38	name	1
38	the	35
38	certainly	1
38	this	5
38	by	5
38	even	2
38	be	5
38	shall	2
38	or	1
38	purpose	1
38	here	1
38	which	11
38	look	1
38	man	1
38	are	1
38	found	1
38	they	1
38	among	1
38	christ	1
38	we	1
38	such	1
38	knowledge	1
38	being	1
38	west	1
38	is	3
38	than	1
38	not	3
38	for	5
38	land	1
38	better	1
38	noble	1
38	myself	1
38	he	7
38	of	22
38	chapel	2
38	religion	1
38	number	1
38	divine	1
38	small	1
38	at	1
38	field	1
38	lines	1
38	if	3
38	after	1
38	however	1
38	whose	1
38	on	1
38	#sequentialcaps	1
38	#lines	40
38	#maxinitial	7
38	#quotations	7
38	#caplines	5
38	#periods	16
38	#stdev	1218
38	#maxpair	10
38	#commas	38
38	#endwpunct	8
38	#questionmarks	2
38	#textlines	40
38	#endwnumeral	1
38	wordNotInVocab	100
39	essays	1
39	wrote	1
39	least	1
39	master	1
39	dr	1
39	would	4
39	become	1
39	never	1
39	since	2
39	type	1
39	arabic2digit	1
39	all	1
39	into	1
39	judge	1
39	has	1
39	without	1
39	had	4
39	character	1
39	man	1
39	end	1
39	their	4
39	my	4
39	race	1
39	great	1
39	grace	1
39	an	2
39	who	3
39	continued	1
39	than	1
39	time	2
39	throne	1
39	few	2
39	his	6
39	placename	3
39	times	1
39	those	3
39	him	3
39	sent	1
39	which	5
39	a	8
39	was	6
39	me	1
39	in	12
39	land	2
39	fear	1
39	mighty	1
39	friend	1
39	yet	1
39	#allcapswords	6
39	common	1
39	turned	2
39	long	1
39	most	1
39	faith	1
39	then	1
39	them	1
39	he	8
39	people	1
39	received	1
39	that	8
39	take	1
39	particular	1
39	late	1
39	almost	1
39	like	2
39	servant	2
39	before	2
39	different	1
39	quite	1
39	meet	1
39	but	1
39	sorrow	1
39	there	2
39	should	1
39	too	1
39	have	6
39	look	1
39	some	1
39	blessed	1
39	short	1
39	with	3
39	earliest	1
39	among	2
39	may	1
39	up	1
39	south	1
39	hope	3
39	ever	3
39	one	2
39	here	1
39	it	5
39	you	3
39	work	1
39	last	2
39	and	16
39	years	1
39	between	1
39	i	5
39	indeed	1
39	to	13
39	the	26
39	this	3
39	lord	1
39	even	1
39	be	4
39	shall	1
39	by	1
39	your	1
39	now	1
39	heart	1
39	did	1
39	gone	1
39	they	1
39	face	1
39	is	2
39	not	2
39	were	1
39	for	2
39	personalname	1
39	cause	1
39	these	1
39	children	1
39	christianity	1
39	more	1
39	of	16
39	worship	1
39	return	1
39	good	1
39	been	3
39	at	7
39	from	4
39	if	1
39	after	1
39	on	2
39	age	1
39	#sequentialcaps	2
39	#lines	40
39	#maxinitial	7
39	#quotations	2
39	#caplines	5
39	#periods	20
39	#stdev	1270
39	#maxpair	9
39	#commas	31
39	#endwpunct	7
39	#exclamationpoints	2
39	#textlines	40
39	#endwnumeral	1
39	wordNotInVocab	111
40	thing	1
40	what	1
40	dr	1
40	time	1
40	school	1
40	n	1
40	never	1
40	grave	1
40	life	1
40	interest	1
40	arabic2digit	3
40	all	2
40	into	1
40	while	1
40	should	2
40	required	1
40	brother	1
40	had	1
40	city	1
40	man	1
40	memory	1
40	their	1
40	living	1
40	great	2
40	as	2
40	an	4
40	hundred	1
40	able	1
40	hand	1
40	in	9
40	#allcapswords	3
40	god	1
40	church	3
40	his	16
40	placename	3
40	our	4
40	j	1
40	itself	1
40	could	1
40	a	8
40	was	10
40	parts	1
40	only	2
40	object	2
40	me	1
40	days	1
40	period	1
40	thousand	1
40	its	3
40	union	1
40	gave	1
40	character	1
40	called	1
40	that	6
40	no	1
40	take	1
40	arabic4digit	3
40	june	1
40	which	4
40	like	1
40	table	1
40	when	2
40	the	24
40	but	3
40	those	1
40	two	1
40	friend	1
40	upon	3
40	board	2
40	where	1
40	him	3
40	have	3
40	there	2
40	some	1
40	very	1
40	best	1
40	with	5
40	three	2
40	at	2
40	one	2
40	just	1
40	carried	1
40	work	4
40	last	1
40	and	18
40	it	4
40	far	1
40	spent	1
40	to	13
40	day	1
40	ancient	1
40	through	1
40	this	2
40	even	1
40	be	2
40	shall	1
40	might	1
40	or	1
40	by	2
40	attention	1
40	point	1
40	now	3
40	heart	1
40	force	1
40	are	1
40	years	2
40	they	2
40	propernoun	1
40	we	1
40	is	4
40	not	2
40	were	2
40	placed	1
40	for	10
40	personalname	1
40	well	1
40	men	1
40	he	11
40	of	14
40	laid	1
40	own	1
40	from	2
40	hands	1
40	being	1
40	engaged	1
40	performed	1
40	on	1
40	#sequentialcaps	1
40	#lines	40
40	#maxinitial	6
40	#quotations	2
40	#caplines	3
40	#periods	19
40	#stdev	1257
40	#maxpair	8
40	#commas	25
40	#endwpunct	5
40	#textlines	40
40	#endwnumeral	1
40	wordNotInVocab	113
41	living	1
41	what	1
41	dr	2
41	would	1
41	ground	1
41	does	1
41	street	1
41	never	2
41	life	1
41	arabic2digit	3
41	wise	1
41	all	1
41	while	1
41	service	1
41	without	1
41	brother	1
41	had	2
41	more	2
41	four	1
41	stood	1
41	my	2
41	said	1
41	as	5
41	an	2
41	upon	1
41	still	2
41	page	1
41	who	1
41	#allcapswords	5
41	god	1
41	seeing	1
41	letters	2
41	his	8
41	placename	1
41	him	2
41	letter	3
41	under	3
41	you	3
41	a	5
41	date	1
41	able	1
41	dark	1
41	new	2
41	lie	1
41	prof	1
41	men	1
41	me	2
41	administration	2
41	these	2
41	its	1
41	justice	1
41	yet	1
41	important	1
41	long	1
41	part	1
41	then	1
41	place	1
41	entered	1
41	out	1
41	that	8
41	no	1
41	march	2
41	arabic4digit	3
41	church	7
41	be	2
41	several	1
41	true	1
41	say	2
41	arabic1digit	3
41	but	1
41	our	4
41	called	1
41	post	1
41	board	5
41	have	2
41	there	2
41	before	1
41	manner	1
41	very	2
41	so	1
41	question	1
41	will	2
41	hope	2
41	yourself	1
41	one	3
41	w	1
41	it	10
41	good	1
41	thought	1
41	work	2
41	and	12
41	just	1
41	management	1
41	i	3
41	far	2
41	her	2
41	to	15
41	day	4
41	was	3
41	the	31
41	review	1
41	words	1
41	this	3
41	up	1
41	give	1
41	office	1
41	let	1
41	or	1
41	by	2
41	here	1
41	your	1
41	now	2
41	man	1
41	are	3
41	persons	1
41	at	1
41	gone	1
41	any	1
41	they	2
41	such	1
41	is	7
41	not	3
41	were	1
41	unto	1
41	for	1
41	personalname	3
41	on	1
41	he	2
41	enlarged	1
41	another	1
41	of	25
41	how	2
41	in	11
41	own	1
41	dead	1
41	been	2
41	from	3
41	if	1
41	both	1
41	however	1
41	three	2
41	#sequentialcaps	3
41	#lines	40
41	#maxinitial	5
41	#quotations	8
41	#caplines	5
41	#periods	22
41	#stdev	1286
41	#maxpair	7
41	#commas	43
41	#endwpunct	7
41	#exclamationpoints	2
41	#textlines	40
41	#endwnumeral	1
41	wordNotInVocab	92
42	essays	1
42	wrote	1
42	least	1
42	what	5
42	whole	1
42	time	1
42	especially	1
42	himself	1
42	stream	1
42	arabic2digit	1
42	wise	1
42	all	1
42	into	1
42	while	1
42	false	1
42	has	4
42	without	1
42	brother	1
42	had	2
42	more	1
42	because	1
42	do	1
42	numerous	1
42	great	2
42	powers	1
42	nor	2
42	every	1
42	as	3
42	an	2
42	annual	1
42	is	1
42	hand	2
42	last	1
42	church	6
42	his	8
42	it	2
42	those	1
42	him	2
42	a	3
42	christian	2
42	shame	1
42	many	3
42	who	1
42	death	1
42	sound	1
42	these	3
42	felt	1
42	principles	1
42	sacred	1
42	its	3
42	why	1
42	common	1
42	been	1
42	interest	1
42	friends	1
42	which	2
42	part	1
42	money	1
42	feet	1
42	noble	1
42	until	1
42	through	2
42	but	1
42	argument	2
42	held	1
42	our	5
42	justice	1
42	other	2
42	upon	1
42	have	1
42	some	1
42	with	4
42	once	1
42	will	1
42	own	1
42	one	1
42	table	1
42	good	2
42	work	1
42	spirit	1
42	much	2
42	and	15
42	between	1
42	that	1
42	her	1
42	to	15
42	published	1
42	the	30
42	no	1
42	or	2
42	this	1
42	from	1
42	standard	1
42	lord	1
42	neither	1
42	be	3
42	office	1
42	subject	2
42	by	3
42	attention	1
42	man	1
42	are	2
42	took	1
42	did	3
42	popular	1
42	land	1
42	at	2
42	side	1
42	any	2
42	their	3
42	youth	2
42	than	1
42	not	5
42	equal	1
42	for	2
42	cause	1
42	children	1
42	christianity	1
42	he	12
42	duties	1
42	years	2
42	of	22
42	can	1
42	means	1
42	true	4
42	during	1
42	in	8
42	come	1
42	something	1
42	mercy	1
42	whose	1
42	on	2
42	#sequentialcaps	2
42	#lines	40
42	#maxinitial	6
42	#caplines	5
42	#periods	13
42	#stdev	1197
42	#maxpair	9
42	#commas	25
42	#endwpunct	6
42	#questionmarks	5
42	#textlines	40
42	#endwnumeral	1
42	wordNotInVocab	107
43	written	1
43	met	1
43	what	1
43	truth	1
43	same	1
43	would	1
43	whole	1
43	time	1
43	that	5
43	never	1
43	high	1
43	certain	1
43	arabic2digit	1
43	should	1
43	has	4
43	without	1
43	had	2
43	character	3
43	published	1
43	more	3
43	said	1
43	great	2
43	nor	1
43	as	3
43	an	2
43	cannot	1
43	things	1
43	general	1
43	carried	1
43	secret	1
43	sermon	1
43	#allcapswords	1
43	faith	2
43	church	2
43	his	13
43	strength	1
43	done	1
43	those	1
43	him	3
43	reason	1
43	a	10
43	was	2
43	made	1
43	only	1
43	men	1
43	read	1
43	in	14
43	who	1
43	sound	1
43	already	1
43	these	1
43	its	1
43	why	1
43	part	1
43	little	1
43	practical	1
43	them	1
43	sort	1
43	it	6
43	servant	1
43	dr	1
43	no	2
43	about	1
43	which	4
43	true	1
43	large	1
43	the	13
43	but	2
43	especially	1
43	order	1
43	our	1
43	two	1
43	friend	1
43	other	1
43	too	1
43	upon	3
43	action	1
43	christian	1
43	this	3
43	there	2
43	some	3
43	follow	1
43	with	1
43	well	1
43	even	1
43	once	1
43	three	1
43	one	2
43	sermons	2
43	many	1
43	and	17
43	always	1
43	i	1
43	far	2
43	way	1
43	influence	1
43	her	2
43	to	8
43	able	1
43	through	1
43	books	1
43	often	1
43	from	3
43	neither	1
43	be	3
43	shall	1
43	or	2
43	by	3
43	look	1
43	subjects	1
43	did	1
43	we	2
43	they	2
43	study	1
43	being	1
43	applied	1
43	is	5
43	not	2
43	were	2
43	for	1
43	year	2
43	he	7
43	fell	1
43	of	23
43	can	2
43	how	2
43	good	1
43	been	1
43	at	2
43	something	1
43	if	1
43	go	1
43	power	1
43	own	1
43	#sequentialcaps	1
43	#lines	40
43	#maxinitial	8
43	#quotations	3
43	#caplines	5
43	#periods	15
43	#stdev	1290
43	#maxpair	10
43	#startwrubric	1
43	#commas	29
43	#endwpunct	4
43	#exclamationpoints	1
43	#textlines	40
43	#endwnumeral	1
43	wordNotInVocab	120
44	least	1
44	no	1
44	what	1
44	seen	1
44	master	2
44	latter	1
44	except	1
44	never	2
44	social	2
44	life	1
44	himself	1
44	arabic2digit	1
44	all	1
44	nothing	3
44	had	2
44	character	1
44	word	1
44	as	1
44	ready	1
44	my	1
44	said	1
44	great	1
44	nor	1
44	every	1
44	duty	5
44	an	1
44	who	2
44	#allcapswords	8
44	less	3
44	church	1
44	his	17
44	him	5
44	am	2
44	itself	1
44	could	1
44	you	1
44	a	9
44	was	12
44	only	3
44	eyes	1
44	me	2
44	i	8
44	placename	1
44	these	1
44	felt	1
44	worthy	1
44	its	1
44	virtue	1
44	god	1
44	seemed	2
44	them	2
44	blood	1
44	that	4
44	choice	1
44	friends	2
44	arabic4digit	1
44	which	4
44	right	1
44	noble	1
44	true	1
44	when	4
44	arabic1digit	1
44	different	1
44	the	19
44	but	7
44	fire	1
44	enough	1
44	full	1
44	friend	2
44	too	1
44	grace	2
44	call	1
44	where	1
44	have	3
44	there	2
44	family	1
44	out	1
44	very	1
44	follow	2
44	with	7
44	so	1
44	question	1
44	among	1
44	may	1
44	eye	1
44	heard	2
44	will	1
44	respect	1
44	own	4
44	one	4
44	knew	2
44	it	5
44	three	1
44	and	14
44	just	1
44	years	1
44	been	1
44	think	1
44	else	1
44	to	16
44	name	1
44	doubt	1
44	through	3
44	certainly	1
44	this	3
44	up	1
44	even	2
44	be	1
44	might	3
44	or	1
44	by	3
44	say	1
44	point	1
44	your	1
44	about	1
44	others	1
44	water	1
44	death	1
44	at	3
44	do	1
44	any	2
44	such	1
44	pride	2
44	is	4
44	than	1
44	not	5
44	were	3
44	for	2
44	he	9
44	feet	1
44	fine	1
44	another	1
44	here	2
44	of	21
44	birth	2
44	before	1
44	place	1
44	in	4
44	happy	1
44	from	2
44	nature	1
44	sometimes	1
44	lay	1
44	on	1
44	#sequentialcaps	2
44	#lines	41
44	#maxinitial	5
44	#quotations	11
44	#caplines	8
44	#periods	20
44	#stdev	1597
44	#maxpair	7
44	#commas	41
44	#endwpunct	9
44	#questionmarks	1
44	#textlines	40
44	#endwnumeral	2
44	wordNotInVocab	104
45	written	1
45	what	3
45	greater	1
45	remarkable	1
45	never	1
45	life	2
45	himself	1
45	arabic2digit	1
45	all	1
45	brother	1
45	fall	1
45	has	2
45	had	2
45	character	1
45	more	2
45	as	4
45	their	2
45	passed	1
45	child	1
45	my	4
45	said	2
45	case	1
45	christ	1
45	grace	3
45	an	1
45	action	1
45	just	1
45	know	1
45	is	7
45	church	1
45	his	3
45	strength	1
45	our	4
45	him	2
45	am	1
45	you	1
45	a	13
45	christian	1
45	because	1
45	only	3
45	men	1
45	causes	1
45	thy	1
45	me	1
45	in	11
45	fear	1
45	already	1
45	its	3
45	worthy	2
45	heavenly	1
45	thus	1
45	yet	1
45	#allcapswords	6
45	god	1
45	love	1
45	garden	1
45	mind	1
45	led	1
45	blood	1
45	that	4
45	says	1
45	dr	1
45	captain	1
45	which	3
45	before	1
45	arabic1digit	1
45	the	19
45	but	4
45	order	1
45	was	7
45	too	1
45	upon	5
45	have	2
45	there	2
45	cast	3
45	often	1
45	some	1
45	thee	1
45	whether	2
45	with	3
45	so	3
45	designed	1
45	up	1
45	must	1
45	them	1
45	own	1
45	here	1
45	it	19
45	spirit	2
45	much	2
45	and	14
45	always	1
45	thine	1
45	i	5
45	mr	1
45	to	11
45	loved	1
45	crown	1
45	us	3
45	certainly	1
45	or	1
45	this	3
45	lord	1
45	be	4
45	shall	1
45	might	1
45	by	1
45	point	1
45	now	1
45	heart	1
45	man	2
45	others	1
45	at	2
45	among	1
45	we	3
45	such	1
45	joy	1
45	law	2
45	not	5
45	for	1
45	personalname	2
45	cause	1
45	are	2
45	he	5
45	feet	2
45	another	1
45	of	10
45	do	1
45	good	2
45	been	1
45	power	3
45	flower	1
45	kingdom	1
45	#sequentialcaps	4
45	#lines	39
45	#maxinitial	6
45	#quotations	13
45	#caplines	9
45	#startwname	1
45	#periods	27
45	#stdev	1372
45	#maxpair	12
45	#commas	28
45	#endwpunct	8
45	#exclamationpoints	1
45	#textlines	39
45	#endwnumeral	1
45	wordNotInVocab	93
46	brought	1
46	what	1
46	master	2
46	dr	1
46	time	1
46	social	1
46	grave	1
46	life	3
46	himself	1
46	law	1
46	arabic2digit	1
46	all	3
46	into	1
46	without	1
46	brother	1
46	length	2
46	had	1
46	character	1
46	sin	2
46	man	1
46	end	1
46	house	1
46	close	1
46	body	1
46	word	1
46	but	6
46	living	1
46	against	2
46	powers	1
46	every	1
46	as	5
46	an	1
46	who	1
46	except	1
46	use	1
46	few	1
46	his	18
46	our	2
46	under	1
46	sent	1
46	a	8
46	was	2
46	strong	1
46	men	1
46	me	1
46	in	12
46	five	1
46	matter	1
46	came	1
46	its	1
46	mind	2
46	out	1
46	long	2
46	early	1
46	been	1
46	love	1
46	it	7
46	no	2
46	friends	1
46	which	7
46	right	1
46	like	1
46	servant	1
46	do	1
46	literary	1
46	became	1
46	at	2
46	honour	1
46	carried	1
46	example	1
46	condition	1
46	two	2
46	i	1
46	other	1
46	too	1
46	upon	2
46	him	3
46	have	3
46	there	1
46	make	1
46	very	1
46	best	1
46	with	8
46	so	1
46	may	1
46	well	1
46	must	3
46	will	1
46	own	1
46	ever	1
46	one	1
46	speak	1
46	here	1
46	work	1
46	many	1
46	and	7
46	years	1
46	that	3
46	language	1
46	judgement	1
46	way	1
46	she	2
46	to	15
46	name	1
46	the	30
46	#allcapswords	1
46	this	8
46	be	1
46	respecting	1
46	shall	1
46	or	2
46	by	1
46	more	1
46	are	3
46	feel	2
46	we	11
46	four	1
46	state	1
46	only	2
46	not	2
46	field	1
46	were	1
46	for	2
46	personalname	1
46	cause	1
46	is	4
46	others	1
46	myself	1
46	he	4
46	death	2
46	of	18
46	can	1
46	before	2
46	sometimes	1
46	they	1
46	from	2
46	nature	3
46	if	1
46	go	1
46	however	1
46	her	1
46	#lines	40
46	#maxinitial	6
46	#caplines	4
46	#startwname	1
46	#periods	20
46	#stdev	1113
46	#maxpair	8
46	#commas	25
46	#endwpunct	6
46	#textlines	40
46	#endwnumeral	1
46	wordNotInVocab	109
47	holy	1
47	what	14
47	lay	1
47	whole	1
47	does	1
47	never	2
47	scene	1
47	life	1
47	arabic2digit	1
47	all	1
47	has	3
47	had	1
47	found	1
47	more	1
47	house	1
47	their	4
47	around	1
47	said	1
47	great	2
47	every	1
47	grace	1
47	well	1
47	know	1
47	still	1
47	things	2
47	young	1
47	who	5
47	#allcapswords	4
47	god	2
47	last	1
47	less	1
47	that	8
47	his	10
47	him	5
47	letter	1
47	under	1
47	could	1
47	each	1
47	thought	1
47	a	13
47	was	4
47	live	1
47	made	1
47	saying	1
47	men	1
47	in	7
47	meeting	1
47	should	1
47	these	2
47	boy	2
47	church	1
47	father	1
47	early	1
47	then	1
47	so	2
47	them	4
47	home	3
47	to	7
47	alas	1
47	received	1
47	it	5
47	no	1
47	which	1
47	noble	1
47	how	2
47	at	1
47	us	3
47	but	3
47	when	1
47	our	2
47	i	2
47	friend	1
47	too	2
47	upon	1
47	were	1
47	have	1
47	there	2
47	while	1
47	tears	1
47	some	1
47	from	3
47	with	7
47	talk	1
47	note	1
47	may	2
47	burke	1
47	must	1
47	taking	1
47	will	2
47	own	1
47	ever	2
47	one	3
47	concerning	1
47	knew	2
47	you	1
47	much	1
47	and	13
47	help	1
47	bright	1
47	she	1
47	entered	1
47	day	1
47	the	17
47	as	1
47	this	2
47	blessed	1
47	up	1
47	even	1
47	be	5
47	or	2
47	ourselves	1
47	heart	2
47	man	2
47	are	1
47	feel	1
47	persons	1
47	they	1
47	dignity	1
47	we	3
47	judge	1
47	light	1
47	such	3
47	only	1
47	is	6
47	than	1
47	not	3
47	for	1
47	personalname	2
47	better	1
47	children	2
47	he	3
47	lost	1
47	used	1
47	here	1
47	of	14
47	can	1
47	means	1
47	true	1
47	good	1
47	been	2
47	hearts	1
47	earth	1
47	back	1
47	country	1
47	something	1
47	kingdom	1
47	on	2
47	#sequentialcaps	1
47	#lines	40
47	#maxinitial	8
47	#quotations	4
47	#caplines	5
47	#periods	25
47	#stdev	1293
47	#maxpair	9
47	#commas	36
47	#endwpunct	8
47	#questionmarks	3
47	#exclamationpoints	2
47	#textlines	40
47	#endwnumeral	1
47	wordNotInVocab	102
48	what	3
48	seen	1
48	dr	1
48	while	1
48	become	1
48	that	10
48	never	1
48	circumstances	1
48	great	1
48	interest	1
48	arabic2digit	2
48	southern	1
48	has	1
48	let	2
48	brother	1
48	had	2
48	various	1
48	hope	3
48	close	2
48	kept	1
48	yes	1
48	my	1
48	against	1
48	first	2
48	christ	2
48	as	6
48	an	3
48	give	1
48	know	2
48	cannot	1
48	continued	1
48	god	3
48	left	1
48	church	2
48	his	6
48	placename	2
48	times	1
48	our	5
48	him	3
48	am	1
48	former	1
48	you	3
48	a	6
48	was	5
48	moment	1
48	mean	1
48	made	1
48	saying	1
48	only	1
48	christians	1
48	whom	1
48	in	11
48	these	2
48	thus	1
48	beautiful	1
48	peace	2
48	replied	1
48	its	5
48	#allcapswords	15
48	already	1
48	keep	1
48	mind	1
48	pardon	1
48	see	1
48	arms	1
48	home	2
48	without	1
48	it	7
48	ought	1
48	almost	1
48	part	1
48	sky	1
48	early	1
48	became	1
48	different	1
48	through	2
48	but	3
48	all	4
48	too	3
48	progress	2
48	board	1
48	deep	1
48	darkness	1
48	have	9
48	there	1
48	before	1
48	with	4
48	so	1
48	may	2
48	well	2
48	must	1
48	will	1
48	be	3
48	ever	1
48	alone	1
48	work	2
48	many	2
48	and	14
48	i	15
48	history	1
48	to	14
48	day	2
48	able	1
48	us	1
48	boards	1
48	dear	1
48	this	2
48	blessed	1
48	find	1
48	up	2
48	or	1
48	which	3
48	now	1
48	are	2
48	your	1
48	death	1
48	at	1
48	spoke	1
48	we	1
48	they	1
48	such	1
48	is	3
48	the	24
48	not	3
48	one	1
48	unto	1
48	for	4
48	personalname	1
48	administration	1
48	men	2
48	christianity	1
48	he	6
48	please	1
48	duties	1
48	feel	1
48	of	21
48	can	2
48	return	1
48	do	5
48	during	1
48	been	2
48	say	1
48	mortal	1
48	from	4
48	hands	1
48	said	1
48	union	1
48	on	1
48	#sequentialcaps	1
48	#lines	40
48	#maxinitial	4
48	#quotations	12
48	#caplines	4
48	#periods	24
48	#stdev	1224
48	#maxpair	7
48	#commas	28
48	#endwpunct	6
48	#questionmarks	1
48	#textlines	40
48	#endwnumeral	1
48	wordNotInVocab	87
49	what	1
49	would	1
49	whole	1
49	time	2
49	lord	2
49	grave	2
49	life	1
49	himself	1
49	all	3
49	large	1
49	without	2
49	had	2
49	beauty	1
49	summer	1
49	city	1
49	grace	2
49	such	1
49	kept	1
49	ready	1
49	my	2
49	great	1
49	die	1
49	powers	1
49	as	3
49	work	2
49	give	1
49	cannot	1
49	done	1
49	hand	1
49	than	1
49	#allcapswords	5
49	god	1
49	faith	1
49	less	1
49	few	1
49	his	15
49	strength	1
49	him	4
49	a	9
49	christian	2
49	live	1
49	only	1
49	eyes	1
49	thy	3
49	whom	1
49	in	5
49	earth	1
49	everything	1
49	bed	1
49	its	1
49	better	1
49	heavenly	1
49	peace	1
49	rest	1
49	thus	1
49	yet	1
49	see	2
49	seemed	1
49	them	1
49	home	2
49	leave	1
49	course	1
49	who	1
49	that	8
49	no	3
49	friends	1
49	which	3
49	servant	1
49	true	1
49	different	1
49	also	1
49	but	2
49	upon	2
49	hour	1
49	where	1
49	have	3
49	there	3
49	love	1
49	am	1
49	journey	1
49	passed	1
49	make	1
49	thee	1
49	very	1
49	with	3
49	so	2
49	could	1
49	glorious	1
49	went	1
49	ever	1
49	just	1
49	knew	1
49	it	2
49	kind	1
49	and	16
49	i	4
49	language	1
49	laid	1
49	skies	1
49	to	13
49	day	1
49	was	8
49	crown	2
49	the	25
49	this	1
49	from	2
49	up	1
49	be	1
49	complete	1
49	shall	1
49	might	1
49	battle	1
49	by	2
49	took	1
49	now	1
49	heart	1
49	at	4
49	propernoun	1
49	we	1
49	judge	1
49	light	1
49	around	1
49	knowledge	1
49	though	1
49	is	7
49	over	1
49	not	2
49	were	1
49	for	5
49	personalname	1
49	hold	1
49	away	1
49	he	9
49	go	3
49	death	1
49	full	1
49	of	17
49	me	3
49	before	1
49	good	1
49	sublime	1
49	come	1
49	nature	2
49	on	2
49	power	1
49	church	1
49	#sequentialcaps	2
49	#lines	38
49	#maxinitial	6
49	#quotations	4
49	#caplines	12
49	#startwname	2
49	#periods	17
49	#stdev	1253
49	#maxpair	7
49	#commas	28
49	#endwpunct	16
49	#exclamationpoints	1
49	#textlines	38
49	wordNotInVocab	81
50	written	1
50	bosom	1
50	tree	1
50	jesus	1
50	ground	1
50	form	1
50	there	1
50	grave	4
50	high	1
50	where	1
50	arabic2digit	1
50	love	1
50	all	1
50	while	1
50	take	1
50	rose	1
50	with	2
50	may	1
50	word	1
50	beyond	1
50	hope	1
50	open	1
50	hast	1
50	as	1
50	spirit	1
50	and	5
50	thine	1
50	shall	2
50	judgement	1
50	way	1
50	faith	1
50	to	6
50	day	1
50	the	12
50	present	1
50	lord	1
50	be	2
50	a	1
50	above	1
50	by	2
50	pure	1
50	which	1
50	thy	5
50	in	3
50	at	1
50	death	1
50	for	3
50	its	1
50	thou	1
50	keep	1
50	he	1
50	lost	1
50	life	1
50	eternal	1
50	of	2
50	till	1
50	once	1
50	that	1
50	no	1
50	flowers	1
50	sleep	1
50	ere	1
50	though	1
50	like	1
50	sky	1
50	go	4
50	lay	1
50	on	1
50	#sequentialcaps	2
50	#lines	17
50	#maxinitial	3
50	#quotations	5
50	#caplines	12
50	#periods	4
50	#stdev	1052
50	#maxpair	4
50	#commas	19
50	#endwpunct	13
50	#textlines	17
50	#endwnumeral	1
50	wordNotInVocab	23
51	due	1
51	met	1
51	b	1
51	latter	1
51	dr	2
51	make	1
51	time	1
51	world	1
51	become	1
51	soon	1
51	since	1
51	life	2
51	himself	3
51	first	1
51	all	2
51	into	2
51	youth	1
51	character	2
51	more	1
51	their	1
51	sent	1
51	my	2
51	fortune	2
51	rev	1
51	beautiful	1
51	think	1
51	great	1
51	every	1
51	as	5
51	following	1
51	know	1
51	general	1
51	young	2
51	many	1
51	than	1
51	#allcapswords	7
51	natural	1
51	few	1
51	his	8
51	college	1
51	him	3
51	present	1
51	you	3
51	a	10
51	was	2
51	down	1
51	only	2
51	men	2
51	in	10
51	text	1
51	placename	1
51	already	1
51	social	1
51	chief	1
51	father	1
51	part	2
51	early	1
51	use	1
51	family	1
51	home	1
51	that	10
51	history	1
51	no	1
51	late	1
51	which	3
51	before	1
51	where	1
51	arabic1digit	1
51	the	22
51	but	1
51	arabic2digit	3
51	or	2
51	there	1
51	them	1
51	wish	1
51	very	1
51	d.d.	1
51	some	1
51	with	2
51	so	2
51	printed	1
51	beautifully	1
51	beyond	1
51	will	1
51	one	2
51	w	1
51	laid	1
51	lived	1
51	last	1
51	and	13
51	i	3
51	to	11
51	day	1
51	us	1
51	this	2
51	whether	1
51	even	1
51	be	4
51	shall	2
51	second	1
51	subject	1
51	by	3
51	man	2
51	death	2
51	at	2
51	dignity	1
51	any	2
51	may	2
51	saw	1
51	is	9
51	not	2
51	passed	1
51	personalname	3
51	are	1
51	he	9
51	it	3
51	of	19
51	can	2
51	civil	1
51	from	1
51	back	1
51	go	2
51	on	3
51	whose	1
51	church	1
51	#sequentialcaps	1
51	#lines	33
51	#maxinitial	6
51	#quotations	4
51	#caplines	5
51	#startwname	1
51	#periods	14
51	#stdev	1415
51	#maxpair	10
51	#startwrubric	1
51	#commas	30
51	#endwpunct	4
51	#textlines	33
51	#endwnumeral	1
51	wordNotInVocab	85
52	due	2
52	prove	1
52	would	4
52	time	2
52	world	2
52	especially	1
52	life	2
52	all	1
52	into	2
52	has	2
52	forth	1
52	brother	1
52	more	1
52	human	1
52	their	1
52	against	1
52	great	1
52	christ	2
52	as	3
52	an	1
52	still	2
52	general	1
52	and	18
52	faith	1
52	church	1
52	excellent	3
52	college	2
52	him	5
52	itself	1
52	natural	1
52	a	10
52	was	2
52	dark	1
52	strong	1
52	in	13
52	placename	1
52	felt	1
52	down	2
52	period	1
52	mighty	1
52	sacred	1
52	thus	1
52	free	1
52	left	1
52	little	1
52	course	1
52	received	1
52	blood	1
52	that	11
52	no	2
52	take	2
52	particular	1
52	which	4
52	though	1
52	his	16
52	be	2
52	before	1
52	prince	1
52	different	2
52	but	6
52	arabic2digit	1
52	either	1
52	should	1
52	too	1
52	upon	2
52	interesting	1
52	anything	1
52	darkness	1
52	have	2
52	there	2
52	them	2
52	this	2
52	we	2
52	some	4
52	make	1
52	best	1
52	with	3
52	so	1
52	easy	1
52	among	1
52	heaven	1
52	measure	1
52	will	3
52	respect	1
52	any	2
52	open	1
52	preparation	1
52	round	1
52	circumstances	1
52	character	1
52	it	4
52	far	1
52	influence	2
52	to	8
52	the	25
52	coming	1
52	office	1
52	shall	2
52	above	1
52	or	4
52	by	2
52	engaged	1
52	taken	1
52	now	1
52	heart	1
52	feel	2
52	at	3
52	hear	1
52	only	1
52	is	4
52	pleasure	1
52	not	4
52	one	3
52	field	1
52	placed	1
52	for	5
52	men	1
52	goes	1
52	thoughts	1
52	of	23
52	taking	1
52	place	1
52	good	1
52	once	1
52	been	1
52	from	1
52	he	15
52	till	2
52	after	1
52	on	2
52	perhaps	1
52	#lines	40
52	#maxinitial	8
52	#periods	6
52	#stdev	1016
52	#maxpair	11
52	#commas	30
52	#endwpunct	5
52	#questionmarks	3
52	#textlines	40
52	#endwnumeral	1
52	wordNotInVocab	107
53	truth	1
53	what	1
53	does	2
53	any	1
53	never	1
53	circumstances	1
53	here	1
53	interest	1
53	arabic2digit	1
53	all	1
53	into	1
53	service	1
53	had	1
53	character	1
53	coloured	1
53	mark	1
53	more	2
53	their	2
53	every	1
53	as	5
53	an	1
53	general	1
53	who	2
53	#allcapswords	4
53	less	1
53	church	4
53	his	13
53	excellent	1
53	strength	1
53	our	1
53	him	8
53	am	1
53	on	1
53	placename	1
53	a	9
53	christian	1
53	made	1
53	saying	1
53	only	2
53	whom	2
53	in	11
53	eyes	1
53	began	1
53	nothing	1
53	beautiful	1
53	rather	1
53	divine	1
53	friend	1
53	came	1
53	people	3
53	turned	1
53	life	1
53	early	1
53	little	1
53	then	1
53	family	1
53	home	1
53	show	1
53	led	1
53	that	6
53	history	1
53	no	1
53	take	1
53	friends	1
53	which	5
53	towards	1
53	several	1
53	until	1
53	how	1
53	say	3
53	when	2
53	carried	1
53	the	26
53	but	4
53	example	1
53	able	1
53	or	2
53	should	2
53	other	1
53	too	1
53	board	1
53	have	3
53	there	1
53	them	2
53	scenes	1
53	some	1
53	with	4
53	among	4
53	course	1
53	man	3
53	heard	1
53	will	2
53	respect	2
53	ever	1
53	one	1
53	just	1
53	it	3
53	good	1
53	work	2
53	much	2
53	and	12
53	i	4
53	poor	1
53	within	1
53	indeed	1
53	to	11
53	day	1
53	was	3
53	us	1
53	subject	1
53	this	2
53	even	1
53	performed	1
53	charge	1
53	set	1
53	took	1
53	now	1
53	years	1
53	at	1
53	world	1
53	view	1
53	we	1
53	is	4
53	than	3
53	not	7
53	were	1
53	placed	1
53	for	4
53	personalname	1
53	cause	1
53	away	1
53	he	11
53	both	1
53	another	1
53	must	1
53	of	25
53	doubt	1
53	found	2
53	they	2
53	from	1
53	various	1
53	being	1
53	right	1
53	whose	2
53	own	1
53	#lines	40
53	#maxinitial	5
53	#caplines	2
53	#periods	7
53	#stdev	1143
53	#maxpair	8
53	#commas	33
53	#endwpunct	3
53	#questionmarks	1
53	#textlines	40
53	#endwnumeral	1
53	wordNotInVocab	103
54	sons	1
54	holy	1
54	what	2
54	time	1
54	world	1
54	grave	2
54	sight	1
54	arabic2digit	1
54	all	2
54	while	1
54	has	1
54	more	1
54	their	2
54	body	1
54	ready	1
54	at	1
54	tender	1
54	die	1
54	every	1
54	as	5
54	river	1
54	still	1
54	who	4
54	over	1
54	#allcapswords	2
54	god	2
54	church	2
54	his	17
54	placename	1
54	those	1
54	him	9
54	under	1
54	could	1
54	a	9
54	was	6
54	because	1
54	men	1
54	whom	2
54	in	10
54	earth	1
54	land	1
54	already	1
54	these	1
54	father	1
54	about	1
54	comes	2
54	period	1
54	heavenly	2
54	death	2
54	character	1
54	life	1
54	see	1
54	arms	1
54	little	1
54	then	1
54	love	1
54	place	1
54	praise	1
54	that	7
54	take	1
54	long	1
54	fellow	1
54	part	1
54	towards	2
54	like	1
54	several	1
54	most	1
54	before	1
54	form	1
54	different	1
54	knows	1
54	but	3
54	immediately	1
54	two	1
54	should	1
54	other	3
54	too	1
54	upon	1
54	board	1
54	where	1
54	desire	1
54	them	1
54	morning	1
54	known	1
54	with	1
54	so	2
54	among	1
54	heaven	2
54	once	1
54	will	3
54	own	2
54	ever	1
54	one	3
54	congregation	1
54	lived	1
54	work	1
54	kind	1
54	last	1
54	and	22
54	i	1
54	within	1
54	makes	1
54	to	7
54	loved	1
54	the	28
54	row	1
54	air	1
54	words	1
54	up	1
54	even	1
54	be	2
54	friends	1
54	might	1
54	or	1
54	by	6
54	which	5
54	now	1
54	heart	1
54	man	2
54	done	1
54	they	3
54	however	1
54	is	6
54	not	2
54	were	2
54	for	5
54	away	1
54	are	1
54	system	1
54	he	16
54	go	1
54	years	1
54	got	1
54	of	17
54	can	1
54	near	1
54	good	1
54	come	1
54	sleep	1
54	both	1
54	on	2
54	#sequentialcaps	1
54	#lines	40
54	#maxinitial	5
54	#caplines	2
54	#periods	12
54	#stdev	997
54	#maxpair	10
54	#commas	39
54	#endwpunct	6
54	#textlines	40
54	#endwnumeral	1
54	wordNotInVocab	106
55	met	1
55	what	2
55	placed	1
55	brought	1
55	would	1
55	time	1
55	become	1
55	we	2
55	never	1
55	these	1
55	grave	1
55	life	2
55	himself	2
55	arabic2digit	1
55	should	1
55	into	1
55	while	1
55	service	1
55	has	4
55	fact	1
55	had	2
55	character	1
55	man	1
55	end	1
55	around	1
55	kept	1
55	living	1
55	came	1
55	against	1
55	great	1
55	christ	1
55	as	2
55	an	1
55	who	5
55	#allcapswords	2
55	church	1
55	his	4
55	those	2
55	him	2
55	could	2
55	hand	1
55	thought	1
55	a	4
55	over	2
55	was	4
55	performed	1
55	pure	2
55	new	1
55	made	2
55	lips	1
55	especially	2
55	whom	2
55	in	10
55	i	2
55	together	1
55	began	1
55	themselves	1
55	felt	1
55	yet	1
55	circumstances	1
55	thus	1
55	its	2
55	other	1
55	young	1
55	out	1
55	long	1
55	most	2
55	been	4
55	love	1
55	course	1
55	blood	1
55	that	14
55	no	3
55	take	1
55	honour	1
55	which	4
55	though	1
55	like	1
55	how	1
55	when	1
55	the	34
55	but	1
55	songs	1
55	oh	1
55	our	1
55	possible	1
55	mortal	2
55	all	2
55	bound	1
55	too	1
55	upon	4
55	words	1
55	every	1
55	where	1
55	have	4
55	there	1
55	with	5
55	so	5
55	beautifully	1
55	heaven	2
55	eye	1
55	will	2
55	be	5
55	without	1
55	one	2
55	prayer	1
55	much	1
55	and	20
55	always	1
55	it	3
55	to	11
55	day	1
55	crown	1
55	us	1
55	or	1
55	nay	1
55	this	1
55	whether	2
55	shall	1
55	subject	1
55	by	4
55	now	2
55	heart	1
55	are	2
55	death	1
55	song	1
55	any	1
55	youth	1
55	such	1
55	is	6
55	earth	1
55	not	1
55	were	1
55	for	3
55	on	4
55	noble	1
55	practical	1
55	he	11
55	human	1
55	hour	1
55	full	1
55	of	22
55	can	1
55	side	1
55	good	1
55	found	1
55	hearts	1
55	voice	1
55	call	1
55	glory	1
55	being	3
55	both	1
55	doubt	1
55	#lines	40
55	#maxinitial	6
55	#quotations	1
55	#caplines	1
55	#periods	5
55	#stdev	996
55	#maxpair	8
55	#commas	43
55	#endwpunct	6
55	#questionmarks	2
55	#textlines	40
55	#endwnumeral	1
55	wordNotInVocab	96
56	least	1
56	what	1
56	designed	1
56	truth	1
56	one	1
56	whole	1
56	world	1
56	does	1
56	lord	2
56	grave	2
56	life	2
56	arabic2digit	1
56	honourable	1
56	while	1
56	has	3
56	laws	1
56	nothing	3
56	had	1
56	extent	1
56	man	2
56	their	1
56	such	1
56	living	1
56	going	1
56	born	1
56	great	1
56	first	1
56	case	1
56	every	1
56	as	6
56	an	5
56	meet	1
56	who	5
56	#allcapswords	1
56	god	1
56	perhaps	1
56	his	8
56	those	2
56	him	4
56	looks	1
56	itself	1
56	could	1
56	a	16
56	over	1
56	because	1
56	only	1
56	me	1
56	in	6
56	social	1
56	together	1
56	themselves	1
56	yet	1
56	comes	1
56	thus	1
56	its	1
56	keep	1
56	out	1
56	little	2
56	then	1
56	practical	1
56	love	1
56	course	1
56	less	1
56	ten	1
56	that	4
56	servant	1
56	no	3
56	friends	1
56	which	5
56	say	1
56	company	1
56	do	1
56	when	1
56	form	1
56	large	1
56	through	1
56	but	5
56	example	1
56	enough	1
56	our	1
56	friend	1
56	upon	3
56	have	2
56	there	9
56	them	1
56	make	1
56	with	2
56	so	1
56	question	1
56	may	8
56	dead	1
56	will	2
56	open	1
56	it	3
56	and	17
56	character	2
56	i	1
56	indeed	1
56	to	17
56	name	1
56	the	20
56	words	1
56	this	2
56	from	2
56	up	1
56	even	4
56	be	7
56	moral	1
56	or	6
56	purpose	1
56	now	1
56	more	2
56	are	1
56	end	1
56	at	2
56	show	1
56	person	1
56	any	3
56	around	1
56	believe	1
56	is	7
56	than	2
56	not	5
56	for	4
56	myself	1
56	system	1
56	he	6
56	goes	1
56	of	20
56	good	2
56	come	1
56	hearts	1
56	being	1
56	if	1
56	after	1
56	#sequentialcaps	1
56	#lines	40
56	#maxinitial	6
56	#quotations	2
56	#caplines	2
56	#startwname	1
56	#periods	9
56	#stdev	998
56	#maxpair	7
56	#commas	26
56	#endwpunct	1
56	#questionmarks	1
56	#textlines	40
56	#endwnumeral	1
56	wordNotInVocab	121
57	who	2
57	what	1
57	world	2
57	or	2
57	look	2
57	grave	2
57	high	1
57	upon	3
57	eternal	1
57	where	2
57	arabic2digit	1
57	there	4
57	into	2
57	has	2
57	out	1
57	mark	1
57	more	1
57	their	1
57	hold	1
57	my	1
57	one	5
57	behold	1
57	as	1
57	an	1
57	is	7
57	i	5
57	hand	2
57	worth	1
57	it	2
57	cast	1
57	and	7
57	to	6
57	that	4
57	name	1
57	was	2
57	the	20
57	above	1
57	from	1
57	whether	1
57	up	1
57	be	1
57	thought	1
57	a	2
57	circle	1
57	dark	1
57	by	1
57	matter	1
57	made	1
57	are	2
57	me	1
57	in	2
57	darkness	1
57	light	2
57	woe	1
57	comes	1
57	over	1
57	places	2
57	down	1
57	#allcapswords	5
57	other	3
57	throne	1
57	place	1
57	been	1
57	of	12
57	mind	1
57	how	1
57	come	1
57	no	1
57	glory	1
57	which	1
57	his	1
57	say	1
57	when	2
57	#lines	17
57	#maxinitial	5
57	#caplines	1
57	#periods	2
57	#stdev	1465
57	#maxpair	7
57	#commas	4
57	#endwpunct	2
57	#exclamationpoints	4
57	#textlines	17
57	#endwnumeral	1
57	wordNotInVocab	40
58	dr	1
58	that	5
58	life	4
58	himself	2
58	arabic2digit	3
58	all	2
58	fall	1
58	has	1
58	without	1
58	nearly	1
58	had	4
58	man	1
58	house	1
58	arabic3digit	1
58	rev	1
58	great	3
58	die	1
58	past	1
58	as	1
58	cannot	1
58	hand	1
58	who	4
58	#allcapswords	8
58	church	1
58	his	10
58	placename	3
58	him	2
58	could	1
58	d.d.	1
58	was	8
58	new	2
58	year	2
58	whom	1
58	in	6
58	social	1
58	everything	1
58	generally	1
58	beautiful	1
58	better	1
58	press	1
58	long	1
58	seemed	2
58	cast	1
58	to	7
58	it	1
58	no	1
58	friends	1
58	about	1
58	gave	1
58	which	2
58	like	1
58	second	1
58	before	1
58	when	1
58	strength	1
58	but	3
58	two	1
58	too	1
58	have	1
58	order	1
58	morning	1
58	with	1
58	so	2
58	heaven	1
58	well	1
58	will	1
58	during	1
58	knew	1
58	lived	1
58	work	1
58	last	2
58	and	11
58	a	7
58	spring	1
58	loved	2
58	christian	1
58	the	18
58	set	1
58	words	1
58	this	1
58	bishop	1
58	even	1
58	be	3
58	or	1
58	by	3
58	six	1
58	more	2
58	death	1
58	at	3
58	gone	1
58	such	1
58	is	2
58	than	2
58	not	2
58	were	1
58	for	2
58	personalname	2
58	object	1
58	away	1
58	he	10
58	years	2
58	of	8
58	sense	1
58	come	1
58	been	1
58	earth	1
58	from	2
58	however	1
58	on	2
58	#sequentialcaps	2
58	#lines	30
58	#maxinitial	5
58	#quotations	4
58	#caplines	6
58	#periods	20
58	#stdev	1450
58	#maxpair	6
58	#commas	33
58	#endwpunct	8
58	#questionmarks	1
58	#textlines	30
58	#endwnumeral	2
58	wordNotInVocab	77
59	all	1
59	seen	1
59	dr	1
59	time	2
59	daughter	1
59	high	2
59	himself	1
59	first	2
59	arabic2digit	1
59	river	2
59	has	2
59	lady	1
59	had	1
59	beauty	1
59	city	1
59	their	1
59	s	1
59	my	1
59	hon	1
59	great	1
59	case	1
59	an	3
59	following	2
59	know	1
59	still	1
59	general	1
59	who	2
59	#allcapswords	6
59	late	1
59	his	6
59	placename	12
59	excellent	1
59	council	1
59	our	1
59	under	1
59	a	13
59	christian	1
59	new	3
59	only	1
59	year	2
59	american	1
59	printed	1
59	its	1
59	father	1
59	thus	1
59	old	2
59	long	3
59	life	1
59	then	1
59	family	2
59	south	2
59	entered	1
59	received	1
59	that	3
59	history	1
59	arabic4digit	1
59	church	1
59	almost	2
59	part	1
59	added	1
59	company	3
59	true	1
59	became	1
59	form	1
59	large	1
59	the	30
59	but	2
59	example	1
59	when	1
59	two	1
59	son	1
59	where	1
59	esq	1
59	society	1
59	congress	1
59	some	1
59	translated	1
59	with	4
59	return	1
59	mrs	1
59	here	1
59	much	1
59	and	11
59	it	3
59	r	1
59	spent	1
59	to	5
59	name	1
59	was	8
59	through	1
59	this	2
59	be	1
59	wife	1
59	second	1
59	or	1
59	by	1
59	which	2
59	de	2
59	at	8
59	list	1
59	historical	1
59	propernoun	16
59	we	2
59	fifth	1
59	believe	1
59	is	2
59	not	1
59	co	1
59	were	1
59	for	1
59	personalname	13
59	land	1
59	he	5
59	lords	1
59	romannumeral	3
59	of	27
59	afterwards	1
59	in	5
59	been	1
59	from	3
59	country	1
59	mother	1
59	after	1
59	both	1
59	north	1
59	whose	1
59	on	3
59	#sequentialcaps	3
59	#lines	40
59	#maxinitial	6
59	#quotations	2
59	#caplines	16
59	#startwname	4
59	#periods	27
59	#stdev	1206
59	#maxpair	11
59	#startwrubric	2
59	#commas	42
59	#endwpunct	9
59	#textlines	40
59	#endwnumeral	1
59	wordNotInVocab	93
60	least	1
60	holy	1
60	dr	3
60	feel	1
60	time	2
60	life	2
60	himself	3
60	arabic2digit	1
60	all	2
60	service	1
60	has	1
60	should	1
60	without	1
60	had	3
60	like	1
60	more	3
60	their	1
60	important	1
60	passed	1
60	an	3
60	great	1
60	christ	1
60	know	1
60	general	1
60	young	2
60	who	2
60	left	1
60	church	2
60	his	9
60	those	1
60	him	2
60	reason	1
60	under	1
60	a	10
60	was	5
60	arabic5+digit	1
60	because	1
60	made	1
60	for	4
60	men	3
60	whom	1
60	in	5
60	began	1
60	themselves	1
60	yet	1
60	sacred	1
60	its	4
60	turned	1
60	influence	1
60	part	1
60	gentleman	1
60	love	1
60	entered	2
60	lost	1
60	it	4
60	history	1
60	class	1
60	which	6
60	free	1
60	noble	2
60	several	1
60	after	1
60	arabic1digit	1
60	arabicprice	1
60	large	1
60	the	25
60	but	1
60	example	1
60	condition	1
60	our	1
60	southern	1
60	too	1
60	board	2
60	deep	1
60	have	3
60	christian	1
60	son	1
60	often	1
60	some	1
60	half	1
60	make	1
60	with	6
60	so	1
60	therefore	1
60	ever	1
60	lived	1
60	work	4
60	and	17
60	management	1
60	that	5
60	way	1
60	to	12
60	name	1
60	through	2
60	this	1
60	up	1
60	office	1
60	above	1
60	now	1
60	heart	1
60	are	1
60	years	1
60	at	3
60	gone	1
60	we	2
60	is	2
60	than	1
60	not	1
60	field	1
60	were	1
60	places	1
60	personalname	4
60	cause	1
60	away	1
60	he	9
60	duties	1
60	another	1
60	of	29
60	means	1
60	sublime	1
60	been	1
60	from	5
60	country	2
60	on	1
60	#sequentialcaps	1
60	#lines	41
60	#maxinitial	5
60	#quotations	2
60	#caplines	5
60	#periods	20
60	#stdev	1499
60	#maxpair	7
60	#startwrubric	2
60	#commas	26
60	#endwpunct	6
60	#textlines	40
60	#endwnumeral	2
60	wordNotInVocab	107
61	bosom	1
61	shore	1
61	dr	1
61	world	2
61	great	1
61	arabic2digit	2
61	river	1
61	into	1
61	while	1
61	has	1
61	useful	2
61	had	1
61	sin	1
61	more	1
61	end	1
61	their	5
61	an	1
61	numerous	1
61	rev	2
61	fortune	1
61	nor	1
61	every	2
61	know	1
61	reason	1
61	who	4
61	ancient	1
61	and	17
61	god	1
61	his	8
61	placename	4
61	our	1
61	does	1
61	him	1
61	general	1
61	a	5
61	christian	1
61	new	1
61	title	1
61	dead	1
61	s	1
61	object	2
61	men	2
61	whom	1
61	in	10
61	these	1
61	beautiful	1
61	rest	1
61	father	1
61	remarks	1
61	its	2
61	#allcapswords	2
61	most	1
61	love	5
61	home	1
61	led	1
61	that	3
61	no	2
61	friends	1
61	arabic4digit	1
61	church	1
61	which	3
61	though	1
61	lives	1
61	servant	1
61	true	2
61	large	1
61	meet	1
61	word	1
61	example	1
61	two	1
61	political	1
61	all	2
61	other	1
61	effect	1
61	have	2
61	lovely	1
61	make	1
61	d.d.	1
61	among	1
61	well	2
61	beyond	1
61	ever	1
61	one	4
61	just	1
61	preparation	1
61	work	1
61	very	1
61	it	8
61	far	1
61	hearts	1
61	influence	3
61	to	14
61	loved	2
61	was	4
61	the	26
61	words	1
61	dear	1
61	this	2
61	by	2
61	taken	1
61	heart	1
61	man	2
61	are	1
61	death	2
61	at	1
61	we	2
61	spring	1
61	is	8
61	late	1
61	were	1
61	for	2
61	personalname	5
61	noble	1
61	christianity	2
61	system	1
61	he	5
61	done	1
61	of	20
61	means	1
61	religion	1
61	good	2
61	glorious	1
61	been	1
61	they	1
61	from	2
61	whose	1
61	country	1
61	stay	1
61	after	2
61	doubt	1
61	answer	1
61	on	2
61	#sequentialcaps	2
61	#lines	37
61	#maxinitial	5
61	#quotations	6
61	#caplines	4
61	#periods	26
61	#stdev	1394
61	#maxpair	7
61	#startwrubric	1
61	#commas	33
61	#endwpunct	10
61	#textlines	37
61	#endwnumeral	2
61	wordNotInVocab	80
62	what	1
62	ever	1
62	dr	3
62	have	1
62	school	1
62	life	1
62	interest	1
62	all	2
62	honourable	1
62	greatest	1
62	nearly	1
62	had	3
62	like	1
62	city	1
62	man	4
62	end	1
62	their	2
62	great	2
62	an	2
62	the	22
62	is	1
62	general	1
62	many	2
62	same	1
62	church	2
62	his	6
62	those	1
62	college	1
62	him	1
62	a	12
62	between	1
62	yet	2
62	only	1
62	year	1
62	men	2
62	whom	1
62	earth	1
62	enter	1
62	sound	1
62	these	1
62	continued	1
62	days	2
62	old	1
62	mind	1
62	free	1
62	most	2
62	see	1
62	little	1
62	seemed	1
62	family	2
62	he	15
62	called	1
62	received	1
62	who	1
62	board	1
62	arabic4digit	5
62	which	8
62	view	1
62	three	1
62	though	1
62	daily	1
62	until	1
62	placename	6
62	became	3
62	place	1
62	arabic2digit	1
62	held	1
62	two	2
62	was	8
62	post	1
62	where	1
62	love	1
62	new	4
62	very	1
62	with	1
62	printed	1
62	may	1
62	them	1
62	respect	1
62	sermons	1
62	fame	1
62	good	1
62	lived	1
62	work	1
62	much	3
62	and	22
62	conduct	1
62	influence	1
62	to	9
62	ancient	1
62	having	1
62	this	1
62	be	1
62	or	1
62	by	1
62	took	1
62	more	1
62	are	1
62	years	3
62	popular	1
62	at	3
62	mother	1
62	we	1
62	such	1
62	pride	1
62	state	2
62	law	1
62	than	1
62	not	3
62	were	3
62	for	2
62	personalname	3
62	system	1
62	resolved	1
62	fine	1
62	of	28
62	do	1
62	appearance	1
62	in	16
62	own	1
62	small	1
62	from	1
62	whose	1
62	on	2
62	#sequentialcaps	1
62	#lines	40
62	#maxinitial	6
62	#caplines	5
62	#periods	20
62	#stdev	1165
62	#maxpair	9
62	#startwrubric	1
62	#commas	36
62	#endwpunct	5
62	#textlines	40
62	#endwnumeral	2
62	wordNotInVocab	98
63	dr	3
63	would	1
63	never	1
63	life	1
63	himself	2
63	arabic2digit	1
63	met	1
63	all	3
63	service	2
63	has	1
63	useful	1
63	nor	1
63	hope	1
63	house	1
63	schools	1
63	said	1
63	rev	1
63	great	1
63	an	1
63	following	1
63	annual	1
63	cannot	1
63	general	3
63	enough	1
63	who	1
63	continued	1
63	use	1
63	letters	1
63	his	15
63	placename	1
63	public	1
63	strength	1
63	him	4
63	itself	1
63	could	1
63	you	1
63	a	5
63	was	11
63	made	1
63	only	1
63	men	2
63	in	12
63	bed	1
63	nothing	1
63	yet	1
63	sermon	1
63	rest	1
63	notes	1
63	its	1
63	making	1
63	lectures	1
63	out	1
63	gave	1
63	most	1
63	little	1
63	upon	1
63	family	1
63	leave	1
63	called	1
63	received	1
63	important	1
63	that	4
63	no	3
63	church	2
63	almost	1
63	acts	1
63	when	4
63	large	1
63	but	2
63	religious	1
63	condition	1
63	other	1
63	too	1
63	board	3
63	preached	1
63	books	1
63	there	1
63	known	1
63	find	1
63	with	2
63	so	2
63	case	1
63	question	1
63	well	1
63	taking	1
63	own	1
63	ever	2
63	one	6
63	knew	1
63	it	2
63	lived	1
63	volume	1
63	work	1
63	last	3
63	and	12
63	conduct	1
63	far	1
63	spent	1
63	to	9
63	published	1
63	died	1
63	the	33
63	or	10
63	this	5
63	many	1
63	even	2
63	be	1
63	subject	1
63	by	1
63	attention	1
63	which	4
63	did	1
63	works	1
63	person	1
63	any	1
63	may	1
63	hold	1
63	not	2
63	were	1
63	for	5
63	personalname	2
63	cause	1
63	he	17
63	of	26
63	still	1
63	at	4
63	from	1
63	charge	1
63	hands	1
63	if	1
63	including	1
63	on	1
63	#sequentialcaps	2
63	#lines	40
63	#maxinitial	8
63	#quotations	2
63	#caplines	6
63	#periods	21
63	#stdev	1070
63	#maxpair	9
63	#startwrubric	2
63	#commas	27
63	#endwpunct	8
63	#textlines	40
63	#endwnumeral	1
63	wordNotInVocab	103
64	god	2
64	world	2
64	paper	1
64	any	1
64	soon	1
64	never	2
64	grave	1
64	great	2
64	himself	1
64	glory	1
64	arabic2digit	1
64	all	1
64	into	1
64	in	11
64	service	1
64	has	3
64	brother	1
64	had	4
64	christ	1
64	man	3
64	memory	1
64	grace	1
64	their	1
64	days	1
64	body	2
64	word	1
64	said	1
64	rev	1
64	going	1
64	born	1
64	think	1
64	fortune	1
64	every	1
64	as	6
64	an	2
64	takes	1
64	last	1
64	#allcapswords	2
64	church	3
64	his	10
64	placename	2
64	our	2
64	him	7
64	letter	1
64	a	7
64	was	7
64	new	1
64	made	1
64	many	1
64	men	1
64	who	2
64	death	1
64	hundred	1
64	rest	1
64	yet	1
64	press	1
64	turned	1
64	out	2
64	honour	2
64	life	2
64	early	1
64	then	1
64	them	1
64	place	1
64	to	21
64	called	3
64	it	3
64	take	1
64	long	2
64	which	3
64	do	1
64	when	4
64	arabic1digit	1
64	high	1
64	account	1
64	the	31
64	but	5
64	those	1
64	justice	1
64	friend	1
64	other	2
64	too	1
64	upon	1
64	call	1
64	order	1
64	while	1
64	its	1
64	best	1
64	d.d.	1
64	follow	1
64	with	1
64	so	4
64	worthy	1
64	must	2
64	glorious	1
64	will	1
64	hope	1
64	poor	1
64	spirit	1
64	much	1
64	and	27
64	that	5
64	way	1
64	praise	1
64	name	1
64	christian	1
64	crown	1
64	us	1
64	this	1
64	be	1
64	arabic4digit	1
64	or	1
64	by	2
64	rich	2
64	more	1
64	are	1
64	did	1
64	gone	3
64	we	6
64	such	2
64	stars	1
64	believe	1
64	is	3
64	than	1
64	not	2
64	field	1
64	for	1
64	personalname	4
64	sad	1
64	he	7
64	of	23
64	true	1
64	good	1
64	number	1
64	been	3
64	from	1
64	back	2
64	soul	1
64	being	1
64	if	2
64	on	3
64	three	1
64	#sequentialcaps	1
64	#lines	38
64	#maxinitial	5
64	#caplines	7
64	#periods	17
64	#stdev	1342
64	#maxpair	9
64	#startwrubric	1
64	#commas	29
64	#endwpunct	5
64	#textlines	38
64	#endwnumeral	2
64	wordNotInVocab	84
65	brought	1
65	all	1
65	what	1
65	whole	2
65	sound	1
65	we	1
65	remarkable	1
65	never	2
65	high	1
65	himself	1
65	arabic2digit	1
65	into	1
65	without	1
65	character	1
65	country	1
65	man	2
65	end	1
65	their	1
65	close	1
65	entered	2
65	that	9
65	christ	1
65	as	3
65	an	2
65	who	1
65	god	1
65	church	5
65	his	13
65	placename	2
65	excellent	1
65	put	1
65	him	3
65	rose	1
65	anything	1
65	elements	1
65	a	12
65	was	7
65	made	1
65	strong	1
65	object	1
65	aside	1
65	life	1
65	he	18
65	off	1
65	beautiful	1
65	its	1
65	turned	1
65	gave	2
65	part	1
65	most	1
65	gentleman	1
65	then	1
65	them	1
65	post	1
65	leave	1
65	mind	1
65	called	1
65	it	3
65	no	2
65	which	4
65	company	1
65	do	1
65	when	1
65	died	1
65	but	2
65	held	1
65	too	2
65	upon	2
65	have	1
65	action	1
65	family	1
65	home	1
65	best	1
65	with	4
65	so	1
65	taking	1
65	will	1
65	ever	1
65	one	1
65	knew	1
65	wise	1
65	lived	2
65	work	1
65	many	1
65	and	23
65	greatest	1
65	judgement	2
65	way	1
65	to	19
65	christian	1
65	bosom	1
65	the	29
65	this	1
65	from	1
65	up	2
65	be	3
65	moral	1
65	office	1
65	might	2
65	or	2
65	by	3
65	took	1
65	others	1
65	did	2
65	at	2
65	any	1
65	night	1
65	they	2
65	such	1
65	money	1
65	is	1
65	not	1
65	placed	1
65	for	5
65	cause	1
65	clear	1
65	of	25
65	sense	1
65	means	1
65	appearance	1
65	in	10
65	once	1
65	found	1
65	regard	1
65	soul	1
65	go	1
65	her	2
65	on	2
65	#sequentialcaps	1
65	#lines	40
65	#maxinitial	7
65	#caplines	4
65	#periods	13
65	#stdev	1093
65	#maxpair	11
65	#commas	41
65	#endwpunct	7
65	#textlines	40
65	#endwnumeral	1
65	wordNotInVocab	109
66	wrote	2
66	master	1
66	ever	1
66	dr	1
66	also	1
66	school	1
66	soon	1
66	life	1
66	to	12
66	himself	1
66	arabic2digit	1
66	all	1
66	into	1
66	while	1
66	has	3
66	had	1
66	various	1
66	end	1
66	as	1
66	their	4
66	yes	1
66	said	1
66	sent	1
66	great	1
66	an	1
66	joy	1
66	able	1
66	general	1
66	who	2
66	than	2
66	late	1
66	his	7
66	placename	3
66	our	2
66	college	2
66	letter	1
66	a	8
66	was	9
66	live	1
66	new	1
66	worth	1
66	only	1
66	object	1
66	men	2
66	in	5
66	voice	1
66	every	1
66	thus	1
66	its	3
66	long	1
66	entered	1
66	received	1
66	it	3
66	no	1
66	few	1
66	which	4
66	servant	1
66	do	1
66	arabicprice	1
66	pages	1
66	but	2
66	religious	1
66	friend	1
66	upon	2
66	board	1
66	deep	1
66	him	2
66	them	1
66	son	1
66	read	1
66	known	1
66	so	1
66	printed	1
66	united	1
66	may	1
66	man	1
66	own	1
66	volume	1
66	three	1
66	many	1
66	and	22
66	always	1
66	that	1
66	happy	2
66	published	1
66	with	3
66	this	2
66	lord	1
66	be	1
66	hundred	1
66	by	1
66	more	1
66	others	2
66	years	1
66	works	1
66	at	3
66	world	1
66	names	1
66	hear	1
66	youth	1
66	they	1
66	such	2
66	state	1
66	is	1
66	the	30
66	among	2
66	for	6
66	personalname	3
66	year	1
66	better	1
66	lives	1
66	body	1
66	he	15
66	cause	1
66	duties	1
66	of	19
66	last	1
66	before	2
66	good	2
66	from	1
66	being	1
66	after	1
66	on	6
66	age	1
66	church	5
66	#sequentialcaps	2
66	#lines	40
66	#maxinitial	6
66	#quotations	7
66	#caplines	7
66	#periods	18
66	#stdev	1649
66	#maxpair	6
66	#startwrubric	1
66	#commas	37
66	#endwpunct	10
66	#exclamationpoints	2
66	#textlines	40
66	#endwnumeral	1
66	wordNotInVocab	103
67	dr	2
67	remarkable	1
67	scene	1
67	life	1
67	arabic2digit	1
67	all	2
67	into	1
67	while	1
67	large	1
67	had	1
67	seems	1
67	city	1
67	various	1
67	as	2
67	such	2
67	romannumeral	2
67	an	2
67	general	1
67	continued	1
67	#allcapswords	6
67	god	1
67	hall	1
67	late	2
67	his	14
67	placename	6
67	present	1
67	a	5
67	was	7
67	new	1
67	almost	1
67	in	10
67	place	1
67	beautiful	1
67	hundred	1
67	origin	1
67	out	2
67	family	5
67	called	1
67	that	2
67	arabic4digit	1
67	church	2
67	which	1
67	daily	2
67	arabic1digit	1
67	different	1
67	carried	2
67	but	2
67	two	2
67	upon	3
67	preached	1
67	have	1
67	there	2
67	son	1
67	fell	1
67	morning	1
67	with	3
67	study	1
67	three	1
67	spirit	1
67	many	1
67	and	11
67	years	1
67	been	1
67	way	1
67	to	8
67	the	36
67	air	1
67	this	3
67	from	2
67	so	2
67	r	1
67	might	1
67	or	3
67	by	1
67	took	1
67	taken	1
67	did	1
67	end	1
67	evening	1
67	propernoun	3
67	we	1
67	state	1
67	is	3
67	private	1
67	than	1
67	were	4
67	for	2
67	personalname	5
67	arabic3digit	1
67	he	10
67	goes	1
67	death	4
67	of	22
67	worship	1
67	last	2
67	before	1
67	during	1
67	circle	1
67	at	1
67	back	1
67	something	1
67	lay	1
67	on	3
67	#sequentialcaps	3
67	#lines	36
67	#maxinitial	5
67	#quotations	1
67	#caplines	10
67	#startwname	2
67	#periods	21
67	#stdev	1381
67	#maxpair	8
67	#startwrubric	1
67	#commas	33
67	#endwpunct	10
67	#textlines	36
67	#endwnumeral	2
67	wordNotInVocab	98
68	what	2
68	they	2
68	dr	3
68	one	2
68	whole	1
68	time	3
68	does	1
68	school	1
68	remarkable	1
68	least	1
68	since	1
68	fortune	1
68	himself	1
68	has	2
68	character	2
68	city	1
68	man	1
68	as	3
68	body	1
68	born	1
68	great	3
68	first	1
68	felt	1
68	an	1
68	give	1
68	would	1
68	general	1
68	who	2
68	continued	2
68	#allcapswords	2
68	church	4
68	his	9
68	it	2
68	college	1
68	under	1
68	division	1
68	a	8
68	was	6
68	new	2
68	almost	1
68	only	1
68	many	1
68	men	1
68	causes	1
68	personalname	4
68	in	11
68	tell	1
68	matter	1
68	old	1
68	making	1
68	out	1
68	most	1
68	gentleman	2
68	strong	1
68	use	1
68	third	1
68	called	1
68	that	2
68	believe	1
68	which	7
68	view	1
68	elegant	1
68	though	1
68	arabic4digit	1
68	early	1
68	placename	4
68	became	1
68	when	3
68	arabic1digit	1
68	large	1
68	but	2
68	nearly	1
68	son	2
68	upon	1
68	board	1
68	seemed	1
68	where	1
68	have	3
68	some	1
68	short	1
68	very	1
68	with	2
68	so	1
68	well	1
68	congress	1
68	own	2
68	here	1
68	brother	2
68	kind	1
68	much	2
68	and	8
68	been	2
68	indeed	1
68	to	11
68	name	1
68	the	27
68	this	4
68	until	1
68	even	1
68	be	1
68	authority	1
68	office	2
68	or	2
68	by	2
68	point	1
68	now	1
68	more	1
68	are	2
68	death	1
68	propernoun	2
68	we	1
68	seems	2
68	west	1
68	is	3
68	not	3
68	were	2
68	for	3
68	land	1
68	he	14
68	after	2
68	duties	1
68	must	1
68	of	24
68	whom	1
68	sense	1
68	side	1
68	good	1
68	come	1
68	found	1
68	at	5
68	from	1
68	charge	1
68	country	1
68	nature	1
68	second	1
68	#sequentialcaps	3
68	#lines	40
68	#maxinitial	4
68	#quotations	3
68	#caplines	6
68	#periods	21
68	#stdev	1426
68	#maxpair	7
68	#startwrubric	3
68	#commas	36
68	#endwpunct	6
68	#textlines	40
68	#endwnumeral	1
68	wordNotInVocab	94
69	brought	1
69	wrote	1
69	that	6
69	latter	1
69	essays	1
69	dr	4
69	one	6
69	street	1
69	school	1
69	plain	1
69	interest	1
69	sight	1
69	arabic2digit	1
69	all	2
69	into	2
69	edited	1
69	had	3
69	man	4
69	human	1
69	great	2
69	past	2
69	as	5
69	an	1
69	annual	1
69	general	1
69	young	1
69	time	1
69	same	1
69	less	1
69	church	3
69	his	8
69	placename	2
69	excellent	1
69	our	2
69	him	3
69	under	1
69	hand	1
69	thought	1
69	a	9
69	was	11
69	men	2
69	would	2
69	in	16
69	meeting	1
69	felt	1
69	rather	1
69	care	1
69	its	1
69	mind	1
69	out	2
69	most	3
69	then	1
69	society	1
69	home	1
69	it	1
69	no	1
69	friends	1
69	few	1
69	almost	1
69	saw	1
69	family	1
69	history	1
69	large	1
69	but	2
69	enough	1
69	either	1
69	progress	1
69	break	1
69	books	1
69	have	2
69	given	1
69	some	1
69	known	2
69	very	3
69	best	1
69	may	1
69	well	2
69	taking	1
69	be	1
69	ever	1
69	knew	1
69	alone	1
69	spirit	1
69	work	1
69	and	18
69	greatest	1
69	indeed	1
69	way	1
69	influence	1
69	to	6
69	day	1
69	the	26
69	subject	1
69	this	2
69	up	1
69	particular	1
69	office	1
69	might	2
69	or	2
69	by	1
69	which	3
69	they	2
69	historical	1
69	spoke	1
69	we	1
69	such	1
69	state	1
69	information	1
69	is	1
69	than	1
69	perhaps	1
69	for	5
69	personalname	5
69	cause	1
69	down	1
69	clear	1
69	he	13
69	example	1
69	duties	1
69	ready	1
69	of	22
69	own	1
69	been	1
69	at	2
69	soul	1
69	if	1
69	on	3
69	#sequentialcaps	2
69	#lines	40
69	#maxinitial	5
69	#caplines	7
69	#periods	20
69	#stdev	1831
69	#maxpair	8
69	#startwrubric	5
69	#commas	38
69	#endwpunct	8
69	#textlines	40
69	#endwnumeral	1
69	wordNotInVocab	90
70	dr	3
70	whole	1
70	time	1
70	never	2
70	great	1
70	arabic2digit	1
70	all	2
70	has	2
70	without	1
70	had	2
70	character	1
70	city	1
70	more	1
70	house	1
70	rev	1
70	living	1
70	example	1
70	die	1
70	past	1
70	christ	1
70	as	2
70	an	2
70	following	1
70	still	1
70	many	2
70	#allcapswords	1
70	perhaps	1
70	church	2
70	his	8
70	placename	3
70	it	3
70	our	2
70	him	4
70	thought	1
70	was	6
70	only	1
70	christians	2
70	in	6
70	earth	1
70	virtue	2
70	thou	1
70	mind	1
70	faith	1
70	gentleman	1
70	that	6
70	arabic4digit	1
70	few	2
70	which	3
70	view	1
70	noble	1
70	several	1
70	servant	1
70	say	1
70	the	14
70	order	1
70	too	1
70	upon	1
70	have	6
70	there	2
70	tears	1
70	some	2
70	with	7
70	so	2
70	heaven	1
70	well	1
70	eye	1
70	must	2
70	own	1
70	one	1
70	concerning	1
70	preparation	1
70	spirit	1
70	much	1
70	and	10
70	always	1
70	bright	1
70	a	9
70	indeed	1
70	to	7
70	name	1
70	died	1
70	us	1
70	this	5
70	bishop	2
70	moral	1
70	set	1
70	sorrow	1
70	ourselves	1
70	heart	1
70	man	1
70	are	2
70	years	1
70	memory	1
70	at	2
70	propernoun	1
70	we	5
70	light	1
70	seems	1
70	such	3
70	is	3
70	not	1
70	for	7
70	personalname	4
70	men	1
70	he	9
70	readers	1
70	death	3
70	heard	1
70	of	20
70	speak	1
70	been	1
70	from	1
70	glory	1
70	regard	1
70	line	2
70	nature	1
70	if	1
70	both	2
70	when	1
70	#sequentialcaps	1
70	#lines	34
70	#maxinitial	7
70	#quotations	8
70	#caplines	7
70	#periods	22
70	#stdev	1400
70	#maxpair	9
70	#commas	26
70	#endwpunct	11
70	#textlines	34
70	#endwnumeral	2
70	wordNotInVocab	64
71	sons	2
71	least	1
71	jesus	2
71	dr	2
71	world	1
71	we	4
71	arabic2digit	1
71	grief	2
71	all	2
71	into	1
71	fall	1
71	has	2
71	past	2
71	beauty	1
71	city	1
71	political	1
71	end	1
71	as	4
71	their	1
71	professor	1
71	hon	1
71	born	2
71	lose	1
71	first	1
71	christ	1
71	grace	1
71	still	3
71	last	1
71	than	1
71	#allcapswords	2
71	god	1
71	left	1
71	same	1
71	church	8
71	his	2
71	placename	5
71	excellent	1
71	strength	1
71	our	9
71	written	1
71	him	1
71	itself	1
71	were	1
71	a	2
71	christian	2
71	year	3
71	men	2
71	continued	1
71	whom	1
71	in	20
71	who	1
71	these	5
71	useful	1
71	worthy	1
71	yet	1
71	important	1
71	long	1
71	life	1
71	them	1
71	people	1
71	entered	1
71	called	1
71	that	11
71	no	2
71	arabic4digit	5
71	which	2
71	though	1
71	do	1
71	when	1
71	large	1
71	the	31
71	but	1
71	sorrow	1
71	religious	1
71	certainly	1
71	coloured	1
71	post	1
71	college	1
71	deep	2
71	have	4
71	there	1
71	love	1
71	son	1
71	tears	1
71	some	1
71	new	2
71	with	2
71	so	1
71	among	2
71	lord	1
71	characters	2
71	heaven	1
71	well	2
71	even	1
71	doctrine	1
71	hope	1
71	at	3
71	side	1
71	w	1
71	stand	2
71	many	1
71	and	17
71	great	1
71	within	1
71	she	1
71	to	8
71	was	6
71	crown	1
71	through	1
71	up	1
71	board	1
71	second	1
71	or	1
71	by	3
71	look	2
71	now	1
71	heart	1
71	man	1
71	are	2
71	feel	2
71	they	1
71	names	1
71	any	1
71	may	3
71	such	6
71	is	1
71	not	1
71	placed	1
71	for	5
71	personalname	6
71	cause	1
71	away	1
71	began	1
71	system	1
71	he	7
71	lost	1
71	years	1
71	must	1
71	of	25
71	can	2
71	could	1
71	during	2
71	been	3
71	hearts	1
71	none	1
71	from	1
71	glory	2
71	till	1
71	go	1
71	on	1
71	#sequentialcaps	1
71	#lines	40
71	#maxinitial	6
71	#caplines	8
71	#startwname	2
71	#periods	17
71	#stdev	1032
71	#maxpair	8
71	#startwrubric	1
71	#commas	25
71	#endwpunct	3
71	#textlines	40
71	#endwnumeral	1
71	wordNotInVocab	79
72	sons	1
72	lie	1
72	truth	1
72	dr	1
72	remarkable	1
72	high	1
72	himself	1
72	arabic2digit	3
72	all	2
72	into	1
72	service	1
72	has	4
72	without	2
72	brother	1
72	character	1
72	man	4
72	their	1
72	at	2
72	born	1
72	fortune	2
72	grace	1
72	an	1
72	cannot	1
72	things	1
72	general	1
72	who	2
72	new	1
72	#allcapswords	2
72	god	3
72	his	2
72	strength	1
72	our	5
72	him	4
72	letter	1
72	under	2
72	could	2
72	natural	2
72	a	15
72	able	1
72	performed	1
72	only	1
72	men	1
72	in	7
72	greatest	1
72	sound	1
72	these	1
72	its	3
72	principles	1
72	yet	1
72	method	1
72	common	1
72	mind	1
72	important	1
72	few	3
72	noble	1
72	that	3
72	no	1
72	take	1
72	particular	1
72	church	1
72	almost	1
72	free	1
72	towards	1
72	like	1
72	most	2
72	true	1
72	say	2
72	became	1
72	large	1
72	have	5
72	there	1
72	condition	1
72	held	1
72	friend	1
72	duties	1
72	order	1
72	love	2
72	christian	1
72	some	1
72	manner	1
72	board	1
72	been	3
72	with	5
72	so	2
72	among	1
72	may	1
72	lord	1
72	heaven	1
72	enter	1
72	will	1
72	appeared	1
72	hope	1
72	one	1
72	just	1
72	it	3
72	you	4
72	spirit	1
72	many	1
72	and	24
72	always	1
72	years	1
72	your	3
72	i	1
72	judgement	1
72	influence	1
72	her	1
72	to	10
72	was	1
72	the	26
72	by	1
72	up	1
72	be	1
72	office	1
72	shall	1
72	or	1
72	rich	1
72	which	6
72	are	1
72	they	1
72	we	2
72	youth	1
72	heart	1
72	strong	1
72	were	1
72	unto	1
72	for	3
72	personalname	2
72	administration	1
72	he	4
72	enlarged	1
72	power	1
72	of	24
72	can	2
72	sense	1
72	divine	1
72	from	3
72	doubt	1
72	kingdom	1
72	#sequentialcaps	1
72	#lines	40
72	#maxinitial	5
72	#quotations	3
72	#caplines	6
72	#periods	18
72	#stdev	998
72	#maxpair	8
72	#startwrubric	1
72	#commas	33
72	#endwpunct	5
72	#textlines	40
72	#endwnumeral	1
72	wordNotInVocab	113
73	written	1
73	holy	2
73	truth	1
73	seen	1
73	jesus	1
73	dr	1
73	type	1
73	would	1
73	whole	1
73	sermons	1
73	we	3
73	high	1
73	arabic2digit	1
73	all	3
73	into	1
73	service	1
73	volume	1
73	had	1
73	character	1
73	man	4
73	grace	2
73	around	1
73	numerous	1
73	office	1
73	stage	1
73	same	2
73	think	1
73	great	2
73	nor	1
73	every	1
73	who	1
73	#allcapswords	1
73	god	2
73	use	2
73	church	3
73	his	8
73	our	1
73	him	3
73	become	1
73	could	1
73	natural	2
73	a	9
73	was	11
73	matter	1
73	in	9
73	these	2
73	cold	1
73	you	2
73	rest	1
73	sacred	1
73	together	1
73	its	2
73	making	1
73	carefully	1
73	long	1
73	life	2
73	gentleman	1
73	so	1
73	them	1
73	it	1
73	no	3
73	gave	1
73	part	2
73	though	1
73	added	1
73	lives	1
73	how	1
73	say	1
73	when	3
73	different	1
73	makes	1
73	i	1
73	other	1
73	too	1
73	anything	1
73	where	1
73	did	1
73	have	6
73	there	1
73	lovely	1
73	best	3
73	with	2
73	may	1
73	lord	1
73	must	1
73	yourself	1
73	just	1
73	lived	2
73	work	1
73	spirit	2
73	many	1
73	and	18
73	that	3
73	language	1
73	influence	1
73	spent	1
73	to	8
73	christian	3
73	died	1
73	the	30
73	this	1
73	up	1
73	even	2
73	be	1
73	rich	2
73	or	1
73	by	3
73	point	1
73	your	4
73	more	1
73	made	1
73	done	1
73	at	1
73	any	2
73	such	2
73	annual	2
73	than	1
73	not	1
73	were	1
73	personalname	1
73	cause	1
73	he	11
73	duties	1
73	death	1
73	of	21
73	can	2
73	means	1
73	true	1
73	divine	1
73	from	1
73	various	1
73	both	1
73	on	3
73	#sequentialcaps	3
73	#lines	40
73	#maxinitial	5
73	#quotations	1
73	#caplines	6
73	#periods	22
73	#stdev	1127
73	#maxpair	7
73	#startwrubric	1
73	#commas	30
73	#endwpunct	5
73	#textlines	40
73	#endwnumeral	1
73	wordNotInVocab	107
74	brought	1
74	jesus	1
74	dr	1
74	also	1
74	would	1
74	whole	1
74	long	1
74	never	2
74	life	2
74	good	1
74	himself	1
74	arabic2digit	1
74	all	2
74	into	1
74	service	2
74	has	3
74	forth	1
74	brother	1
74	had	4
74	character	1
74	lost	1
74	more	2
74	lived	1
74	their	1
74	close	1
74	schools	1
74	going	1
74	great	3
74	first	1
74	christ	1
74	an	1
74	still	1
74	things	1
74	spirit	1
74	general	1
74	young	1
74	#allcapswords	1
74	less	1
74	church	2
74	his	19
74	placename	2
74	our	7
74	him	4
74	letter	1
74	under	2
74	was	5
74	new	1
74	made	1
74	strong	1
74	many	1
74	men	2
74	in	13
74	earth	1
74	cause	2
74	these	1
74	rest	1
74	seeing	1
74	sacred	1
74	its	1
74	friend	1
74	mind	1
74	out	2
74	those	2
74	see	1
74	gentleman	1
74	that	1
74	no	1
74	gave	3
74	like	1
74	servant	1
74	before	1
74	when	2
74	large	1
74	duties	1
74	but	1
74	state	1
74	other	1
74	post	1
74	board	3
74	deep	1
74	have	1
74	tears	1
74	with	3
74	so	2
74	among	3
74	hold	1
74	own	3
74	one	2
74	just	1
74	work	1
74	last	3
74	and	11
74	always	1
74	it	1
74	far	1
74	a	11
74	influence	2
74	to	10
74	died	1
74	the	26
74	real	1
74	this	8
74	up	1
74	even	1
74	give	1
74	office	2
74	by	3
74	taken	1
74	man	1
74	did	1
74	at	1
74	do	1
74	head	1
74	any	2
74	heart	2
74	such	1
74	care	2
74	is	1
74	than	2
74	which	2
74	placed	1
74	for	4
74	personalname	1
74	body	2
74	he	13
74	power	2
74	death	2
74	of	22
74	means	2
74	acts	1
74	longer	1
74	from	3
74	including	1
74	soul	1
74	something	1
74	kingdom	1
74	on	3
74	#sequentialcaps	2
74	#lines	40
74	#maxinitial	6
74	#caplines	4
74	#startwname	1
74	#periods	21
74	#stdev	1357
74	#maxpair	8
74	#startwrubric	1
74	#commas	31
74	#endwpunct	4
74	#textlines	40
74	#endwnumeral	1
74	wordNotInVocab	100
75	holy	1
75	truth	1
75	what	1
75	dr	1
75	feel	1
75	whole	1
75	that	4
75	never	1
75	grave	2
75	life	3
75	arabic2digit	1
75	all	2
75	judge	1
75	has	2
75	themselves	1
75	nor	1
75	had	1
75	act	1
75	christ	1
75	news	1
75	memory	1
75	their	3
75	body	2
75	same	2
75	example	1
75	turn	1
75	every	3
75	as	3
75	cannot	1
75	who	4
75	over	1
75	save	1
75	god	2
75	faith	3
75	less	1
75	church	5
75	his	7
75	placename	1
75	our	3
75	him	1
75	a	3
75	was	3
75	pure	1
75	made	1
75	only	1
75	thy	5
75	in	3
75	i	2
75	these	1
75	bed	1
75	felt	1
75	old	1
75	hundred	1
75	rest	1
75	golden	1
75	doth	1
75	thousand	1
75	came	1
75	honour	1
75	love	3
75	called	1
75	it	1
75	no	2
75	take	1
75	long	2
75	which	2
75	though	1
75	servant	1
75	do	1
75	say	1
75	when	2
75	us	1
75	but	2
75	sorrow	1
75	led	1
75	bid	1
75	deep	1
75	there	1
75	them	3
75	son	2
75	this	5
75	tears	2
75	read	1
75	best	1
75	with	6
75	so	3
75	may	1
75	lord	1
75	beyond	1
75	will	1
75	three	2
75	one	2
75	prayer	1
75	here	1
75	knew	1
75	bliss	1
75	spirit	2
75	many	3
75	and	22
75	just	1
75	greatest	1
75	far	2
75	influence	2
75	her	1
75	to	7
75	the	27
75	fell	1
75	up	4
75	shall	1
75	by	2
75	man	1
75	behind	1
75	death	2
75	works	1
75	at	2
75	we	4
75	spring	1
75	such	1
75	state	1
75	joy	1
75	than	2
75	not	2
75	were	2
75	wings	1
75	for	6
75	away	3
75	thou	1
75	he	5
75	followed	1
75	feet	1
75	duties	1
75	another	1
75	of	24
75	thee	4
75	last	1
75	before	1
75	good	3
75	glorious	1
75	hearts	1
75	they	2
75	from	5
75	soul	1
75	nature	1
75	union	1
75	on	6
75	#sequentialcaps	3
75	#lines	44
75	#maxinitial	6
75	#quotations	2
75	#caplines	17
75	#periods	11
75	#stdev	1648
75	#maxpair	8
75	#commas	41
75	#endwpunct	17
75	#textlines	43
75	#endwnumeral	1
75	wordNotInVocab	92
76	#textlines	0
77	#textlines	0
78	#lines	1
78	#textlines	0
79	#lines	1
79	#textlines	0
80	#lines	1
80	#textlines	0
81	#lines	1
81	#textlines	0
82	#lines	1
82	#textlines	0
83	#lines	2
83	#textlines	0
84	#lines	1
84	#textlines	0
85	arabic1digit	1
85	#lines	2
85	#textlines	0
85	#endwnumeral	1
86	#lines	2
86	#textlines	0
87	#lines	1
87	#textlines	0
88	#lines	1
88	#textlines	0
89	#lines	1
89	#textlines	0
