0	#textlines	0
1	#textlines	0
1	#lines	1
2	#textlines	0
2	#lines	1
3	#textlines	0
3	#lines	1
4	arabic2digit	1
4	for	1
4	the	1
4	schools	1
4	public	1
4	and	1
4	arabic4digit	1
4	high	1
4	of	1
4	state	1
4	manual	1
4	#allcapswords	9
4	co	1
4	#textlines	9
4	#endwnumeral	1
4	#lines	10
4	#maxinitial	3
4	#stdev	1489
4	#maxpair	4
4	#caplines	6
4	#sequentialcaps	1
4	#startwrubric	1
4	#periods	4
4	#commas	4
4	#endwpunct	5
4	#startwname	3
4	wordNotInVocab	10
5	#textlines	0
5	#lines	1
6	for	4
6	a	4
6	each	1
6	school	5
6	as	3
6	placename	1
6	designed	1
6	their	1
6	by	1
6	thousand	2
6	or	1
6	not	2
6	well	1
6	the	16
6	schools	9
6	can	2
6	eight	1
6	arabic4digit	1
6	these	1
6	of	13
6	this	1
6	more	1
6	that	1
6	been	2
6	city	1
6	least	1
6	study	1
6	make	2
6	have	1
6	are	3
6	manual	2
6	will	1
6	introduction	1
6	high	11
6	year	2
6	here	2
6	is	2
6	additions	1
6	at	2
6	they	1
6	course	2
6	general	1
6	on	1
6	in	8
6	and	13
6	to	10
6	hundred	2
6	has	1
6	last	1
6	do	1
6	than	1
6	four	1
6	one	1
6	#allcapswords	8
6	work	2
6	its	1
6	what	1
6	#textlines	31
6	#lines	31
6	#maxinitial	6
6	#stdev	2320
6	#maxpair	8
6	#caplines	11
6	#sequentialcaps	4
6	#periods	11
6	#commas	8
6	#endwpunct	9
6	wordNotInVocab	78
7	time	2
7	every	1
7	a	9
7	school	17
7	principal	1
7	board	1
7	act	3
7	history	1
7	thousand	1
7	eight	1
7	one	2
7	schools	1
7	last	1
7	can	5
7	arabic4digit	2
7	does	1
7	that	5
7	no	5
7	caesar	1
7	least	2
7	set	1
7	with	1
7	if	1
7	as	4
7	personalname	1
7	city	1
7	college	1
7	at	3
7	law	3
7	same	1
7	two	1
7	should	1
7	elements	1
7	general	3
7	first	1
7	shall	2
7	may	1
7	and	10
7	three	1
7	has	5
7	gave	1
7	true	1
7	english	1
7	work	2
7	its	3
7	or	6
7	for	4
7	latin	1
7	being	1
7	literature	1
7	including	4
7	order	1
7	their	4
7	prove	1
7	arabic1digit	1
7	by	4
7	not	7
7	those	1
7	other	1
7	says	1
7	said	1
7	second	1
7	period	2
7	this	3
7	of	29
7	action	1
7	any	1
7	during	2
7	been	1
7	required	1
7	propernoun	1
7	grammar	1
7	known	1
7	have	1
7	district	5
7	who	4
7	it	3
7	charge	1
7	an	2
7	high	16
7	subject	1
7	the	39
7	is	6
7	her	1
7	which	3
7	his	1
7	judge	1
7	already	1
7	on	1
7	in	10
7	under	3
7	be	5
7	to	8
7	most	1
7	hundred	1
7	than	2
7	must	1
7	opinion	1
7	#textlines	45
7	#endwnumeral	1
7	#lines	46
7	#maxinitial	7
7	#stdev	1392
7	#maxpair	11
7	#quotations	2
7	#caplines	7
7	#sequentialcaps	2
7	#periods	13
7	#commas	26
7	#endwpunct	7
7	wordNotInVocab	152
8	also	1
8	for	7
8	arabicprice	1
8	a	11
8	possible	1
8	while	1
8	school	14
8	as	1
8	only	1
8	common	1
8	letter	1
8	act	1
8	considered	1
8	arabic1digit	1
8	because	1
8	necessary	1
8	not	6
8	other	1
8	the	31
8	schools	7
8	several	1
8	with	2
8	into	1
8	last	1
8	enter	1
8	those	1
8	by	2
8	can	1
8	whom	1
8	these	1
8	hand	1
8	from	1
8	spirit	1
8	that	2
8	of	15
8	give	1
8	printed	1
8	study	1
8	this	2
8	do	1
8	law	2
8	who	1
8	it	3
8	four	1
8	doubt	1
8	visit	1
8	an	2
8	large	1
8	high	10
8	times	1
8	is	4
8	wish	1
8	city	1
8	must	1
8	which	3
8	at	1
8	persons	1
8	they	1
8	some	1
8	be	5
8	so	1
8	done	1
8	should	6
8	college	2
8	designed	1
8	such	1
8	on	3
8	in	4
8	may	1
8	and	8
8	to	13
8	far	1
8	but	1
8	year	1
8	all	1
8	standard	1
8	upon	2
8	course	3
8	boards	1
8	work	4
8	great	1
8	its	2
8	or	6
8	#textlines	31
8	#endwnumeral	1
8	#lines	32
8	#maxinitial	6
8	#stdev	1721
8	#maxpair	9
8	#caplines	5
8	#sequentialcaps	1
8	#periods	10
8	#commas	8
8	#endwpunct	7
8	wordNotInVocab	92
9	with	1
9	school	1
9	knowledge	4
9	copies	1
9	will	1
9	or	2
9	these	1
9	common	1
9	much	1
9	from	1
9	the	18
9	part	1
9	used	2
9	great	1
9	according	4
9	voice	1
9	a	6
9	speech	2
9	what	2
9	that	1
9	read	1
9	business	1
9	person	1
9	language	1
9	between	1
9	parts	1
9	should	3
9	as	3
9	few	1
9	literature	1
9	same	1
9	may	3
9	and	16
9	page	1
9	number	1
9	about	1
9	grammar	1
9	words	4
9	them	1
9	daily	1
9	dictionary	1
9	for	5
9	letters	1
9	case	1
9	such	1
9	#allcapswords	22
9	only	2
9	influence	1
9	their	2
9	are	2
9	new	1
9	arabic1digit	6
9	but	1
9	by	4
9	not	1
9	other	1
9	well	1
9	practice	1
9	following	1
9	use	8
9	each	2
9	more	1
9	romannumeral	12
9	original	1
9	of	18
9	all	2
9	valuable	1
9	form	4
9	study	4
9	have	4
9	i	1
9	it	1
9	easy	1
9	b	1
9	able	1
9	high	1
9	subject	1
9	reading	1
9	which	1
9	they	3
9	english	3
9	taken	1
9	d	1
9	good	1
9	on	2
9	in	8
9	work	2
9	important	1
9	to	15
9	early	1
9	be	6
9	#textlines	46
9	#endwnumeral	2
9	#lines	48
9	#maxinitial	10
9	#stdev	1864
9	#maxpair	11
9	#caplines	19
9	#sequentialcaps	9
9	#startwrubric	15
9	#periods	36
9	#commas	29
9	#endwpunct	23
9	wordNotInVocab	111
10	adventures	1
10	a	2
10	life	1
10	blue	1
10	placename	1
10	by	1
10	house	1
10	american	1
10	address	1
10	the	19
10	grey	1
10	his	1
10	page	1
10	tales	2
10	golden	1
10	romannumeral	6
10	of	12
10	read	1
10	river	1
10	propernoun	6
10	light	1
10	study	1
10	robinson	1
10	ship	1
10	charge	1
10	captain	1
10	battle	1
10	old	1
10	personalname	18
10	at	1
10	side	1
10	books	1
10	story	2
10	in	3
10	song	2
10	and	7
10	to	2
10	king	2
10	w	1
10	state	1
10	boy	1
10	#allcapswords	23
10	#textlines	40
10	#lines	40
10	#maxinitial	6
10	#stdev	1148
10	#maxpair	8
10	#caplines	40
10	#sequentialcaps	3
10	#startwrubric	5
10	#periods	69
10	#commas	13
10	#endwpunct	36
10	#startwname	34
10	wordNotInVocab	83
11	given	1
11	for	1
11	their	1
11	making	1
11	with	5
11	each	1
11	authors	1
11	school	2
11	are	1
11	principles	1
11	b	1
11	#allcapswords	5
11	three	2
11	knowledge	1
11	small	1
11	best	1
11	square	2
11	including	1
11	will	1
11	or	3
11	which	1
11	eight	1
11	one	1
11	propernoun	1
11	years	1
11	e	1
11	the	10
11	several	1
11	a	5
11	others	1
11	last	1
11	other	1
11	romannumeral	1
11	practical	2
11	use	2
11	h	1
11	of	12
11	this	1
11	ten	1
11	not	1
11	g	1
11	give	1
11	principal	1
11	better	1
11	f	1
11	as	1
11	study	1
11	division	2
11	have	2
11	who	1
11	an	1
11	i	2
11	mind	1
11	standard	1
11	thought	1
11	time	3
11	any	2
11	s	1
11	form	1
11	only	1
11	large	1
11	high	1
11	subject	1
11	arabic1digit	4
11	is	2
11	measure	6
11	reading	1
11	should	2
11	books	1
11	english	1
11	money	1
11	business	1
11	d	1
11	out	1
11	part	1
11	in	9
11	number	1
11	be	4
11	beautiful	1
11	and	15
11	to	4
11	us	1
11	far	1
11	than	1
11	poems	1
11	four	2
11	words	1
11	paper	1
11	method	1
11	course	1
11	u	1
11	found	1
11	interest	1
11	#textlines	43
11	#lines	43
11	#maxinitial	6
11	#stdev	2350
11	#maxpair	8
11	#caplines	14
11	#sequentialcaps	3
11	#startwrubric	3
11	#periods	31
11	#commas	17
11	#endwpunct	24
11	#startwname	1
11	wordNotInVocab	86
12	with	2
12	memory	1
12	relative	1
12	placename	18
12	influence	1
12	arabic3digit	1
12	know	1
12	arabic1digit	11
12	one	1
12	other	1
12	names	1
12	water	1
12	b	2
12	e	1
12	the	10
12	a	3
12	important	4
12	by	2
12	each	2
12	from	2
12	soft	1
12	romannumeral	2
12	of	12
12	united	4
12	whole	1
12	two	1
12	north	5
12	winds	1
12	as	1
12	should	3
12	which	1
12	south	2
12	people	2
12	river	2
12	be	1
12	ocean	2
12	arabic2digit	1
12	d	1
12	or	1
12	mountain	1
12	in	4
12	union	1
12	and	11
12	to	4
12	about	1
12	treatment	1
12	state	1
12	sea	1
12	different	1
12	following	1
12	#allcapswords	1
12	#textlines	40
12	#lines	40
12	#maxinitial	5
12	#stdev	1814
12	#maxpair	8
12	#caplines	5
12	#sequentialcaps	2
12	#startwrubric	2
12	#periods	44
12	#commas	44
12	#endwpunct	22
12	wordNotInVocab	104
13	h	1
13	time	1
13	poets	1
13	were	1
13	a	2
13	relative	1
13	are	1
13	placename	6
13	less	1
13	places	1
13	full	1
13	their	2
13	will	1
13	arabic1digit	4
13	care	1
13	one	1
13	well	1
13	the	12
13	with	1
13	those	1
13	why	3
13	important	1
13	following	1
13	use	6
13	heart	1
13	set	1
13	these	1
13	from	1
13	this	1
13	attention	1
13	of	18
13	that	1
13	been	1
13	island	1
13	historical	1
13	about	1
13	if	1
13	have	2
13	north	1
13	how	5
13	is	1
13	should	2
13	south	1
13	manner	1
13	they	1
13	kinds	1
13	be	3
13	arabic2digit	1
13	on	2
13	in	3
13	under	1
13	may	1
13	and	15
13	to	3
13	most	1
13	children	1
13	chief	3
13	treatment	1
13	must	1
13	effects	1
13	trade	1
13	#allcapswords	2
13	many	1
13	work	1
13	interest	1
13	natural	1
13	#textlines	38
13	#endwnumeral	1
13	#lines	38
13	#maxinitial	7
13	#stdev	1990
13	#maxpair	12
13	#caplines	10
13	#sequentialcaps	3
13	#startwrubric	4
13	#periods	43
13	#commas	21
13	#endwpunct	14
13	wordNotInVocab	105
14	time	2
14	air	2
14	pain	1
14	where	1
14	a	2
14	after	2
14	power	1
14	will	1
14	or	1
14	effect	3
14	long	1
14	the	3
14	with	2
14	what	1
14	no	2
14	breath	1
14	blood	4
14	how	5
14	heat	1
14	care	2
14	as	2
14	various	1
14	sight	2
14	body	3
14	and	18
14	short	1
14	daily	1
14	for	1
14	their	1
14	tongue	1
14	influence	1
14	by	2
14	necessary	1
14	other	1
14	why	2
14	way	1
14	use	5
14	each	1
14	heart	1
14	of	29
14	action	1
14	show	1
14	required	1
14	eyes	1
14	youth	1
14	over	1
14	system	2
14	is	3
14	must	1
14	arabic2digit	1
14	on	5
14	in	7
14	immediately	1
14	object	1
14	to	5
14	its	2
14	most	1
14	effects	2
14	#textlines	45
14	#endwnumeral	1
14	#lines	45
14	#maxinitial	7
14	#stdev	1816
14	#maxpair	13
14	#caplines	17
14	#sequentialcaps	2
14	#startwrubric	6
14	#periods	70
14	#commas	14
14	#endwpunct	19
14	wordNotInVocab	150
15	also	1
15	with	5
15	made	1
15	perhaps	1
15	arabic4digit	5
15	placename	15
15	persons	1
15	end	1
15	their	1
15	world	1
15	new	2
15	by	1
15	history	3
15	american	1
15	half	1
15	effect	1
15	the	23
15	several	1
15	civil	1
15	period	4
15	character	1
15	following	1
15	each	1
15	early	1
15	voice	2
15	these	1
15	of	23
15	this	1
15	speech	3
15	more	1
15	#allcapswords	2
15	memory	1
15	river	1
15	up	1
15	study	1
15	brown	1
15	who	1
15	french	3
15	causes	4
15	revolution	1
15	a	6
15	critical	1
15	between	1
15	how	1
15	situation	1
15	arabic1digit	9
15	is	1
15	b	1
15	as	1
15	personalname	4
15	they	1
15	took	1
15	arabic2digit	7
15	should	2
15	general	1
15	part	1
15	on	1
15	in	4
15	war	7
15	and	17
15	to	5
15	explained	1
15	chief	1
15	different	1
15	upon	2
15	effects	1
15	arabic5+digit	4
15	be	2
15	question	1
15	great	1
15	or	1
15	#textlines	43
15	#endwnumeral	3
15	#lines	43
15	#maxinitial	4
15	#stdev	2036
15	#maxpair	5
15	#caplines	12
15	#sequentialcaps	1
15	#startwrubric	3
15	#periods	64
15	#commas	12
15	#endwpunct	25
15	wordNotInVocab	99
16	every	1
16	with	1
16	life	1
16	for	1
16	school	3
16	to	3
16	spanish	1
16	placename	2
16	sight	1
16	are	1
16	order	1
16	their	1
16	or	2
16	most	1
16	know	1
16	arabic1digit	4
16	much	1
16	including	1
16	american	1
16	done	1
16	well	1
16	the	13
16	schools	2
16	a	3
16	some	1
16	used	1
16	can	1
16	each	1
16	arabic4digit	2
16	this	3
16	of	10
16	that	3
16	give	1
16	rules	1
16	required	1
16	form	2
16	least	1
16	before	1
16	years	1
16	looked	1
16	it	1
16	over	1
16	system	1
16	will	1
16	between	1
16	our	1
16	able	2
16	as	5
16	personalname	1
16	should	7
16	good	1
16	high	3
16	at	2
16	read	1
16	be	8
16	two	1
16	arabic2digit	2
16	songs	2
16	in	10
16	public	1
16	war	1
16	may	2
16	and	8
16	cannot	1
16	art	1
16	music	2
16	treaty	1
16	do	1
16	about	1
16	makes	1
16	arabic5+digit	1
16	#allcapswords	4
16	many	2
16	work	3
16	choice	1
16	its	1
16	peace	1
16	#textlines	25
16	#endwnumeral	1
16	#lines	25
16	#maxinitial	6
16	#stdev	2103
16	#maxpair	6
16	#caplines	9
16	#sequentialcaps	3
16	#startwrubric	2
16	#periods	22
16	#commas	4
16	#endwpunct	9
16	wordNotInVocab	56
17	given	1
17	time	1
17	with	3
17	five	1
17	made	1
17	school	4
17	let	1
17	tell	1
17	new	1
17	history	1
17	common	1
17	much	1
17	book	1
17	one	1
17	pleasure	1
17	american	1
17	years	4
17	the	35
17	schools	1
17	a	10
17	last	1
17	ten	1
17	according	1
17	these	1
17	author	3
17	own	1
17	what	2
17	that	1
17	give	1
17	no	1
17	home	1
17	hour	1
17	necessary	2
17	things	1
17	southern	1
17	year	3
17	as	3
17	placename	2
17	elegant	1
17	together	1
17	at	2
17	read	2
17	two	3
17	works	1
17	general	1
17	first	5
17	part	1
17	place	1
17	may	1
17	and	13
17	story	1
17	words	1
17	speech	1
17	characters	1
17	english	4
17	interest	1
17	or	1
17	for	9
17	poets	1
17	his	1
17	life	1
17	their	1
17	memory	1
17	authors	2
17	to	11
17	#allcapswords	6
17	literature	3
17	best	1
17	text	1
17	it	3
17	by	2
17	not	1
17	other	1
17	literary	1
17	important	1
17	early	1
17	kind	1
17	wrote	1
17	this	3
17	attention	1
17	of	23
17	during	2
17	should	8
17	manual	1
17	required	1
17	both	2
17	study	7
17	beautiful	1
17	too	2
17	an	2
17	are	1
17	high	4
17	is	7
17	he	1
17	like	1
17	reading	3
17	course	1
17	which	1
17	held	1
17	arabic2digit	1
17	good	2
17	such	2
17	opinion	1
17	in	9
17	class	1
17	something	1
17	four	2
17	be	9
17	#textlines	38
17	#endwnumeral	1
17	#lines	38
17	#maxinitial	9
17	#stdev	1967
17	#maxpair	12
17	#caplines	12
17	#sequentialcaps	2
17	#startwrubric	1
17	#periods	23
17	#commas	25
17	#endwpunct	13
17	wordNotInVocab	83
18	for	3
18	century	1
18	subjects	1
18	made	1
18	letters	1
18	and	12
18	authors	1
18	principles	1
18	reading	1
18	play	1
18	best	1
18	order	1
18	author	1
18	arabic1digit	15
18	by	2
18	propernoun	1
18	this	2
18	b	3
18	e	1
18	the	15
18	he	1
18	within	1
18	with	4
18	some	1
18	second	1
18	pictures	1
18	period	1
18	important	1
18	following	1
18	use	1
18	each	1
18	a	5
18	from	1
18	attention	2
18	romannumeral	3
18	of	20
18	that	1
18	read	1
18	first	2
18	study	1
18	i	1
18	books	1
18	are	1
18	written	1
18	done	1
18	placename	1
18	our	1
18	parts	1
18	how	1
18	upon	1
18	introduction	1
18	year	5
18	is	1
18	like	1
18	as	2
18	description	2
18	literature	1
18	they	1
18	kinds	2
18	f	2
18	#allcapswords	2
18	worth	1
18	arabic2digit	1
18	d	1
18	should	5
18	general	1
18	part	2
18	in	8
18	manner	1
18	into	1
18	etc	1
18	such	1
18	them	1
18	to	6
18	lived	1
18	all	2
18	treatment	1
18	which	2
18	words	1
18	speech	1
18	including	1
18	than	1
18	under	1
18	be	4
18	work	2
18	more	1
18	or	2
18	#textlines	46
18	#endwnumeral	3
18	#lines	46
18	#maxinitial	5
18	#stdev	2165
18	#maxpair	8
18	#caplines	12
18	#sequentialcaps	6
18	#startwrubric	2
18	#periods	45
18	#commas	27
18	#endwpunct	27
18	wordNotInVocab	88
19	adventures	1
19	also	1
19	force	1
19	however	1
19	with	2
19	will	1
19	second	1
19	book	1
19	one	1
19	lives	1
19	years	4
19	the	25
19	a	3
19	some	2
19	be	5
19	last	3
19	those	1
19	character	1
19	greater	2
19	at	2
19	comedy	1
19	tales	1
19	these	2
19	of	17
19	tragedy	1
19	author	1
19	more	1
19	find	1
19	give	5
19	historical	3
19	narrative	1
19	books	2
19	first	3
19	least	1
19	up	1
19	proper	1
19	verse	2
19	form	1
19	parts	1
19	critical	2
19	bound	1
19	autobiography	1
19	year	4
19	as	2
19	personalname	4
19	strength	1
19	poetry	2
19	novel	1
19	together	1
19	same	1
19	two	1
19	works	1
19	should	5
19	might	1
19	such	2
19	them	2
19	may	1
19	and	16
19	lived	1
19	all	2
19	told	2
19	english	1
19	many	1
19	master	1
19	interest	1
19	for	1
19	subjects	1
19	authors	1
19	to	7
19	literature	1
19	selected	1
19	influence	1
19	necessary	1
19	view	1
19	literary	3
19	sketches	1
19	practice	1
19	important	2
19	not	1
19	each	1
19	wrote	1
19	from	1
19	this	2
19	attention	1
19	during	2
19	show	1
19	required	1
19	study	3
19	have	1
19	an	2
19	are	1
19	fourth	2
19	written	1
19	free	1
19	is	1
19	reading	2
19	grey	1
19	which	1
19	they	1
19	#allcapswords	5
19	arabic2digit	1
19	taken	1
19	argument	1
19	good	1
19	in	10
19	work	2
19	class	1
19	given	1
19	third	2
19	must	1
19	themselves	1
19	what	1
19	#textlines	39
19	#endwnumeral	1
19	#lines	39
19	#maxinitial	6
19	#stdev	2081
19	#maxpair	10
19	#caplines	13
19	#sequentialcaps	2
19	#startwrubric	3
19	#periods	38
19	#commas	29
19	#endwpunct	17
19	#startwname	7
19	wordNotInVocab	80
20	fourth	1
20	ancient	1
20	a	1
20	sir	2
20	coming	1
20	de	1
20	placename	1
20	burns	1
20	papers	1
20	shakespeare	4
20	or	1
20	second	1
20	arabic1digit	1
20	brought	1
20	propernoun	5
20	the	9
20	life	2
20	following	1
20	you	1
20	tales	1
20	speech	1
20	romannumeral	2
20	of	11
20	they	1
20	essay	1
20	that	1
20	been	1
20	burke	1
20	other	1
20	caesar	1
20	have	1
20	books	1
20	it	2
20	voyage	1
20	if	1
20	any	1
20	above	1
20	news	1
20	how	1
20	year	3
20	is	1
20	hope	1
20	like	1
20	as	1
20	king	1
20	note	1
20	gold	1
20	tale	1
20	read	2
20	#allcapswords	1
20	two	1
20	arabic2digit	1
20	good	1
20	on	3
20	may	1
20	and	2
20	to	1
20	personalname	16
20	holy	1
20	essays	2
20	third	1
20	be	2
20	#textlines	42
20	#endwnumeral	2
20	#lines	43
20	#maxinitial	7
20	#stdev	1422
20	#maxpair	11
20	#caplines	37
20	#sequentialcaps	4
20	#startwrubric	6
20	#periods	63
20	#commas	5
20	#endwpunct	35
20	#startwname	29
20	wordNotInVocab	51
21	for	2
21	every	2
21	power	1
21	ancient	1
21	subjects	1
21	method	1
21	a	2
21	life	2
21	ode	1
21	each	1
21	memory	1
21	fine	1
21	school	1
21	reading	1
21	real	1
21	placename	3
21	think	1
21	rather	1
21	close	1
21	known	1
21	new	1
21	arabic1digit	6
21	or	1
21	propernoun	4
21	schools	1
21	be	4
21	last	1
21	by	3
21	romannumeral	2
21	made	1
21	of	18
21	ten	1
21	what	5
21	course	2
21	that	2
21	valuable	1
21	are	1
21	other	1
21	study	2
21	before	1
21	have	1
21	books	1
21	thought	1
21	between	1
21	parts	1
21	the	19
21	already	1
21	is	9
21	how	1
21	personalname	5
21	should	2
21	class	1
21	literature	1
21	co	1
21	english	5
21	arabic2digit	1
21	d	1
21	on	1
21	in	3
21	found	1
21	them	1
21	may	1
21	and	9
21	to	5
21	most	1
21	given	1
21	all	1
21	so	1
21	than	2
21	making	1
21	speech	1
21	must	3
21	#allcapswords	4
21	work	3
21	great	1
21	its	3
21	#textlines	39
21	#endwnumeral	1
21	#lines	39
21	#maxinitial	6
21	#stdev	2037
21	#maxpair	7
21	#caplines	19
21	#sequentialcaps	5
21	#startwrubric	5
21	#periods	47
21	#commas	10
21	#endwpunct	26
21	#startwname	9
21	wordNotInVocab	79
22	though	1
22	also	1
22	s	2
22	with	6
22	possible	1
22	for	2
22	school	2
22	let	1
22	best	2
22	square	2
22	including	1
22	it	2
22	course	1
22	arabic1digit	17
22	half	1
22	second	1
22	which	1
22	not	2
22	method	3
22	is	1
22	years	2
22	long	1
22	the	22
22	schools	3
22	a	2
22	some	1
22	when	1
22	last	1
22	practice	1
22	by	3
22	romannumeral	3
22	practical	1
22	use	1
22	thus	1
22	this	3
22	attention	1
22	review	1
22	ten	1
22	of	17
22	more	1
22	one	3
22	m	1
22	that	2
22	notes	1
22	complete	1
22	first	5
22	study	1
22	do	1
22	are	2
22	age	1
22	term	2
22	language	1
22	become	1
22	high	1
22	others	1
22	year	8
22	series	1
22	nothing	1
22	be	4
22	two	3
22	arabic2digit	2
22	d	1
22	should	5
22	in	14
22	grammar	1
22	may	2
22	and	11
22	to	3
22	three	1
22	but	2
22	#allcapswords	14
22	many	2
22	work	3
22	#textlines	41
22	#endwnumeral	1
22	#lines	41
22	#maxinitial	5
22	#stdev	2063
22	#maxpair	10
22	#quotations	5
22	#caplines	9
22	#sequentialcaps	3
22	#startwrubric	3
22	#periods	51
22	#commas	13
22	#endwpunct	22
22	wordNotInVocab	102
23	it	2
23	time	2
23	given	2
23	subjects	2
23	method	1
23	may	5
23	a	2
23	five	1
23	arabic1digit	1
23	memory	1
23	for	6
23	coming	1
23	school	2
23	#allcapswords	18
23	science	1
23	of	10
23	valuable	1
23	are	3
23	considered	1
23	will	1
23	necessary	1
23	greater	1
23	by	2
23	book	2
23	not	1
23	other	1
23	personalname	1
23	years	1
23	the	23
23	attention	1
23	others	1
23	complete	1
23	practical	1
23	board	4
23	follow	2
23	from	2
23	when	1
23	original	1
23	does	1
23	one	1
23	that	1
23	if	5
23	going	1
23	required	1
23	no	2
23	propernoun	2
23	first	2
23	public	1
23	very	2
23	study	3
23	this	2
23	contains	1
23	doubt	1
23	fourth	1
23	written	1
23	laid	1
23	history	1
23	subject	3
23	year	4
23	is	4
23	at	3
23	vols	1
23	schools	1
23	co	4
23	course	1
23	call	1
23	they	1
23	books	1
23	smith	1
23	arabic2digit	1
23	taken	1
23	both	1
23	should	6
23	college	1
23	on	1
23	in	9
23	and	8
23	to	3
23	there	3
23	most	1
23	care	1
23	short	1
23	then	3
23	all	3
23	making	1
23	paper	1
23	upon	2
23	must	1
23	be	10
23	many	4
23	work	2
23	great	2
23	its	1
23	or	2
23	#textlines	37
23	#endwnumeral	1
23	#lines	37
23	#maxinitial	9
23	#stdev	1869
23	#maxpair	15
23	#caplines	17
23	#sequentialcaps	2
23	#startwrubric	3
23	#periods	39
23	#commas	7
23	#endwpunct	17
23	#startwname	8
23	wordNotInVocab	88
24	however	1
24	it	3
24	english	1
24	ancient	1
24	with	4
24	perhaps	1
24	school	2
24	order	1
24	social	1
24	square	1
24	will	1
24	history	3
24	subjects	1
24	philosophy	1
24	which	1
24	much	1
24	from	1
24	modern	1
24	american	1
24	years	2
24	the	22
24	schools	2
24	a	8
24	pictures	3
24	practical	2
24	hand	1
24	book	2
24	professor	1
24	different	1
24	that	2
24	historical	1
24	home	1
24	light	2
24	first	1
24	carried	1
24	manual	1
24	n	2
24	large	1
24	how	2
24	human	1
24	principles	1
24	room	1
24	as	3
24	personalname	2
24	few	1
24	strength	1
24	together	1
24	at	1
24	moral	1
24	read	1
24	two	1
24	should	3
24	such	3
24	may	1
24	and	16
24	mind	1
24	art	1
24	has	1
24	course	3
24	work	3
24	its	1
24	generally	1
24	for	2
24	memory	1
24	#allcapswords	12
24	great	1
24	country	1
24	fact	1
24	their	1
24	j	1
24	world	1
24	by	3
24	most	1
24	leaves	1
24	y	1
24	free	1
24	through	2
24	practice	1
24	use	1
24	this	2
24	of	16
24	so	1
24	study	2
24	youth	1
24	length	1
24	paper	1
24	we	1
24	high	2
24	parts	1
24	is	3
24	t	1
24	nature	2
24	co	4
24	books	1
24	judge	2
24	arabic2digit	1
24	many	1
24	place	1
24	on	3
24	in	14
24	to	7
24	flowers	1
24	four	1
24	chapter	1
24	makes	1
24	among	1
24	be	3
24	shade	2
24	#textlines	40
24	#endwnumeral	1
24	#lines	40
24	#maxinitial	5
24	#stdev	1822
24	#maxpair	8
24	#quotations	2
24	#caplines	17
24	#sequentialcaps	3
24	#startwrubric	1
24	#periods	30
24	#commas	40
24	#endwpunct	16
24	#startwname	6
24	wordNotInVocab	115
25	given	1
25	time	1
25	ancient	1
25	with	3
25	made	1
25	school	1
25	government	1
25	will	3
25	history	12
25	because	1
25	same	2
25	much	2
25	mode	1
25	american	1
25	general	1
25	wide	1
25	years	1
25	long	1
25	the	44
25	a	13
25	last	1
25	especially	1
25	life	2
25	used	1
25	ten	1
25	great	2
25	these	2
25	book	1
25	that	3
25	give	1
25	historical	3
25	first	1
25	proper	2
25	wars	1
25	cause	1
25	lies	1
25	present	3
25	our	1
25	selected	1
25	large	3
25	year	3
25	as	4
25	close	1
25	novel	1
25	at	1
25	measure	1
25	should	11
25	notes	1
25	source	1
25	while	1
25	three	1
25	living	1
25	all	1
25	many	1
25	work	4
25	or	2
25	for	6
25	method	3
25	and	13
25	memory	1
25	part	1
25	make	1
25	to	13
25	mind	1
25	placename	3
25	text	3
25	rather	1
25	order	2
25	review	1
25	influence	1
25	by	3
25	necessary	2
25	course	2
25	through	3
25	period	2
25	important	2
25	care	1
25	each	1
25	guide	1
25	from	3
25	this	5
25	attention	1
25	romannumeral	1
25	of	33
25	past	2
25	during	1
25	taking	1
25	united	1
25	are	1
25	than	1
25	seems	2
25	study	3
25	too	1
25	it	5
25	done	1
25	fourth	1
25	effect	1
25	an	3
25	written	1
25	information	1
25	high	1
25	regard	1
25	is	6
25	well	1
25	reading	4
25	must	1
25	note	1
25	books	2
25	be	13
25	arabic2digit	1
25	good	1
25	sort	1
25	such	1
25	on	3
25	in	15
25	keep	2
25	class	2
25	chief	1
25	makes	1
25	#allcapswords	1
25	found	1
25	natural	1
25	#textlines	46
25	#endwnumeral	1
25	#lines	46
25	#maxinitial	8
25	#stdev	1329
25	#maxpair	9
25	#caplines	8
25	#sequentialcaps	2
25	#periods	29
25	#commas	26
25	#endwpunct	9
25	wordNotInVocab	129
26	for	4
26	every	2
26	proper	1
26	a	7
26	school	1
26	nothing	1
26	#allcapswords	15
26	placename	1
26	best	1
26	full	1
26	ancient	1
26	selected	1
26	new	1
26	history	7
26	which	1
26	much	1
26	book	1
26	not	1
26	view	1
26	well	1
26	the	15
26	schools	1
26	practice	1
26	character	1
26	has	1
26	arabic4digit	1
26	from	2
26	this	1
26	march	1
26	ten	1
26	of	17
26	more	2
26	one	1
26	that	2
26	forth	1
26	united	1
26	political	1
26	names	1
26	first	1
26	very	1
26	study	2
26	have	1
26	our	1
26	i	2
26	it	1
26	arabic2digit	1
26	been	1
26	guide	1
26	propernoun	1
26	origin	1
26	an	1
26	lines	1
26	large	1
26	high	2
26	subject	2
26	land	1
26	said	1
26	by	1
26	is	5
26	b	1
26	american	1
26	good	1
26	college	1
26	co	1
26	read	1
26	books	4
26	two	1
26	along	1
26	should	4
26	romannumeral	5
26	such	1
26	on	2
26	in	3
26	number	1
26	point	1
26	and	10
26	to	4
26	mind	1
26	people	1
26	art	1
26	but	1
26	year	1
26	matter	1
26	all	1
26	than	2
26	different	1
26	upon	1
26	social	1
26	be	3
26	many	1
26	work	2
26	source	1
26	maps	1
26	#textlines	38
26	#endwnumeral	1
26	#lines	38
26	#maxinitial	9
26	#stdev	2348
26	#maxpair	12
26	#caplines	20
26	#sequentialcaps	5
26	#startwrubric	9
26	#periods	36
26	#commas	24
26	#endwpunct	22
26	wordNotInVocab	77
27	for	2
27	with	1
27	roman	5
27	to	2
27	forces	1
27	constantine	1
27	political	1
27	their	1
27	world	1
27	new	2
27	arabic1digit	8
27	second	1
27	history	2
27	propernoun	1
27	b	2
27	east	1
27	the	36
27	within	1
27	a	5
27	empire	6
27	civil	1
27	period	3
27	great	1
27	diocletian	1
27	christianity	1
27	review	1
27	romannumeral	8
27	of	27
27	historical	1
27	land	1
27	study	1
27	before	1
27	wars	1
27	i	1
27	it	1
27	greek	4
27	military	1
27	defence	1
27	without	1
27	seen	1
27	west	1
27	by	1
27	invasion	1
27	extent	1
27	as	4
27	personalname	1
27	placename	10
27	at	2
27	arabic2digit	1
27	in	4
27	social	1
27	under	5
27	and	8
27	class	2
27	rise	1
27	year	1
27	persian	1
27	rule	1
27	#allcapswords	14
27	#textlines	42
27	#endwnumeral	1
27	#lines	42
27	#maxinitial	7
27	#stdev	1938
27	#maxpair	7
27	#caplines	13
27	#sequentialcaps	4
27	#startwrubric	10
27	#periods	47
27	#commas	9
27	#endwpunct	25
27	wordNotInVocab	77
28	for	1
28	force	3
28	french	1
28	a	2
28	made	1
28	letters	1
28	type	2
28	complete	1
28	as	3
28	political	2
28	influence	1
28	roman	3
28	power	2
28	new	1
28	necessary	1
28	propernoun	2
28	emperors	2
28	holy	1
28	b	1
28	hundred	1
28	with	1
28	english	1
28	through	1
28	period	1
28	way	1
28	church	4
28	from	2
28	spirit	1
28	to	7
28	romannumeral	18
28	of	26
28	that	1
28	review	1
28	form	1
28	better	1
28	christian	1
28	christians	1
28	it	1
28	age	2
28	military	1
28	an	1
28	progress	1
28	doctrine	1
28	upon	1
28	the	48
28	old	1
28	extent	1
28	fall	1
28	within	1
28	which	3
28	placename	5
28	years	1
28	at	1
28	arabic2digit	1
28	faith	1
28	in	6
28	social	1
28	under	1
28	war	1
28	and	15
28	empire	6
28	rise	3
28	art	1
28	west	1
28	between	1
28	justinian	1
28	about	1
28	saracens	1
28	#allcapswords	22
28	its	7
28	#textlines	45
28	#endwnumeral	1
28	#lines	45
28	#maxinitial	11
28	#stdev	1617
28	#maxpair	11
28	#caplines	23
28	#sequentialcaps	11
28	#startwrubric	19
28	#periods	59
28	#commas	11
28	#endwpunct	21
28	#startwname	1
28	wordNotInVocab	100
29	for	1
29	a	3
29	type	1
29	to	5
29	placename	16
29	civil	1
29	end	1
29	century	2
29	order	1
29	roman	3
29	church	1
29	arabic1digit	4
29	second	1
29	history	1
29	modern	1
29	propernoun	3
29	authority	1
29	years	1
29	the	22
29	his	1
29	through	1
29	last	1
29	period	2
29	great	3
29	against	1
29	arabic4digit	2
29	christianity	1
29	rather	1
29	romannumeral	11
29	of	21
29	#allcapswords	18
29	conquests	1
29	between	1
29	first	1
29	means	1
29	i	1
29	french	1
29	revolution	1
29	language	1
29	introduction	1
29	religious	2
29	year	1
29	old	1
29	by	2
29	d	1
29	as	2
29	personalname	7
29	province	1
29	which	1
29	political	4
29	again	1
29	revolt	2
29	arabic2digit	3
29	degree	1
29	elements	1
29	on	1
29	in	3
29	social	1
29	under	3
29	war	2
29	and	9
29	empire	1
29	rise	2
29	than	1
29	rule	1
29	effects	1
29	arabic5+digit	2
29	third	1
29	conquest	5
29	english	3
29	eastern	1
29	#textlines	39
29	#endwnumeral	2
29	#lines	39
29	#maxinitial	8
29	#stdev	1989
29	#maxpair	8
29	#quotations	3
29	#caplines	14
29	#sequentialcaps	4
29	#startwrubric	11
29	#periods	42
29	#commas	4
29	#endwpunct	19
29	wordNotInVocab	56
30	for	3
30	with	2
30	spanish	1
30	#allcapswords	20
30	government	3
30	placename	12
30	civil	1
30	i	5
30	new	1
30	history	1
30	age	1
30	against	3
30	land	1
30	years	2
30	the	39
30	hundred	2
30	a	3
30	second	1
30	period	2
30	british	2
30	revolution	3
30	arabic4digit	1
30	church	1
30	romannumeral	10
30	of	27
30	party	2
30	political	1
30	propernoun	1
30	nation	2
30	french	2
30	system	1
30	fourth	1
30	religious	2
30	united	2
30	people	1
30	year	1
30	imperial	1
30	early	1
30	personalname	9
30	century	1
30	literature	3
30	revolt	2
30	arabic2digit	3
30	question	1
30	preparation	1
30	elements	1
30	in	2
30	conquest	3
30	war	7
30	and	18
30	empire	3
30	rise	2
30	social	4
30	rule	3
30	union	1
30	arabic5+digit	8
30	under	3
30	english	3
30	eastern	1
30	its	1
30	#textlines	46
30	#endwnumeral	2
30	#lines	46
30	#maxinitial	7
30	#stdev	1789
30	#maxpair	8
30	#quotations	5
30	#caplines	12
30	#sequentialcaps	3
30	#startwrubric	7
30	#periods	29
30	#commas	14
30	#endwpunct	15
30	wordNotInVocab	93
31	for	1
31	a	3
31	government	1
31	political	3
31	civil	2
31	country	1
31	their	1
31	it	1
31	arabic1digit	10
31	south	3
31	b	1
31	the	23
31	some	2
31	period	4
31	powers	1
31	condition	2
31	important	1
31	arabic4digit	2
31	from	1
31	romannumeral	14
31	of	26
31	more	1
31	during	1
31	new	2
31	study	2
31	military	1
31	wars	1
31	i	4
31	nation	3
31	between	1
31	an	1
31	critical	1
31	southern	2
31	personalname	1
31	century	1
31	placename	5
31	at	2
31	#allcapswords	21
31	arabic2digit	2
31	close	1
31	mother	1
31	race	1
31	in	5
31	social	2
31	war	5
31	and	7
31	to	1
31	since	1
31	union	1
31	arabic5+digit	14
31	english	3
31	question	2
31	#textlines	43
31	#endwnumeral	15
31	#lines	43
31	#maxinitial	4
31	#stdev	1763
31	#maxpair	4
31	#quotations	2
31	#caplines	6
31	#sequentialcaps	2
31	#startwrubric	5
31	#periods	48
31	#commas	14
31	#endwpunct	32
31	wordNotInVocab	74
32	number	1
32	science	1
32	a	7
32	and	14
32	perhaps	1
32	school	2
32	to	6
32	#allcapswords	14
32	government	3
32	civil	1
32	put	1
32	will	2
32	history	3
32	moon	1
32	because	1
32	arabic1digit	10
32	american	2
32	whole	1
32	done	1
32	earth	4
32	the	19
32	schools	2
32	with	6
32	last	1
32	especially	1
32	used	1
32	each	1
32	through	1
32	g	1
32	this	1
32	per	1
32	romannumeral	2
32	of	9
32	more	1
32	during	1
32	wise	1
32	that	1
32	are	1
32	other	1
32	first	3
32	sun	2
32	study	1
32	have	2
32	as	1
32	i	1
32	it	2
32	revolution	1
32	fourth	1
32	lines	2
32	years	1
32	large	1
32	how	1
32	high	4
32	e	1
32	make	1
32	year	5
32	by	2
32	is	2
32	b	2
32	only	1
32	should	1
32	which	1
32	f	1
32	be	2
32	two	2
32	arabic2digit	1
32	d	1
32	good	1
32	on	1
32	in	5
32	since	1
32	cover	1
32	may	1
32	class	1
32	most	1
32	children	1
32	use	1
32	than	1
32	treatment	1
32	state	1
32	upon	1
32	effects	3
32	course	3
32	many	1
32	work	1
32	its	7
32	maps	1
32	#textlines	38
32	#endwnumeral	1
32	#lines	38
32	#maxinitial	4
32	#stdev	2122
32	#maxpair	6
32	#quotations	2
32	#caplines	16
32	#sequentialcaps	7
32	#startwrubric	13
32	#periods	50
32	#questionmarks	1
32	#commas	10
32	#endwpunct	26
32	wordNotInVocab	63
33	h	1
33	a	3
33	life	2
33	relative	1
33	forces	1
33	now	1
33	their	1
33	j	1
33	influence	1
33	will	1
33	arabic1digit	27
33	land	2
33	b	3
33	e	3
33	the	8
33	wind	1
33	hi	1
33	of	3
33	to	1
33	romannumeral	4
33	row	1
33	what	1
33	past	1
33	g	1
33	earth	2
33	concerning	2
33	when	1
33	i	1
33	are	1
33	cause	5
33	winds	1
33	causes	1
33	present	1
33	lines	1
33	heat	1
33	effects	2
33	il	1
33	f	1
33	ocean	3
33	arabic2digit	1
33	waves	1
33	d	2
33	people	1
33	on	1
33	in	3
33	and	15
33	maps	1
33	#allcapswords	18
33	its	2
33	#textlines	45
33	#endwnumeral	1
33	#lines	45
33	#maxinitial	3
33	#stdev	1405
33	#maxpair	5
33	#caplines	17
33	#sequentialcaps	7
33	#startwrubric	17
33	#periods	77
33	#questionmarks	2
33	#commas	10
33	#endwpunct	42
33	wordNotInVocab	72
34	given	1
34	time	6
34	every	1
34	where	1
34	with	1
34	school	5
34	let	1
34	pure	1
34	will	2
34	history	1
34	know	1
34	from	1
34	american	1
34	university	1
34	long	1
34	the	41
34	schools	1
34	a	7
34	some	1
34	pictures	1
34	enter	1
34	at	1
34	these	1
34	reader	1
34	more	1
34	give	1
34	no	2
34	first	2
34	before	1
34	that	4
34	nation	1
34	between	1
34	readers	1
34	pages	1
34	year	1
34	dr	1
34	as	2
34	personalname	2
34	city	1
34	should	2
34	and	6
34	book	2
34	but	2
34	has	1
34	about	1
34	whether	1
34	cover	1
34	course	2
34	question	1
34	work	2
34	its	1
34	maps	2
34	for	6
34	child	2
34	science	2
34	his	1
34	life	2
34	possible	1
34	placename	2
34	rather	1
34	world	1
34	new	1
34	by	2
34	or	4
34	not	1
34	view	2
34	other	1
34	town	1
34	second	1
34	important	1
34	term	2
34	except	1
34	matter	1
34	here	1
34	this	3
34	of	19
34	do	1
34	united	1
34	field	1
34	better	1
34	propernoun	2
34	both	1
34	study	2
34	state	1
34	who	1
34	it	4
34	high	4
34	subject	6
34	is	10
34	nature	2
34	which	1
34	call	1
34	co	2
34	ought	1
34	books	2
34	#allcapswords	1
34	arabic2digit	1
34	many	1
34	preparation	1
34	college	1
34	on	1
34	in	10
34	number	1
34	point	2
34	to	11
34	most	1
34	interest	1
34	than	2
34	must	1
34	be	2
34	natural	1
34	#textlines	39
34	#endwnumeral	1
34	#lines	39
34	#maxinitial	5
34	#stdev	2028
34	#maxpair	8
34	#quotations	5
34	#caplines	12
34	#sequentialcaps	2
34	#startwrubric	2
34	#periods	27
34	#commas	19
34	#endwpunct	13
34	#startwname	3
34	wordNotInVocab	92
35	carefully	1
35	with	2
35	possible	1
35	and	7
35	as	5
35	study	4
35	order	1
35	wild	1
35	will	2
35	arabic1digit	9
35	leaves	1
35	by	3
35	propernoun	2
35	b	6
35	e	2
35	the	9
35	several	1
35	wind	1
35	g	1
35	important	1
35	tree	1
35	kept	1
35	great	2
35	a	11
35	from	1
35	this	1
35	romannumeral	4
35	of	21
35	#allcapswords	4
35	give	1
35	valuable	1
35	field	1
35	illustrated	1
35	f	1
35	winter	1
35	whole	1
35	before	1
35	native	1
35	an	2
35	flower	2
35	things	1
35	preparation	1
35	year	1
35	is	1
35	d	3
35	must	1
35	note	1
35	books	1
35	course	1
35	section	1
35	arabic2digit	2
35	many	2
35	part	1
35	in	2
35	such	1
35	may	1
35	to	2
35	care	1
35	flowers	4
35	following	1
35	be	1
35	garden	1
35	work	2
35	him	1
35	interest	1
35	purpose	1
35	or	2
35	#textlines	44
35	#endwnumeral	1
35	#lines	44
35	#maxinitial	7
35	#stdev	2019
35	#maxpair	13
35	#caplines	3
35	#periods	71
35	#commas	10
35	#endwpunct	35
35	wordNotInVocab	75
36	h	2
36	science	1
36	where	1
36	a	5
36	made	2
36	poor	1
36	and	15
36	for	3
36	school	1
36	as	3
36	placename	5
36	best	1
36	are	1
36	by	2
36	common	2
36	much	1
36	propernoun	2
36	effect	1
36	e	1
36	the	22
36	same	1
36	some	2
36	or	1
36	choice	1
36	at	1
36	each	1
36	hand	1
36	from	1
36	this	3
36	earth	1
36	of	11
36	more	2
36	g	1
36	that	2
36	should	1
36	if	2
36	united	1
36	other	1
36	light	1
36	than	1
36	very	1
36	study	1
36	proper	1
36	so	1
36	it	2
36	things	1
36	itself	1
36	have	1
36	any	1
36	between	1
36	upon	1
36	how	3
36	heat	1
36	subject	2
36	arabic1digit	1
36	is	7
36	d	1
36	would	1
36	course	3
36	high	1
36	type	1
36	f	1
36	be	5
36	arabic2digit	4
36	due	1
36	college	1
36	practice	1
36	in	8
36	work	2
36	living	1
36	may	2
36	to	5
36	there	1
36	all	1
36	about	1
36	state	1
36	making	1
36	must	1
36	among	1
36	#allcapswords	4
36	found	1
36	great	1
36	interest	1
36	applied	1
36	natural	1
36	fly	1
36	#textlines	38
36	#endwnumeral	2
36	#lines	39
36	#maxinitial	5
36	#stdev	2249
36	#maxpair	7
36	#caplines	11
36	#sequentialcaps	2
36	#startwrubric	1
36	#periods	35
36	#commas	30
36	#endwpunct	23
36	#startwname	2
36	wordNotInVocab	102
37	time	2
37	a	5
37	after	1
37	less	1
37	will	2
37	or	2
37	from	1
37	modern	1
37	the	34
37	schools	1
37	same	1
37	english	1
37	life	1
37	complete	1
37	these	1
37	ten	1
37	more	1
37	that	2
37	no	1
37	whole	1
37	proper	1
37	therefore	1
37	with	1
37	manual	1
37	either	1
37	large	2
37	without	1
37	means	1
37	year	2
37	as	2
37	at	1
37	various	1
37	should	4
37	out	1
37	them	1
37	and	9
37	short	1
37	kept	1
37	all	1
37	course	2
37	work	3
37	carefully	1
37	soon	1
37	for	7
37	have	2
37	may	2
37	make	1
37	was	1
37	army	2
37	placename	1
37	great	2
37	fact	1
37	order	1
37	property	1
37	wild	1
37	by	2
37	other	1
37	well	1
37	money	1
37	following	1
37	could	1
37	ever	1
37	certain	1
37	this	1
37	attention	1
37	when	1
37	of	13
37	so	1
37	if	1
37	are	1
37	better	1
37	both	1
37	study	5
37	known	1
37	too	1
37	i	1
37	books	1
37	it	3
37	would	1
37	an	2
37	company	1
37	high	1
37	subject	1
37	is	6
37	list	1
37	nature	1
37	co	1
37	they	1
37	native	1
37	be	7
37	arabic2digit	2
37	good	1
37	in	9
37	number	1
37	keep	1
37	important	1
37	to	5
37	rose	1
37	propernoun	3
37	than	1
37	state	2
37	natural	1
37	third	1
37	must	2
37	#allcapswords	7
37	boards	1
37	themselves	1
37	#textlines	39
37	#endwnumeral	1
37	#lines	39
37	#maxinitial	7
37	#stdev	2088
37	#maxpair	13
37	#caplines	13
37	#sequentialcaps	3
37	#startwrubric	1
37	#periods	22
37	#commas	30
37	#endwpunct	17
37	#startwname	2
37	wordNotInVocab	113
38	given	3
38	s	1
38	fine	1
38	air	2
38	force	1
38	wood	3
38	method	1
38	with	2
38	relative	5
38	as	3
38	arabic1digit	10
38	or	1
38	water	8
38	b	1
38	the	20
38	several	1
38	by	12
38	use	1
38	a	18
38	from	4
38	per	1
38	romannumeral	2
38	of	32
38	action	1
38	m	1
38	study	1
38	known	1
38	law	1
38	i	2
38	length	4
38	laws	2
38	co	1
38	same	1
38	two	1
38	arabic2digit	3
38	on	1
38	in	6
38	etc	1
38	and	10
38	to	3
38	its	2
38	propernoun	1
38	number	1
38	than	2
38	paper	1
38	whether	2
38	see	2
38	#allcapswords	8
38	volume	2
38	find	4
38	#textlines	46
38	#endwnumeral	3
38	#lines	46
38	#maxinitial	4
38	#stdev	2329
38	#maxpair	7
38	#caplines	15
38	#sequentialcaps	3
38	#startwrubric	4
38	#periods	41
38	#commas	20
38	#endwpunct	33
38	wordNotInVocab	110
39	also	1
39	time	1
39	air	2
39	force	1
39	where	1
39	principles	1
39	three	1
39	water	1
39	their	1
39	length	2
39	arabic1digit	21
39	by	5
39	not	1
39	done	1
39	the	20
39	same	3
39	acts	1
39	use	1
39	a	14
39	from	1
39	of	48
39	action	1
39	any	1
39	find	1
39	extra	1
39	between	1
39	light	3
39	up	1
39	bodies	2
39	forces	7
39	an	1
39	sound	1
39	heat	5
39	room	1
39	distance	1
39	law	2
39	two	3
39	arabic2digit	4
39	on	1
39	in	6
39	number	1
39	body	2
39	point	5
39	and	4
39	to	6
39	spring	1
39	sets	1
39	about	1
39	#allcapswords	3
39	work	1
39	its	1
39	or	2
39	#textlines	40
39	#endwnumeral	1
39	#lines	40
39	#maxinitial	4
39	#stdev	2176
39	#maxpair	6
39	#caplines	4
39	#sequentialcaps	1
39	#startwrubric	3
39	#periods	53
39	#commas	5
39	#endwpunct	28
39	wordNotInVocab	92
40	for	4
40	force	4
40	method	1
40	a	5
40	air	1
40	real	1
40	sound	1
40	selected	1
40	it	1
40	will	1
40	by	3
40	arabic1digit	16
40	propernoun	2
40	water	1
40	e	1
40	the	18
40	schools	1
40	with	2
40	following	1
40	romannumeral	2
40	of	22
40	law	1
40	g	1
40	required	1
40	two	1
40	i	1
40	length	2
40	system	1
40	lines	1
40	critical	2
40	is	1
40	as	6
40	personalname	1
40	strength	1
40	section	1
40	find	3
40	be	3
40	arabic2digit	1
40	should	1
40	elements	1
40	in	5
40	number	1
40	etc	2
40	them	1
40	may	1
40	and	13
40	to	5
40	spring	1
40	different	1
40	upon	1
40	#allcapswords	12
40	list	2
40	work	4
40	or	1
40	#textlines	38
40	#endwnumeral	1
40	#lines	39
40	#maxinitial	4
40	#stdev	2229
40	#maxpair	4
40	#caplines	9
40	#sequentialcaps	2
40	#startwrubric	3
40	#periods	43
40	#commas	27
40	#endwpunct	21
40	#startwname	3
40	wordNotInVocab	130
41	s	2
41	time	1
41	with	1
41	school	2
41	knowledge	2
41	published	1
41	will	1
41	p	2
41	university	1
41	long	1
41	the	11
41	a	4
41	per	1
41	of	10
41	hall	1
41	more	1
41	that	2
41	volumes	1
41	division	1
41	necessary	1
41	any	1
41	form	1
41	without	1
41	heat	1
41	year	2
41	at	1
41	personalname	3
41	should	1
41	two	1
41	best	1
41	and	20
41	three	2
41	but	1
41	all	1
41	black	1
41	course	2
41	work	3
41	its	1
41	purpose	1
41	for	3
41	science	4
41	wood	1
41	#allcapswords	10
41	placename	1
41	bell	1
41	new	1
41	arabic1digit	1
41	not	2
41	propernoun	4
41	important	1
41	this	1
41	do	1
41	small	1
41	very	1
41	still	1
41	study	1
41	it	1
41	light	1
41	fourth	1
41	years	1
41	subject	1
41	make	1
41	by	1
41	is	4
41	schools	2
41	co	3
41	books	1
41	smith	1
41	arabic2digit	1
41	good	1
41	cloth	1
41	in	8
41	etc	3
41	to	4
41	than	1
41	excellent	1
41	be	2
41	can	1
41	natural	1
41	#textlines	39
41	#endwnumeral	1
41	#lines	40
41	#maxinitial	5
41	#stdev	2393
41	#maxpair	10
41	#caplines	17
41	#sequentialcaps	2
41	#startwrubric	2
41	#periods	29
41	#commas	50
41	#endwpunct	18
41	#startwname	6
41	wordNotInVocab	128
42	however	1
42	time	2
42	performed	1
42	with	3
42	himself	1
42	stand	1
42	will	1
42	or	1
42	round	1
42	the	20
42	he	1
42	part	1
42	be	6
42	especially	1
42	used	1
42	greater	1
42	a	5
42	hall	1
42	ten	1
42	more	1
42	that	2
42	give	3
42	school	1
42	practical	1
42	necessary	1
42	propernoun	1
42	large	1
42	as	1
42	class	1
42	at	1
42	works	1
42	should	4
42	general	1
42	might	1
42	can	1
42	them	1
42	and	17
42	all	1
42	english	1
42	many	1
42	work	5
42	interest	1
42	for	5
42	subjects	1
42	his	1
42	text	1
42	order	1
42	their	1
42	case	1
42	arabic1digit	5
42	by	3
42	not	2
42	water	1
42	important	1
42	following	1
42	use	1
42	each	1
42	this	1
42	attention	1
42	of	14
42	any	2
42	so	1
42	if	1
42	required	1
42	are	2
42	small	1
42	still	1
42	long	1
42	paper	2
42	written	1
42	made	1
42	is	3
42	they	1
42	books	2
42	course	3
42	smith	1
42	arabic2digit	2
42	good	3
42	such	1
42	on	2
42	in	9
42	etc	1
42	to	5
42	press	1
42	than	2
42	making	1
42	must	1
42	#allcapswords	5
42	found	1
42	#textlines	41
42	#endwnumeral	1
42	#lines	41
42	#maxinitial	8
42	#stdev	1822
42	#maxpair	14
42	#caplines	12
42	#sequentialcaps	3
42	#startwrubric	1
42	#periods	19
42	#commas	67
42	#endwpunct	19
42	#startwname	1
42	wordNotInVocab	173
43	every	1
43	with	1
43	jones	1
43	air	1
43	less	1
43	hands	1
43	new	1
43	much	1
43	modern	1
43	american	2
43	the	32
43	schools	2
43	a	3
43	those	1
43	practical	2
43	arabic4digit	1
43	office	1
43	book	1
43	more	1
43	that	3
43	give	1
43	no	2
43	light	1
43	before	1
43	any	1
43	present	1
43	man	1
43	how	2
43	heat	1
43	useful	1
43	influence	1
43	as	3
43	personalname	1
43	province	1
43	various	1
43	should	3
43	place	1
43	may	5
43	and	11
43	take	1
43	but	2
43	has	2
43	gave	1
43	upon	2
43	work	1
43	its	1
43	for	2
43	point	2
43	while	1
43	#allcapswords	3
43	only	1
43	placename	8
43	i	1
43	it	2
43	by	3
43	not	2
43	view	2
43	propernoun	4
43	important	1
43	thus	1
43	from	4
43	this	4
43	of	21
43	one	1
43	following	2
43	so	1
43	been	2
43	united	1
43	valuable	1
43	other	1
43	very	1
43	meet	1
43	study	1
43	who	1
43	contains	1
43	are	1
43	an	1
43	high	1
43	subject	3
43	is	5
43	we	1
43	course	2
43	which	2
43	co	1
43	you	1
43	arabic2digit	2
43	taken	1
43	such	2
43	on	1
43	in	14
43	to	9
43	far	1
43	third	1
43	must	1
43	be	6
43	themselves	1
43	placed	1
43	#textlines	38
43	#endwnumeral	2
43	#lines	38
43	#maxinitial	5
43	#stdev	1753
43	#maxpair	8
43	#quotations	1
43	#caplines	10
43	#sequentialcaps	2
43	#startwrubric	1
43	#periods	19
43	#commas	34
43	#endwpunct	13
43	#startwname	2
43	wordNotInVocab	117
44	however	1
44	time	4
44	air	1
44	example	1
44	a	2
44	made	1
44	for	2
44	school	1
44	forces	1
44	#allcapswords	1
44	best	1
44	character	1
44	power	1
44	case	1
44	influence	1
44	will	6
44	arabic1digit	32
44	leaves	1
44	much	1
44	not	2
44	the	32
44	some	3
44	those	2
44	by	3
44	following	1
44	kind	1
44	possible	1
44	use	2
44	each	1
44	these	2
44	from	3
44	of	17
44	what	1
44	that	3
44	if	2
44	all	1
44	had	2
44	first	1
44	since	1
44	least	1
44	principles	1
44	have	2
44	or	3
44	an	1
44	necessary	1
44	it	4
44	water	1
44	with	3
44	any	3
44	man	1
44	laws	2
44	able	1
44	how	2
44	seen	1
44	is	4
44	order	1
44	extent	2
44	which	1
44	high	1
44	at	2
44	kinds	1
44	two	1
44	arabic2digit	1
44	elements	3
44	general	2
44	number	1
44	in	7
44	may	3
44	and	10
44	to	10
44	has	1
44	given	1
44	making	1
44	upon	1
44	must	3
44	be	9
44	its	9
44	here	1
44	#textlines	63
44	#endwnumeral	1
44	#lines	63
44	#maxinitial	7
44	#stdev	2589
44	#maxpair	9
44	#quotations	3
44	#caplines	5
44	#sequentialcaps	2
44	#startwrubric	1
44	#periods	72
44	#commas	29
44	#endwpunct	38
44	wordNotInVocab	138
45	s	1
45	for	1
45	air	5
45	due	2
45	relative	1
45	influence	2
45	by	5
45	arabic1digit	72
45	propernoun	2
45	water	2
45	effect	2
45	a	1
45	wind	1
45	kind	3
45	romannumeral	4
45	of	20
45	required	1
45	other	2
45	light	3
45	continued	1
45	i	2
45	with	1
45	how	3
45	heat	3
45	means	1
45	compared	1
45	illustrations	1
45	as	1
45	kinds	1
45	arabic2digit	7
45	through	1
45	elements	1
45	in	3
45	source	1
45	and	9
45	to	2
45	character	2
45	#allcapswords	5
45	purpose	2
45	effects	1
45	#textlines	105
45	#endwnumeral	1
45	#lines	105
45	#maxinitial	6
45	#stdev	698
45	#maxpair	6
45	#quotations	5
45	#caplines	5
45	#sequentialcaps	2
45	#startwrubric	2
45	#periods	171
45	#commas	5
45	#endwpunct	85
45	#startwname	1
45	wordNotInVocab	112
46	an	1
46	with	1
46	too	1
46	complete	1
46	time	1
46	principles	1
46	b	1
46	hand	1
46	influence	2
46	will	1
46	arabic1digit	77
46	leaves	1
46	much	1
46	propernoun	1
46	effect	1
46	free	1
46	the	9
46	for	1
46	through	1
46	according	2
46	certain	1
46	a	1
46	per	1
46	of	14
46	#allcapswords	3
46	other	3
46	true	1
46	cause	1
46	water	1
46	required	1
46	form	1
46	without	1
46	flower	1
46	care	1
46	is	2
46	like	1
46	as	2
46	which	1
46	arabic2digit	21
46	many	1
46	preparation	1
46	on	2
46	in	1
46	manner	1
46	source	1
46	may	3
46	and	6
46	to	5
46	but	1
46	character	1
46	effects	2
46	be	4
46	corn	1
46	purpose	2
46	green	1
46	#textlines	92
46	#endwnumeral	2
46	#lines	92
46	#maxinitial	2
46	#stdev	1600
46	#maxpair	4
46	#caplines	4
46	#sequentialcaps	1
46	#startwrubric	3
46	#periods	148
46	#commas	25
46	#endwpunct	82
46	wordNotInVocab	139
47	time	3
47	head	1
47	a	4
47	species	1
47	relative	1
47	square	1
47	new	2
47	or	3
47	common	1
47	effect	4
47	with	1
47	condition	1
47	choice	1
47	per	1
47	names	1
47	f	2
47	introduction	1
47	without	1
47	preparation	1
47	at	1
47	as	1
47	law	1
47	source	1
47	and	10
47	use	2
47	treatment	1
47	upon	3
47	its	1
47	h	1
47	for	2
47	method	3
47	white	1
47	best	1
47	j	1
47	influence	4
47	wild	1
47	arabic1digit	71
47	hard	2
47	by	4
47	b	4
47	e	2
47	through	1
47	date	1
47	soft	1
47	romannumeral	4
47	of	45
47	g	2
47	army	1
47	winter	3
47	i	1
47	k	1
47	bed	1
47	the	12
47	manner	1
47	arabic2digit	18
47	d	4
47	on	2
47	number	1
47	spring	2
47	from	1
47	different	1
47	#allcapswords	9
47	compared	1
47	fly	1
47	#textlines	52
47	#endwnumeral	5
47	#lines	52
47	#maxinitial	4
47	#stdev	1912
47	#maxpair	6
47	#quotations	1
47	#caplines	9
47	#sequentialcaps	6
47	#startwrubric	9
47	#periods	27
47	#commas	85
47	#endwpunct	29
47	wordNotInVocab	215
48	given	2
48	it	7
48	time	1
48	a	4
48	progress	1
48	school	8
48	less	1
48	arabic3digit	1
48	new	1
48	history	1
48	because	2
48	the	29
48	schools	1
48	same	1
48	some	1
48	those	2
48	used	2
48	can	3
48	office	1
48	these	2
48	does	1
48	per	2
48	that	7
48	give	2
48	no	2
48	first	2
48	before	1
48	so	1
48	if	1
48	present	1
48	wish	1
48	as	2
48	few	1
48	two	1
48	should	5
48	general	1
48	cover	1
48	them	1
48	may	1
48	while	1
48	there	1
48	but	2
48	has	1
48	since	2
48	about	1
48	also	1
48	whether	1
48	course	1
48	many	2
48	work	7
48	its	1
48	for	8
48	subjects	3
48	method	1
48	possible	1
48	to	11
48	and	13
48	placename	1
48	world	1
48	will	1
48	arabic1digit	12
48	not	4
48	other	3
48	become	1
48	greatest	1
48	could	1
48	use	1
48	each	1
48	follow	1
48	from	2
48	this	3
48	attention	1
48	when	1
48	original	1
48	of	23
48	m	1
48	been	3
48	united	1
48	better	1
48	seems	1
48	winter	1
48	study	8
48	have	2
48	who	2
48	i	1
48	are	9
48	an	1
48	high	4
48	subject	1
48	by	2
48	is	5
48	which	1
48	they	1
48	be	9
48	arabic2digit	4
48	question	1
48	good	1
48	help	1
48	sort	1
48	on	3
48	in	8
48	number	1
48	under	1
48	class	1
48	spring	1
48	understand	1
48	#allcapswords	6
48	#textlines	45
48	#endwnumeral	1
48	#lines	45
48	#maxinitial	8
48	#stdev	1640
48	#maxpair	14
48	#caplines	8
48	#sequentialcaps	2
48	#startwrubric	3
48	#periods	25
48	#commas	22
48	#endwpunct	10
48	#startwname	2
48	wordNotInVocab	151
49	also	3
49	air	1
49	where	2
49	a	6
49	complete	1
49	school	3
49	knowledge	2
49	makes	1
49	copies	2
49	with	1
49	arabic3digit	4
49	will	4
49	or	4
49	one	1
49	he	3
49	part	1
49	some	5
49	used	1
49	office	1
49	these	4
49	book	1
49	that	10
49	up	1
49	set	2
49	sent	1
49	been	1
49	any	1
49	year	1
49	wish	1
49	as	4
49	together	1
49	kinds	1
49	had	1
49	plays	1
49	should	5
49	send	1
49	body	1
49	them	1
49	may	2
49	and	17
49	there	1
49	kept	1
49	all	1
49	high	2
49	work	2
49	its	2
49	for	14
49	science	1
49	has	2
49	subjects	2
49	his	1
49	your	3
49	make	1
49	class	2
49	placename	1
49	put	1
49	their	1
49	arabic1digit	5
49	other	2
49	free	3
49	through	1
49	following	3
49	use	2
49	each	4
49	bound	1
49	from	2
49	this	1
49	romannumeral	1
49	of	34
49	if	3
49	required	1
49	are	5
49	very	1
49	study	2
49	have	5
49	who	3
49	it	2
49	over	1
49	man	1
49	library	3
49	private	1
49	the	39
49	by	1
49	is	5
49	list	6
49	nature	1
49	they	1
49	be	9
49	you	2
49	arabic2digit	1
49	many	1
49	preparation	1
49	d	1
49	good	1
49	help	1
49	place	1
49	on	3
49	in	11
49	under	1
49	to	7
49	most	3
49	state	1
49	look	1
49	paper	1
49	arabic5+digit	1
49	#allcapswords	5
49	placed	1
49	ask	2
49	#textlines	44
49	#endwnumeral	1
49	#lines	44
49	#maxinitial	7
49	#stdev	1285
49	#maxpair	10
49	#quotations	2
49	#caplines	8
49	#sequentialcaps	1
49	#periods	23
49	#commas	22
49	#endwpunct	14
49	wordNotInVocab	129
50	also	1
50	given	1
50	for	9
50	king	3
50	where	2
50	how	1
50	a	3
50	life	2
50	possible	1
50	your	3
50	rule	1
50	and	15
50	time	1
50	school	3
50	class	2
50	principles	3
50	above	1
50	as	5
50	placename	2
50	personalname	7
50	papers	1
50	country	1
50	copies	5
50	it	3
50	will	2
50	arabic1digit	13
50	half	2
50	or	1
50	hill	1
50	one	1
50	other	2
50	he	1
50	several	1
50	others	1
50	used	1
50	following	2
50	can	1
50	at	2
50	each	2
50	board	1
50	these	1
50	book	5
50	when	1
50	of	21
50	more	1
50	give	1
50	if	2
50	no	1
50	propernoun	3
50	first	3
50	very	1
50	least	1
50	study	1
50	over	1
50	have	3
50	that	3
50	necessary	1
50	are	7
50	library	1
50	with	1
50	table	2
50	practical	1
50	land	1
50	high	2
50	the	24
50	is	3
50	list	1
50	much	2
50	fifth	1
50	reading	1
50	ought	1
50	they	2
50	books	3
50	#allcapswords	2
50	arabic2digit	14
50	through	1
50	corn	1
50	out	1
50	such	1
50	on	3
50	in	4
50	them	1
50	may	1
50	to	9
50	garden	2
50	but	1
50	there	1
50	than	1
50	state	2
50	four	1
50	be	5
50	many	2
50	placed	1
50	ask	1
50	#textlines	46
50	#endwnumeral	1
50	#lines	46
50	#maxinitial	6
50	#stdev	1746
50	#maxpair	6
50	#quotations	3
50	#caplines	4
50	#sequentialcaps	2
50	#startwrubric	1
50	#periods	56
50	#commas	30
50	#endwpunct	30
50	wordNotInVocab	99
51	also	2
51	it	7
51	air	1
51	where	1
51	a	5
51	each	1
51	school	4
51	pure	1
51	water	2
51	arabic3digit	1
51	will	2
51	or	4
51	common	1
51	one	1
51	land	1
51	the	9
51	several	2
51	with	4
51	others	1
51	those	1
51	used	1
51	romannumeral	1
51	these	2
51	of	13
51	ten	1
51	that	4
51	no	1
51	home	1
51	least	1
51	do	1
51	set	1
51	at	3
51	as	2
51	same	1
51	two	2
51	should	3
51	out	1
51	may	7
51	and	6
51	mind	1
51	there	1
51	kept	1
51	all	1
51	about	5
51	black	1
51	which	1
51	them	1
51	work	1
51	rich	2
51	for	10
51	arabicprice	1
51	possible	1
51	class	3
51	placename	2
51	put	1
51	are	2
51	new	1
51	arabic1digit	13
51	bring	1
51	leaves	1
51	house	1
51	not	1
51	well	2
51	following	3
51	you	1
51	use	4
51	from	3
51	this	1
51	when	1
51	collection	1
51	any	1
51	so	1
51	if	1
51	united	1
51	required	1
51	other	1
51	small	1
51	very	1
51	study	1
51	brown	1
51	have	1
51	who	1
51	brought	1
51	fourth	1
51	become	1
51	able	1
51	high	1
51	by	2
51	is	8
51	they	1
51	#allcapswords	7
51	arabic2digit	3
51	corn	1
51	d	1
51	good	2
51	such	1
51	in	9
51	keep	1
51	to	6
51	spring	1
51	be	14
51	can	2
51	#textlines	45
51	#endwnumeral	3
51	#lines	45
51	#maxinitial	4
51	#stdev	2008
51	#maxpair	6
51	#quotations	2
51	#caplines	14
51	#sequentialcaps	3
51	#startwrubric	1
51	#periods	32
51	#commas	23
51	#endwpunct	23
51	wordNotInVocab	159
52	given	4
52	time	5
52	was	1
52	a	7
52	get	1
52	essay	1
52	complete	3
52	relative	1
52	full	1
52	will	3
52	or	5
52	often	1
52	one	1
52	done	1
52	the	31
52	some	1
52	be	13
52	last	1
52	those	1
52	used	1
52	can	2
52	made	1
52	more	2
52	give	1
52	least	1
52	up	1
52	did	1
52	that	7
52	thought	1
52	any	1
52	form	4
52	so	1
52	how	1
52	year	2
52	still	1
52	description	1
52	really	1
52	at	2
52	two	2
52	particular	1
52	should	4
52	day	1
52	very	1
52	and	9
52	three	1
52	take	1
52	but	1
52	all	3
52	about	1
52	english	1
52	many	1
52	work	11
52	interest	1
52	for	3
52	may	5
52	to	12
52	are	3
52	by	3
52	half	1
52	arabic1digit	2
52	not	3
52	other	3
52	each	4
52	date	1
52	follow	1
52	much	1
52	from	2
52	this	6
52	when	1
52	of	24
52	required	1
52	field	3
52	study	1
52	who	2
52	it	7
52	charge	1
52	an	1
52	written	1
52	subject	3
52	is	5
52	nature	1
52	which	2
52	adapted	1
52	they	2
52	arabic2digit	1
52	preparation	1
52	good	1
52	such	1
52	on	1
52	in	10
52	number	2
52	keep	1
52	class	1
52	management	1
52	there	1
52	than	1
52	state	3
52	following	1
52	#allcapswords	3
52	price	1
52	here	1
52	#textlines	39
52	#endwnumeral	2
52	#lines	40
52	#maxinitial	12
52	#stdev	2100
52	#maxpair	14
52	#caplines	6
52	#sequentialcaps	3
52	#startwrubric	1
52	#periods	21
52	#commas	23
52	#endwpunct	8
52	wordNotInVocab	103
53	however	1
53	time	1
53	with	3
53	five	1
53	complete	1
53	school	1
53	practice	1
53	reading	3
53	knowledge	1
53	certain	1
53	will	2
53	second	1
53	eight	1
53	mode	1
53	one	1
53	done	1
53	years	1
53	the	36
53	schools	2
53	a	9
53	into	2
53	powers	1
53	him	1
53	hand	1
53	these	1
53	book	1
53	ten	1
53	what	2
53	that	4
53	give	1
53	rules	1
53	narrative	2
53	himself	2
53	generally	1
53	so	1
53	arabic2digit	3
53	been	2
53	parts	1
53	how	2
53	things	3
53	means	1
53	year	2
53	as	5
53	personalname	1
53	if	1
53	read	2
53	two	3
53	caesar	2
53	may	1
53	and	8
53	three	2
53	has	2
53	treatment	1
53	first	3
53	words	1
53	english	3
53	question	1
53	work	3
53	carefully	1
53	stage	1
53	for	6
53	latin	7
53	their	1
53	arabic1digit	10
53	memory	1
53	to	17
53	principles	1
53	end	1
53	text	1
53	rather	1
53	order	1
53	case	1
53	are	1
53	necessary	2
53	or	6
53	not	2
53	propernoun	2
53	six	1
53	said	1
53	thousand	1
53	period	2
53	following	1
53	use	1
53	through	1
53	itself	1
53	much	2
53	from	3
53	this	3
53	easy	1
53	other	1
53	translation	1
53	of	33
53	during	1
53	do	1
53	should	6
53	person	1
53	required	1
53	ear	1
53	true	1
53	study	3
53	too	2
53	it	5
53	well	1
53	an	5
53	high	2
53	by	1
53	is	6
53	without	1
53	course	1
53	pages	1
53	sense	1
53	books	1
53	taken	2
53	many	1
53	preparation	1
53	good	1
53	such	1
53	on	2
53	in	10
53	number	1
53	etc	1
53	be	11
53	understand	1
53	than	1
53	#allcapswords	4
53	can	2
53	#textlines	44
53	#endwnumeral	3
53	#lines	44
53	#exclamationpoints	2
53	#maxinitial	12
53	#stdev	1914
53	#maxpair	15
53	#quotations	2
53	#caplines	10
53	#sequentialcaps	1
53	#startwrubric	2
53	#periods	16
53	#questionmarks	1
53	#commas	23
53	#endwpunct	15
53	#startwname	1
53	wordNotInVocab	105
54	h	1
54	ancient	1
54	a	3
54	life	1
54	latin	7
54	for	1
54	school	1
54	books	2
54	placename	1
54	of	12
54	text	2
54	style	1
54	roman	4
54	certain	1
54	j	1
54	or	2
54	p	1
54	second	1
54	history	1
54	propernoun	6
54	the	12
54	practice	1
54	against	1
54	author	1
54	g	1
54	ten	1
54	narrative	1
54	caesar	2
54	study	1
54	verse	1
54	religion	1
54	man	1
54	american	1
54	fourth	1
54	greek	1
54	written	2
54	times	1
54	year	3
54	arabic1digit	3
54	romans	1
54	reading	1
54	personalname	7
54	literature	2
54	co	7
54	scenes	1
54	law	1
54	#allcapswords	9
54	arabic2digit	1
54	story	1
54	on	3
54	in	2
54	war	1
54	and	7
54	to	1
54	book	1
54	w	2
54	private	1
54	grammar	3
54	standard	3
54	green	1
54	third	1
54	english	1
54	maps	1
54	sons	3
54	#textlines	38
54	#endwnumeral	1
54	#lines	38
54	#maxinitial	6
54	#stdev	1772
54	#maxpair	9
54	#caplines	33
54	#sequentialcaps	3
54	#periods	38
54	#commas	43
54	#endwpunct	34
54	#startwname	8
54	wordNotInVocab	68
55	also	2
55	given	2
55	time	1
55	every	3
55	same	1
55	school	2
55	practice	1
55	german	7
55	too	1
55	with	1
55	arabic3digit	1
55	below	1
55	or	3
55	common	1
55	modern	1
55	done	1
55	years	2
55	long	1
55	the	38
55	schools	1
55	part	1
55	into	2
55	can	1
55	a	7
55	reader	1
55	more	2
55	that	3
55	rules	1
55	no	1
55	narrative	1
55	first	1
55	french	1
55	designed	1
55	language	4
55	pages	1
55	year	1
55	here	1
55	as	3
55	should	5
55	strong	1
55	at	3
55	read	3
55	neither	1
55	two	2
55	word	1
55	and	10
55	mind	1
55	but	2
55	short	1
55	grammar	3
55	words	1
55	upon	9
55	day	2
55	english	2
55	work	2
55	for	3
55	order	1
55	his	1
55	life	2
55	latin	1
55	being	1
55	memory	1
55	principles	1
55	#allcapswords	3
55	only	2
55	placename	1
55	sight	1
55	put	1
55	end	1
55	text	1
55	it	1
55	arabic1digit	5
55	against	1
55	not	2
55	b	1
55	period	1
55	way	1
55	following	1
55	use	1
55	prose	1
55	from	6
55	this	1
55	translation	1
55	of	27
55	during	1
55	if	1
55	required	1
55	small	1
55	very	2
55	are	3
55	easy	4
55	an	1
55	able	1
55	high	2
55	by	1
55	is	4
55	reading	3
55	which	1
55	selected	1
55	answer	1
55	course	4
55	arabic2digit	2
55	taken	2
55	help	1
55	such	1
55	in	8
55	to	12
55	called	1
55	than	1
55	third	1
55	be	6
55	one	1
55	natural	1
55	#textlines	39
55	#endwnumeral	1
55	#lines	39
55	#maxinitial	9
55	#stdev	1817
55	#maxpair	11
55	#caplines	10
55	#sequentialcaps	3
55	#startwrubric	3
55	#periods	14
55	#commas	22
55	#endwpunct	13
55	#startwname	1
55	wordNotInVocab	102
56	also	2
56	before	1
56	for	2
56	selected	2
56	kinds	1
56	his	2
56	sometimes	4
56	order	1
56	stories	1
56	us	1
56	literature	2
56	less	1
56	knowledge	2
56	german	4
56	arabic3digit	4
56	arabic1digit	3
56	subjects	1
56	second	2
56	or	1
56	lives	1
56	this	1
56	all	1
56	short	2
56	with	3
56	into	2
56	last	1
56	practice	2
56	use	2
56	fourth	1
56	a	1
56	from	2
56	translation	2
56	of	22
56	during	1
56	#allcapswords	4
56	should	3
56	strong	1
56	propernoun	5
56	first	2
56	the	26
56	as	1
56	study	1
56	continued	1
56	prose	2
56	easy	3
56	language	1
56	form	1
56	readers	1
56	memory	1
56	pages	3
56	works	1
56	numerous	1
56	year	7
56	reading	4
56	personalname	1
56	good	1
56	poetry	2
56	read	2
56	english	1
56	arabic2digit	1
56	plays	1
56	in	11
56	word	2
56	and	14
56	to	6
56	book	1
56	matter	2
56	about	2
56	grammar	2
56	state	1
56	upon	6
56	third	1
56	course	3
56	work	3
56	great	1
56	#textlines	35
56	#endwnumeral	1
56	#lines	35
56	#maxinitial	8
56	#stdev	2282
56	#maxpair	13
56	#caplines	13
56	#sequentialcaps	3
56	#startwrubric	1
56	#periods	13
56	#commas	30
56	#endwpunct	13
56	#startwname	1
56	wordNotInVocab	69
57	die	3
57	for	3
57	a	3
57	jones	1
57	am	1
57	placename	2
57	longer	1
57	i	1
57	end	1
57	german	4
57	case	1
57	j	1
57	will	1
57	history	1
57	second	1
57	or	2
57	modern	1
57	years	1
57	schools	1
57	period	1
57	romannumeral	2
57	book	1
57	this	1
57	ten	1
57	of	12
57	g	1
57	st	1
57	propernoun	19
57	the	11
57	study	1
57	school	2
57	french	3
57	fourth	1
57	time	1
57	any	1
57	readers	3
57	high	2
57	is	1
57	personalname	8
57	literature	1
57	co	5
57	books	1
57	two	1
57	arabic2digit	1
57	d	1
57	help	1
57	such	1
57	in	6
57	and	4
57	year	4
57	short	1
57	course	2
57	grammar	3
57	standard	2
57	third	2
57	#allcapswords	8
57	american	1
57	#textlines	37
57	#endwnumeral	1
57	#lines	37
57	#maxinitial	7
57	#stdev	2236
57	#maxpair	10
57	#caplines	28
57	#sequentialcaps	2
57	#startwrubric	2
57	#periods	35
57	#commas	19
57	#endwpunct	28
57	#startwname	11
57	wordNotInVocab	71
58	also	1
58	sometimes	2
58	english	1
58	continued	1
58	reader	2
58	historical	2
58	memory	2
58	school	1
58	principles	1
58	de	3
58	only	1
58	designed	1
58	including	1
58	text	1
58	order	1
58	stories	1
58	arabic3digit	4
58	arabic1digit	11
58	second	1
58	common	2
58	not	1
58	propernoun	2
58	done	1
58	the	36
58	sketches	1
58	with	2
58	into	2
58	practice	2
58	following	1
58	use	2
58	for	1
58	arabic4digit	1
58	prose	1
58	from	6
58	of	29
58	more	1
58	during	2
58	that	1
58	rules	1
58	read	4
58	form	1
58	first	1
58	as	2
58	study	1
58	are	1
58	french	9
58	readers	1
58	modern	1
58	easy	4
58	an	1
58	written	1
58	pages	2
58	year	4
58	biographical	1
58	already	1
58	reading	2
58	personalname	2
58	should	2
58	high	1
58	anecdotes	1
58	course	2
58	arabic2digit	1
58	taken	1
58	plays	1
58	or	2
58	on	1
58	in	12
58	le	3
58	be	1
58	such	1
58	la	5
58	and	12
58	to	5
58	but	2
58	all	1
58	et	2
58	grammar	4
58	words	1
58	upon	2
58	third	1
58	placename	1
58	work	3
58	natural	1
58	#textlines	41
58	#endwnumeral	2
58	#lines	41
58	#maxinitial	7
58	#stdev	2057
58	#maxpair	10
58	#caplines	18
58	#sequentialcaps	2
58	#periods	14
58	#commas	25
58	#endwpunct	21
58	#startwname	3
58	wordNotInVocab	97
59	for	1
59	latin	4
59	school	1
59	de	3
59	placename	1
59	less	1
59	german	4
59	are	1
59	arabic1digit	31
59	second	1
59	history	4
59	from	1
59	not	2
59	propernoun	8
59	the	3
59	possible	1
59	per	1
59	when	1
59	of	3
59	one	2
59	#allcapswords	5
59	required	4
59	first	1
59	grammar	1
59	length	1
59	french	3
59	voyage	1
59	fourth	2
59	anecdotes	1
59	readers	1
59	high	1
59	year	1
59	daily	1
59	as	1
59	personalname	1
59	m	1
59	be	6
59	arabic2digit	1
59	should	2
59	such	1
59	in	1
59	number	1
59	la	1
59	and	2
59	to	4
59	three	1
59	music	1
59	than	1
59	le	6
59	about	1
59	third	1
59	english	4
59	or	1
59	#textlines	67
59	#endwnumeral	32
59	#lines	67
59	#maxinitial	9
59	#stdev	1409
59	#maxpair	16
59	#quotations	1
59	#caplines	61
59	#sequentialcaps	4
59	#startwrubric	10
59	#periods	32
59	#commas	36
59	#endwpunct	30
59	#startwname	5
59	wordNotInVocab	61
60	also	1
60	young	1
60	added	1
60	part	1
60	five	1
60	made	1
60	school	1
60	less	1
60	full	1
60	will	1
60	or	3
60	because	1
60	common	1
60	much	1
60	reader	1
60	the	17
60	schools	1
60	several	1
60	with	1
60	others	1
60	those	1
60	after	1
60	arabic4digit	1
60	hand	1
60	a	1
60	of	13
60	more	1
60	that	3
60	no	1
60	f	1
60	first	1
60	up	1
60	n	1
60	any	1
60	either	1
60	things	1
60	means	1
60	bliss	1
60	hope	1
60	as	1
60	personalname	1
60	should	6
60	city	1
60	placename	1
60	poetry	1
60	persons	1
60	works	2
60	general	2
60	social	1
60	day	1
60	may	1
60	take	1
60	but	1
60	all	1
60	words	1
60	daily	1
60	nor	1
60	study	3
60	dictionary	2
60	for	4
60	science	1
60	arabicprice	9
60	latin	1
60	and	14
60	st	1
60	never	1
60	#allcapswords	8
60	places	1
60	selected	3
60	it	2
60	new	1
60	by	2
60	not	3
60	y	1
60	propernoun	13
60	index	1
60	east	1
60	following	1
60	each	2
60	date	1
60	from	2
60	been	2
60	small	1
60	both	1
60	library	1
60	stars	1
60	have	3
60	who	1
60	are	3
60	popular	1
60	we	1
60	high	1
60	subject	1
60	does	1
60	is	2
60	t	1
60	imperial	1
60	course	1
60	book	1
60	co	2
60	they	2
60	books	2
60	arabic2digit	5
60	whom	1
60	on	1
60	in	2
60	number	1
60	cents	4
60	to	5
60	literature	1
60	than	2
60	four	1
60	making	1
60	be	6
60	boards	1
60	#textlines	40
60	#endwnumeral	11
60	#lines	40
60	#exclamationpoints	1
60	#maxinitial	4
60	#stdev	1883
60	#maxpair	4
60	#quotations	2
60	#caplines	7
60	#sequentialcaps	3
60	#startwrubric	1
60	#periods	66
60	#commas	21
60	#endwpunct	25
60	wordNotInVocab	78
61	for	5
61	science	1
61	ancient	1
61	arabicprice	32
61	to	3
61	principles	2
61	government	2
61	literature	1
61	civil	1
61	hand	1
61	history	13
61	arabic1digit	2
61	american	4
61	south	1
61	literary	1
61	the	3
61	schools	1
61	period	1
61	practical	1
61	wrote	1
61	guide	1
61	hall	1
61	of	22
61	united	1
61	propernoun	34
61	study	3
61	state	1
61	who	3
61	north	1
61	nation	1
61	it	1
61	age	2
61	library	1
61	ready	1
61	introduction	1
61	critical	1
61	people	1
61	cents	8
61	west	1
61	bliss	1
61	vols	2
61	how	1
61	placename	4
61	arabic2digit	9
61	general	2
61	short	1
61	elements	1
61	on	1
61	in	5
61	social	1
61	public	1
61	them	1
61	and	14
61	administration	1
61	book	1
61	art	1
61	readers	1
61	grammar	1
61	green	1
61	english	1
61	eastern	1
61	dictionary	1
61	maps	1
61	#textlines	44
61	#endwnumeral	33
61	#lines	44
61	#maxinitial	3
61	#stdev	1057
61	#maxpair	3
61	#quotations	1
61	#caplines	8
61	#sequentialcaps	2
61	#startwrubric	4
61	#periods	119
61	#questionmarks	1
61	#commas	38
61	#endwpunct	43
61	#startwname	3
61	wordNotInVocab	57
62	for	4
62	science	1
62	books	1
62	french	1
62	library	1
62	latin	1
62	memory	1
62	school	3
62	introduction	1
62	pages	1
62	german	1
62	reading	1
62	course	1
62	arabic1digit	6
62	high	3
62	history	2
62	propernoun	1
62	#allcapswords	1
62	arabic2digit	9
62	index	1
62	in	1
62	small	1
62	and	2
62	to	1
62	arabic4digit	10
62	music	1
62	of	2
62	grammar	1
62	english	2
62	work	1
62	study	2
62	#textlines	27
62	#endwnumeral	24
62	#lines	27
62	#maxinitial	3
62	#stdev	1276
62	#maxpair	5
62	#caplines	25
62	#sequentialcaps	3
62	#periods	1
62	#commas	8
62	#endwpunct	2
62	#startwname	1
62	wordNotInVocab	19
63	#textlines	0
64	#textlines	0
64	#lines	1
65	#textlines	0
65	#lines	1
