0	in	1
0	the	1
0	arabic4digit	2
0	placename	1
0	#sequentialcaps	1
0	#lines	13
0	#maxinitial	2
0	#caplines	2
0	#stdev	601
0	#maxpair	3
0	#textlines	7
0	#endwnumeral	2
0	wordNotInVocab	5
1	the	2
1	personalname	2
1	library	1
1	#allcapswords	14
1	placename	1
1	of	2
1	los	1
1	university	1
1	#sequentialcaps	1
1	#lines	16
1	#maxinitial	2
1	#caplines	7
1	#startwname	1
1	#stdev	670
1	#maxpair	3
1	#textlines	8
1	wordNotInVocab	5
2	the	3
2	royal	1
2	t	1
2	theatre	1
2	performed	1
2	edition	1
2	a	2
2	or	1
2	by	1
2	new	1
2	n	1
2	sold	1
2	two	1
2	in	2
2	at	1
2	happy	1
2	arabic4digit	1
2	#allcapswords	27
2	acts	1
2	placename	2
2	#sequentialcaps	3
2	#lines	24
2	#maxinitial	3
2	#caplines	11
2	#periods	7
2	#stdev	1095
2	#maxpair	4
2	#commas	4
2	#endwpunct	9
2	#textlines	12
2	#endwnumeral	1
2	wordNotInVocab	7
3	scene	1
3	persons	1
3	personalname	6
3	captain	1
3	propernoun	4
3	mr	7
3	miss	1
3	#allcapswords	2
3	placename	1
3	dramatis	1
3	#sequentialcaps	3
3	#lines	39
3	#maxinitial	3
3	#caplines	10
3	#startwname	7
3	#periods	19
3	#stdev	171
3	#maxpair	4
3	#startwrubric	2
3	#commas	8
3	#endwpunct	12
3	#textlines	18
3	wordNotInVocab	7
4	fancy	1
4	wrote	1
4	same	1
4	ship	1
4	makes	1
4	oh	1
4	street	1
4	contains	1
4	that	1
4	scene	1
4	w	1
4	board	1
4	him	1
4	have	2
4	all	1
4	let	1
4	act	1
4	country	1
4	more	2
4	heaven	1
4	enter	2
4	my	6
4	three	1
4	great	1
4	good	1
4	would	1
4	native	1
4	and	1
4	reason	1
4	i	4
4	mr	1
4	appear	1
4	than	1
4	#allcapswords	14
4	she	1
4	her	2
4	to	3
4	letters	1
4	placename	3
4	the	5
4	our	1
4	arabic5+digit	1
4	dear	2
4	am	1
4	sir	1
4	even	1
4	distance	1
4	a	4
4	or	2
4	eyes	1
4	are	1
4	possible	1
4	me	1
4	in	1
4	almost	1
4	arabic1digit	1
4	they	1
4	joy	1
4	know	1
4	is	2
4	pleasure	1
4	father	1
4	for	1
4	personalname	4
4	land	1
4	yet	1
4	place	1
4	long	1
4	fly	1
4	of	2
4	can	1
4	sense	1
4	he	1
4	once	1
4	it	2
4	happy	1
4	earth	1
4	from	3
4	fo	2
4	which	1
4	being	2
4	on	2
4	at	2
4	#sequentialcaps	2
4	#lines	41
4	#maxinitial	6
4	#caplines	13
4	#startwname	2
4	#periods	12
4	#stdev	1643
4	#maxpair	8
4	#startwrubric	1
4	#commas	10
4	#endwpunct	10
4	#questionmarks	1
4	#exclamationpoints	5
4	#textlines	26
4	#endwnumeral	1
4	wordNotInVocab	29
5	arabic1digit	2
5	brought	1
5	them	1
5	marry	1
5	ever	1
5	but	3
5	open	1
5	honest	1
5	never	1
5	all	2
5	daughter	1
5	here	1
5	into	2
5	have	2
5	of	9
5	am	3
5	while	1
5	some	1
5	sir	2
5	make	1
5	let	1
5	brother	1
5	wish	1
5	character	1
5	away	1
5	with	1
5	man	2
5	hope	1
5	do	1
5	such	2
5	yes	1
5	could	1
5	my	6
5	will	1
5	principles	1
5	one	1
5	modern	1
5	against	1
5	great	1
5	first	1
5	it	1
5	selected	1
5	past	1
5	as	1
5	i'll	1
5	and	8
5	things	1
5	reason	1
5	hand	1
5	town	1
5	who	5
5	poor	1
5	a	2
5	indeed	1
5	#allcapswords	13
5	turn	1
5	left	1
5	her	4
5	less	1
5	placename	1
5	the	14
5	none	1
5	our	1
5	live	2
5	this	1
5	present	1
5	itself	1
5	be	2
5	you	6
5	shall	2
5	or	5
5	mercy	1
5	are	3
5	others	1
5	me	2
5	in	5
5	i	9
5	list	1
5	from	2
5	person	1
5	propernoun	5
5	nor	1
5	may	1
5	j	1
5	know	3
5	west	1
5	is	6
5	matter	1
5	for	1
5	men	1
5	he	4
5	what	2
5	little	1
5	then	2
5	fly	1
5	family	2
5	can	2
5	to	8
5	speak	1
5	come	2
5	that	3
5	happy	1
5	no	1
5	take	1
5	friends	1
5	power	1
5	country	1
5	care	2
5	lives	1
5	where	3
5	at	1
5	#sequentialcaps	1
5	#lines	51
5	#maxinitial	7
5	#caplines	11
5	#startwname	10
5	#periods	17
5	#stdev	1530
5	#maxpair	7
5	#startwrubric	10
5	#commas	21
5	#endwpunct	13
5	#questionmarks	4
5	#textlines	38
5	wordNotInVocab	45
6	arabic1digit	1
6	exit	1
6	what	1
6	meet	1
6	personalname	3
6	but	2
6	example	1
6	would	2
6	time	1
6	head	1
6	oh	2
6	two	1
6	perhaps	1
6	friend	1
6	daughter	1
6	marry	1
6	have	1
6	e	1
6	family	1
6	with	1
6	given	1
6	f	1
6	has	2
6	army	1
6	themselves	1
6	been	1
6	who	1
6	some	1
6	therefore	1
6	word	1
6	news	1
6	their	1
6	such	1
6	enter	1
6	glorious	1
6	nation	2
6	at	2
6	ever	2
6	one	1
6	think	1
6	fortune	2
6	good	1
6	every	1
6	as	2
6	an	1
6	spirit	1
6	thing	1
6	always	1
6	young	1
6	town	1
6	conduct	1
6	r	1
6	#allcapswords	15
6	ocean	1
6	fellow	1
6	native	1
6	the	12
6	it	2
6	our	1
6	him	2
6	sir	4
6	could	1
6	be	3
6	country	1
6	you	2
6	greatest	1
6	friends	1
6	a	8
6	second	1
6	or	1
6	by	2
6	out	1
6	engaged	1
6	your	1
6	don't	3
6	me	1
6	in	7
6	i	9
6	placename	1
6	propernoun	4
6	now	1
6	these	1
6	youth	1
6	miss	1
6	however	1
6	know	1
6	thought	1
6	believe	1
6	is	7
6	found	1
6	not	1
6	field	1
6	follow	1
6	for	1
6	on	1
6	myself	1
6	he	2
6	fo	3
6	fine	1
6	then	1
6	here	2
6	romannumeral	2
6	gentleman	1
6	of	7
6	pride	1
6	to	9
6	bear	1
6	my	7
6	that	4
6	and	5
6	come	1
6	honour	2
6	about	1
6	which	1
6	though	1
6	like	1
6	go	1
6	how	1
6	serve	2
6	when	2
6	#sequentialcaps	3
6	#lines	49
6	#maxinitial	4
6	#quotations	4
6	#caplines	9
6	#startwname	5
6	#periods	18
6	#stdev	1352
6	#maxpair	7
6	#startwrubric	4
6	#commas	35
6	#endwpunct	11
6	#questionmarks	2
6	#exclamationpoints	3
6	#textlines	37
6	#endwnumeral	1
6	wordNotInVocab	51
7	ever	1
7	would	1
7	propernoun	1
7	met	1
7	honest	1
7	never	1
7	certain	1
7	marry	1
7	all	2
7	into	1
7	while	1
7	miss	1
7	has	1
7	let	1
7	had	2
7	their	3
7	my	6
7	but	1
7	great	1
7	an	2
7	still	1
7	general	1
7	#allcapswords	14
7	left	2
7	few	2
7	his	1
7	placename	3
7	visit	1
7	him	2
7	am	1
7	present	1
7	letter	2
7	young	1
7	you	4
7	was	2
7	mean	1
7	whom	1
7	in	4
7	who	1
7	mode	1
7	j	2
7	rather	1
7	thus	1
7	why	1
7	mind	1
7	free	1
7	gentleman	1
7	night	1
7	place	1
7	that	3
7	no	1
7	take	1
7	particular	1
7	fellow	2
7	elegant	1
7	though	1
7	before	1
7	arabic1digit	2
7	the	4
7	immediately	1
7	other	1
7	r	1
7	have	3
7	there	1
7	some	1
7	make	1
7	very	1
7	ah	1
7	former	1
7	it	4
7	kind	1
7	and	10
7	i	10
7	a	5
7	she	2
7	her	1
7	to	9
7	us	1
7	certainly	1
7	words	1
7	dear	1
7	this	1
7	sir	2
7	be	4
7	friends	1
7	shall	4
7	might	1
7	or	3
7	by	1
7	your	2
7	now	1
7	easy	1
7	ft	1
7	they	1
7	person	1
7	any	1
7	may	1
7	such	1
7	one	1
7	were	1
7	for	2
7	personalname	7
7	are	1
7	he	2
7	of	2
7	me	7
7	means	1
7	return	1
7	how	4
7	told	1
7	good	1
7	come	1
7	happy	1
7	at	3
7	from	2
7	if	3
7	#sequentialcaps	2
7	#lines	48
7	#maxinitial	5
7	#quotations	2
7	#caplines	10
7	#startwname	9
7	#periods	16
7	#stdev	1051
7	#maxpair	10
7	#startwrubric	5
7	#commas	34
7	#endwpunct	9
7	#questionmarks	2
7	#exclamationpoints	4
7	#textlines	38
7	#endwnumeral	1
7	wordNotInVocab	72
8	arabic1digit	1
8	all	2
8	what	2
8	would	1
8	oh	4
8	those	1
8	will	1
8	shalt	1
8	never	1
8	want	1
8	other	2
8	wit	1
8	sight	1
8	call	1
8	him	4
8	have	1
8	e	1
8	remember	1
8	should	1
8	wish	1
8	f	1
8	while	1
8	o	1
8	let	1
8	like	1
8	poor	1
8	very	1
8	with	3
8	man	1
8	enter	1
8	romannumeral	1
8	my	5
8	them	4
8	but	2
8	ever	1
8	one	1
8	ten	2
8	here	2
8	as	3
8	i'll	2
8	is	5
8	always	2
8	general	1
8	pity	1
8	r	1
8	and	4
8	hall	1
8	same	2
8	to	3
8	day	1
8	that	2
8	his	5
8	placename	3
8	the	10
8	no	1
8	dear	2
8	am	2
8	sir	2
8	letter	2
8	j	1
8	lord	1
8	there	1
8	you	4
8	a	9
8	might	1
8	was	2
8	by	1
8	heart	1
8	behind	1
8	me	2
8	i	17
8	had	1
8	propernoun	4
8	these	1
8	mr	1
8	off	1
8	however	1
8	face	1
8	principles	1
8	tis	2
8	not	1
8	way	1
8	matter	2
8	for	3
8	personalname	3
8	how	4
8	#allcapswords	25
8	keep	1
8	he	3
8	see	2
8	then	2
8	of	2
8	can	2
8	people	1
8	do	4
8	told	1
8	who	1
8	it	3
8	says	2
8	at	2
8	take	1
8	march	2
8	back	1
8	fellow	1
8	elegant	1
8	money	2
8	name	3
8	if	2
8	noble	1
8	exit	2
8	when	2
8	#sequentialcaps	2
8	#lines	48
8	#maxinitial	5
8	#caplines	14
8	#startwname	6
8	#periods	17
8	#stdev	1282
8	#maxpair	9
8	#startwrubric	5
8	#commas	28
8	#endwpunct	16
8	#questionmarks	7
8	#exclamationpoints	5
8	#textlines	36
8	#endwnumeral	1
8	wordNotInVocab	53
9	arabic1digit	2
9	truth	1
9	mine	1
9	bring	2
9	low	1
9	honour	1
9	meet	1
9	time	1
9	there	2
9	been	1
9	bid	2
9	never	1
9	was	1
9	high	1
9	break	1
9	where	4
9	have	2
9	e	1
9	everything	1
9	all	2
9	what	1
9	without	1
9	short	1
9	found	1
9	may	1
9	hold	1
9	must	1
9	my	2
9	will	1
9	not	2
9	propernoun	2
9	wish	1
9	here	2
9	nor	1
9	tongue	1
9	give	2
9	i'll	2
9	and	9
9	i	12
9	mr	1
9	indeed	2
9	#allcapswords	16
9	why	2
9	to	3
9	that	1
9	his	1
9	the	16
9	a	4
9	him	3
9	this	4
9	sir	5
9	find	1
9	be	1
9	you	8
9	don't	1
9	heart	1
9	for	1
9	are	4
9	your	2
9	did	3
9	me	6
9	in	3
9	at	4
9	pray	1
9	head	1
9	we	7
9	such	1
9	is	5
9	again	1
9	tell	2
9	were	1
9	well	2
9	w	1
9	place	1
9	keep	1
9	sure	1
9	of	2
9	home	1
9	leave	1
9	he	1
9	longer	1
9	it	4
9	servant	1
9	no	4
9	from	1
9	fo	2
9	about	1
9	gave	2
9	money	2
9	if	1
9	both	2
9	go	1
9	placename	1
9	say	1
9	see	1
9	#sequentialcaps	2
9	#lines	54
9	#maxinitial	5
9	#quotations	3
9	#caplines	13
9	#startwname	6
9	#periods	19
9	#stdev	1588
9	#maxpair	8
9	#startwrubric	10
9	#commas	30
9	#endwpunct	20
9	#questionmarks	8
9	#exclamationpoints	2
9	#textlines	37
9	wordNotInVocab	52
10	bring	1
10	b	1
10	what	2
10	world	2
10	does	1
10	into	1
10	f	1
10	fall	1
10	has	1
10	o	1
10	had	3
10	country	1
10	their	1
10	for	5
10	exeunt	1
10	romannumeral	1
10	my	4
10	going	1
10	think	1
10	every	1
10	as	1
10	again	1
10	#allcapswords	23
10	faith	2
10	that	4
10	his	2
10	placename	3
10	our	1
10	him	1
10	hand	1
10	a	7
10	was	5
10	parts	2
10	because	1
10	don't	1
10	only	1
10	men	1
10	me	5
10	in	4
10	everything	1
10	off	1
10	business	1
10	matter	1
10	why	1
10	mind	1
10	gave	2
10	pardon	1
10	myself	2
10	little	1
10	home	4
10	turned	1
10	people	1
10	to	9
10	it	3
10	says	1
10	fo	1
10	about	4
10	do	1
10	say	1
10	see	3
10	arabic1digit	1
10	the	14
10	but	3
10	enough	1
10	get	1
10	sure	1
10	held	1
10	want	1
10	too	1
10	upon	1
10	if	3
10	did	1
10	have	1
10	e	1
10	there	1
10	sweet	1
10	with	2
10	so	1
10	enter	1
10	once	1
10	will	1
10	went	1
10	ever	1
10	one	3
10	here	1
10	you	2
10	tongue	1
10	last	1
10	and	9
10	i	16
10	send	2
10	us	1
10	certainly	1
10	sir	3
10	up	2
10	talk	1
10	be	2
10	r	1
10	or	1
10	pictures	1
10	your	2
10	man	2
10	done	4
10	they	3
10	propernoun	2
10	any	2
10	head	1
10	saw	1
10	is	2
10	not	1
10	been	2
10	hold	1
10	he	1
10	you'll	1
10	another	2
10	got	1
10	of	5
10	place	1
10	own	1
10	black	1
10	found	1
10	at	4
10	soul	1
10	go	2
10	when	2
10	on	2
10	#sequentialcaps	3
10	#lines	49
10	#maxinitial	7
10	#quotations	1
10	#caplines	9
10	#startwname	3
10	#periods	11
10	#stdev	1337
10	#maxpair	9
10	#startwrubric	5
10	#commas	37
10	#endwpunct	12
10	#questionmarks	1
10	#exclamationpoints	4
10	#textlines	38
10	#endwnumeral	1
10	wordNotInVocab	63
11	may	1
11	arabic1digit	1
11	least	1
11	how	1
11	quite	1
11	word	1
11	same	1
11	make	1
11	whole	1
11	time	2
11	we	2
11	their	1
11	either	1
11	never	1
11	other	1
11	well	1
11	where	1
11	have	2
11	there	1
11	all	1
11	am	1
11	f	1
11	o	1
11	lady	1
11	brother	1
11	wish	1
11	very	2
11	with	2
11	more	1
11	such	1
11	enter	1
11	my	6
11	but	4
11	at	1
11	one	2
11	think	1
11	it	4
11	occasion	1
11	as	2
11	an	1
11	i'll	1
11	know	2
11	thing	1
11	young	1
11	i	13
11	mr	1
11	indeed	1
11	and	5
11	hall	1
11	her	1
11	perhaps	1
11	that	2
11	placename	1
11	the	8
11	or	1
11	this	3
11	sir	7
11	letter	2
11	looks	1
11	up	1
11	be	6
11	you	3
11	a	4
11	might	1
11	by	1
11	your	3
11	object	1
11	in	5
11	they	1
11	not	2
11	aside	1
11	cause	3
11	shall	2
11	fear	1
11	everything	1
11	nature	1
11	yet	1
11	j	1
11	though	1
11	thought	1
11	is	4
11	father	1
11	for	2
11	personalname	3
11	on	2
11	#allcapswords	17
11	gentlemen	1
11	are	4
11	don't	1
11	he	3
11	fo	2
11	pardon	1
11	see	1
11	please	1
11	until	1
11	gentleman	1
11	of	4
11	conversation	1
11	any	1
11	hope	1
11	people	1
11	to	8
11	place	1
11	good	1
11	dead	1
11	no	4
11	from	1
11	honour	2
11	however	1
11	till	1
11	part	1
11	saw	1
11	pray	1
11	say	1
11	when	1
11	#sequentialcaps	1
11	#lines	51
11	#maxinitial	5
11	#quotations	9
11	#caplines	3
11	#startwname	1
11	#periods	20
11	#stdev	1207
11	#maxpair	6
11	#commas	31
11	#endwpunct	14
11	#questionmarks	2
11	#exclamationpoints	3
11	#textlines	38
11	wordNotInVocab	65
12	arabic1digit	2
12	b	1
12	what	2
12	you'll	1
12	but	1
12	would	1
12	n	1
12	two	1
12	i	8
12	into	1
12	did	2
12	us	1
12	e	1
12	all	1
12	knows	1
12	f	1
12	some	1
12	has	1
12	lady	5
12	am	1
12	address	1
12	with	1
12	therefore	1
12	romannumeral	2
12	my	6
12	going	1
12	one	1
12	led	1
12	i'm	1
12	here	1
12	first	1
12	as	4
12	an	3
12	know	1
12	and	4
12	between	3
12	greatest	1
12	it	2
12	a	5
12	within	1
12	#allcapswords	16
12	hall	1
12	her	2
12	not	2
12	strange	1
12	was	2
12	the	9
12	him	2
12	this	4
12	sir	8
12	oh	1
12	be	3
12	you	2
12	r	1
12	second	1
12	because	1
12	your	1
12	heart	1
12	are	2
12	in	4
12	who	1
12	could	1
12	propernoun	1
12	we	2
12	pray	1
12	father	1
12	for	2
12	came	1
12	why	1
12	gentlemen	1
12	myself	2
12	please	1
12	gentleman	1
12	of	4
12	to	6
12	twas	1
12	own	1
12	come	1
12	that	5
12	honour	2
12	about	1
12	soul	1
12	if	1
12	lives	1
12	pardon	1
12	exit	2
12	hope	2
12	#sequentialcaps	1
12	#lines	44
12	#maxinitial	4
12	#quotations	6
12	#caplines	4
12	#startwname	1
12	#periods	20
12	#stdev	1381
12	#maxpair	5
12	#commas	23
12	#endwpunct	12
12	#questionmarks	3
12	#exclamationpoints	1
12	#textlines	32
12	wordNotInVocab	57
13	arabic1digit	2
13	truth	1
13	mine	1
13	all	3
13	us	2
13	but	2
13	tender	1
13	would	2
13	have	1
13	whole	2
13	oh	2
13	since	1
13	life	2
13	de	1
13	where	1
13	nay	1
13	arabic2digit	1
13	love	1
13	should	2
13	into	1
13	honourable	1
13	while	1
13	tears	1
13	has	2
13	before	1
13	make	1
13	wish	1
13	very	1
13	with	4
13	so	1
13	me	1
13	man	1
13	human	1
13	may	1
13	well	1
13	my	4
13	property	1
13	at	1
13	women	1
13	poor	1
13	an	3
13	early	1
13	many	1
13	and	8
13	come	2
13	know	2
13	danger	1
13	appear	1
13	indeed	1
13	#allcapswords	9
13	left	1
13	to	4
13	that	6
13	his	3
13	placename	1
13	the	7
13	him	1
13	be	1
13	you	8
13	a	8
13	was	1
13	look	1
13	your	5
13	heart	2
13	for	6
13	are	2
13	feel	1
13	personalname	10
13	in	6
13	i	3
13	like	1
13	situation	1
13	propernoun	3
13	we	2
13	age	1
13	light	1
13	dear	1
13	such	1
13	run	1
13	is	3
13	away	1
13	father	2
13	lips	2
13	small	1
13	em	1
13	degree	1
13	scene	1
13	he	2
13	fo	1
13	too	1
13	must	1
13	of	3
13	can	1
13	how	2
13	good	1
13	been	2
13	soul	1
13	no	5
13	will	1
13	about	1
13	if	1
13	almost	1
13	go	1
13	true	1
13	on	1
13	#sequentialcaps	3
13	#lines	49
13	#maxinitial	6
13	#caplines	13
13	#startwname	8
13	#periods	17
13	#stdev	1230
13	#maxpair	7
13	#startwrubric	7
13	#commas	26
13	#endwpunct	10
13	#questionmarks	1
13	#exclamationpoints	3
13	#textlines	36
13	wordNotInVocab	63
14	arabic1digit	1
14	thoughts	1
14	what	2
14	seen	1
14	but	3
14	have	1
14	get	1
14	follow	1
14	two	1
14	never	3
14	friend	1
14	other	1
14	too	1
14	know	2
14	bear	1
14	even	1
14	love	2
14	all	3
14	colours	1
14	read	2
14	let	1
14	alone	1
14	very	1
14	from	1
14	some	1
14	with	1
14	every	1
14	man	1
14	such	1
14	black	2
14	them	2
14	mistress	1
14	great	2
14	as	2
14	book	1
14	much	1
14	and	5
14	young	1
14	pity	4
14	poor	3
14	mr	1
14	#allcapswords	5
14	why	1
14	enough	1
14	perhaps	1
14	day	1
14	late	1
14	having	1
14	the	3
14	indeed	1
14	him	3
14	this	1
14	understand	1
14	could	1
14	be	4
14	each	1
14	you	11
14	a	4
14	your	4
14	don't	1
14	only	1
14	men	1
14	whom	1
14	in	1
14	i	3
14	placename	1
14	world	1
14	propernoun	15
14	may	1
14	they	1
14	yet	1
14	run	1
14	rather	1
14	is	1
14	better	1
14	over	1
14	not	2
14	tell	1
14	were	1
14	for	7
14	personalname	5
14	how	4
14	old	1
14	away	1
14	like	3
14	are	1
14	he	6
14	fo	1
14	goes	1
14	most	1
14	please	1
14	of	4
14	can	3
14	me	7
14	leave	1
14	to	3
14	good	7
14	my	5
14	it	2
14	happy	1
14	no	7
14	take	2
14	will	1
14	ant	1
14	country	2
14	though	1
14	go	1
14	do	3
14	say	2
14	her	1
14	when	4
14	#sequentialcaps	3
14	#lines	53
14	#maxinitial	8
14	#caplines	13
14	#startwname	9
14	#periods	18
14	#stdev	1346
14	#maxpair	9
14	#startwrubric	10
14	#commas	24
14	#endwpunct	15
14	#questionmarks	5
14	#exclamationpoints	2
14	#textlines	39
14	#endwnumeral	1
14	wordNotInVocab	44
15	mine	2
15	what	1
15	seen	1
15	word	1
15	but	2
15	not	2
15	father	1
15	never	3
15	should	1
15	great	1
15	defeated	1
15	him	3
15	have	2
15	of	3
15	all	1
15	am	1
15	without	1
15	with	4
15	fellow	1
15	may	4
15	loves	2
15	enter	1
15	yes	1
15	my	3
15	will	3
15	ever	1
15	here	1
15	it	1
15	duty	1
15	remember	1
15	give	1
15	know	2
15	and	5
15	always	1
15	i	5
15	poor	1
15	mr	1
15	indeed	2
15	#allcapswords	9
15	she	1
15	hall	1
15	her	2
15	to	5
15	day	1
15	his	2
15	placename	2
15	the	7
15	certainly	1
15	dear	2
15	this	1
15	sir	5
15	coming	1
15	up	2
15	be	7
15	young	2
15	you	6
15	purpose	1
15	a	5
15	rich	1
15	engaged	2
15	your	6
15	don't	2
15	heart	1
15	only	1
15	co	1
15	made	1
15	fine	1
15	me	2
15	in	2
15	propernoun	4
15	ah	1
15	its	1
15	tis	1
15	is	6
15	better	1
15	than	1
15	perhaps	1
15	for	2
15	personalname	3
15	on	2
15	old	1
15	why	1
15	way	1
15	he	5
15	wrong	1
15	fo	2
15	resolved	1
15	gentleman	1
15	love	1
15	can	1
15	return	1
15	how	1
15	good	2
15	still	1
15	come	1
15	that	6
15	happy	1
15	from	1
15	however	1
15	nature	1
15	money	1
15	name	1
15	exit	1
15	do	2
15	when	1
15	#sequentialcaps	2
15	#lines	50
15	#maxinitial	6
15	#caplines	14
15	#startwname	7
15	#periods	20
15	#stdev	1160
15	#maxpair	8
15	#startwrubric	10
15	#commas	27
15	#endwpunct	11
15	#questionmarks	2
15	#exclamationpoints	1
15	#textlines	36
15	wordNotInVocab	55
16	would	1
16	propernoun	7
16	marry	1
16	arabic2digit	1
16	f	1
16	without	2
16	ay	1
16	man	3
16	house	1
16	la	1
16	and	3
16	my	3
16	mistress	1
16	i'm	1
16	every	1
16	as	1
16	know	3
16	#allcapswords	19
16	hall	1
16	that	7
16	his	1
16	am	5
16	you	10
16	a	13
16	was	3
16	live	1
16	moment	1
16	mean	1
16	me	6
16	in	5
16	pretty	1
16	these	1
16	comes	1
16	peace	1
16	cut	1
16	tell	1
16	old	3
16	why	1
16	free	1
16	little	2
16	then	1
16	night	1
16	to	6
16	twas	1
16	it	1
16	no	4
16	take	2
16	ought	1
16	on	2
16	like	1
16	do	2
16	when	1
16	arabic1digit	1
16	but	2
16	get	1
16	oh	3
16	justice	2
16	hour	1
16	darkness	1
16	did	1
16	have	1
16	there	3
16	make	1
16	yourself	1
16	follow	1
16	with	3
16	may	1
16	heaven	1
16	will	1
16	hope	1
16	ever	1
16	angel	1
16	poor	1
16	i	15
16	shall	1
16	indeed	1
16	way	1
16	she	2
16	her	4
16	the	2
16	air	1
16	dear	2
16	this	2
16	sir	2
16	by	1
16	be	3
16	wife	1
16	or	2
16	y	1
16	your	1
16	are	1
16	years	1
16	they	2
16	such	1
16	west	1
16	is	4
16	liberty	1
16	not	1
16	were	2
16	for	3
16	personalname	3
16	land	1
16	he	1
16	you'll	1
16	sure	2
16	of	4
16	come	1
16	happy	3
16	if	2
16	exit	1
16	age	1
16	own	1
16	#sequentialcaps	2
16	#lines	53
16	#maxinitial	7
16	#caplines	15
16	#startwname	11
16	#periods	21
16	#stdev	1229
16	#maxpair	9
16	#startwrubric	9
16	#commas	25
16	#endwpunct	14
16	#questionmarks	1
16	#exclamationpoints	8
16	#textlines	39
16	#endwnumeral	1
16	wordNotInVocab	63
17	bring	2
17	thing	2
17	knows	1
17	quite	1
17	master	1
17	but	4
17	have	3
17	little	2
17	time	1
17	oh	4
17	long	1
17	plain	1
17	never	1
17	was	1
17	want	1
17	too	1
17	break	1
17	himself	2
17	anything	1
17	r	1
17	nay	1
17	marry	1
17	arabic2digit	1
17	there	2
17	love	3
17	don't	3
17	what	4
17	who	1
17	maid	1
17	before	1
17	sweet	1
17	wish	1
17	very	2
17	with	2
17	man	1
17	do	4
17	ah	1
17	door	1
17	well	1
17	yes	1
17	must	1
17	my	2
17	will	1
17	i'm	2
17	just	1
17	knew	1
17	it	3
17	nor	1
17	would	2
17	know	1
17	and	4
17	things	1
17	hand	1
17	i	7
17	a	8
17	an	2
17	#allcapswords	14
17	she	1
17	her	1
17	to	6
17	his	4
17	placename	1
17	the	5
17	no	2
17	arabic1digit	1
17	him	2
17	gave	1
17	sir	2
17	coming	1
17	be	5
17	particular	1
17	you	8
17	office	1
17	shall	2
17	as	2
17	or	2
17	by	1
17	fellow	1
17	now	3
17	done	1
17	me	5
17	in	3
17	girl	1
17	enter	1
17	we'll	1
17	propernoun	4
17	any	1
17	these	1
17	may	2
17	nothing	1
17	loves	1
17	j	1
17	is	1
17	private	1
17	not	2
17	personalname	5
17	old	2
17	away	1
17	grey	1
17	fo	2
17	he	1
17	gentleman	2
17	of	4
17	can	1
17	this	1
17	good	2
17	beyond	1
17	that	2
17	fit	1
17	from	1
17	you'll	1
17	about	1
17	if	2
17	like	1
17	exit	1
17	true	2
17	say	1
17	at	1
17	#sequentialcaps	2
17	#lines	56
17	#maxinitial	7
17	#caplines	16
17	#startwname	12
17	#periods	27
17	#stdev	1130
17	#maxpair	8
17	#startwrubric	12
17	#commas	25
17	#endwpunct	18
17	#questionmarks	6
17	#exclamationpoints	8
17	#textlines	39
17	wordNotInVocab	58
18	master	1
18	does	1
18	never	1
18	daughter	1
18	all	1
18	f	1
18	lady	1
18	ready	1
18	my	3
18	i'm	1
18	die	1
18	every	1
18	as	10
18	an	3
18	i'll	3
18	liberty	1
18	#allcapswords	8
18	hall	1
18	his	1
18	am	1
18	hand	1
18	you	6
18	a	8
18	new	1
18	only	2
18	me	4
18	in	2
18	everything	1
18	mr	2
18	door	1
18	j	1
18	run	1
18	than	1
18	old	2
18	why	1
18	young	1
18	mind	1
18	out	1
18	honour	1
18	see	2
18	them	1
18	that	5
18	fit	1
18	take	3
18	fellow	2
18	care	1
18	say	1
18	where	1
18	arabic1digit	1
18	but	1
18	have	1
18	fine	1
18	get	1
18	horse	1
18	makes	1
18	oh	3
18	other	1
18	game	1
18	desire	1
18	journey	1
18	earliest	1
18	make	2
18	morning	1
18	with	3
18	well	1
18	will	1
18	hope	1
18	one	1
18	and	3
18	always	1
18	i	3
18	enough	1
18	to	5
18	day	1
18	the	13
18	this	2
18	sir	4
18	moment	1
18	be	3
18	shall	1
18	or	2
18	by	2
18	your	5
18	now	2
18	did	1
18	at	3
18	propernoun	11
18	hear	1
18	is	3
18	pleased	1
18	for	4
18	personalname	1
18	are	2
18	he	3
18	go	1
18	goes	1
18	done	1
18	romannumeral	1
18	of	8
18	can	2
18	how	3
18	come	1
18	they	2
18	from	2
18	glory	1
18	dog	1
18	being	1
18	husband	1
18	her	1
18	on	2
18	#sequentialcaps	3
18	#lines	56
18	#maxinitial	9
18	#quotations	6
18	#caplines	17
18	#startwname	13
18	#periods	21
18	#stdev	1296
18	#maxpair	10
18	#startwrubric	9
18	#commas	27
18	#endwpunct	14
18	#questionmarks	5
18	#exclamationpoints	6
18	#textlines	41
18	#endwnumeral	1
18	wordNotInVocab	73
19	arabic1digit	2
19	breath	1
19	but	2
19	immediately	1
19	oh	4
19	full	1
19	into	1
19	daughter	1
19	dear	2
19	certainly	1
19	have	1
19	there	1
19	of	4
19	all	2
19	this	1
19	has	1
19	manner	1
19	devil	1
19	beauty	1
19	as	4
19	enter	3
19	yes	2
19	must	3
19	my	3
19	mistress	1
19	ever	1
19	think	2
19	here	3
19	first	1
19	to	5
19	poor	2
19	an	1
19	i'm	1
19	is	1
19	hand	1
19	that	1
19	mr	2
19	indeed	1
19	#allcapswords	15
19	send	2
19	placename	1
19	the	6
19	no	1
19	him	2
19	am	1
19	sir	9
19	find	1
19	be	3
19	you	6
19	a	8
19	was	1
19	girl	1
19	don't	2
19	lips	1
19	eyes	1
19	your	2
19	did	1
19	in	4
19	i	10
19	aside	2
19	house	1
19	propernoun	12
19	now	1
19	nothing	1
19	such	11
19	madam	1
19	rest	1
19	over	2
19	father	1
19	for	3
19	personalname	5
19	why	1
19	he	3
19	fo	2
19	goes	1
19	see	1
19	gentleman	1
19	then	1
19	got	1
19	love	3
19	can	2
19	me	4
19	do	2
19	speak	2
19	it	2
19	says	1
19	and	2
19	fellow	2
19	nay	1
19	though	1
19	like	2
19	exit	2
19	how	2
19	say	1
19	at	1
19	#sequentialcaps	2
19	#lines	52
19	#maxinitial	9
19	#caplines	20
19	#startwname	10
19	#periods	26
19	#stdev	1233
19	#maxpair	14
19	#startwrubric	10
19	#commas	35
19	#endwpunct	21
19	#questionmarks	3
19	#exclamationpoints	7
19	#textlines	36
19	wordNotInVocab	49
20	met	1
20	all	2
20	marry	1
20	word	1
20	but	4
20	arabic2digit	1
20	mad	1
20	e	1
20	does	1
20	oh	4
20	never	1
20	friend	1
20	daughter	1
20	board	1
20	if	1
20	him	3
20	have	3
20	action	1
20	of	2
20	you'll	1
20	f	1
20	order	1
20	some	1
20	has	4
20	wish	1
20	had	1
20	find	1
20	with	2
20	tis	1
20	fool	2
20	body	2
20	romannumeral	2
20	face	2
20	will	1
20	wrong	1
20	ever	1
20	think	1
20	die	2
20	it	2
20	as	1
20	madam	1
20	tongue	1
20	i'll	2
20	much	2
20	and	6
20	i	13
20	a	6
20	#allcapswords	21
20	she	1
20	her	4
20	to	13
20	his	2
20	the	17
20	arabic1digit	1
20	or	1
20	dear	2
20	am	1
20	sir	6
20	letter	3
20	give	1
20	you	3
20	r	1
20	live	1
20	look	1
20	your	2
20	now	1
20	heart	2
20	made	1
20	me	5
20	in	1
20	at	1
20	gone	1
20	aside	2
20	shall	1
20	propernoun	4
20	farewell	1
20	they	1
20	such	1
20	run	1
20	is	1
20	peace	2
20	cut	1
20	for	3
20	personalname	3
20	joy	1
20	don't	2
20	mind	3
20	lost	1
20	fo	1
20	little	2
20	then	2
20	love	1
20	can	1
20	leave	1
20	he	2
20	this	1
20	do	1
20	speak	1
20	my	7
20	that	2
20	says	1
20	no	1
20	foot	3
20	soul	2
20	stars	1
20	be	1
20	go	2
20	how	1
20	say	2
20	#sequentialcaps	4
20	#lines	49
20	#maxinitial	9
20	#quotations	3
20	#caplines	13
20	#startwname	8
20	#periods	15
20	#stdev	1399
20	#maxpair	12
20	#startwrubric	8
20	#commas	41
20	#endwpunct	10
20	#exclamationpoints	8
20	#textlines	36
20	#endwnumeral	1
20	wordNotInVocab	47
21	arabic1digit	1
21	ha	1
21	wrote	1
21	master	2
21	but	3
21	would	1
21	other	1
21	that	1
21	if	1
21	dear	2
21	have	2
21	of	2
21	this	3
21	has	1
21	let	1
21	very	1
21	as	3
21	loves	1
21	heaven	1
21	enter	1
21	yes	2
21	child	1
21	my	5
21	wild	1
21	ever	2
21	you	8
21	i'll	1
21	much	1
21	had	1
21	murder	1
21	town	2
21	i	7
21	mr	2
21	and	5
21	left	1
21	father	2
21	few	1
21	placename	2
21	with	2
21	the	4
21	certainly	1
21	him	3
21	am	1
21	sir	2
21	letter	3
21	oh	1
21	be	1
21	sent	1
21	a	2
21	your	2
21	don't	1
21	men	1
21	in	6
21	they	2
21	propernoun	6
21	love	1
21	face	1
21	io	1
21	off	1
21	madam	1
21	run	1
21	is	2
21	cut	1
21	were	1
21	wings	1
21	for	3
21	personalname	9
21	down	2
21	away	2
21	#allcapswords	11
21	he	3
21	sure	1
21	them	1
21	can	2
21	to	3
21	it	3
21	captain	1
21	lines	1
21	about	1
21	which	1
21	saw	2
21	his	1
21	morning	1
21	like	1
21	exit	2
21	before	1
21	say	2
21	on	1
21	#sequentialcaps	4
21	#lines	51
21	#maxinitial	6
21	#quotations	1
21	#caplines	13
21	#startwname	7
21	#periods	21
21	#stdev	1635
21	#maxpair	11
21	#startwrubric	9
21	#commas	25
21	#endwpunct	14
21	#questionmarks	3
21	#exclamationpoints	9
21	#textlines	34
21	wordNotInVocab	42
22	the	2
22	sir	2
22	be	1
22	you	1
22	a	4
22	oh	2
22	fellow	1
22	hut	1
22	are	1
22	your	1
22	in	1
22	where	1
22	arabic2digit	1
22	propernoun	4
22	everything	2
22	door	1
22	act	1
22	end	1
22	house	1
22	i'll	1
22	yes	1
22	myself	1
22	must	1
22	my	2
22	but	1
22	sure	1
22	here	1
22	first	1
22	of	2
22	poor	1
22	as	4
22	out	1
22	it	1
22	and	3
22	murder	1
22	exeunt	1
22	#allcapswords	7
22	go	2
22	to	1
22	that	1
22	see	3
22	#sequentialcaps	2
22	#lines	20
22	#maxinitial	3
22	#caplines	8
22	#startwname	5
22	#periods	10
22	#stdev	1164
22	#maxpair	4
22	#startwrubric	4
22	#commas	7
22	#endwpunct	8
22	#questionmarks	1
22	#exclamationpoints	7
22	#textlines	12
22	#endwnumeral	1
22	wordNotInVocab	17
23	arabic1digit	1
23	breath	1
23	heard	1
23	enough	1
23	scene	1
23	daughter	1
23	have	2
23	of	4
23	should	1
23	this	2
23	miss	1
23	some	1
23	without	1
23	act	1
23	with	2
23	may	1
23	loves	1
23	heaven	1
23	enter	2
23	romannumeral	1
23	my	3
23	hope	1
23	as	3
23	kind	1
23	much	1
23	still	1
23	i	7
23	mr	1
23	#allcapswords	15
23	her	1
23	not	2
23	the	3
23	am	3
23	sir	3
23	lord	1
23	be	1
23	you	1
23	a	3
23	your	2
23	only	1
23	thank	1
23	did	1
23	me	5
23	in	8
23	placename	1
23	propernoun	6
23	such	1
23	is	3
23	father	1
23	personalname	4
23	friend	1
23	old	1
23	he	5
23	out	1
23	free	1
23	see	1
23	little	1
23	sure	1
23	love	1
23	means	1
23	to	4
23	come	1
23	know	1
23	and	6
23	fellow	1
23	if	1
23	true	1
23	#sequentialcaps	1
23	#lines	37
23	#maxinitial	4
23	#quotations	1
23	#caplines	14
23	#startwname	4
23	#periods	20
23	#stdev	1374
23	#maxpair	6
23	#startwrubric	4
23	#commas	12
23	#endwpunct	16
23	#exclamationpoints	4
23	#textlines	25
23	wordNotInVocab	38
24	bring	1
24	what	1
24	master	3
24	one	1
24	whole	1
24	i'm	3
24	bear	1
24	arabic2digit	1
24	all	7
24	f	1
24	while	1
24	should	1
24	nothing	1
24	had	2
24	romannumeral	1
24	my	7
24	think	2
24	as	1
24	know	1
24	worthy	1
24	who	1
24	#allcapswords	16
24	god	1
24	left	1
24	father	3
24	that	2
24	his	3
24	makes	1
24	him	1
24	could	1
24	you	8
24	a	7
24	made	1
24	don't	3
24	me	4
24	i	7
24	these	1
24	cow	1
24	rest	1
24	tell	1
24	old	1
24	other	1
24	making	1
24	honour	1
24	little	1
24	family	2
24	to	5
24	it	2
24	no	1
24	captain	1
24	fo	2
24	letters	1
24	though	1
24	lives	1
24	servant	1
24	m	1
24	say	1
24	when	1
24	arabic1digit	1
24	but	1
24	horse	1
24	there	1
24	oh	4
24	friend	1
24	too	1
24	upon	1
24	have	1
24	e	1
24	journey	1
24	some	1
24	morning	1
24	devil	2
24	very	3
24	with	1
24	united	1
24	well	2
24	will	5
24	own	1
24	here	2
24	good	1
24	much	2
24	and	6
24	shall	1
24	indeed	2
24	sort	1
24	name	1
24	the	9
24	words	1
24	dear	1
24	this	1
24	sir	5
24	find	1
24	up	1
24	even	1
24	be	6
24	compared	1
24	r	1
24	or	1
24	by	1
24	your	6
24	feel	1
24	mother	1
24	propernoun	2
24	any	1
24	hear	1
24	is	4
24	were	1
24	for	1
24	how	2
24	enter	1
24	myself	2
24	he	6
24	you'll	1
24	sure	1
24	of	5
24	before	1
24	come	1
24	happy	3
24	if	1
24	after	1
24	husband	1
24	girl	1
24	#sequentialcaps	3
24	#lines	50
24	#maxinitial	6
24	#caplines	13
24	#startwname	6
24	#periods	18
24	#stdev	1069
24	#maxpair	8
24	#startwrubric	8
24	#commas	39
24	#endwpunct	13
24	#questionmarks	5
24	#exclamationpoints	7
24	#textlines	37
24	#endwnumeral	1
24	wordNotInVocab	58
25	arabic1digit	1
25	what	2
25	quite	1
25	nation	1
25	you'll	1
25	but	3
25	when	1
25	enough	1
25	time	1
25	oh	1
25	our	1
25	any	1
25	think	1
25	once	1
25	i	17
25	since	1
25	upon	1
25	board	1
25	deep	1
25	certainly	1
25	all	4
25	much	1
25	lady	1
25	devil	1
25	jones	1
25	had	2
25	master	1
25	with	2
25	man	1
25	do	1
25	sea	1
25	my	1
25	will	1
25	said	1
25	times	1
25	give	1
25	at	3
25	one	1
25	here	2
25	through	1
25	an	1
25	three	1
25	i'll	1
25	and	6
25	come	1
25	your	3
25	way	1
25	equal	1
25	in	6
25	know	1
25	a	6
25	indeed	1
25	#allcapswords	21
25	her	2
25	sort	2
25	that	1
25	placename	2
25	the	18
25	no	1
25	effect	1
25	as	2
25	am	2
25	sir	2
25	prove	1
25	could	5
25	be	1
25	you	7
25	was	4
25	or	2
25	mr	1
25	look	1
25	only	1
25	are	4
25	water	1
25	did	1
25	me	4
25	description	1
25	right	1
25	propernoun	5
25	we	1
25	nothing	1
25	such	1
25	earth	1
25	live	2
25	not	5
25	tell	2
25	were	1
25	for	3
25	personalname	1
25	came	1
25	why	1
25	worthy	1
25	myself	1
25	mind	1
25	out	2
25	pardon	1
25	see	1
25	gentleman	1
25	then	2
25	of	10
25	he	1
25	to	4
25	called	1
25	good	1
25	own	1
25	dead	2
25	it	5
25	says	3
25	they	3
25	captain	1
25	fo	2
25	which	1
25	saw	1
25	if	3
25	put	2
25	go	2
25	say	1
25	on	3
25	#sequentialcaps	1
25	#lines	50
25	#maxinitial	7
25	#caplines	12
25	#startwname	6
25	#periods	19
25	#stdev	1368
25	#maxpair	8
25	#startwrubric	9
25	#commas	33
25	#endwpunct	16
25	#questionmarks	1
25	#exclamationpoints	2
25	#textlines	38
25	wordNotInVocab	56
26	before	1
26	ha	3
26	faith	1
26	large	1
26	master	1
26	us	1
26	but	5
26	time	1
26	world	1
26	oh	2
26	long	1
26	our	2
26	sort	1
26	what	1
26	i	5
26	other	1
26	know	1
26	bear	1
26	call	1
26	then	1
26	him	1
26	arabic2digit	1
26	there	4
26	of	5
26	all	2
26	into	1
26	journey	2
26	we	2
26	room	3
26	nothing	1
26	devil	2
26	very	2
26	with	1
26	half	1
26	may	1
26	hold	1
26	till	1
26	well	1
26	hope	1
26	beautiful	1
26	i'm	1
26	here	2
26	it	1
26	poor	1
26	every	1
26	as	2
26	an	1
26	i'll	1
26	much	1
26	murder	2
26	mr	1
26	over	1
26	indeed	1
26	and	5
26	placename	2
26	excellent	1
26	the	14
26	times	2
26	those	1
26	am	1
26	sir	3
26	left	1
26	be	2
26	you	5
26	a	6
26	was	1
26	fo	3
26	engaged	1
26	your	3
26	now	1
26	more	1
26	are	4
26	water	1
26	in	3
26	they	3
26	pretty	1
26	propernoun	2
26	don't	1
26	themselves	1
26	d	1
26	j	1
26	is	1
26	than	2
26	mighty	1
26	opinion	1
26	for	2
26	thousand	1
26	down	1
26	better	3
26	#allcapswords	9
26	keep	1
26	place	1
26	myself	1
26	account	1
26	hill	1
26	sure	2
26	got	1
26	them	1
26	can	1
26	conversation	1
26	leave	2
26	to	2
26	twas	1
26	favour	1
26	that	3
26	from	1
26	you'll	1
26	if	1
26	country	2
26	saw	1
26	three	1
26	company	1
26	go	1
26	do	1
26	say	4
26	land	1
26	#sequentialcaps	2
26	#lines	54
26	#maxinitial	8
26	#caplines	15
26	#startwname	6
26	#periods	21
26	#stdev	1465
26	#maxpair	10
26	#startwrubric	12
26	#commas	27
26	#endwpunct	16
26	#questionmarks	2
26	#exclamationpoints	6
26	#textlines	38
26	#endwnumeral	1
26	wordNotInVocab	60
27	arabic1digit	2
27	reverend	1
27	marriage	1
27	form	1
27	what	4
27	ready	1
27	such	1
27	not	1
27	possible	1
27	that	3
27	soon	1
27	never	1
27	life	1
27	hour	2
27	present	1
27	would	1
27	have	2
27	should	1
27	am	1
27	while	1
27	but	2
27	lady	1
27	any	1
27	wish	1
27	very	1
27	off	1
27	man	1
27	exeunt	1
27	bliss	1
27	must	2
27	beyond	1
27	performed	1
27	ever	2
27	i'm	1
27	as	4
27	an	3
27	i'll	1
27	and	6
27	how	1
27	it	2
27	mr	1
27	over	1
27	indeed	1
27	#allcapswords	10
27	temple	1
27	to	6
27	ant	1
27	with	2
27	the	18
27	him	3
27	this	3
27	sir	2
27	letter	1
27	be	7
27	particular	1
27	you	5
27	a	3
27	moment	2
27	here	1
27	your	2
27	thank	1
27	hearts	1
27	done	1
27	greatest	1
27	in	7
27	i	6
27	placename	2
27	world	1
27	propernoun	2
27	we	2
27	may	1
27	elegant	1
27	seems	1
27	now	1
27	is	4
27	away	1
27	goes	1
27	father	1
27	personalname	3
27	on	2
27	why	1
27	are	1
27	myself	1
27	he	2
27	manner	1
27	fo	1
27	too	1
27	gentleman	1
27	of	3
27	can	1
27	conversation	1
27	could	1
27	half	1
27	before	1
27	my	2
27	found	1
27	happy	1
27	at	2
27	ask	1
27	bed	1
27	looked	1
27	if	1
27	go	1
27	do	2
27	say	4
27	#sequentialcaps	1
27	#lines	46
27	#maxinitial	5
27	#quotations	2
27	#caplines	10
27	#startwname	6
27	#periods	15
27	#stdev	1097
27	#maxpair	8
27	#startwrubric	6
27	#commas	22
27	#endwpunct	10
27	#questionmarks	6
27	#exclamationpoints	1
27	#textlines	36
27	wordNotInVocab	68
28	arabic1digit	2
28	who	1
28	irish	1
28	what	2
28	my	1
28	wrong	1
28	arabic2digit	1
28	not	1
28	time	1
28	makes	1
28	ill	1
28	oh	3
28	d	1
28	people	1
28	should	1
28	got	1
28	have	1
28	there	1
28	love	1
28	lovely	1
28	this	2
28	maid	1
28	make	1
28	out	1
28	had	1
28	house	3
28	may	1
28	door	1
28	well	1
28	sweet	1
28	will	1
28	but	1
28	think	1
28	here	1
28	it	1
28	good	1
28	thought	1
28	an	2
28	rather	1
28	give	1
28	did	1
28	and	3
28	young	1
28	i	9
28	mr	1
28	within	1
28	again	2
28	#allcapswords	13
28	to	6
28	little	1
28	name	1
28	world	1
28	the	9
28	enemy	1
28	dear	1
28	am	2
28	sir	8
28	itself	1
28	be	4
28	you	8
28	a	6
28	hundred	1
28	look	1
28	now	1
28	at	1
28	yes	1
28	shall	3
28	propernoun	11
28	any	1
28	judge	1
28	yet	1
28	believe	1
28	is	2
28	pleased	1
28	were	1
28	for	2
28	personalname	8
28	want	1
28	enter	3
28	why	1
28	common	1
28	mind	1
28	go	3
28	fo	1
28	pardon	1
28	gentleman	1
28	then	1
28	of	4
28	me	1
28	he	2
28	return	1
28	in	1
28	come	2
28	that	4
28	servant	1
28	no	1
28	from	1
28	fellow	1
28	right	2
28	i'm	1
28	gone	1
28	pray	2
28	exit	2
28	do	2
28	say	2
28	girl	1
28	#sequentialcaps	4
28	#lines	53
28	#maxinitial	6
28	#caplines	19
28	#startwname	9
28	#periods	25
28	#stdev	1440
28	#maxpair	11
28	#startwrubric	10
28	#commas	29
28	#endwpunct	15
28	#questionmarks	5
28	#exclamationpoints	2
28	#textlines	35
28	#endwnumeral	1
28	wordNotInVocab	30
29	arabic1digit	1
29	truth	1
29	least	1
29	sword	1
29	what	1
29	but	2
29	next	1
29	does	1
29	oh	2
29	street	1
29	was	8
29	want	1
29	h	1
29	arabic2digit	1
29	had	2
29	has	1
29	wish	1
29	maid	1
29	near	1
29	yes	5
29	j	2
29	will	1
29	hope	3
29	think	1
29	die	1
29	an	1
29	returned	1
29	know	1
29	and	6
29	i'll	1
29	i	5
29	mr	2
29	indeed	1
29	#allcapswords	9
29	she	1
29	her	3
29	to	3
29	that	1
29	his	4
29	m	1
29	the	13
29	mortal	1
29	him	3
29	sir	10
29	letter	3
29	be	1
29	you	3
29	a	9
29	mercy	1
29	don't	1
29	are	1
29	me	3
29	in	7
29	at	3
29	propernoun	7
29	dear	1
29	madam	1
29	rather	1
29	is	7
29	over	2
29	not	7
29	tell	2
29	personalname	8
29	thus	3
29	why	2
29	he	9
29	gentleman	2
29	then	1
29	of	2
29	place	1
29	my	1
29	it	11
29	says	1
29	no	6
29	captain	3
29	fo	2
29	back	5
29	which	2
29	part	1
29	takes	2
29	towards	1
29	if	1
29	how	3
29	where	2
29	on	2
29	#sequentialcaps	1
29	#lines	58
29	#maxinitial	10
29	#caplines	20
29	#startwname	17
29	#periods	33
29	#stdev	1128
29	#maxpair	18
29	#startwrubric	16
29	#commas	45
29	#endwpunct	20
29	#questionmarks	5
29	#exclamationpoints	5
29	#textlines	38
29	wordNotInVocab	55
30	take	1
30	regard	1
30	what	2
30	carried	1
30	but	5
30	while	1
30	ground	1
30	understand	1
30	does	1
30	oh	1
30	soon	1
30	to	10
30	dear	1
30	see	1
30	arabic2digit	1
30	e	1
30	we'll	1
30	into	2
30	f	1
30	bed	1
30	room	1
30	maid	1
30	out	1
30	wish	1
30	story	1
30	manner	1
30	with	2
30	fire	1
30	send	1
30	may	1
30	there	1
30	return	1
30	man	1
30	romannumeral	1
30	my	5
30	hope	1
30	let	2
30	think	1
30	great	1
30	no	1
30	as	2
30	an	3
30	many	1
30	and	5
30	i'll	1
30	being	1
30	i	5
30	shall	1
30	a	4
30	again	1
30	#allcapswords	11
30	her	2
30	his	6
30	the	11
30	it	3
30	our	1
30	him	7
30	this	5
30	sir	6
30	letter	3
30	old	1
30	be	3
30	hand	1
30	you	2
30	art	1
30	r	1
30	greater	1
30	father	1
30	took	1
30	your	1
30	did	2
30	me	2
30	in	2
30	gone	1
30	propernoun	2
30	we	1
30	danger	2
30	know	1
30	tis	1
30	not	1
30	were	1
30	personalname	7
30	how	2
30	thus	1
30	why	1
30	way	1
30	he	5
30	captain	1
30	arms	1
30	of	5
30	can	1
30	show	1
30	before	1
30	blood	1
30	that	2
30	dr	1
30	none	1
30	from	2
30	than	1
30	back	1
30	fellow	2
30	dog	1
30	saw	1
30	if	1
30	cannot	1
30	after	1
30	put	1
30	go	1
30	do	1
30	say	1
30	answer	1
30	on	2
30	#sequentialcaps	2
30	#lines	47
30	#maxinitial	5
30	#caplines	12
30	#startwname	8
30	#periods	16
30	#stdev	1355
30	#maxpair	10
30	#startwrubric	7
30	#commas	27
30	#endwpunct	12
30	#questionmarks	4
30	#textlines	36
30	#endwnumeral	1
30	wordNotInVocab	50
31	arabic1digit	2
31	would	1
31	quite	1
31	meet	1
31	ever	1
31	but	1
31	come	2
31	little	1
31	desire	1
31	oh	2
31	any	1
31	two	1
31	want	2
31	just	1
31	upon	1
31	bear	1
31	lady	1
31	have	1
31	there	3
31	love	2
31	all	1
31	often	1
31	miss	1
31	some	1
31	o	1
31	make	1
31	fall	1
31	wish	1
31	master	1
31	with	3
31	wood	2
31	house	1
31	wi	1
31	well	1
31	my	4
31	will	1
31	going	1
31	speak	1
31	i'm	4
31	here	1
31	poor	1
31	as	2
31	i'll	2
31	much	1
31	and	4
31	young	1
31	i	6
31	fine	1
31	again	1
31	#allcapswords	14
31	to	7
31	that	6
31	was	2
31	the	5
31	when	1
31	him	4
31	this	1
31	gave	1
31	up	2
31	be	2
31	you	9
31	a	9
31	or	3
31	by	1
31	matter	1
31	about	2
31	more	1
31	along	1
31	made	1
31	me	7
31	in	5
31	at	1
31	gone	1
31	placename	2
31	had	1
31	propernoun	4
31	we	1
31	bed	1
31	nothing	1
31	exeunt	1
31	is	1
31	than	1
31	not	1
31	for	6
31	personalname	1
31	cause	1
31	enter	2
31	way	1
31	he	7
31	fo	1
31	part	1
31	faith	1
31	gentleman	1
31	sure	2
31	of	5
31	leave	1
31	port	1
31	it	7
31	no	1
31	almost	1
31	lies	1
31	something	2
31	feet	1
31	if	1
31	like	1
31	do	2
31	on	2
31	#sequentialcaps	2
31	#lines	47
31	#maxinitial	6
31	#caplines	14
31	#startwname	6
31	#periods	11
31	#stdev	1328
31	#maxpair	8
31	#startwrubric	3
31	#commas	21
31	#endwpunct	12
31	#questionmarks	2
31	#exclamationpoints	1
31	#textlines	34
31	wordNotInVocab	49
32	arabic1digit	3
32	de	1
32	thing	1
32	what	2
32	going	1
32	but	2
32	since	1
32	does	1
32	oh	2
32	school	1
32	father	1
32	i	2
32	want	1
32	great	1
32	break	1
32	english	1
32	him	2
32	love	1
32	all	1
32	am	1
32	miss	2
32	lady	1
32	same	1
32	wish	1
32	had	2
32	from	1
32	with	1
32	ay	2
32	saw	1
32	man	1
32	may	1
32	black	1
32	romannumeral	1
32	my	3
32	will	1
32	mistress	1
32	hope	1
32	at	2
32	one	1
32	think	1
32	die	2
32	king	3
32	i'll	1
32	and	3
32	it	7
32	shall	1
32	again	1
32	#allcapswords	5
32	she	2
32	faith	1
32	her	3
32	to	5
32	day	1
32	that	3
32	the	4
32	gold	1
32	live	2
32	help	1
32	this	1
32	take	1
32	whether	1
32	up	1
32	be	5
32	young	1
32	you	7
32	a	6
32	or	1
32	here	1
32	lie	2
32	don't	1
32	heart	1
32	only	1
32	many	1
32	your	4
32	did	2
32	me	14
32	in	1
32	till	1
32	propernoun	11
32	now	2
32	hear	1
32	face	1
32	being	1
32	never	1
32	is	3
32	not	3
32	matter	1
32	for	1
32	year	1
32	old	1
32	friend	1
32	he	2
32	you'll	1
32	too	1
32	see	3
32	gentleman	1
32	sure	3
32	of	3
32	good	2
32	been	1
32	no	4
32	understand	2
32	fo	2
32	back	1
32	fellow	1
32	though	1
32	name	2
32	if	1
32	go	1
32	do	1
32	say	1
32	where	1
32	when	2
32	#sequentialcaps	2
32	#lines	53
32	#maxinitial	11
32	#quotations	2
32	#caplines	20
32	#startwname	15
32	#periods	23
32	#stdev	1616
32	#maxpair	12
32	#startwrubric	12
32	#commas	18
32	#endwpunct	16
32	#questionmarks	3
32	#exclamationpoints	3
32	#textlines	39
32	#endwnumeral	1
32	wordNotInVocab	52
33	white	3
33	arabic1digit	2
33	prince	1
33	next	1
33	what	1
33	word	1
33	but	5
33	have	1
33	open	1
33	oh	2
33	two	1
33	never	2
33	want	1
33	daughter	1
33	life	1
33	arabic2digit	1
33	there	1
33	love	2
33	all	1
33	knows	1
33	journey	1
33	has	1
33	make	3
33	green	1
33	wish	1
33	very	1
33	beauty	1
33	story	1
33	brown	1
33	fellow	1
33	at	1
33	easy	1
33	eye	1
33	even	1
33	black	2
33	will	1
33	mistress	1
33	wrong	1
33	sweet	1
33	one	1
33	knew	2
33	devil	1
33	poor	2
33	as	3
33	an	1
33	king	1
33	hut	1
33	i'll	1
33	know	1
33	and	2
33	parliament	1
33	i	8
33	#allcapswords	12
33	left	1
33	her	3
33	to	2
33	that	2
33	placename	1
33	with	3
33	the	14
33	do	1
33	be	8
33	country	1
33	you	16
33	a	10
33	was	3
33	or	1
33	out	1
33	look	1
33	your	4
33	wife	1
33	now	1
33	heart	2
33	only	1
33	eyes	1
33	me	11
33	in	3
33	who	1
33	of	7
33	house	1
33	shall	1
33	had	1
33	propernoun	7
33	may	2
33	hear	2
33	off	1
33	face	3
33	within	1
33	pope	1
33	believe	1
33	not	2
33	tell	3
33	matter	1
33	for	4
33	is	1
33	are	2
33	mind	1
33	she	5
33	fo	1
33	pray	1
33	found	1
33	fine	1
33	heard	1
33	them	1
33	can	1
33	sense	1
33	he	1
33	history	1
33	good	2
33	my	5
33	it	4
33	happy	1
33	no	2
33	about	2
33	hands	1
33	right	1
33	something	1
33	fair	2
33	if	3
33	like	1
33	go	1
33	on	1
33	#sequentialcaps	2
33	#lines	48
33	#maxinitial	6
33	#caplines	10
33	#startwname	7
33	#periods	15
33	#stdev	1043
33	#maxpair	6
33	#startwrubric	6
33	#commas	24
33	#endwpunct	11
33	#exclamationpoints	4
33	#textlines	38
33	wordNotInVocab	56
34	died	1
34	quite	1
34	but	2
34	fire	1
34	immediately	1
34	world	1
34	long	1
34	i	2
34	wit	1
34	where	1
34	arabic2digit	1
34	there	6
34	them	1
34	all	4
34	fall	1
34	o	2
34	sweet	1
34	d	4
34	black	1
34	wide	1
34	city	1
34	lived	2
34	their	1
34	glorious	1
34	my	5
34	wise	1
34	ever	1
34	open	1
34	nor	1
34	turn	1
34	every	1
34	as	4
34	king	1
34	round	1
34	love	1
34	i'll	1
34	and	11
34	town	1
34	who	2
34	without	3
34	#allcapswords	7
34	to	2
34	that	3
34	placename	2
34	romannumeral	2
34	with	3
34	the	10
34	our	3
34	we	1
34	this	1
34	you	3
34	a	5
34	was	3
34	live	1
34	brave	1
34	full	2
34	eyes	1
34	are	1
34	song	1
34	in	4
34	they	3
34	land	1
34	ere	1
34	propernoun	6
34	any	1
34	these	1
34	such	1
34	tis	1
34	never	2
34	is	1
34	over	1
34	tell	1
34	were	2
34	unto	1
34	for	2
34	personalname	2
34	away	1
34	he	1
34	out	1
34	fo	1
34	see	3
34	run	1
34	then	1
34	you'll	2
34	must	1
34	of	8
34	me	1
34	de	1
34	dead	1
34	it	1
34	hearts	1
34	reign	1
34	on	1
34	if	2
34	after	1
34	go	1
34	before	1
34	at	1
34	#sequentialcaps	2
34	#lines	63
34	#maxinitial	7
34	#caplines	32
34	#startwname	1
34	#periods	16
34	#stdev	1302
34	#maxpair	7
34	#startwrubric	2
34	#commas	29
34	#endwpunct	30
34	#textlines	39
34	#endwnumeral	1
34	wordNotInVocab	69
35	arabic1digit	1
35	but	2
35	property	1
35	the	7
35	would	1
35	have	1
35	get	1
35	oh	1
35	street	1
35	never	3
35	scene	1
35	present	1
35	then	1
35	arabic2digit	1
35	there	1
35	of	4
35	all	5
35	into	1
35	fall	1
35	room	1
35	morning	1
35	letter	3
35	with	1
35	lost	1
35	has	1
35	hold	1
35	well	1
35	yes	1
35	romannumeral	1
35	dead	1
35	will	1
35	mistress	1
35	woman	1
35	let	1
35	just	1
35	die	1
35	it	1
35	as	1
35	an	3
35	many	1
35	and	12
35	come	1
35	hand	1
35	more	1
35	that	3
35	shall	1
35	again	2
35	#allcapswords	12
35	she	1
35	her	2
35	to	9
35	his	1
35	placename	2
35	us	1
35	no	1
35	our	1
35	dear	1
35	this	2
35	sir	4
35	find	1
35	by	2
35	could	1
35	be	2
35	you	8
35	returned	1
35	a	2
35	was	1
35	live	1
35	made	1
35	for	1
35	eyes	1
35	your	5
35	years	1
35	personalname	9
35	in	3
35	i	5
35	propernoun	2
35	bed	1
35	face	1
35	is	5
35	earth	1
35	father	1
35	t	1
35	land	1
35	enter	1
35	he	3
35	out	1
35	gave	1
35	see	3
35	got	1
35	them	1
35	can	1
35	me	4
35	last	1
35	ten	1
35	de	1
35	own	1
35	my	5
35	at	2
35	on	1
35	if	1
35	like	2
35	after	2
35	answer	1
35	when	1
35	#sequentialcaps	2
35	#lines	50
35	#maxinitial	7
35	#caplines	17
35	#startwname	5
35	#periods	15
35	#stdev	1290
35	#maxpair	7
35	#startwrubric	5
35	#commas	22
35	#endwpunct	16
35	#questionmarks	3
35	#exclamationpoints	2
35	#textlines	34
35	wordNotInVocab	45
36	arabic1digit	3
36	ha	2
36	what	5
36	but	1
36	would	1
36	order	1
36	oh	1
36	street	1
36	arabicprice	1
36	put	1
36	will	1
36	never	1
36	here	3
36	sight	1
36	call	1
36	nay	2
36	have	2
36	desire	1
36	all	2
36	into	1
36	there	2
36	devil	1
36	wish	1
36	yes	4
36	and	2
36	my	6
36	own	2
36	one	1
36	fortune	1
36	it	1
36	as	4
36	kind	2
36	just	1
36	enough	1
36	rest	1
36	who	1
36	shall	1
36	again	1
36	#allcapswords	17
36	hall	1
36	same	1
36	to	5
36	that	2
36	his	2
36	romannumeral	1
36	the	10
36	no	1
36	words	1
36	dear	2
36	am	2
36	sir	11
36	letter	4
36	lord	1
36	be	2
36	you	7
36	a	5
36	or	1
36	look	3
36	your	4
36	now	1
36	heart	1
36	only	1
36	co	1
36	cold	1
36	are	1
36	me	2
36	in	1
36	i	11
36	said	1
36	nothing	1
36	tis	1
36	j	1
36	about	1
36	is	5
36	for	2
36	personalname	10
36	on	1
36	its	1
36	method	1
36	virtue	1
36	fo	1
36	e	1
36	of	1
36	taking	1
36	till	1
36	this	3
36	before	1
36	favour	1
36	none	1
36	take	1
36	ask	1
36	fellow	1
36	go	1
36	do	2
36	say	2
36	at	2
36	#sequentialcaps	2
36	#lines	54
36	#maxinitial	9
36	#quotations	2
36	#caplines	22
36	#startwname	16
36	#periods	27
36	#stdev	1355
36	#maxpair	10
36	#startwrubric	12
36	#commas	33
36	#endwpunct	18
36	#questionmarks	5
36	#exclamationpoints	9
36	#textlines	36
36	#endwnumeral	1
36	wordNotInVocab	48
37	arabic1digit	2
37	who	1
37	mine	1
37	all	1
37	but	2
37	greater	1
37	get	1
37	world	1
37	street	1
37	bring	1
37	never	1
37	great	1
37	him	2
37	marry	1
37	have	5
37	there	1
37	often	1
37	make	3
37	without	1
37	very	1
37	with	1
37	man	1
37	heaven	1
37	well	2
37	yes	2
37	my	4
37	own	1
37	open	1
37	think	1
37	here	1
37	occasion	1
37	following	1
37	and	3
37	i'll	1
37	been	1
37	send	1
37	#allcapswords	12
37	she	1
37	her	1
37	to	2
37	his	1
37	placename	1
37	the	4
37	nay	1
37	sir	6
37	would	1
37	lord	1
37	be	2
37	you	3
37	a	10
37	your	3
37	now	2
37	only	1
37	men	1
37	done	2
37	me	3
37	in	3
37	i	9
37	propernoun	3
37	dear	2
37	j	1
37	than	1
37	not	2
37	matter	1
37	for	1
37	personalname	10
37	on	5
37	enter	1
37	why	1
37	about	1
37	place	1
37	please	1
37	little	1
37	another	1
37	gentleman	1
37	of	2
37	good	3
37	come	1
37	it	4
37	no	3
37	take	1
37	fellow	1
37	money	3
37	if	2
37	put	3
37	servant	1
37	do	1
37	when	1
37	#sequentialcaps	2
37	#lines	54
37	#maxinitial	9
37	#caplines	19
37	#startwname	16
37	#periods	24
37	#stdev	1411
37	#maxpair	10
37	#startwrubric	10
37	#commas	24
37	#endwpunct	21
37	#questionmarks	2
37	#exclamationpoints	3
37	#textlines	35
37	wordNotInVocab	37
38	arabic1digit	3
38	comes	1
38	marriage	1
38	next	1
38	seen	1
38	meet	1
38	but	2
38	hand	1
38	time	1
38	oh	3
38	bring	1
38	never	1
38	certain	1
38	arabic2digit	1
38	there	1
38	don't	1
38	what	1
38	o	1
38	make	1
38	let	2
38	devil	1
38	very	1
38	master	1
38	am	1
38	with	1
38	must	1
38	man	1
38	enter	2
38	will	1
38	hope	1
38	my	1
38	one	1
38	think	1
38	here	4
38	it	2
38	turn	1
38	away	1
38	and	7
38	yourself	1
38	i	4
38	mr	2
38	#allcapswords	7
38	she	2
38	her	2
38	to	5
38	church	1
38	having	1
38	the	3
38	no	4
38	does	1
38	dear	3
38	personalname	5
38	sir	4
38	under	1
38	be	7
38	each	1
38	you	4
38	a	3
38	your	2
38	wife	1
38	now	1
38	more	1
38	me	4
38	in	2
38	at	1
38	propernoun	13
38	any	1
38	before	1
38	off	1
38	down	1
38	madam	1
38	business	1
38	is	2
38	over	1
38	father	1
38	for	1
38	its	1
38	why	2
38	he	4
38	you'll	1
38	want	1
38	pray	1
38	see	1
38	hall	1
38	little	2
38	we'll	1
38	home	1
38	place	1
38	this	1
38	own	1
38	come	3
38	that	1
38	they	2
38	take	1
38	fellow	1
38	till	1
38	takes	1
38	himself	1
38	if	1
38	put	1
38	how	1
38	say	1
38	on	2
38	#sequentialcaps	3
38	#lines	56
38	#maxinitial	6
38	#caplines	21
38	#startwname	12
38	#periods	23
38	#stdev	1418
38	#maxpair	11
38	#startwrubric	13
38	#commas	26
38	#endwpunct	19
38	#questionmarks	1
38	#exclamationpoints	6
38	#textlines	37
38	#endwnumeral	1
38	wordNotInVocab	51
39	arabic1digit	2
39	mine	1
39	bring	1
39	what	2
39	us	2
39	but	1
39	would	1
39	enough	1
39	women	1
39	world	1
39	oh	4
39	any	1
39	i	6
39	was	1
39	since	1
39	daughter	2
39	here	2
39	bear	1
39	prove	1
39	where	1
39	have	1
39	there	2
39	all	3
39	service	1
39	some	1
39	has	2
39	lady	3
39	let	1
39	wish	1
39	very	1
39	never	1
39	like	1
39	with	3
39	conduct	1
39	ay	1
39	more	1
39	ah	1
39	enter	1
39	make	2
39	will	2
39	ever	1
39	old	1
39	fortune	2
39	poor	1
39	as	1
39	an	1
39	and	5
39	always	1
39	i'll	1
39	yours	1
39	hand	1
39	girl	1
39	a	4
39	indeed	1
39	#allcapswords	10
39	she	3
39	her	3
39	to	4
39	that	5
39	placename	1
39	the	4
39	our	1
39	father	1
39	dear	2
39	this	5
39	sir	5
39	find	1
39	be	5
39	friends	1
39	you	8
39	wife	1
39	back	1
39	now	1
39	by	1
39	engaged	1
39	your	3
39	don't	1
39	man	2
39	men	1
39	me	2
39	in	1
39	at	1
39	shall	1
39	fear	1
39	we	1
39	such	1
39	j	4
39	is	10
39	look	1
39	for	1
39	personalname	3
39	its	1
39	why	3
39	good	2
39	are	1
39	considered	1
39	you'll	1
39	see	1
39	little	2
39	then	1
39	fly	1
39	of	2
39	can	1
39	longer	1
39	my	2
39	it	3
39	na	1
39	happy	1
39	no	5
39	take	2
39	fo	1
39	about	1
39	if	1
39	yet	1
39	both	1
39	say	2
39	certain	1
39	own	1
39	#sequentialcaps	2
39	#lines	51
39	#maxinitial	12
39	#quotations	2
39	#caplines	14
39	#startwname	8
39	#periods	20
39	#stdev	1295
39	#maxpair	13
39	#startwrubric	12
39	#commas	22
39	#endwpunct	12
39	#questionmarks	4
39	#exclamationpoints	7
39	#textlines	36
39	wordNotInVocab	46
40	arabic1digit	1
40	the	3
40	it	1
40	our	3
40	no	1
40	but	2
40	friends	1
40	you	1
40	have	1
40	a	2
40	time	1
40	grief	1
40	your	2
40	friend	1
40	life	1
40	me	1
40	in	2
40	at	1
40	arabic2digit	1
40	propernoun	1
40	love	1
40	all	3
40	nothing	1
40	joy	1
40	than	1
40	not	1
40	with	1
40	if	1
40	end	1
40	do	1
40	old	1
40	better	1
40	must	1
40	my	2
40	will	1
40	give	1
40	gentleman	1
40	think	1
40	great	1
40	of	2
40	an	1
40	hands	1
40	good	1
40	much	1
40	and	2
40	they	1
40	hand	1
40	i	1
40	right	1
40	soul	1
40	be	2
40	#allcapswords	8
40	faith	1
40	to	2
40	placename	1
40	#sequentialcaps	3
40	#lines	17
40	#maxinitial	3
40	#quotations	2
40	#caplines	6
40	#startwname	2
40	#periods	5
40	#stdev	1694
40	#maxpair	4
40	#startwrubric	2
40	#commas	7
40	#endwpunct	3
40	#textlines	12
40	#endwnumeral	1
40	wordNotInVocab	11
41	arabic1digit	5
41	the	4
41	arabicprice	1
41	this	1
41	play	1
41	m	1
41	a	7
41	university	2
41	arabic5+digit	2
41	by	6
41	n	1
41	los	2
41	library	2
41	ft	1
41	ditto	1
41	de	1
41	placename	3
41	arabic2digit	4
41	k	1
41	southern	1
41	mr	3
41	heart	1
41	comedy	2
41	j	1
41	d	1
41	is	3
41	return	1
41	y	1
41	for	1
41	personalname	1
41	get	1
41	way	1
41	arabic3digit	1
41	worth	1
41	romannumeral	2
41	r	1
41	of	2
41	as	1
41	an	1
41	it	1
41	and	1
41	from	1
41	arabic4digit	1
41	which	1
41	p	1
41	#allcapswords	43
41	to	2
41	was	1
41	#sequentialcaps	3
41	#lines	41
41	#maxinitial	2
41	#caplines	13
41	#startwname	2
41	#periods	21
41	#stdev	1405
41	#maxpair	3
41	#startwrubric	2
41	#commas	12
41	#endwpunct	8
41	#textlines	22
41	#endwnumeral	3
41	wordNotInVocab	38
42	arabic1digit	1
42	the	1
42	in	1
42	arabic3digit	2
42	il	1
42	arabic4digit	2
42	arabic2digit	1
42	a	1
42	#allcapswords	7
42	j	1
42	placename	1
42	#sequentialcaps	1
42	#lines	18
42	#maxinitial	2
42	#caplines	5
42	#startwname	3
42	#stdev	742
42	#maxpair	2
42	#endwpunct	1
42	#questionmarks	1
42	#textlines	9
42	#endwnumeral	5
42	wordNotInVocab	7
43	i	1
43	so	1
43	propernoun	1
43	romannumeral	1
43	#lines	7
43	#maxinitial	1
43	#caplines	2
43	#startwname	1
43	#stdev	124
43	#maxpair	1
43	#textlines	3
