0	#allcapswords	1
0	#lines	4
0	#maxinitial	1
0	#caplines	1
0	#startwname	1
0	#periods	1
0	#stdev	300
0	#maxpair	1
0	#endwpunct	1
0	#textlines	1
0	wordNotInVocab	2
1	viz	1
1	arabicprice	19
1	fcp	3
1	d	1
1	all	1
1	into	1
1	green	1
1	comprising	2
1	brown	1
1	coloured	2
1	author	1
1	arabic3digit	2
1	numerous	4
1	romannumeral	5
1	rev	1
1	dr	2
1	vol	4
1	principles	2
1	great	1
1	first	1
1	an	2
1	annual	1
1	handbook	1
1	placename	4
1	each	1
1	natural	4
1	elements	1
1	a	2
1	arabic5+digit	1
1	new	5
1	year	1
1	et	1
1	in	2
1	dictionary	1
1	arabic2digit	5
1	chief	2
1	british	3
1	its	2
1	#allcapswords	96
1	post	2
1	history	4
1	which	1
1	enlarged	2
1	arabic1digit	6
1	plates	5
1	illustrations	2
1	according	1
1	edition	9
1	vols	2
1	university	1
1	g	1
1	upon	1
1	books	1
1	have	1
1	book	1
1	with	16
1	revised	1
1	wood	2
1	arranged	1
1	don	2
1	w	1
1	translated	1
1	work	1
1	much	1
1	and	18
1	price	10
1	modern	1
1	i	1
1	to	5
1	the	14
1	woodcuts	7
1	second	3
1	or	6
1	by	5
1	now	1
1	popular	2
1	country	1
1	propernoun	4
1	additions	2
1	is	1
1	8vo	9
1	for	2
1	personalname	14
1	system	1
1	practice	1
1	anecdotes	1
1	of	21
1	found	1
1	from	1
1	back	1
1	including	1
1	arabic4digit	3
1	nature	1
1	being	2
1	introduction	1
1	engravings	2
1	on	2
1	#sequentialcaps	2
1	#lines	85
1	#maxinitial	7
1	#caplines	35
1	#startwname	10
1	#periods	100
1	#stdev	2382
1	#maxpair	13
1	#startwrubric	8
1	#commas	44
1	#endwpunct	30
1	#textlines	52
1	#endwnumeral	3
1	wordNotInVocab	113
2	#textlines	0
3	#textlines	0
4	propernoun	1
4	#lines	2
4	#maxinitial	1
4	#caplines	1
4	#startwname	1
4	#periods	1
4	#maxpair	1
4	#endwpunct	1
4	#textlines	1
4	wordNotInVocab	1
5	co	1
5	printed	1
5	square	1
5	#allcapswords	2
5	street	1
5	new	1
5	by	1
5	placename	1
5	#sequentialcaps	1
5	#lines	5
5	#maxinitial	1
5	#caplines	3
5	#startwname	1
5	#periods	2
5	#stdev	857
5	#maxpair	1
5	#endwpunct	3
5	#textlines	3
5	wordNotInVocab	1
6	brown	1
6	personalname	1
6	arabic3digit	1
6	#allcapswords	17
6	of	1
6	library	1
6	university	1
6	read	1
6	by	1
6	green	1
6	poems	1
6	placename	2
6	#sequentialcaps	3
6	#lines	14
6	#maxinitial	3
6	#caplines	7
6	#startwname	1
6	#periods	4
6	#stdev	1278
6	#maxpair	3
6	#commas	4
6	#endwpunct	5
6	#textlines	8
6	#endwnumeral	1
6	wordNotInVocab	5
7	#lines	7
7	#maxinitial	1
7	#stdev	825
7	#maxpair	1
7	#endwpunct	1
7	#textlines	2
7	wordNotInVocab	2
8	as	1
8	an	1
8	personalname	1
8	by	1
8	esq	1
8	grey	1
8	arabic4digit	1
8	romannumeral	1
8	a	1
8	#allcapswords	14
8	regard	1
8	of	1
8	the	1
8	placename	1
8	#sequentialcaps	2
8	#lines	11
8	#maxinitial	2
8	#caplines	6
8	#startwname	1
8	#periods	5
8	#stdev	1075
8	#maxpair	2
8	#commas	2
8	#endwpunct	3
8	#textlines	6
8	#endwnumeral	1
8	wordNotInVocab	3
9	#textlines	0
10	arabic1digit	2
10	the	10
10	what	1
10	contents	3
10	a	5
10	time	1
10	or	1
10	year	2
10	memory	1
10	in	3
10	wine	1
10	arabic2digit	17
10	love	2
10	spring	1
10	welcome	1
10	summer	1
10	were	1
10	personalname	6
10	scene	1
10	came	1
10	old	1
10	noble	1
10	romannumeral	3
10	own	1
10	op	1
10	of	3
10	song	1
10	last	1
10	proud	1
10	i	1
10	mr	1
10	#allcapswords	57
10	poet	1
10	to	2
10	her	1
10	introduction	1
10	#sequentialcaps	3
10	#lines	44
10	#maxinitial	5
10	#quotations	1
10	#caplines	23
10	#startwname	6
10	#periods	87
10	#stdev	931
10	#maxpair	6
10	#startwrubric	7
10	#commas	6
10	#endwpunct	3
10	#textlines	23
10	#endwnumeral	19
10	wordNotInVocab	20
11	arabic1digit	1
11	contents	3
11	one	1
11	hill	1
11	southern	1
11	arabic2digit	11
11	all	1
11	sweet	1
11	hath	1
11	with	1
11	more	2
11	may	1
11	arabic3digit	10
11	romannumeral	12
11	my	1
11	own	1
11	first	1
11	as	1
11	know	1
11	and	4
11	hand	1
11	page	1
11	last	1
11	continued	1
11	#allcapswords	45
11	her	2
11	to	2
11	his	1
11	the	9
11	vain	1
11	you	2
11	a	1
11	or	1
11	your	2
11	heart	1
11	in	1
11	i	4
11	propernoun	1
11	such	1
11	never	1
11	is	1
11	personalname	2
11	are	1
11	out	1
11	then	2
11	heard	1
11	of	2
11	near	1
11	it	1
11	proud	1
11	no	1
11	saw	1
11	how	1
11	when	1
11	#sequentialcaps	6
11	#lines	50
11	#maxinitial	6
11	#quotations	6
11	#caplines	25
11	#startwname	2
11	#periods	63
11	#stdev	1162
11	#maxpair	6
11	#startwrubric	14
11	#commas	6
11	#endwpunct	3
11	#exclamationpoints	2
11	#textlines	26
11	#endwnumeral	21
11	wordNotInVocab	43
12	#allcapswords	1
12	#lines	2
12	#maxinitial	1
12	#caplines	1
12	#periods	1
12	#maxpair	1
12	#startwrubric	1
12	#endwpunct	1
12	#textlines	1
12	wordNotInVocab	1
13	#textlines	0
14	arabic1digit	1
14	with	3
14	the	3
14	those	1
14	b	1
14	all	1
14	large	1
14	a	3
14	world	1
14	full	1
14	for	1
14	me	1
14	in	2
14	i	2
14	deep	1
14	where	1
14	eyes	1
14	into	1
14	tears	1
14	read	1
14	door	1
14	had	1
14	summer	1
14	were	3
14	wood	1
14	sacred	1
14	away	1
14	my	5
14	ever	1
14	night	1
14	as	1
14	dead	1
14	and	4
14	from	1
14	which	1
14	nature	1
14	looked	1
14	sit	1
14	#allcapswords	6
14	god	1
14	until	1
14	to	1
14	day	1
14	library	1
14	age	1
14	was	1
14	#sequentialcaps	3
14	#lines	25
14	#maxinitial	3
14	#caplines	14
14	#periods	4
14	#stdev	982
14	#maxpair	3
14	#commas	9
14	#endwpunct	10
14	#textlines	14
14	#endwnumeral	1
14	wordNotInVocab	19
15	the	8
15	songs	1
15	often	1
15	itself	1
15	each	1
15	were	1
15	was	1
15	never	1
15	river	1
15	here	1
15	song	1
15	in	4
15	at	1
15	had	1
15	all	2
15	their	1
15	while	2
15	they	3
15	its	1
15	very	1
15	over	1
15	not	1
15	every	1
15	so	1
15	for	1
15	blue	1
15	came	1
15	#allcapswords	2
15	my	3
15	long	1
15	went	1
15	small	1
15	of	1
15	still	1
15	leaves	1
15	that	1
15	no	1
15	bright	1
15	a	1
15	though	1
15	feet	1
15	and	4
15	left	1
15	on	1
15	day	1
15	#sequentialcaps	2
15	#lines	31
15	#maxinitial	5
15	#caplines	17
15	#periods	4
15	#stdev	967
15	#maxpair	5
15	#commas	6
15	#endwpunct	14
15	#textlines	17
15	wordNotInVocab	41
16	arabic1digit	1
16	the	9
16	or	2
16	b	1
16	what	1
16	when	1
16	oft	1
16	a	2
16	time	2
16	by	1
16	made	1
16	was	1
16	all	1
16	too	1
16	in	3
16	into	1
16	seemed	1
16	wine	1
16	lovely	1
16	came	1
16	themselves	1
16	make	1
16	stars	1
16	had	1
16	for	1
16	their	3
16	gave	1
16	hope	1
16	until	1
16	then	1
16	it	1
16	night	1
16	me	2
16	to	2
16	sublime	1
16	my	3
16	found	1
16	and	9
16	earth	1
16	between	1
16	i	1
16	on	1
16	looked	1
16	scene	1
16	#allcapswords	5
16	sky	1
16	flower	1
16	power	1
16	world	1
16	#sequentialcaps	4
16	#lines	28
16	#maxinitial	5
16	#caplines	18
16	#periods	5
16	#stdev	946
16	#maxpair	6
16	#commas	11
16	#endwpunct	12
16	#textlines	18
16	#endwnumeral	1
16	wordNotInVocab	31
17	the	11
17	over	1
17	went	1
17	my	3
17	a	2
17	time	1
17	came	1
17	by	1
17	heart	1
17	never	2
17	sad	1
17	me	1
17	in	2
17	which	3
17	joy	1
17	eastern	1
17	of	2
17	thus	1
17	till	2
17	wind	1
17	lines	1
17	is	1
17	earth	1
17	with	2
17	city	1
17	hear	1
17	above	1
17	could	1
17	sun	1
17	be	1
17	one	1
17	against	1
17	knew	1
17	love	1
17	night	1
17	alone	1
17	round	1
17	spirit	1
17	it	2
17	and	7
17	i	2
17	from	3
17	morn	1
17	that	2
17	saw	1
17	fair	1
17	#allcapswords	5
17	world	1
17	until	1
17	to	1
17	day	2
17	on	1
17	#sequentialcaps	2
17	#lines	27
17	#maxinitial	6
17	#caplines	17
17	#periods	5
17	#stdev	656
17	#maxpair	7
17	#commas	11
17	#endwpunct	12
17	#textlines	17
17	wordNotInVocab	28
18	the	3
18	what	2
18	east	1
18	was	2
18	choice	1
18	heart	1
18	voice	1
18	there	1
18	while	1
18	they	1
18	wind	1
18	had	2
18	for	1
18	their	1
18	yet	1
18	well	1
18	must	1
18	my	3
18	said	1
18	went	1
18	then	1
18	red	1
18	and	2
18	no	1
18	i	5
18	within	1
18	#allcapswords	7
18	to	1
18	#sequentialcaps	2
18	#lines	15
18	#maxinitial	2
18	#caplines	9
18	#periods	2
18	#stdev	768
18	#maxpair	2
18	#commas	2
18	#endwpunct	7
18	#textlines	9
18	wordNotInVocab	17
19	#textlines	0
20	scene	3
20	the	1
20	#allcapswords	3
20	#lines	2
20	#maxinitial	1
20	#caplines	1
20	#periods	1
20	#maxpair	1
20	#endwpunct	1
20	#textlines	1
20	wordNotInVocab	1
21	#textlines	0
22	with	1
22	the	13
22	air	2
22	low	1
22	sent	1
22	a	3
22	year	1
22	are	1
22	hour	1
22	all	3
22	some	1
22	over	1
22	brown	1
22	were	1
22	scene	3
22	their	1
22	down	1
22	#allcapswords	4
22	grey	1
22	winter	1
22	dream	1
22	looking	1
22	seemed	1
22	of	3
22	as	1
22	in	3
22	and	3
22	from	1
22	many	1
22	on	1
22	within	1
22	his	3
22	like	1
22	to	1
22	when	1
22	#sequentialcaps	1
22	#lines	20
22	#maxinitial	4
22	#caplines	13
22	#periods	4
22	#stdev	749
22	#maxpair	5
22	#commas	7
22	#endwpunct	10
22	#textlines	13
22	wordNotInVocab	41
23	held	1
23	scene	3
23	upon	1
23	silent	1
23	where	3
23	arabic2digit	1
23	all	1
23	some	1
23	mind	1
23	wind	1
23	more	1
23	near	1
23	heard	2
23	ever	1
23	every	1
23	an	1
23	round	1
23	and	6
23	young	1
23	within	1
23	#allcapswords	3
23	her	2
23	to	1
23	flight	1
23	the	14
23	as	1
23	by	1
23	a	3
23	was	2
23	made	1
23	year	1
23	in	1
23	light	2
23	than	1
23	wings	1
23	on	1
23	star	1
23	then	1
23	seemed	1
23	of	1
23	no	1
23	pale	1
23	till	1
23	his	3
23	like	2
23	early	1
23	before	1
23	church	1
23	#sequentialcaps	2
23	#lines	29
23	#maxinitial	4
23	#caplines	16
23	#periods	3
23	#stdev	663
23	#maxpair	5
23	#commas	13
23	#endwpunct	13
23	#textlines	17
23	wordNotInVocab	51
24	bird	1
24	through	1
24	scene	3
24	upon	2
24	sight	1
24	where	2
24	arabic2digit	1
24	there	2
24	all	3
24	with	1
24	as	1
24	their	1
24	passed	1
24	stood	1
24	sweet	1
24	at	1
24	alone	2
24	every	1
24	and	3
24	morn	1
24	#allcapswords	3
24	to	2
24	his	1
24	the	20
24	air	1
24	this	2
24	from	2
24	east	1
24	was	2
24	by	2
24	made	1
24	now	1
24	only	1
24	year	1
24	in	2
24	its	2
24	wings	1
24	down	1
24	out	2
24	most	1
24	of	3
24	night	2
24	leaves	1
24	no	2
24	flowers	1
24	which	1
24	if	1
24	#sequentialcaps	7
24	#lines	29
24	#maxinitial	6
24	#caplines	17
24	#periods	4
24	#stdev	673
24	#maxpair	7
24	#commas	12
24	#endwpunct	12
24	#textlines	17
24	#endwnumeral	1
24	wordNotInVocab	48
25	white	1
25	low	1
25	through	1
25	sorrow	1
25	went	1
25	war	1
25	scene	4
25	upon	1
25	arabic2digit	1
25	all	2
25	loud	2
25	while	1
25	known	1
25	had	2
25	summer	1
25	memory	1
25	sat	1
25	leaves	1
25	but	2
25	still	1
25	bright	1
25	#allcapswords	3
25	her	8
25	to	2
25	his	2
25	with	4
25	the	15
25	this	1
25	oft	1
25	a	3
25	was	1
25	dark	1
25	dead	1
25	lips	1
25	sad	1
25	in	2
25	at	1
25	fate	1
25	propernoun	1
25	not	2
25	yet	1
25	he	1
25	she	3
25	long	2
25	heard	1
25	of	4
25	gone	1
25	black	1
25	and	7
25	gave	1
25	country	1
25	like	2
25	on	1
25	#sequentialcaps	4
25	#lines	27
25	#maxinitial	3
25	#caplines	16
25	#startwname	1
25	#periods	5
25	#stdev	652
25	#maxpair	4
25	#commas	17
25	#endwpunct	14
25	#textlines	17
25	wordNotInVocab	42
26	the	5
26	came	1
26	#allcapswords	3
26	winter	1
26	was	2
26	through	1
26	scene	4
26	life	1
26	at	1
26	last	1
26	and	2
26	where	1
26	arabic2digit	1
26	head	1
26	hands	1
26	her	1
26	his	1
26	#sequentialcaps	1
26	#lines	10
26	#maxinitial	2
26	#caplines	5
26	#periods	2
26	#stdev	1640
26	#maxpair	2
26	#commas	4
26	#endwpunct	4
26	#textlines	6
26	#endwnumeral	1
26	wordNotInVocab	14
27	#textlines	0
28	#allcapswords	1
28	#lines	2
28	#maxinitial	1
28	#caplines	1
28	#periods	1
28	#maxpair	1
28	#startwrubric	1
28	#endwpunct	1
28	#textlines	1
28	wordNotInVocab	1
29	#textlines	0
30	arabic1digit	1
30	the	9
30	air	1
30	him	1
30	what	1
30	from	1
30	time	1
30	was	1
30	soft	1
30	behind	1
30	in	2
30	first	1
30	where	1
30	propernoun	1
30	all	1
30	into	1
30	boy	1
30	with	1
30	blue	1
30	romannumeral	1
30	he	1
30	dream	1
30	of	1
30	to	2
30	that	1
30	and	1
30	flowers	1
30	young	1
30	sleep	1
30	stars	1
30	fair	1
30	#allcapswords	2
30	lay	1
30	day	1
30	stream	1
30	his	2
30	#sequentialcaps	2
30	#lines	17
30	#maxinitial	3
30	#caplines	10
30	#periods	3
30	#stdev	1752
30	#maxpair	3
30	#startwrubric	3
30	#commas	7
30	#endwpunct	9
30	#exclamationpoints	1
30	#textlines	12
30	#endwnumeral	1
30	wordNotInVocab	26
31	the	8
31	through	1
31	a	1
31	down	1
31	now	1
31	soft	1
31	hour	1
31	they	1
31	where	1
31	arabic2digit	1
31	all	1
31	into	1
31	music	1
31	sweet	1
31	light	1
31	with	1
31	easy	1
31	their	3
31	its	2
31	clear	1
31	long	1
31	sent	1
31	of	2
31	night	1
31	to	1
31	leaves	1
31	that	3
31	and	5
31	#allcapswords	1
31	his	1
31	in	3
31	over	1
31	way	1
31	lay	1
31	#sequentialcaps	3
31	#lines	25
31	#maxinitial	4
31	#caplines	15
31	#startwname	1
31	#periods	4
31	#stdev	1515
31	#maxpair	4
31	#startwrubric	3
31	#commas	16
31	#endwpunct	13
31	#textlines	16
31	wordNotInVocab	42
32	with	1
32	arabic1digit	1
32	personalname	1
32	what	1
32	down	1
32	the	1
32	romannumeral	1
32	he	1
32	will	1
32	a	1
32	went	1
32	love	1
32	lips	1
32	pale	1
32	at	1
32	that	1
32	and	2
32	arabic2digit	1
32	there	1
32	all	1
32	his	2
32	#allcapswords	1
32	her	1
32	on	1
32	#sequentialcaps	3
32	#lines	11
32	#maxinitial	2
32	#caplines	6
32	#periods	1
32	#stdev	1864
32	#maxpair	2
32	#startwrubric	1
32	#commas	5
32	#endwpunct	4
32	#questionmarks	1
32	#exclamationpoints	1
32	#textlines	7
32	#endwnumeral	2
32	wordNotInVocab	14
33	#textlines	0
34	arabic1digit	1
34	romannumeral	1
34	a	1
34	song	1
34	#allcapswords	3
34	#sequentialcaps	1
34	#lines	4
34	#maxinitial	1
34	#caplines	2
34	#stdev	150
34	#maxpair	1
34	#textlines	2
34	#endwnumeral	1
35	#textlines	0
36	the	6
36	bring	2
36	all	1
36	large	1
36	have	1
36	a	2
36	by	1
36	southern	1
36	song	1
36	in	1
36	they	1
36	only	2
36	had	1
36	noble	1
36	such	1
36	must	1
36	my	1
36	heard	1
36	first	1
36	of	5
36	night	1
36	me	2
36	as	1
36	that	1
36	#allcapswords	3
36	flowers	1
36	which	1
36	far	1
36	and	4
36	to	1
36	where	1
36	on	1
36	#sequentialcaps	2
36	#lines	23
36	#maxinitial	4
36	#caplines	13
36	#periods	2
36	#stdev	824
36	#maxpair	5
36	#commas	8
36	#endwpunct	9
36	#textlines	13
36	wordNotInVocab	32
37	the	2
37	be	2
37	would	1
37	a	2
37	all	1
37	too	1
37	thy	1
37	me	1
37	in	2
37	i	1
37	arabic2digit	1
37	should	1
37	is	1
37	than	1
37	else	1
37	with	1
37	so	1
37	for	2
37	may	2
37	song	4
37	long	1
37	give	1
37	of	1
37	thee	1
37	to	2
37	been	1
37	and	2
37	flowers	1
37	which	4
37	hath	2
37	#allcapswords	3
37	praise	1
37	that	3
37	#sequentialcaps	1
37	#lines	14
37	#maxinitial	2
37	#caplines	8
37	#periods	3
37	#stdev	866
37	#maxpair	3
37	#commas	2
37	#endwpunct	5
37	#textlines	9
37	wordNotInVocab	12
38	love	1
38	#allcapswords	2
38	#lines	2
38	#maxinitial	1
38	#caplines	1
38	#periods	1
38	#maxpair	1
38	#endwpunct	1
38	#textlines	1
38	wordNotInVocab	1
39	#textlines	0
40	brown	1
40	the	4
40	shore	1
40	through	1
40	a	1
40	was	1
40	plain	1
40	of	1
40	while	1
40	saw	1
40	with	1
40	personalname	1
40	down	1
40	sun	1
40	open	1
40	upon	1
40	an	1
40	it	1
40	and	1
40	fair	1
40	#allcapswords	3
40	ocean	1
40	to	3
40	looked	1
40	ancient	1
40	#sequentialcaps	2
40	#lines	16
40	#maxinitial	2
40	#caplines	10
40	#startwname	1
40	#periods	3
40	#stdev	930
40	#maxpair	2
40	#startwrubric	1
40	#commas	6
40	#endwpunct	9
40	#textlines	11
40	wordNotInVocab	24
41	the	5
41	it	1
41	air	1
41	could	1
41	but	2
41	tender	1
41	oft	1
41	a	3
41	time	1
41	their	2
41	look	1
41	upon	1
41	bright	1
41	well	1
41	darkness	1
41	arabic2digit	1
41	there	1
41	given	1
41	while	1
41	pride	1
41	had	3
41	over	1
41	not	2
41	personalname	2
41	is	1
41	kept	1
41	and	2
41	glorious	1
41	too	2
41	looking	1
41	of	1
41	age	1
41	as	1
41	an	1
41	book	1
41	sublime	1
41	many	1
41	i	2
41	at	1
41	page	1
41	which	1
41	said	1
41	fair	1
41	#allcapswords	5
41	she	3
41	hall	1
41	her	4
41	to	1
41	on	1
41	#sequentialcaps	3
41	#lines	28
41	#maxinitial	5
41	#caplines	15
41	#periods	4
41	#stdev	728
41	#maxpair	7
41	#commas	7
41	#endwpunct	11
41	#textlines	16
41	wordNotInVocab	25
42	the	8
42	city	1
42	flowers	1
42	up	1
42	a	2
42	was	1
42	all	1
42	along	1
42	maid	1
42	with	2
42	personalname	1
42	#allcapswords	2
42	beyond	1
42	long	1
42	early	1
42	of	2
42	home	1
42	and	2
42	from	1
42	hands	1
42	within	1
42	small	1
42	#sequentialcaps	2
42	#lines	17
42	#maxinitial	3
42	#caplines	11
42	#startwname	1
42	#periods	3
42	#stdev	888
42	#maxpair	5
42	#startwrubric	1
42	#commas	4
42	#endwpunct	7
42	#textlines	11
42	wordNotInVocab	26
43	white	1
43	the	8
43	still	1
43	air	1
43	words	1
43	oh	1
43	makes	1
43	which	1
43	a	3
43	world	1
43	heart	2
43	never	1
43	eyes	1
43	whom	1
43	i	1
43	of	2
43	arabic2digit	1
43	bright	1
43	light	1
43	read	1
43	hard	1
43	sin	1
43	were	1
43	personalname	2
43	cold	1
43	their	1
43	its	1
43	but	1
43	loved	1
43	love	1
43	every	1
43	show	1
43	praise	1
43	called	1
43	in	2
43	and	6
43	from	1
43	it	1
43	fair	1
43	#allcapswords	3
43	she	2
43	her	1
43	to	3
43	strange	1
43	#sequentialcaps	3
43	#lines	23
43	#maxinitial	3
43	#caplines	15
43	#periods	3
43	#stdev	700
43	#maxpair	5
43	#commas	9
43	#endwpunct	13
43	#exclamationpoints	1
43	#textlines	16
43	wordNotInVocab	28
44	the	4
44	carried	1
44	sea	1
44	ground	1
44	a	2
44	dark	1
44	was	2
44	in	1
44	where	1
44	all	2
44	personalname	2
44	down	1
44	own	1
44	thoughts	1
44	great	1
44	of	2
44	night	1
44	found	1
44	between	1
44	about	1
44	within	1
44	#allcapswords	3
44	she	1
44	her	3
44	to	2
44	#sequentialcaps	3
44	#lines	18
44	#maxinitial	4
44	#caplines	11
44	#startwname	1
44	#periods	3
44	#stdev	713
44	#maxpair	5
44	#startwrubric	1
44	#commas	3
44	#endwpunct	7
44	#textlines	11
44	wordNotInVocab	20
45	oh	1
45	written	1
45	the	8
45	this	1
45	coming	1
45	up	1
45	through	2
45	thought	1
45	was	1
45	dream	1
45	shalt	1
45	she	2
45	all	1
45	brought	1
45	upon	1
45	in	2
45	soul	1
45	stream	1
45	arabic2digit	1
45	of	2
45	river	1
45	thus	1
45	tears	1
45	night	1
45	read	1
45	woe	1
45	poor	1
45	is	1
45	below	1
45	golden	1
45	personalname	2
45	pain	1
45	thou	1
45	passed	1
45	heard	1
45	thy	1
45	measure	1
45	will	1
45	said	1
45	not	1
45	my	1
45	years	1
45	her	4
45	past	1
45	as	1
45	still	1
45	it	1
45	and	2
45	no	1
45	i	1
45	free	1
45	#allcapswords	2
45	to	2
45	see	1
45	#sequentialcaps	3
45	#lines	25
45	#maxinitial	6
45	#caplines	15
45	#periods	4
45	#stdev	673
45	#maxpair	9
45	#commas	4
45	#endwpunct	9
45	#textlines	16
45	wordNotInVocab	20
46	arabic1digit	1
46	the	3
46	air	1
46	large	1
46	waves	1
46	even	1
46	a	1
46	d	1
46	eyes	1
46	blue	1
46	where	2
46	all	1
46	their	1
46	earth	1
46	with	2
46	field	1
46	looks	1
46	personalname	1
46	down	1
46	knew	1
46	of	4
46	nor	1
46	and	3
46	no	1
46	flowers	1
46	saw	1
46	#allcapswords	3
46	she	2
46	her	2
46	to	2
46	#sequentialcaps	2
46	#lines	20
46	#maxinitial	4
46	#caplines	12
46	#startwname	2
46	#periods	3
46	#stdev	1116
46	#maxpair	4
46	#startwrubric	1
46	#commas	6
46	#endwpunct	8
46	#textlines	12
46	#endwnumeral	1
46	wordNotInVocab	22
47	the	5
47	fell	1
47	through	1
47	but	1
47	not	1
47	a	2
47	was	1
47	by	1
47	which	1
47	for	1
47	love	1
47	bright	1
47	arabic2digit	1
47	grief	1
47	delight	1
47	all	5
47	night	1
47	music	1
47	joys	1
47	pleasure	2
47	are	2
47	personalname	1
47	never	1
47	itself	1
47	#allcapswords	3
47	making	1
47	full	1
47	of	4
47	every	1
47	to	2
47	and	6
47	happy	1
47	whose	1
47	i	1
47	way	1
47	she	2
47	her	3
47	when	1
47	day	1
47	things	1
47	on	1
47	#sequentialcaps	2
47	#lines	28
47	#maxinitial	4
47	#caplines	15
47	#periods	4
47	#stdev	806
47	#maxpair	6
47	#commas	6
47	#endwpunct	14
47	#textlines	16
47	wordNotInVocab	29
48	arabic1digit	1
48	with	2
48	the	3
48	were	2
48	dark	1
48	d	1
48	blue	1
48	in	1
48	still	1
48	home	1
48	welcome	1
48	very	1
48	below	1
48	summer	1
48	personalname	3
48	eyes	1
48	place	1
48	wild	1
48	of	1
48	garden	1
48	nor	2
48	round	1
48	and	4
48	flowers	1
48	a	1
48	fair	1
48	#allcapswords	4
48	she	1
48	her	1
48	to	1
48	was	1
48	#sequentialcaps	1
48	#lines	18
48	#maxinitial	4
48	#caplines	12
48	#startwname	1
48	#periods	2
48	#stdev	1103
48	#maxpair	5
48	#commas	6
48	#endwpunct	8
48	#textlines	12
48	#endwnumeral	1
48	wordNotInVocab	18
49	the	5
49	dear	1
49	this	1
49	from	1
49	shore	1
49	be	1
49	tender	1
49	me	2
49	shall	1
49	was	1
49	oh	1
49	pure	1
49	which	1
49	now	1
49	eyes	1
49	are	1
49	upon	1
49	i	1
49	behold	1
49	aside	1
49	arabic2digit	1
49	there	1
49	all	1
49	given	1
49	till	1
49	pride	1
49	alone	1
49	is	1
49	rest	1
49	with	1
49	were	1
49	art	1
49	for	1
49	personalname	2
49	thou	1
49	heaven	1
49	above	1
49	sea	1
49	my	2
49	long	1
49	said	1
49	thy	2
49	here	1
49	love	1
49	thee	1
49	as	1
49	native	1
49	and	4
49	at	1
49	gentle	1
49	soul	1
49	stars	1
49	#allcapswords	2
49	last	1
49	her	3
49	to	4
49	world	1
49	#sequentialcaps	3
49	#lines	24
49	#maxinitial	5
49	#caplines	15
49	#periods	4
49	#stdev	706
49	#maxpair	6
49	#commas	13
49	#endwpunct	13
49	#textlines	16
49	wordNotInVocab	21
50	arabic1digit	1
50	a	1
50	#allcapswords	5
50	op	1
50	love	1
50	d	1
50	#sequentialcaps	1
50	#lines	4
50	#maxinitial	1
50	#caplines	2
50	#stdev	700
50	#maxpair	1
50	#textlines	2
50	#endwnumeral	1
50	wordNotInVocab	1
51	#textlines	0
52	the	5
52	air	1
52	blessed	1
52	but	1
52	a	2
52	or	2
52	heart	1
52	in	1
52	silent	1
52	delight	1
52	may	1
52	fall	1
52	music	1
52	wind	1
52	is	1
52	comes	1
52	not	2
52	summer	1
52	memory	1
52	came	2
52	its	1
52	away	1
52	#allcapswords	6
52	my	1
52	those	1
52	behind	1
52	went	1
52	then	1
52	april	1
52	of	2
52	night	1
52	as	1
52	that	2
52	and	1
52	flowers	1
52	beauty	1
52	which	2
52	shall	1
52	again	1
52	like	2
52	she	3
52	left	1
52	spent	1
52	to	3
52	when	1
52	#sequentialcaps	2
52	#lines	20
52	#maxinitial	2
52	#caplines	13
52	#periods	2
52	#stdev	494
52	#maxpair	4
52	#commas	9
52	#endwpunct	10
52	#textlines	13
52	wordNotInVocab	18
53	with	1
53	the	1
53	air	1
53	came	1
53	passed	1
53	sweet	1
53	a	2
53	most	2
53	of	1
53	in	1
53	and	2
53	things	2
53	arabic2digit	1
53	love	1
53	all	2
53	far	1
53	fair	1
53	#allcapswords	5
53	she	1
53	than	2
53	#sequentialcaps	1
53	#lines	8
53	#maxinitial	2
53	#caplines	4
53	#periods	2
53	#stdev	754
53	#maxpair	2
53	#commas	3
53	#endwpunct	5
53	#textlines	5
53	wordNotInVocab	7
54	#allcapswords	1
54	#lines	2
54	#maxinitial	1
54	#caplines	1
54	#periods	1
54	#maxpair	1
54	#startwrubric	1
54	#endwpunct	1
54	#textlines	1
54	wordNotInVocab	1
55	#textlines	0
56	the	12
56	a	2
56	between	1
56	by	1
56	i	1
56	many	1
56	poet	1
56	memory	1
56	in	4
56	silent	1
56	river	1
56	while	1
56	over	2
56	with	1
56	golden	1
56	their	1
56	down	1
56	#allcapswords	8
56	beyond	1
56	moon	1
56	go	1
56	op	1
56	of	1
56	sun	1
56	that	1
56	and	3
56	from	1
56	town	1
56	which	1
56	saw	1
56	like	1
56	sky	1
56	went	1
56	#sequentialcaps	3
56	#lines	25
56	#maxinitial	4
56	#quotations	1
56	#caplines	14
56	#periods	1
56	#stdev	752
56	#maxpair	4
56	#commas	14
56	#endwpunct	12
56	#exclamationpoints	1
56	#textlines	14
56	wordNotInVocab	26
57	the	8
57	him	1
57	oh	2
57	through	3
57	soul	1
57	not	1
57	a	2
57	world	1
57	by	1
57	which	1
57	now	1
57	your	1
57	song	1
57	in	3
57	at	1
57	deep	1
57	river	1
57	ye	1
57	arabic2digit	1
57	all	3
57	into	1
57	music	1
57	very	1
57	close	1
57	peace	1
57	great	1
57	passed	1
57	wings	2
57	eyes	1
57	their	1
57	its	1
57	away	2
57	#allcapswords	1
57	one	2
57	did	1
57	of	1
57	an	1
57	to	2
57	spirit	1
57	that	2
57	and	1
57	they	1
57	from	2
57	till	1
57	sleep	2
57	without	2
57	like	2
57	lay	2
57	whose	1
57	his	2
57	on	2
57	#sequentialcaps	3
57	#lines	29
57	#maxinitial	4
57	#caplines	16
57	#periods	3
57	#stdev	622
57	#maxpair	4
57	#commas	13
57	#endwpunct	12
57	#exclamationpoints	2
57	#textlines	17
57	wordNotInVocab	26
58	year	1
58	the	1
58	a	1
58	#allcapswords	8
58	old	1
58	to	1
58	wine	1
58	of	1
58	#lines	2
58	#maxinitial	1
58	#caplines	1
58	#periods	1
58	#maxpair	1
58	#endwpunct	1
58	#textlines	1
58	wordNotInVocab	1
59	#textlines	0
60	the	7
60	bring	1
60	we	1
60	him	1
60	by	1
60	but	1
60	you	2
60	little	1
60	oh	1
60	remember	1
60	year	1
60	upon	1
60	me	1
60	in	1
60	hither	3
60	wine	2
60	of	1
60	old	2
60	let	2
60	run	1
60	not	1
60	with	1
60	down	1
60	he	1
60	my	3
60	goes	1
60	one	1
60	first	1
60	love	2
60	night	1
60	do	1
60	come	2
60	and	6
60	to	2
60	friends	1
60	a	1
60	sit	1
60	#allcapswords	9
60	before	1
60	his	1
60	#sequentialcaps	3
60	#lines	24
60	#maxinitial	6
60	#caplines	13
60	#periods	1
60	#stdev	541
60	#maxpair	7
60	#commas	12
60	#endwpunct	11
60	#exclamationpoints	1
60	#textlines	13
60	wordNotInVocab	15
61	summer	1
61	the	12
61	him	3
61	under	1
61	us	1
61	you	1
61	a	2
61	world	1
61	oh	1
61	new	1
61	remember	1
61	unto	1
61	year	4
61	brought	1
61	in	1
61	bright	1
61	next	1
61	wine	2
61	arabic2digit	1
61	all	1
61	spring	1
61	let	1
61	with	1
61	wings	1
61	how	3
61	old	3
61	throne	1
61	he	2
61	beneath	1
61	goes	1
61	hope	1
61	then	2
61	her	2
61	of	5
61	poor	1
61	to	3
61	that	1
61	and	7
61	flowers	1
61	young	1
61	which	1
61	fair	1
61	#allcapswords	8
61	before	1
61	loved	1
61	things	1
61	his	4
61	was	1
61	#sequentialcaps	3
61	#lines	31
61	#maxinitial	6
61	#caplines	18
61	#periods	2
61	#stdev	363
61	#maxpair	7
61	#commas	4
61	#endwpunct	11
61	#questionmarks	1
61	#exclamationpoints	1
61	#textlines	19
61	wordNotInVocab	26
62	crown	1
62	the	9
62	all	1
62	e	1
62	quite	1
62	by	1
62	arabic2digit	1
62	you	1
62	a	3
62	then	1
62	took	1
62	soon	1
62	some	1
62	year	1
62	but	1
62	hands	1
62	brown	1
62	where	1
62	wine	2
62	there	1
62	of	2
62	while	1
62	let	1
62	feet	1
62	with	2
62	were	1
62	has	1
62	may	1
62	old	3
62	away	1
62	#allcapswords	11
62	grey	1
62	man	1
62	winter	1
62	he	3
62	leaves	1
62	arabic1digit	1
62	goes	1
62	see	1
62	before	1
62	in	2
62	that	1
62	still	1
62	and	3
62	glory	1
62	till	1
62	his	8
62	like	1
62	to	3
62	came	1
62	went	1
62	#sequentialcaps	3
62	#lines	32
62	#maxinitial	5
62	#caplines	20
62	#periods	3
62	#stdev	766
62	#maxpair	7
62	#commas	8
62	#endwpunct	12
62	#exclamationpoints	1
62	#textlines	20
62	#endwnumeral	2
62	wordNotInVocab	36
63	smile	1
63	the	6
63	bid	1
63	him	1
63	brought	1
63	arabic2digit	1
63	a	2
63	oh	1
63	new	1
63	made	1
63	for	1
63	year	2
63	memory	1
63	dear	1
63	wine	3
63	us	2
63	grief	1
63	love	1
63	their	1
63	till	1
63	some	2
63	its	2
63	face	1
63	hath	3
63	with	4
63	more	1
63	may	2
63	old	3
63	he	3
63	goes	2
63	prove	1
63	dream	1
63	against	1
63	of	3
63	before	2
63	it	1
63	and	6
63	to	1
63	from	2
63	friends	1
63	shall	1
63	though	2
63	be	2
63	#allcapswords	8
63	come	1
63	how	1
63	his	3
63	#sequentialcaps	3
63	#lines	27
63	#maxinitial	6
63	#caplines	16
63	#periods	3
63	#stdev	473
63	#maxpair	6
63	#commas	4
63	#endwpunct	10
63	#exclamationpoints	1
63	#textlines	17
63	wordNotInVocab	24
64	arabic1digit	1
64	the	10
64	but	2
64	a	4
64	dark	1
64	air	1
64	year	1
64	in	1
64	earth	1
64	wine	1
64	arabic2digit	1
64	e	1
64	into	1
64	music	1
64	poor	1
64	is	3
64	not	1
64	were	1
64	if	1
64	their	1
64	old	3
64	will	1
64	one	1
64	winter	1
64	op	1
64	of	1
64	as	1
64	to	2
64	and	2
64	gone	1
64	who	1
64	stars	1
64	#allcapswords	11
64	on	2
64	#sequentialcaps	3
64	#lines	23
64	#maxinitial	5
64	#caplines	14
64	#periods	2
64	#stdev	802
64	#maxpair	7
64	#commas	5
64	#endwpunct	8
64	#exclamationpoints	4
64	#textlines	14
64	#endwnumeral	2
64	wordNotInVocab	27
65	#textlines	0
66	arabic1digit	1
66	year	1
66	the	1
66	#allcapswords	4
66	e	1
66	#lines	4
66	#maxinitial	1
66	#caplines	2
66	#periods	1
66	#stdev	800
66	#maxpair	1
66	#endwpunct	1
66	#textlines	2
66	#endwnumeral	1
66	wordNotInVocab	1
67	#textlines	0
68	summer	1
68	the	12
68	us	1
68	clouds	1
68	plain	1
68	in	1
68	have	2
68	mountain	1
68	of	2
68	around	1
68	with	1
68	so	1
68	blue	1
68	their	1
68	away	1
68	like	1
68	are	3
68	once	1
68	long	1
68	into	1
68	and	3
68	which	1
68	again	1
68	#allcapswords	4
68	on	1
68	#sequentialcaps	3
68	#lines	23
68	#maxinitial	6
68	#caplines	13
68	#periods	4
68	#stdev	612
68	#maxpair	7
68	#commas	7
68	#endwpunct	9
68	#textlines	13
68	wordNotInVocab	27
69	loud	1
69	the	10
69	above	1
69	meet	1
69	through	2
69	mountain	2
69	by	1
69	unto	1
69	are	1
69	upon	1
69	in	2
69	they	2
69	stream	1
69	arabic2digit	1
69	all	1
69	light	1
69	down	1
69	feet	1
69	with	1
69	so	1
69	wings	1
69	their	4
69	dark	1
69	and	2
69	long	1
69	dream	1
69	behold	1
69	that	1
69	at	1
69	from	1
69	till	2
69	sleep	1
69	#allcapswords	3
69	to	1
69	#sequentialcaps	3
69	#lines	29
69	#maxinitial	8
69	#caplines	16
69	#periods	4
69	#stdev	602
69	#maxpair	9
69	#commas	9
69	#endwpunct	14
69	#textlines	17
69	wordNotInVocab	39
70	the	4
70	meet	1
70	through	1
70	year	1
70	they	1
70	and	2
70	arabic2digit	1
70	country	1
70	#allcapswords	3
70	to	1
70	is	1
70	#sequentialcaps	2
70	#lines	9
70	#maxinitial	3
70	#quotations	2
70	#caplines	4
70	#periods	1
70	#stdev	717
70	#maxpair	3
70	#commas	4
70	#endwpunct	4
70	#exclamationpoints	1
70	#textlines	5
70	#endwnumeral	1
70	wordNotInVocab	11
71	#textlines	0
72	summer	1
72	the	1
72	#allcapswords	3
72	#lines	2
72	#maxinitial	1
72	#caplines	1
72	#periods	1
72	#maxpair	1
72	#endwpunct	1
72	#textlines	1
72	wordNotInVocab	1
73	#textlines	0
74	white	1
74	with	1
74	the	14
74	but	1
74	a	2
74	school	1
74	plain	1
74	strong	1
74	in	2
74	to	1
74	them	1
74	its	1
74	boy	2
74	wind	1
74	is	1
74	comes	1
74	summer	1
74	sit	1
74	their	1
74	down	1
74	close	1
74	long	1
74	of	1
74	as	1
74	before	1
74	round	1
74	lane	1
74	it	1
74	and	3
74	#allcapswords	4
74	wild	1
74	line	1
74	feet	1
74	like	3
74	when	1
74	#sequentialcaps	3
74	#lines	20
74	#maxinitial	4
74	#caplines	11
74	#periods	3
74	#stdev	1610
74	#maxpair	7
74	#commas	8
74	#endwpunct	11
74	#textlines	13
74	wordNotInVocab	33
75	forth	1
75	the	16
75	them	1
75	take	1
75	up	1
75	each	1
75	a	1
75	boy	1
75	now	1
75	soon	1
75	are	1
75	tree	1
75	in	1
75	arabic2digit	1
75	all	1
75	loud	1
75	while	1
75	fall	1
75	spring	1
75	sing	1
75	face	1
75	beautiful	1
75	its	1
75	over	1
75	summer	1
75	their	1
75	like	1
75	out	1
75	but	1
75	of	2
75	alone	1
75	leaves	1
75	that	1
75	and	3
75	from	3
75	#allcapswords	3
75	on	1
75	#sequentialcaps	3
75	#lines	17
75	#maxinitial	4
75	#caplines	10
75	#periods	3
75	#stdev	1339
75	#maxpair	4
75	#commas	7
75	#endwpunct	10
75	#textlines	12
75	wordNotInVocab	35
76	the	1
76	#allcapswords	3
76	#lines	2
76	#maxinitial	1
76	#caplines	1
76	#maxpair	1
76	#commas	1
76	#endwpunct	1
76	#textlines	1
76	wordNotInVocab	2
77	#textlines	0
78	arabic1digit	1
78	the	10
78	each	1
78	sent	1
78	a	2
78	boy	1
78	plain	1
78	now	1
78	year	1
78	where	1
78	had	1
78	away	1
78	over	1
78	with	1
78	were	2
78	p	1
78	their	2
78	old	1
78	#allcapswords	5
78	wild	1
78	went	1
78	ever	1
78	of	1
78	every	1
78	lay	1
78	in	1
78	last	1
78	and	5
78	who	2
78	far	1
78	to	2
78	his	1
78	was	1
78	#sequentialcaps	4
78	#lines	24
78	#maxinitial	5
78	#caplines	14
78	#periods	4
78	#stdev	1058
78	#maxpair	5
78	#commas	11
78	#endwpunct	10
78	#textlines	14
78	#endwnumeral	1
78	wordNotInVocab	35
79	sing	1
79	the	11
79	no	1
79	those	1
79	air	1
79	#allcapswords	3
79	arabic2digit	1
79	you	1
79	a	2
79	was	3
79	looked	1
79	now	1
79	heart	1
79	are	1
79	in	1
79	care	1
79	clear	1
79	fear	1
79	all	1
79	there	1
79	cow	1
79	saw	1
79	never	1
79	with	4
79	tell	1
79	if	1
79	notes	1
79	out	1
79	one	1
79	of	3
79	how	2
79	round	1
79	that	2
79	and	4
79	boy	1
79	who	1
79	skies	1
79	like	2
79	to	3
79	his	4
79	#sequentialcaps	4
79	#lines	21
79	#maxinitial	3
79	#caplines	12
79	#periods	4
79	#stdev	648
79	#maxpair	3
79	#commas	7
79	#endwpunct	9
79	#textlines	13
79	wordNotInVocab	34
80	arabic1digit	1
80	the	1
80	f	1
80	personalname	1
80	#allcapswords	7
80	last	1
80	an	1
80	#sequentialcaps	1
80	#lines	8
80	#maxinitial	1
80	#caplines	4
80	#startwname	1
80	#periods	2
80	#stdev	553
80	#maxpair	2
80	#endwpunct	3
80	#textlines	4
80	#endwnumeral	1
80	wordNotInVocab	2
81	#textlines	0
82	the	12
82	our	1
82	air	1
82	low	1
82	this	2
82	from	1
82	shall	3
82	new	1
82	in	1
82	us	1
82	we	1
82	while	1
82	maid	1
82	over	1
82	with	2
82	field	1
82	cloth	1
82	golden	1
82	#allcapswords	5
82	beneath	1
82	here	2
82	to	1
82	will	1
82	june	1
82	within	1
82	and	2
82	introduction	1
82	his	1
82	on	2
82	#sequentialcaps	3
82	#lines	22
82	#maxinitial	5
82	#caplines	14
82	#periods	6
82	#stdev	808
82	#maxpair	6
82	#startwrubric	1
82	#commas	7
82	#endwpunct	13
82	#textlines	14
82	wordNotInVocab	36
83	would	1
83	time	1
83	world	1
83	shade	1
83	daughter	1
83	too	1
83	arabic2digit	2
83	while	1
83	some	1
83	maid	1
83	music	1
83	hold	1
83	speech	1
83	will	1
83	wise	1
83	as	1
83	last	1
83	and	5
83	skies	1
83	#allcapswords	6
83	natural	1
83	to	1
83	the	12
83	you	1
83	a	2
83	or	1
83	look	1
83	your	3
83	along	1
83	personalname	1
83	in	1
83	voice	1
83	list	1
83	far	2
83	we	3
83	youth	1
83	is	1
83	pleased	1
83	sit	1
83	thus	1
83	stood	1
83	of	5
83	come	1
83	it	1
83	happy	1
83	beneath	1
83	being	1
83	fair	1
83	like	1
83	whose	1
83	#sequentialcaps	4
83	#lines	27
83	#maxinitial	5
83	#quotations	1
83	#caplines	16
83	#periods	3
83	#stdev	265
83	#maxpair	7
83	#commas	15
83	#endwpunct	13
83	#exclamationpoints	1
83	#textlines	17
83	wordNotInVocab	37
84	the	7
84	this	1
84	hill	2
84	through	1
84	little	1
84	a	3
84	or	1
84	moment	1
84	round	1
84	heart	1
84	only	1
84	lips	1
84	bound	1
84	but	1
84	in	3
84	arabic2digit	1
84	of	1
84	all	1
84	while	1
84	they	1
84	sing	1
84	face	1
84	let	1
84	not	1
84	with	5
84	for	1
84	personalname	1
84	down	1
84	he	1
84	long	1
84	at	1
84	morning	1
84	one	1
84	song	1
84	as	2
84	stars	1
84	last	1
84	and	4
84	from	2
84	morn	1
84	which	1
84	fame	1
84	care	1
84	pleasure	1
84	#allcapswords	6
84	her	1
84	to	2
84	his	1
84	on	1
84	#sequentialcaps	4
84	#lines	27
84	#maxinitial	4
84	#caplines	17
84	#startwname	2
84	#periods	5
84	#stdev	343
84	#maxpair	5
84	#commas	12
84	#endwpunct	13
84	#textlines	17
84	#endwnumeral	1
84	wordNotInVocab	36
85	#textlines	0
86	white	1
86	the	2
86	a	4
86	was	1
86	held	1
86	side	1
86	plain	1
86	golden	1
86	all	1
86	morning	1
86	like	2
86	with	1
86	wood	1
86	personalname	2
86	grace	1
86	noble	1
86	long	1
86	at	1
86	ever	2
86	of	3
86	as	1
86	led	1
86	in	3
86	and	3
86	reign	1
86	hand	1
86	bright	1
86	#allcapswords	5
86	she	2
86	her	4
86	queen	1
86	#sequentialcaps	3
86	#lines	22
86	#maxinitial	4
86	#caplines	13
86	#startwname	1
86	#periods	4
86	#stdev	673
86	#maxpair	4
86	#commas	10
86	#endwpunct	8
86	#textlines	13
86	wordNotInVocab	24
87	summer	1
87	the	7
87	small	1
87	personalname	1
87	land	1
87	days	1
87	held	1
87	was	2
87	or	1
87	of	3
87	as	1
87	are	1
87	round	1
87	in	1
87	last	1
87	and	4
87	dear	1
87	arabic2digit	1
87	all	2
87	over	1
87	skies	1
87	#allcapswords	5
87	she	2
87	her	1
87	to	1
87	peace	1
87	queen	1
87	#sequentialcaps	2
87	#lines	15
87	#maxinitial	4
87	#caplines	8
87	#startwname	1
87	#periods	3
87	#stdev	262
87	#maxpair	4
87	#commas	2
87	#endwpunct	6
87	#textlines	9
87	wordNotInVocab	15
88	with	2
88	the	4
88	complete	1
88	hill	1
88	n	1
88	in	1
88	majesty	1
88	all	2
88	sweet	1
88	were	1
88	among	1
88	their	1
88	old	1
88	own	1
88	of	2
88	every	1
88	near	1
88	and	2
88	proud	1
88	gold	1
88	from	2
88	she	2
88	her	4
88	to	2
88	happy	1
88	his	1
88	#sequentialcaps	3
88	#lines	21
88	#maxinitial	4
88	#caplines	12
88	#periods	4
88	#stdev	940
88	#maxpair	6
88	#commas	4
88	#endwpunct	10
88	#textlines	13
88	wordNotInVocab	31
89	with	1
89	the	4
89	personalname	1
89	their	1
89	she	1
89	were	1
89	knew	1
89	press	1
89	or	1
89	round	1
89	all	1
89	in	1
89	they	1
89	last	1
89	and	2
89	arabic2digit	1
89	which	1
89	#allcapswords	5
89	sweet	1
89	her	5
89	to	3
89	loved	1
89	never	1
89	#sequentialcaps	3
89	#lines	15
89	#maxinitial	3
89	#caplines	8
89	#periods	3
89	#stdev	623
89	#maxpair	3
89	#commas	5
89	#endwpunct	7
89	#textlines	9
89	wordNotInVocab	20
90	the	9
90	what	1
90	a	2
90	time	1
90	plain	1
90	for	1
90	in	1
90	hither	1
90	spring	1
90	saw	2
90	welcome	1
90	over	2
90	golden	1
90	personalname	1
90	came	1
90	#allcapswords	3
90	romannumeral	1
90	he	3
90	maid	1
90	full	1
90	of	1
90	as	2
90	happy	2
90	young	1
90	hands	1
90	and	2
90	her	1
90	to	2
90	looked	1
90	his	2
90	#sequentialcaps	1
90	#lines	20
90	#maxinitial	4
90	#caplines	13
90	#periods	3
90	#stdev	836
90	#maxpair	4
90	#startwrubric	1
90	#commas	4
90	#endwpunct	8
90	#textlines	13
90	wordNotInVocab	26
91	the	6
91	bird	1
91	what	1
91	be	1
91	would	1
91	a	3
91	or	5
91	in	1
91	at	1
91	land	1
91	arabic2digit	1
91	room	1
91	over	1
91	like	1
91	for	2
91	personalname	1
91	as	1
91	#allcapswords	6
91	he	1
91	free	1
91	then	1
91	fly	1
91	poor	1
91	last	1
91	and	1
91	proud	1
91	from	1
91	hand	2
91	saw	1
91	her	1
91	to	1
91	his	1
91	#sequentialcaps	1
91	#lines	14
91	#maxinitial	3
91	#caplines	8
91	#periods	2
91	#stdev	336
91	#maxpair	3
91	#commas	7
91	#endwpunct	9
91	#exclamationpoints	2
91	#textlines	9
91	wordNotInVocab	14
92	may	1
92	the	6
92	a	3
92	mountain	1
92	hill	2
92	their	1
92	your	2
92	g	1
92	all	1
92	foot	1
92	then	1
92	there	1
92	southern	1
92	loud	1
92	light	1
92	music	2
92	sweet	1
92	over	2
92	with	2
92	thousand	1
92	its	1
92	romannumeral	1
92	leaves	1
92	of	2
92	as	1
92	wings	1
92	and	5
92	from	1
92	nature	1
92	if	1
92	#allcapswords	3
92	her	2
92	to	1
92	stream	1
92	on	1
92	#sequentialcaps	2
92	#lines	22
92	#maxinitial	4
92	#quotations	4
92	#caplines	13
92	#periods	4
92	#stdev	1258
92	#maxpair	5
92	#startwrubric	1
92	#commas	9
92	#endwpunct	11
92	#textlines	13
92	wordNotInVocab	27
93	white	1
93	died	2
93	the	7
93	bird	1
93	seen	1
93	through	1
93	a	1
93	or	1
93	river	1
93	blue	1
93	in	1
93	where	2
93	arabic2digit	1
93	into	1
93	below	1
93	is	1
93	ear	1
93	like	2
93	personalname	1
93	some	1
93	passed	1
93	great	1
93	last	1
93	that	1
93	and	2
93	from	2
93	it	1
93	view	1
93	#allcapswords	5
93	to	1
93	on	1
93	#sequentialcaps	1
93	#lines	16
93	#maxinitial	2
93	#caplines	8
93	#periods	2
93	#stdev	697
93	#maxpair	2
93	#commas	6
93	#endwpunct	6
93	#textlines	9
93	wordNotInVocab	16
94	arabic1digit	1
94	the	7
94	it	1
94	farewell	1
94	a	1
94	time	1
94	or	1
94	hands	1
94	deep	1
94	their	1
94	while	1
94	night	1
94	g	1
94	sweet	1
94	is	1
94	personalname	1
94	may	1
94	#allcapswords	3
94	cattle	1
94	romannumeral	1
94	he	1
94	keep	1
94	of	2
94	home	1
94	till	1
94	flame	1
94	in	1
94	many	1
94	from	2
94	takes	1
94	and	3
94	she	1
94	her	1
94	how	1
94	day	1
94	when	3
94	#sequentialcaps	2
94	#lines	25
94	#maxinitial	3
94	#caplines	14
94	#periods	3
94	#stdev	1368
94	#maxpair	3
94	#startwrubric	1
94	#commas	9
94	#endwpunct	6
94	#textlines	14
94	#endwnumeral	1
94	wordNotInVocab	28
95	with	1
95	the	15
95	a	1
95	grief	1
95	or	1
95	done	1
95	personalname	1
95	in	1
95	who	1
95	deep	1
95	arabic2digit	1
95	there	1
95	into	1
95	heart	1
95	has	1
95	music	1
95	west	1
95	is	2
95	peace	1
95	memory	1
95	turn	1
95	he	1
95	sun	1
95	will	1
95	then	1
95	of	3
95	home	1
95	breast	1
95	last	1
95	and	3
95	red	1
95	poor	1
95	ballad	1
95	#allcapswords	6
95	to	2
95	day	1
95	his	3
95	on	1
95	#sequentialcaps	4
95	#lines	20
95	#maxinitial	6
95	#caplines	12
95	#periods	4
95	#stdev	470
95	#maxpair	7
95	#commas	6
95	#endwpunct	8
95	#textlines	13
95	wordNotInVocab	26
96	arabic1digit	1
96	ear	1
96	the	7
96	air	1
96	#allcapswords	4
96	up	1
96	each	2
96	a	2
96	by	1
96	light	1
96	heart	1
96	men	1
96	in	2
96	knew	1
96	g	1
96	while	1
96	felt	1
96	joys	1
96	tis	1
96	had	1
96	story	1
96	like	1
96	name	1
96	personalname	1
96	near	1
96	came	2
96	old	1
96	heaven	1
96	romannumeral	1
96	he	1
96	hope	1
96	ever	1
96	one	2
96	of	3
96	as	4
96	to	1
96	it	1
96	no	1
96	call	1
96	hath	1
96	and	3
96	true	1
96	his	3
96	#sequentialcaps	2
96	#lines	21
96	#maxinitial	3
96	#quotations	1
96	#caplines	13
96	#periods	4
96	#stdev	1097
96	#maxpair	3
96	#startwrubric	1
96	#commas	10
96	#endwpunct	10
96	#textlines	14
96	#endwnumeral	1
96	wordNotInVocab	19
97	of	1
97	the	10
97	it	1
97	dark	1
97	soft	2
97	seemed	1
97	through	2
97	but	1
97	each	1
97	a	2
97	might	1
97	was	1
97	or	1
97	then	1
97	all	1
97	mark	1
97	which	1
97	deep	1
97	where	1
97	him	1
97	arabic2digit	1
97	there	2
97	pride	1
97	stars	1
97	like	1
97	set	1
97	peace	1
97	with	1
97	love	1
97	personalname	2
97	gold	1
97	their	1
97	close	1
97	#allcapswords	6
97	he	3
97	one	1
97	against	1
97	them	1
97	night	1
97	along	1
97	last	1
97	to	4
97	hour	1
97	glory	1
97	that	1
97	still	1
97	none	1
97	in	2
97	hands	1
97	saw	1
97	feet	1
97	and	4
97	stream	1
97	his	1
97	on	1
97	#sequentialcaps	2
97	#lines	26
97	#maxinitial	7
97	#caplines	16
97	#periods	5
97	#stdev	502
97	#maxpair	8
97	#commas	12
97	#endwpunct	14
97	#textlines	17
97	wordNotInVocab	31
98	arabic1digit	1
98	the	10
98	a	1
98	hill	1
98	two	1
98	along	1
98	g	1
98	in	2
98	at	1
98	sound	1
98	maid	1
98	door	1
98	beauty	1
98	with	2
98	field	1
98	near	1
98	personalname	1
98	as	1
98	like	1
98	out	1
98	moon	1
98	one	1
98	of	1
98	half	1
98	an	1
98	and	2
98	between	1
98	evening	1
98	far	1
98	saw	1
98	#allcapswords	2
98	she	1
98	her	3
98	his	1
98	on	1
98	#sequentialcaps	2
98	#lines	21
98	#maxinitial	3
98	#caplines	13
98	#periods	4
98	#stdev	1062
98	#maxpair	4
98	#commas	9
98	#endwpunct	9
98	#textlines	14
98	#endwnumeral	1
98	wordNotInVocab	25
99	with	1
99	the	5
99	times	2
99	personalname	4
99	pain	1
99	hand	2
99	a	1
99	three	3
99	or	1
99	as	1
99	are	1
99	sad	1
99	in	1
99	at	1
99	last	2
99	of	1
99	and	2
99	arabic2digit	1
99	to	2
99	these	2
99	which	1
99	said	1
99	his	1
99	#allcapswords	5
99	too	1
99	past	1
99	came	1
99	#sequentialcaps	3
99	#lines	16
99	#maxinitial	3
99	#quotations	1
99	#caplines	8
99	#periods	3
99	#stdev	578
99	#maxpair	3
99	#commas	10
99	#endwpunct	7
99	#textlines	9
99	wordNotInVocab	16
100	the	4
100	it	1
100	our	1
100	from	1
100	but	1
100	ground	1
100	a	4
100	makes	1
100	set	1
100	oh	1
100	for	1
100	me	1
100	in	4
100	first	1
100	could	1
100	f	1
100	there	1
100	neither	1
100	had	1
100	rest	1
100	feet	1
100	were	2
100	personalname	1
100	yet	1
100	romannumeral	1
100	my	1
100	one	1
100	dream	1
100	fly	1
100	of	1
100	nor	1
100	every	1
100	an	1
100	twas	1
100	many	1
100	and	4
100	his	1
100	i	2
100	saw	1
100	#allcapswords	4
100	to	1
100	#sequentialcaps	2
100	#lines	23
100	#maxinitial	3
100	#caplines	13
100	#periods	4
100	#stdev	1122
100	#maxpair	3
100	#startwrubric	1
100	#commas	6
100	#endwpunct	10
100	#exclamationpoints	1
100	#textlines	13
100	wordNotInVocab	26
101	the	6
101	him	1
101	by	1
101	or	1
101	held	1
101	took	1
101	plain	1
101	in	1
101	they	1
101	sight	1
101	arabic2digit	1
101	off	1
101	forth	1
101	length	1
101	field	1
101	personalname	1
101	#allcapswords	6
101	and	3
101	he	3
101	my	2
101	then	1
101	how	1
101	last	1
101	at	1
101	from	1
101	i	1
101	to	1
101	that	2
101	#sequentialcaps	2
101	#lines	16
101	#maxinitial	4
101	#caplines	8
101	#periods	4
101	#stdev	461
101	#maxpair	4
101	#commas	5
101	#endwpunct	7
101	#exclamationpoints	1
101	#textlines	9
101	wordNotInVocab	21
102	white	1
102	form	1
102	our	2
102	field	1
102	the	5
102	but	1
102	you	1
102	fire	1
102	east	1
102	a	1
102	was	1
102	by	1
102	your	2
102	in	3
102	him	1
102	made	1
102	sword	1
102	saw	3
102	its	1
102	as	1
102	down	1
102	heard	1
102	rode	1
102	then	1
102	romannumeral	1
102	of	1
102	an	1
102	and	4
102	from	1
102	between	1
102	i	1
102	over	1
102	#allcapswords	4
102	ocean	1
102	to	2
102	whose	1
102	his	2
102	when	1
102	#sequentialcaps	3
102	#lines	20
102	#maxinitial	6
102	#caplines	13
102	#periods	3
102	#stdev	934
102	#maxpair	8
102	#startwrubric	1
102	#commas	7
102	#endwpunct	9
102	#textlines	13
102	wordNotInVocab	26
103	the	8
103	but	1
103	you	2
103	hill	1
103	your	1
103	at	2
103	sight	1
103	stream	1
103	arabic2digit	1
103	sound	1
103	foe	1
103	length	1
103	joy	1
103	best	1
103	for	1
103	personalname	1
103	came	1
103	then	2
103	of	1
103	stand	1
103	last	1
103	my	1
103	found	1
103	and	5
103	hand	1
103	i	1
103	saw	1
103	feet	1
103	#allcapswords	6
103	#sequentialcaps	2
103	#lines	14
103	#maxinitial	4
103	#caplines	8
103	#periods	3
103	#stdev	551
103	#maxpair	4
103	#commas	8
103	#endwpunct	8
103	#textlines	9
103	wordNotInVocab	17
104	the	2
104	this	1
104	but	1
104	you	2
104	a	2
104	was	2
104	your	3
104	heart	1
104	southern	1
104	in	2
104	bright	1
104	propernoun	1
104	all	2
104	days	1
104	lady	1
104	morning	1
104	is	1
104	with	4
104	were	1
104	personalname	1
104	land	1
104	came	2
104	like	1
104	well	1
104	heard	1
104	my	1
104	long	1
104	part	1
104	own	1
104	night	1
104	pride	2
104	as	1
104	an	1
104	how	1
104	side	1
104	and	5
104	at	1
104	hand	2
104	i	2
104	though	1
104	#allcapswords	4
104	she	2
104	her	2
104	praise	1
104	when	1
104	#sequentialcaps	2
104	#lines	18
104	#maxinitial	5
104	#caplines	12
104	#periods	3
104	#stdev	354
104	#maxpair	6
104	#commas	10
104	#endwpunct	8
104	#textlines	12
104	wordNotInVocab	13
105	with	1
105	the	2
105	on	1
105	but	1
105	you	2
105	or	1
105	held	1
105	me	2
105	in	1
105	arabic2digit	1
105	grief	1
105	all	1
105	had	1
105	smile	1
105	were	2
105	personalname	1
105	as	1
105	#allcapswords	6
105	my	2
105	hope	1
105	born	1
105	lay	1
105	last	1
105	and	1
105	from	1
105	i	1
105	view	1
105	gone	1
105	she	2
105	until	1
105	her	3
105	to	1
105	when	1
105	#sequentialcaps	3
105	#lines	14
105	#maxinitial	1
105	#caplines	8
105	#periods	3
105	#stdev	487
105	#maxpair	2
105	#commas	8
105	#endwpunct	9
105	#textlines	9
105	wordNotInVocab	18
106	with	1
106	the	5
106	our	3
106	vain	1
106	each	1
106	a	2
106	heart	1
106	are	1
106	made	1
106	upon	1
106	hour	1
106	they	2
106	stream	1
106	them	1
106	tears	1
106	some	1
106	such	1
106	rest	1
106	over	1
106	summer	1
106	on	1
106	came	1
106	yet	1
106	like	1
106	romannumeral	1
106	went	1
106	little	1
106	dream	2
106	first	1
106	of	1
106	in	1
106	know	1
106	still	1
106	and	4
106	clouds	1
106	i	1
106	#allcapswords	4
106	after	1
106	her	2
106	to	1
106	#sequentialcaps	3
106	#lines	21
106	#maxinitial	6
106	#caplines	13
106	#periods	3
106	#stdev	877
106	#maxpair	6
106	#startwrubric	1
106	#commas	8
106	#endwpunct	10
106	#exclamationpoints	1
106	#textlines	13
106	wordNotInVocab	21
107	the	7
107	this	1
107	seen	1
107	through	1
107	but	1
107	born	1
107	a	2
107	was	2
107	or	2
107	war	1
107	more	1
107	voice	1
107	land	1
107	arabic2digit	1
107	all	1
107	not	1
107	for	1
107	personalname	1
107	one	1
107	then	1
107	of	2
107	home	1
107	away	1
107	last	1
107	and	5
107	they	1
107	many	1
107	#allcapswords	5
107	her	2
107	queen	1
107	when	1
107	#sequentialcaps	3
107	#lines	14
107	#maxinitial	3
107	#caplines	8
107	#periods	3
107	#stdev	523
107	#maxpair	3
107	#commas	11
107	#endwpunct	8
107	#textlines	9
107	wordNotInVocab	14
108	brought	1
108	mine	1
108	or	1
108	the	8
108	you	3
108	loud	1
108	made	1
108	never	1
108	h	1
108	me	2
108	at	2
108	these	1
108	door	1
108	bright	1
108	with	1
108	more	4
108	memory	1
108	ah	1
108	sun	1
108	place	1
108	my	1
108	ever	1
108	of	3
108	near	1
108	round	1
108	laid	1
108	once	1
108	it	1
108	and	5
108	no	2
108	which	1
108	#allcapswords	1
108	hall	1
108	her	1
108	to	2
108	#sequentialcaps	2
108	#lines	22
108	#maxinitial	3
108	#caplines	13
108	#periods	3
108	#stdev	1138
108	#maxpair	4
108	#commas	7
108	#endwpunct	9
108	#exclamationpoints	2
108	#textlines	13
108	wordNotInVocab	23
109	the	10
109	our	1
109	time	1
109	was	3
109	or	2
109	gone	1
109	arabic2digit	1
109	there	1
109	we	1
109	down	1
109	room	1
109	o	1
109	known	1
109	with	2
109	were	2
109	more	2
109	personalname	1
109	song	2
109	#allcapswords	6
109	winter	1
109	great	1
109	of	1
109	nor	1
109	as	1
109	last	1
109	still	1
109	no	2
109	evening	1
109	a	1
109	and	4
109	to	1
109	when	1
109	#sequentialcaps	3
109	#lines	22
109	#maxinitial	5
109	#caplines	12
109	#periods	4
109	#stdev	551
109	#maxpair	5
109	#commas	8
109	#endwpunct	11
109	#textlines	13
109	wordNotInVocab	32
110	white	1
110	arabic1digit	1
110	through	1
110	our	2
110	meet	1
110	waves	1
110	the	4
110	made	2
110	if	1
110	where	1
110	there	1
110	river	1
110	some	1
110	music	1
110	never	1
110	with	1
110	more	1
110	on	1
110	came	1
110	romannumeral	1
110	nation	1
110	sea	1
110	great	1
110	foe	1
110	as	1
110	an	1
110	and	4
110	happy	1
110	your	1
110	in	1
110	yon	1
110	#allcapswords	3
110	to	4
110	was	1
110	#sequentialcaps	2
110	#lines	24
110	#maxinitial	4
110	#caplines	14
110	#startwname	1
110	#periods	4
110	#stdev	1102
110	#maxpair	4
110	#startwrubric	1
110	#commas	5
110	#endwpunct	9
110	#textlines	14
110	#endwnumeral	1
110	wordNotInVocab	26
111	smile	1
111	the	9
111	swear	1
111	this	2
111	years	1
111	even	1
111	but	1
111	fire	1
111	a	2
111	was	3
111	or	1
111	long	1
111	which	1
111	soon	1
111	should	1
111	death	1
111	in	1
111	still	2
111	queen	1
111	land	1
111	world	1
111	east	1
111	had	1
111	all	1
111	loud	1
111	sweet	1
111	west	1
111	is	1
111	best	1
111	feet	1
111	with	1
111	personalname	4
111	past	1
111	arabic3digit	1
111	he	2
111	my	2
111	dream	1
111	be	1
111	born	1
111	then	1
111	of	4
111	can	1
111	breast	1
111	steel	1
111	you	1
111	true	1
111	told	1
111	last	1
111	and	5
111	from	1
111	march	1
111	on	1
111	though	1
111	age	1
111	if	1
111	#allcapswords	6
111	followed	1
111	to	3
111	say	1
111	his	1
111	above	1
111	#sequentialcaps	3
111	#lines	26
111	#maxinitial	7
111	#quotations	1
111	#caplines	16
111	#periods	4
111	#stdev	480
111	#maxpair	7
111	#commas	10
111	#endwpunct	14
111	#exclamationpoints	1
111	#textlines	17
111	wordNotInVocab	23
112	the	5
112	arabic1digit	1
112	low	1
112	#allcapswords	2
112	each	1
112	were	1
112	was	2
112	in	1
112	propernoun	2
112	all	2
112	into	1
112	sweet	1
112	with	4
112	personalname	1
112	their	1
112	romannumeral	2
112	them	1
112	feet	1
112	at	1
112	her	2
112	me	1
112	every	1
112	laid	1
112	and	4
112	a	2
112	like	1
112	lay	1
112	when	1
112	#sequentialcaps	4
112	#lines	23
112	#maxinitial	4
112	#quotations	6
112	#caplines	11
112	#startwname	1
112	#periods	3
112	#stdev	1220
112	#maxpair	4
112	#startwrubric	1
112	#commas	7
112	#endwpunct	12
112	#exclamationpoints	3
112	#textlines	14
112	#endwnumeral	1
112	wordNotInVocab	30
113	the	4
113	flowers	1
113	brought	1
113	oft	1
113	a	1
113	or	1
113	all	1
113	grave	1
113	in	1
113	they	2
113	wave	1
113	these	1
113	their	2
113	is	1
113	gentle	1
113	over	1
113	personalname	2
113	may	1
113	away	1
113	#allcapswords	5
113	arabic3digit	1
113	sat	1
113	out	1
113	then	1
113	of	1
113	breast	1
113	last	1
113	and	5
113	about	1
113	which	1
113	nature	1
113	fair	1
113	like	1
113	her	4
113	above	1
113	#sequentialcaps	3
113	#lines	20
113	#maxinitial	4
113	#quotations	8
113	#caplines	8
113	#periods	4
113	#stdev	727
113	#maxpair	4
113	#commas	6
113	#endwpunct	10
113	#exclamationpoints	4
113	#textlines	13
113	wordNotInVocab	27
114	with	1
114	the	2
114	him	1
114	this	1
114	master	1
114	looks	1
114	you	1
114	a	1
114	or	1
114	by	1
114	now	1
114	full	1
114	h	1
114	would	1
114	in	3
114	lady	1
114	arabic1digit	1
114	all	1
114	pride	1
114	wide	1
114	personalname	1
114	romannumeral	1
114	he	2
114	important	1
114	ever	1
114	think	1
114	of	3
114	home	1
114	poor	1
114	once	1
114	had	1
114	and	2
114	proud	1
114	#allcapswords	3
114	to	1
114	his	4
114	see	1
114	#sequentialcaps	4
114	#lines	23
114	#maxinitial	5
114	#caplines	14
114	#periods	3
114	#stdev	1056
114	#maxpair	7
114	#startwrubric	1
114	#commas	9
114	#endwpunct	11
114	#exclamationpoints	1
114	#textlines	14
114	#endwnumeral	1
114	wordNotInVocab	28
115	what	1
115	the	3
115	passed	1
115	for	1
115	personalname	1
115	may	1
115	away	1
115	#allcapswords	5
115	arabic3digit	1
115	be	1
115	he	1
115	would	1
115	a	1
115	or	1
115	of	2
115	last	1
115	still	1
115	gold	1
115	there	1
115	all	1
115	has	1
115	is	1
115	his	1
115	#sequentialcaps	2
115	#lines	8
115	#maxinitial	3
115	#caplines	4
115	#periods	1
115	#stdev	338
115	#maxpair	3
115	#commas	1
115	#endwpunct	2
115	#exclamationpoints	1
115	#textlines	5
115	wordNotInVocab	8
116	loud	1
116	the	13
116	bosom	1
116	dear	1
116	large	1
116	through	1
116	was	1
116	by	1
116	eyes	1
116	men	1
116	tree	1
116	song	1
116	at	1
116	till	1
116	maid	1
116	had	1
116	with	1
116	thus	1
116	close	1
116	children	1
116	sat	1
116	of	1
116	every	1
116	near	1
116	people	1
116	breast	1
116	and	5
116	secret	1
116	skies	1
116	#allcapswords	5
116	left	1
116	her	3
116	to	2
116	pale	2
116	his	1
116	#sequentialcaps	4
116	#lines	24
116	#maxinitial	6
116	#caplines	14
116	#periods	5
116	#stdev	765
116	#maxpair	6
116	#startwrubric	1
116	#commas	5
116	#endwpunct	11
116	#textlines	14
116	wordNotInVocab	27
117	the	11
117	no	1
117	us	2
117	fire	1
117	a	1
117	world	1
117	or	2
117	by	2
117	war	1
117	our	5
117	very	1
117	are	3
117	they	1
117	have	1
117	time	1
117	we	1
117	all	1
117	fall	1
117	has	1
117	is	1
117	with	2
117	before	1
117	golden	1
117	personalname	1
117	as	1
117	its	2
117	arabic3digit	1
117	lost	1
117	beneath	1
117	said	1
117	of	1
117	to	2
117	steel	1
117	lay	1
117	alas	1
117	longer	1
117	dead	1
117	last	1
117	and	5
117	comes	1
117	hands	1
117	yon	1
117	sit	1
117	#allcapswords	5
117	left	1
117	age	1
117	#sequentialcaps	3
117	#lines	30
117	#maxinitial	4
117	#quotations	1
117	#caplines	15
117	#periods	4
117	#stdev	317
117	#maxpair	5
117	#commas	5
117	#endwpunct	14
117	#exclamationpoints	2
117	#textlines	17
117	wordNotInVocab	36
118	the	12
118	our	2
118	be	2
118	each	1
118	head	2
118	or	1
118	their	1
118	took	1
118	bound	1
118	in	1
118	they	2
118	plain	1
118	arabic2digit	1
118	grief	1
118	we	1
118	all	2
118	chief	1
118	has	1
118	let	2
118	is	3
118	with	2
118	way	1
118	golden	1
118	personalname	1
118	thus	1
118	its	1
118	are	1
118	turned	1
118	dead	3
118	led	1
118	of	3
118	through	1
118	every	3
118	alas	1
118	lost	1
118	last	1
118	and	6
118	happy	1
118	his	3
118	that	2
118	said	1
118	age	2
118	#allcapswords	6
118	time	1
118	flower	1
118	world	1
118	#sequentialcaps	4
118	#lines	27
118	#maxinitial	5
118	#quotations	3
118	#caplines	16
118	#startwname	1
118	#periods	3
118	#stdev	479
118	#maxpair	5
118	#commas	8
118	#endwpunct	12
118	#exclamationpoints	5
118	#textlines	17
118	#endwnumeral	1
118	wordNotInVocab	31
119	shore	1
119	but	1
119	plain	1
119	there	1
119	of	3
119	river	1
119	loud	1
119	with	4
119	one	1
119	here	1
119	past	1
119	and	5
119	last	1
119	over	1
119	#allcapswords	6
119	day	1
119	that	1
119	the	12
119	air	1
119	play	1
119	a	3
119	was	1
119	or	1
119	by	1
119	now	1
119	along	1
119	mountain	1
119	light	1
119	hundred	1
119	not	1
119	were	2
119	personalname	1
119	its	1
119	night	1
119	arabic3digit	1
119	to	1
119	loved	1
119	no	1
119	from	1
119	like	1
119	sky	1
119	whose	1
119	#sequentialcaps	2
119	#lines	28
119	#maxinitial	5
119	#caplines	16
119	#periods	5
119	#stdev	338
119	#maxpair	5
119	#commas	12
119	#endwpunct	13
119	#textlines	17
119	wordNotInVocab	44
120	the	5
120	golden	1
120	personalname	1
120	its	1
120	#allcapswords	5
120	arabic3digit	1
120	lost	1
120	said	1
120	world	1
120	or	1
120	of	1
120	are	1
120	alas	1
120	dead	1
120	last	1
120	still	1
120	we	1
120	has	1
120	and	2
120	time	1
120	is	1
120	age	1
120	#sequentialcaps	2
120	#lines	8
120	#maxinitial	3
120	#quotations	2
120	#caplines	4
120	#startwname	1
120	#periods	1
120	#stdev	312
120	#maxpair	3
120	#commas	4
120	#endwpunct	4
120	#exclamationpoints	1
120	#textlines	5
120	#endwnumeral	1
120	wordNotInVocab	6
121	#textlines	0
122	#textlines	0
123	#textlines	0
124	the	1
124	#allcapswords	3
124	#lines	2
124	#maxinitial	1
124	#caplines	1
124	#maxpair	1
124	#commas	1
124	#endwpunct	1
124	#textlines	1
124	wordNotInVocab	2
125	#textlines	0
126	arabic1digit	1
126	the	8
126	i	1
126	thy	1
126	in	1
126	darkness	1
126	had	1
126	with	1
126	their	1
126	like	1
126	went	1
126	evening	1
126	of	1
126	through	1
126	as	1
126	an	1
126	round	2
126	that	2
126	and	3
126	about	1
126	which	1
126	if	1
126	#allcapswords	4
126	church	1
126	#sequentialcaps	2
126	#lines	15
126	#maxinitial	2
126	#caplines	12
126	#stdev	952
126	#maxpair	3
126	#commas	12
126	#endwpunct	8
126	#textlines	13
126	#endwnumeral	1
126	wordNotInVocab	32
127	the	13
127	those	1
127	fell	2
127	through	2
127	a	2
127	by	1
127	winds	1
127	brave	1
127	only	1
127	sad	1
127	in	2
127	voice	1
127	where	1
127	while	1
127	with	3
127	its	1
127	arabic3digit	1
127	grave	1
127	out	1
127	one	1
127	darkness	1
127	night	1
127	bell	1
127	as	1
127	black	1
127	and	9
127	to	1
127	from	1
127	that	1
127	#allcapswords	3
127	#sequentialcaps	3
127	#lines	21
127	#maxinitial	4
127	#quotations	2
127	#caplines	16
127	#periods	4
127	#stdev	656
127	#maxpair	4
127	#commas	13
127	#endwpunct	15
127	#textlines	19
127	wordNotInVocab	49
128	arabic1digit	1
128	the	9
128	none	1
128	but	2
128	shall	2
128	world	1
128	dark	2
128	unto	1
128	plain	1
128	light	2
128	i	1
128	mark	1
128	call	1
128	where	2
128	may	1
128	fall	1
128	below	1
128	let	1
128	thus	1
128	arabic3digit	1
128	sea	1
128	black	1
128	then	1
128	can	1
128	and	4
128	soul	1
128	flame	2
128	be	1
128	#allcapswords	3
128	to	5
128	when	1
128	#sequentialcaps	3
128	#lines	26
128	#maxinitial	3
128	#quotations	3
128	#caplines	13
128	#periods	1
128	#stdev	843
128	#maxpair	3
128	#commas	8
128	#endwpunct	10
128	#exclamationpoints	3
128	#textlines	17
128	#endwnumeral	2
128	wordNotInVocab	31
129	died	1
129	the	7
129	air	1
129	him	1
129	thine	1
129	ever	1
129	us	1
129	a	2
129	second	1
129	art	1
129	which	1
129	heart	1
129	i	1
129	are	4
129	life	2
129	tree	1
129	whom	1
129	in	3
129	elements	1
129	aside	1
129	even	1
129	there	2
129	we	1
129	not	1
129	within	1
129	very	1
129	hath	3
129	with	2
129	for	1
129	thus	1
129	its	1
129	arabic3digit	1
129	thou	1
129	he	1
129	but	1
129	upon	1
129	just	1
129	first	1
129	stand	1
129	christ	1
129	as	1
129	that	1
129	and	2
129	wild	1
129	more	1
129	who	1
129	lies	1
129	than	2
129	#allcapswords	9
129	to	2
129	day	1
129	his	2
129	was	1
129	#sequentialcaps	2
129	#lines	24
129	#maxinitial	3
129	#quotations	2
129	#caplines	15
129	#periods	5
129	#stdev	1025
129	#maxpair	4
129	#commas	7
129	#endwpunct	12
129	#exclamationpoints	2
129	#textlines	17
129	wordNotInVocab	33
130	arabic1digit	1
130	fancy	1
130	pope	1
130	would	1
130	those	1
130	any	1
130	never	1
130	should	1
130	high	1
130	silent	1
130	deep	1
130	where	1
130	of	3
130	all	2
130	what	1
130	sin	1
130	with	2
130	may	2
130	heaven	1
130	arabic3digit	1
130	beyond	1
130	went	1
130	great	1
130	round	1
130	duke	1
130	know	3
130	still	1
130	i	5
130	it	3
130	again	1
130	and	5
130	considered	2
130	to	3
130	loved	1
130	church	1
130	his	1
130	the	10
130	him	4
130	bishop	1
130	under	1
130	even	1
130	you	1
130	a	6
130	shame	1
130	now	1
130	in	2
130	earth	1
130	propernoun	1
130	our	1
130	not	1
130	mighty	1
130	for	1
130	he	1
130	god	1
130	love	1
130	birth	1
130	third	1
130	people	1
130	that	1
130	day	1
130	#allcapswords	9
130	though	1
130	sky	1
130	became	1
130	hope	1
130	#sequentialcaps	3
130	#lines	23
130	#maxinitial	5
130	#caplines	18
130	#periods	3
130	#stdev	1058
130	#maxpair	6
130	#commas	15
130	#endwpunct	11
130	#questionmarks	1
130	#exclamationpoints	1
130	#textlines	19
130	#endwnumeral	2
130	wordNotInVocab	30
131	the	6
131	no	1
131	vain	1
131	meet	1
131	they	1
131	when	1
131	you	1
131	a	2
131	world	1
131	by	1
131	our	1
131	look	1
131	dead	3
131	golden	1
131	since	1
131	it	1
131	great	1
131	in	4
131	which	1
131	propernoun	1
131	of	3
131	should	1
131	there	1
131	on	1
131	spirit	1
131	only	1
131	is	5
131	hath	1
131	here	1
131	for	2
131	personalname	1
131	very	1
131	hold	1
131	why	2
131	arabic3digit	1
131	he	2
131	out	2
131	see	1
131	one	1
131	them	1
131	can	1
131	every	1
131	hope	1
131	following	1
131	bear	1
131	been	1
131	and	3
131	soul	1
131	lies	1
131	fame	1
131	#allcapswords	8
131	any	1
131	left	1
131	to	4
131	his	3
131	#sequentialcaps	2
131	#lines	29
131	#maxinitial	3
131	#quotations	1
131	#caplines	14
131	#startwname	1
131	#periods	2
131	#stdev	719
131	#maxpair	4
131	#commas	11
131	#endwpunct	13
131	#questionmarks	2
131	#exclamationpoints	3
131	#textlines	16
131	wordNotInVocab	30
132	the	2
132	prince	1
132	have	1
132	head	1
132	art	1
132	your	5
132	never	1
132	our	1
132	years	1
132	in	4
132	mother	1
132	ye	2
132	names	1
132	all	1
132	delight	1
132	o	1
132	make	1
132	tears	1
132	heaven	1
132	is	4
132	earth	1
132	with	1
132	for	2
132	been	1
132	may	1
132	arabic3digit	1
132	he	1
132	dead	3
132	hope	1
132	of	3
132	led	1
132	souls	1
132	that	1
132	and	1
132	flowers	1
132	glory	1
132	who	1
132	#allcapswords	4
132	might	1
132	to	2
132	whose	1
132	on	1
132	#sequentialcaps	3
132	#lines	20
132	#maxinitial	2
132	#quotations	2
132	#caplines	13
132	#periods	1
132	#stdev	1277
132	#maxpair	3
132	#commas	11
132	#endwpunct	10
132	#exclamationpoints	3
132	#textlines	14
132	#endwnumeral	1
132	wordNotInVocab	26
133	the	5
133	songs	1
133	him	2
133	set	1
133	in	1
133	they	4
133	into	1
133	light	1
133	had	1
133	over	1
133	with	1
133	their	1
133	thus	1
133	close	1
133	#allcapswords	3
133	arabic3digit	1
133	great	1
133	them	1
133	chapel	1
133	last	1
133	history	1
133	till	1
133	looked	2
133	and	5
133	left	1
133	whose	1
133	his	1
133	on	1
133	#sequentialcaps	2
133	#lines	15
133	#maxinitial	3
133	#caplines	8
133	#periods	3
133	#stdev	1392
133	#maxpair	3
133	#commas	7
133	#endwpunct	7
133	#textlines	10
133	wordNotInVocab	19
134	and	1
134	#allcapswords	3
134	#lines	2
134	#maxinitial	1
134	#caplines	1
134	#periods	1
134	#maxpair	1
134	#endwpunct	1
134	#textlines	1
134	wordNotInVocab	2
135	#textlines	0
136	the	7
136	each	1
136	went	1
136	by	1
136	temple	1
136	two	1
136	more	1
136	high	1
136	in	3
136	they	1
136	head	1
136	like	1
136	light	1
136	not	1
136	with	2
136	mighty	1
136	so	1
136	were	1
136	wings	1
136	golden	2
136	blue	1
136	their	4
136	its	1
136	stood	2
136	sky	1
136	beautiful	1
136	great	1
136	till	1
136	to	1
136	bright	1
136	that	2
136	still	1
136	#allcapswords	3
136	hands	1
136	view	1
136	down	1
136	and	5
136	god	1
136	bound	1
136	his	1
136	when	1
136	#sequentialcaps	2
136	#lines	21
136	#maxinitial	4
136	#caplines	13
136	#periods	3
136	#stdev	927
136	#maxpair	6
136	#commas	9
136	#endwpunct	10
136	#textlines	13
136	wordNotInVocab	28
137	low	1
137	seen	1
137	when	1
137	world	1
137	have	1
137	all	2
137	tears	1
137	some	1
137	alone	1
137	had	1
137	with	5
137	as	2
137	their	1
137	such	1
137	arabic3digit	1
137	sat	1
137	but	1
137	one	1
137	and	5
137	nor	2
137	spirit	1
137	still	1
137	i	1
137	far	2
137	than	1
137	sit	1
137	#allcapswords	5
137	to	1
137	day	1
137	his	2
137	the	8
137	none	1
137	our	1
137	under	1
137	thought	1
137	a	2
137	guide	1
137	heart	1
137	eyes	1
137	along	1
137	sad	1
137	in	2
137	at	1
137	propernoun	1
137	they	1
137	woe	1
137	skies	1
137	thus	1
137	he	1
137	of	1
137	can	1
137	lay	1
137	speak	1
137	that	1
137	no	1
137	from	3
137	feet	1
137	before	1
137	whose	1
137	hope	1
137	#sequentialcaps	7
137	#lines	26
137	#maxinitial	6
137	#caplines	16
137	#periods	4
137	#stdev	946
137	#maxpair	8
137	#commas	13
137	#endwpunct	14
137	#textlines	17
137	wordNotInVocab	36
138	us	1
138	but	1
138	time	1
138	world	1
138	voice	1
138	these	1
138	too	1
138	where	1
138	all	1
138	while	1
138	sweet	1
138	fall	1
138	had	1
138	with	3
138	man	1
138	may	1
138	arabic3digit	1
138	sat	1
138	once	1
138	at	1
138	living	1
138	great	1
138	angel	1
138	as	1
138	last	1
138	thing	1
138	who	1
138	and	5
138	#allcapswords	3
138	god	1
138	to	1
138	peace	1
138	his	5
138	above	1
138	the	9
138	our	1
138	even	1
138	there	2
138	a	2
138	was	2
138	by	1
138	now	1
138	heart	1
138	eyes	1
138	are	1
138	years	1
138	whom	1
138	in	3
138	they	1
138	wave	1
138	know	1
138	is	1
138	rest	1
138	not	1
138	wings	1
138	for	1
138	came	1
138	yet	1
138	soft	1
138	tears	1
138	he	2
138	sea	1
138	of	4
138	song	1
138	that	1
138	small	1
138	no	2
138	which	1
138	care	1
138	feet	1
138	if	1
138	#sequentialcaps	3
138	#lines	26
138	#maxinitial	5
138	#caplines	17
138	#periods	2
138	#stdev	814
138	#maxpair	5
138	#commas	8
138	#endwpunct	11
138	#exclamationpoints	4
138	#textlines	17
138	#endwnumeral	1
138	wordNotInVocab	28
139	truth	1
139	form	1
139	time	1
139	world	1
139	where	2
139	all	2
139	fell	1
139	some	1
139	wind	1
139	had	1
139	wood	1
139	their	1
139	arabic3digit	1
139	stood	1
139	eye	1
139	my	1
139	beneath	1
139	said	1
139	went	1
139	great	1
139	angel	1
139	and	7
139	i	1
139	way	1
139	god	2
139	to	2
139	his	6
139	ancient	1
139	with	1
139	the	8
139	it	2
139	him	2
139	this	1
139	sent	1
139	was	1
139	stamped	1
139	fellow	1
139	given	1
139	heart	1
139	in	2
139	spring	1
139	days	1
139	is	2
139	heaven	1
139	for	1
139	cause	1
139	down	1
139	#allcapswords	4
139	he	4
139	sky	1
139	most	1
139	then	1
139	lay	1
139	that	1
139	small	1
139	from	2
139	about	1
139	soul	1
139	if	1
139	followed	1
139	on	1
139	when	1
139	#sequentialcaps	3
139	#lines	26
139	#maxinitial	5
139	#quotations	2
139	#caplines	16
139	#periods	4
139	#stdev	840
139	#maxpair	6
139	#commas	10
139	#endwpunct	14
139	#exclamationpoints	1
139	#textlines	17
139	wordNotInVocab	31
140	breath	1
140	low	1
140	time	1
140	oh	1
140	bound	1
140	upon	1
140	into	1
140	then	1
140	there	3
140	with	1
140	more	1
140	arabic3digit	1
140	must	1
140	as	1
140	spirit	1
140	and	8
140	hand	1
140	fame	1
140	#allcapswords	4
140	to	3
140	his	1
140	the	12
140	no	1
140	be	1
140	a	2
140	was	1
140	death	1
140	in	1
140	they	1
140	mountain	1
140	days	1
140	over	2
140	for	1
140	its	1
140	stood	1
140	out	1
140	full	1
140	of	4
140	k	1
140	that	1
140	voice	1
140	from	1
140	glory	1
140	nature	1
140	if	1
140	like	1
140	#sequentialcaps	4
140	#lines	30
140	#maxinitial	9
140	#caplines	18
140	#periods	4
140	#stdev	1275
140	#maxpair	10
140	#commas	18
140	#endwpunct	13
140	#exclamationpoints	2
140	#textlines	17
140	#endwnumeral	1
140	wordNotInVocab	46
141	the	4
141	him	1
141	but	1
141	thought	1
141	open	1
141	a	1
141	or	1
141	oh	1
141	took	1
141	soon	1
141	action	1
141	remember	1
141	hear	1
141	around	1
141	face	1
141	alone	1
141	is	1
141	small	1
141	its	1
141	way	1
141	arabic3digit	1
141	he	1
141	own	1
141	star	1
141	of	2
141	can	1
141	thee	1
141	turned	1
141	however	1
141	alas	1
141	it	2
141	and	3
141	soul	1
141	lies	1
141	#allcapswords	3
141	to	1
141	that	1
141	his	2
141	#sequentialcaps	3
141	#lines	14
141	#maxinitial	2
141	#quotations	2
141	#caplines	8
141	#periods	2
141	#stdev	765
141	#maxpair	3
141	#startwrubric	1
141	#commas	8
141	#endwpunct	7
141	#exclamationpoints	3
141	#textlines	9
141	wordNotInVocab	15
142	arabic1digit	1
142	the	1
142	k	1
142	#allcapswords	4
142	#lines	4
142	#maxinitial	1
142	#caplines	2
142	#stdev	700
142	#maxpair	1
142	#commas	1
142	#endwpunct	1
142	#textlines	2
142	#endwnumeral	1
142	wordNotInVocab	2
143	#textlines	0
144	white	1
144	arabic1digit	1
144	the	6
144	those	1
144	dark	1
144	low	1
144	under	1
144	a	3
144	burns	1
144	was	2
144	light	1
144	only	1
144	eyes	1
144	winds	1
144	in	1
144	loud	1
144	where	1
144	into	1
144	began	1
144	lips	1
144	were	4
144	wings	1
144	came	1
144	my	3
144	full	1
144	of	3
144	night	2
144	as	1
144	once	1
144	and	4
144	pale	1
144	sleep	1
144	flame	1
144	#allcapswords	6
144	her	3
144	to	1
144	that	3
144	on	1
144	#sequentialcaps	3
144	#lines	18
144	#maxinitial	6
144	#caplines	15
144	#startwname	1
144	#periods	1
144	#stdev	1044
144	#maxpair	7
144	#commas	12
144	#endwpunct	10
144	#textlines	15
144	#endwnumeral	1
144	wordNotInVocab	33
145	the	4
145	mine	1
145	no	1
145	but	4
145	lose	1
145	a	3
145	pictures	1
145	held	1
145	wings	1
145	look	2
145	once	1
145	golden	1
145	lips	1
145	eyes	1
145	love	1
145	life	1
145	death	1
145	me	1
145	in	2
145	they	1
145	wine	1
145	of	3
145	till	1
145	youth	1
145	over	1
145	not	2
145	with	3
145	were	2
145	their	1
145	its	3
145	#allcapswords	7
145	arabic3digit	1
145	could	3
145	at	1
145	bright	1
145	full	1
145	them	1
145	to	3
145	speak	1
145	that	1
145	from	1
145	i	3
145	fair	1
145	and	6
145	she	1
145	her	2
145	do	1
145	on	2
145	#sequentialcaps	2
145	#lines	34
145	#maxinitial	5
145	#caplines	18
145	#periods	5
145	#stdev	525
145	#maxpair	7
145	#commas	17
145	#endwpunct	18
145	#textlines	19
145	wordNotInVocab	44
146	arabic1digit	1
146	mine	1
146	but	1
146	held	1
146	bell	1
146	them	1
146	all	1
146	loud	1
146	k	1
146	had	1
146	with	3
146	passed	1
146	arabic3digit	1
146	once	1
146	at	1
146	speak	1
146	through	1
146	tongue	1
146	and	5
146	i	1
146	a	2
146	#allcapswords	5
146	she	1
146	her	1
146	to	2
146	the	14
146	air	1
146	were	1
146	or	1
146	lips	1
146	they	1
146	wine	1
146	we	1
146	light	1
146	days	1
146	replied	1
146	its	1
146	away	1
146	turned	1
146	of	2
146	night	1
146	that	2
146	no	1
146	from	1
146	till	1
146	stay	1
146	nature	1
146	his	1
146	power	1
146	on	2
146	#sequentialcaps	2
146	#lines	25
146	#maxinitial	5
146	#caplines	20
146	#periods	5
146	#stdev	852
146	#maxpair	6
146	#commas	9
146	#endwpunct	14
146	#textlines	20
146	#endwnumeral	2
146	wordNotInVocab	43
147	the	6
147	mine	1
147	air	1
147	breath	1
147	but	1
147	edges	1
147	a	2
147	mountain	1
147	dark	1
147	by	1
147	held	1
147	here	2
147	lips	1
147	high	1
147	death	2
147	me	2
147	in	1
147	they	1
147	deep	1
147	where	1
147	cried	1
147	wine	1
147	of	4
147	beneath	1
147	with	2
147	were	1
147	very	1
147	its	1
147	for	1
147	#allcapswords	5
147	arabic3digit	1
147	my	1
147	let	1
147	them	1
147	through	2
147	led	1
147	once	1
147	that	2
147	and	6
147	i	2
147	till	1
147	over	1
147	she	2
147	until	1
147	to	4
147	on	1
147	#sequentialcaps	2
147	#lines	23
147	#maxinitial	5
147	#quotations	3
147	#caplines	17
147	#periods	2
147	#stdev	555
147	#maxpair	7
147	#commas	20
147	#endwpunct	17
147	#exclamationpoints	1
147	#textlines	19
147	wordNotInVocab	42
148	the	5
148	mine	2
148	no	1
148	this	2
148	from	1
148	shore	1
148	but	1
148	held	2
148	heart	2
148	for	2
148	me	1
148	in	1
148	they	1
148	darkness	1
148	wine	1
148	of	3
148	river	2
148	into	1
148	journey	1
148	once	1
148	very	1
148	not	1
148	with	1
148	lips	2
148	were	1
148	every	1
148	its	1
148	is	1
148	arabic3digit	1
148	thou	2
148	dead	1
148	said	1
148	ever	3
148	wave	1
148	then	1
148	eternal	1
148	them	1
148	can	1
148	bear	1
148	black	1
148	that	4
148	and	2
148	voice	1
148	more	1
148	till	1
148	a	3
148	within	1
148	#allcapswords	3
148	she	2
148	to	4
148	human	1
148	where	1
148	on	3
148	#sequentialcaps	3
148	#lines	26
148	#maxinitial	3
148	#quotations	2
148	#caplines	18
148	#periods	2
148	#stdev	548
148	#maxpair	6
148	#commas	19
148	#endwpunct	15
148	#questionmarks	4
148	#textlines	19
148	#endwnumeral	1
148	wordNotInVocab	33
149	bosom	1
149	shore	1
149	but	1
149	sorrow	1
149	mine	1
149	oh	1
149	held	1
149	those	1
149	then	1
149	them	1
149	all	1
149	into	1
149	till	3
149	tears	1
149	from	1
149	wide	1
149	sense	1
149	human	1
149	their	1
149	arabic3digit	1
149	once	2
149	and	10
149	i	2
149	a	5
149	#allcapswords	7
149	she	1
149	to	4
149	with	1
149	the	9
149	rose	1
149	be	1
149	were	2
149	dark	1
149	shame	1
149	heart	1
149	lips	1
149	eyes	1
149	me	3
149	in	2
149	they	2
149	cried	1
149	wine	2
149	around	1
149	of	4
149	my	3
149	that	2
149	at	2
149	take	1
149	will	1
149	soul	1
149	on	1
149	#sequentialcaps	9
149	#lines	24
149	#maxinitial	10
149	#quotations	2
149	#caplines	18
149	#periods	5
149	#stdev	548
149	#maxpair	11
149	#commas	15
149	#endwpunct	16
149	#textlines	20
149	wordNotInVocab	40
150	the	12
150	mine	1
150	air	1
150	them	1
150	wine	1
150	could	1
150	but	1
150	oft	1
150	a	1
150	was	1
150	new	1
150	more	1
150	lips	1
150	eyes	1
150	life	2
150	death	1
150	memory	1
150	in	1
150	i	3
150	rise	1
150	love	1
150	into	2
150	youth	1
150	yet	1
150	room	1
150	with	2
150	wings	1
150	sacred	1
150	its	1
150	#allcapswords	6
150	my	2
150	not	1
150	of	3
150	arabic3digit	1
150	to	3
150	once	2
150	it	1
150	and	6
150	things	1
150	at	1
150	till	1
150	fair	1
150	before	1
150	that	3
150	on	1
150	#sequentialcaps	2
150	#lines	32
150	#maxinitial	7
150	#caplines	18
150	#periods	3
150	#stdev	552
150	#maxpair	7
150	#commas	14
150	#endwpunct	15
150	#exclamationpoints	1
150	#textlines	18
150	#endwnumeral	1
150	wordNotInVocab	39
151	#textlines	0
152	the	1
152	#allcapswords	2
152	#lines	2
152	#maxinitial	1
152	#caplines	1
152	#periods	1
152	#maxpair	1
152	#endwpunct	1
152	#textlines	1
152	wordNotInVocab	1
153	#textlines	0
154	the	5
154	our	1
154	words	1
154	above	1
154	r	1
154	your	1
154	are	2
154	song	1
154	in	1
154	deep	1
154	where	1
154	ye	2
154	propernoun	1
154	into	1
154	heart	1
154	with	1
154	silent	1
154	as	1
154	black	2
154	star	1
154	think	1
154	of	1
154	to	1
154	nor	1
154	near	1
154	native	1
154	#allcapswords	3
154	who	1
154	like	1
154	her	3
154	how	3
154	#sequentialcaps	2
154	#lines	16
154	#maxinitial	2
154	#caplines	14
154	#stdev	581
154	#maxpair	3
154	#commas	11
154	#endwpunct	10
154	#exclamationpoints	4
154	#textlines	14
154	wordNotInVocab	33
155	bird	1
155	low	1
155	what	2
155	seen	1
155	through	2
155	but	3
155	there	2
155	mark	1
155	sight	1
155	where	2
155	all	2
155	with	2
155	end	1
155	may	2
155	arabic3digit	1
155	every	1
155	know	2
155	and	1
155	bright	2
155	cannot	1
155	she	1
155	her	1
155	to	1
155	day	1
155	placename	1
155	the	8
155	none	1
155	dark	2
155	a	2
155	or	2
155	mean	1
155	your	3
155	feel	1
155	in	2
155	ye	4
155	lies	1
155	night	1
155	down	1
155	face	2
155	though	1
155	is	2
155	than	1
155	not	4
155	for	1
155	its	1
155	#allcapswords	2
155	place	1
155	long	2
155	of	4
155	that	1
155	hearts	1
155	no	3
155	soul	1
155	something	1
155	queen	1
155	like	1
155	flower	1
155	#sequentialcaps	3
155	#lines	23
155	#maxinitial	5
155	#caplines	20
155	#periods	1
155	#stdev	461
155	#maxpair	6
155	#commas	12
155	#endwpunct	17
155	#exclamationpoints	7
155	#textlines	21
155	wordNotInVocab	30
156	the	2
156	live	1
156	arabic3digit	1
156	give	1
156	brave	1
156	shall	1
156	dark	1
156	honest	1
156	every	2
156	good	1
156	in	2
156	that	1
156	and	1
156	ye	2
156	some	1
156	#allcapswords	2
156	#sequentialcaps	3
156	#lines	7
156	#maxinitial	2
156	#caplines	5
156	#periods	1
156	#stdev	611
156	#maxpair	2
156	#commas	2
156	#endwpunct	3
156	#exclamationpoints	1
156	#textlines	5
156	#endwnumeral	1
156	wordNotInVocab	6
157	#textlines	0
158	arabic1digit	1
158	the	1
158	#allcapswords	4
158	romannumeral	1
158	#lines	4
158	#maxinitial	1
158	#caplines	2
158	#periods	1
158	#stdev	900
158	#maxpair	1
158	#endwpunct	1
158	#textlines	2
158	#endwnumeral	1
158	wordNotInVocab	2
159	#textlines	0
160	arabic1digit	1
160	the	8
160	our	1
160	through	1
160	brave	1
160	a	2
160	world	1
160	dream	1
160	those	2
160	winds	1
160	are	1
160	in	1
160	stream	1
160	these	1
160	force	1
160	like	1
160	with	1
160	their	2
160	its	1
160	#allcapswords	6
160	sea	1
160	of	6
160	course	1
160	south	1
160	that	1
160	and	3
160	to	1
160	from	1
160	long	1
160	between	1
160	nature	1
160	romannumeral	1
160	flight	1
160	#sequentialcaps	3
160	#lines	23
160	#maxinitial	5
160	#caplines	14
160	#periods	2
160	#stdev	970
160	#maxpair	5
160	#commas	8
160	#endwpunct	11
160	#textlines	14
160	#endwnumeral	1
160	wordNotInVocab	33
161	shore	1
161	through	1
161	us	1
161	where	1
161	there	2
161	all	1
161	while	1
161	some	2
161	note	1
161	rules	1
161	wind	1
161	let	1
161	with	1
161	as	2
161	their	1
161	arabic3digit	1
161	and	7
161	beneath	1
161	every	1
161	many	1
161	is	1
161	know	1
161	far	1
161	within	1
161	#allcapswords	3
161	her	1
161	to	1
161	the	8
161	gold	1
161	up	2
161	oft	1
161	a	2
161	or	1
161	your	1
161	they	1
161	we	1
161	comes	1
161	sun	1
161	moon	1
161	of	4
161	red	1
161	that	1
161	at	1
161	from	1
161	yon	1
161	like	1
161	when	1
161	north	1
161	#sequentialcaps	2
161	#lines	27
161	#maxinitial	4
161	#caplines	16
161	#periods	6
161	#stdev	378
161	#maxpair	4
161	#commas	7
161	#endwpunct	11
161	#exclamationpoints	2
161	#textlines	17
161	wordNotInVocab	42
162	romannumeral	1
162	the	7
162	our	2
162	words	1
162	from	3
162	meet	1
162	up	1
162	could	1
162	star	1
162	a	1
162	might	2
162	or	1
162	which	3
162	heart	1
162	people	1
162	at	1
162	where	1
162	us	1
162	arabic1digit	1
162	all	1
162	some	1
162	yet	2
162	let	1
162	day	1
162	hold	1
162	be	1
162	with	1
162	mighty	1
162	tell	1
162	for	1
162	personalname	1
162	well	1
162	arabic3digit	1
162	throne	1
162	sea	2
162	god	1
162	see	1
162	one	1
162	great	1
162	of	7
162	alone	1
162	show	1
162	to	3
162	speak	1
162	that	2
162	and	4
162	far	1
162	his	1
162	if	1
162	#allcapswords	5
162	she	1
162	her	3
162	on	1
162	say	1
162	darkness	1
162	news	1
162	own	1
162	#sequentialcaps	2
162	#lines	29
162	#maxinitial	6
162	#caplines	18
162	#periods	2
162	#stdev	811
162	#maxpair	7
162	#commas	5
162	#endwpunct	12
162	#exclamationpoints	1
162	#textlines	18
162	#endwnumeral	2
162	wordNotInVocab	27
163	the	7
163	council	1
163	him	1
163	through	1
163	but	1
163	answer	1
163	world	1
163	or	2
163	by	1
163	long	1
163	only	1
163	north	1
163	are	1
163	in	1
163	at	1
163	darkness	1
163	has	1
163	over	1
163	some	1
163	with	2
163	personalname	1
163	arabic3digit	1
163	and	4
163	he	1
163	glorious	1
163	of	4
163	past	1
163	last	1
163	an	1
163	black	1
163	that	3
163	few	1
163	fame	1
163	stars	1
163	no	1
163	#allcapswords	3
163	ocean	1
163	her	1
163	how	3
163	his	4
163	on	2
163	#sequentialcaps	3
163	#lines	31
163	#maxinitial	5
163	#quotations	2
163	#caplines	15
163	#periods	4
163	#stdev	771
163	#maxpair	6
163	#commas	12
163	#endwpunct	13
163	#exclamationpoints	1
163	#textlines	18
163	wordNotInVocab	43
164	#allcapswords	2
164	#lines	2
164	#maxinitial	1
164	#caplines	1
164	#periods	1
164	#maxpair	1
164	#endwpunct	1
164	#textlines	1
164	wordNotInVocab	2
165	#textlines	0
166	breath	1
166	the	5
166	our	2
166	this	1
166	oh	1
166	but	1
166	sorrow	1
166	a	1
166	hast	1
166	in	3
166	they	1
166	cried	1
166	be	1
166	there	2
166	angel	1
166	all	1
166	loud	1
166	woe	1
166	joy	1
166	alone	1
166	peace	1
166	various	1
166	memory	1
166	their	1
166	thou	1
166	is	2
166	heard	1
166	thy	1
166	out	1
166	said	1
166	hope	1
166	answered	1
166	one	1
166	death	1
166	of	2
166	past	2
166	beyond	1
166	many	1
166	and	4
166	no	2
166	from	1
166	i	1
166	shall	1
166	if	1
166	#allcapswords	4
166	joys	1
166	when	1
166	#sequentialcaps	4
166	#lines	23
166	#maxinitial	4
166	#quotations	7
166	#caplines	11
166	#periods	2
166	#stdev	987
166	#maxpair	4
166	#commas	6
166	#endwpunct	11
166	#questionmarks	2
166	#exclamationpoints	1
166	#textlines	13
166	wordNotInVocab	18
167	died	1
167	the	8
167	those	1
167	from	1
167	looks	1
167	wrong	1
167	distance	1
167	except	1
167	your	3
167	replied	1
167	are	2
167	years	1
167	me	1
167	in	1
167	they	1
167	summer	1
167	ye	1
167	have	2
167	there	1
167	th	1
167	pain	1
167	fall	1
167	souls	1
167	stand	1
167	comes	1
167	hath	2
167	not	1
167	with	1
167	more	1
167	as	2
167	arabic3digit	1
167	#allcapswords	2
167	my	1
167	but	1
167	morning	1
167	then	1
167	eternal	1
167	of	1
167	past	1
167	leaves	1
167	no	2
167	flowers	1
167	which	2
167	within	1
167	again	1
167	and	6
167	after	1
167	to	2
167	joys	2
167	#sequentialcaps	4
167	#lines	30
167	#maxinitial	4
167	#quotations	4
167	#caplines	12
167	#periods	3
167	#stdev	1132
167	#maxpair	5
167	#commas	13
167	#endwpunct	16
167	#exclamationpoints	1
167	#textlines	17
167	wordNotInVocab	31
168	with	1
168	return	1
168	so	2
168	large	1
168	arabic3digit	1
168	the	2
168	your	2
168	now	1
168	only	1
168	are	1
168	in	1
168	which	1
168	shall	2
168	#allcapswords	2
168	after	1
168	joys	1
168	peace	1
168	#sequentialcaps	1
168	#lines	9
168	#maxinitial	2
168	#quotations	2
168	#caplines	4
168	#periods	2
168	#stdev	1224
168	#maxpair	3
168	#commas	2
168	#endwpunct	3
168	#textlines	5
168	#endwnumeral	1
168	wordNotInVocab	9
169	#textlines	0
170	#allcapswords	1
170	#lines	2
170	#maxinitial	1
170	#caplines	1
170	#periods	1
170	#maxpair	1
170	#startwrubric	1
170	#endwpunct	1
170	#textlines	1
170	wordNotInVocab	1
171	#textlines	0
172	breath	1
172	the	9
172	low	1
172	holy	1
172	what	1
172	looks	1
172	but	1
172	sorrow	1
172	you	2
172	a	1
172	world	1
172	or	1
172	your	2
172	only	1
172	soft	1
172	death	1
172	in	1
172	mother	1
172	love	1
172	all	2
172	bed	1
172	old	2
172	is	3
172	hear	1
172	every	1
172	tell	1
172	easy	1
172	hope	1
172	land	1
172	their	1
172	down	1
172	for	1
172	#allcapswords	5
172	well	1
172	and	6
172	hour	1
172	moon	1
172	of	5
172	as	1
172	that	1
172	still	1
172	from	1
172	i	2
172	sleep	1
172	deep	2
172	m	1
172	say	1
172	on	2
172	#sequentialcaps	2
172	#lines	19
172	#maxinitial	4
172	#caplines	14
172	#startwname	1
172	#periods	1
172	#stdev	1208
172	#maxpair	4
172	#commas	8
172	#endwpunct	10
172	#exclamationpoints	1
172	#textlines	13
172	wordNotInVocab	21
173	but	1
173	time	1
173	world	1
173	upon	1
173	break	1
173	silent	2
173	deep	1
173	stream	1
173	of	5
173	all	1
173	while	1
173	fall	1
173	sweet	1
173	let	1
173	best	1
173	their	1
173	arabic3digit	1
173	child	1
173	my	3
173	will	1
173	morning	1
173	nor	1
173	round	1
173	give	1
173	still	1
173	pleasure	1
173	i	3
173	within	1
173	and	5
173	less	1
173	the	12
173	those	1
173	dear	1
173	rose	1
173	each	1
173	you	1
173	along	1
173	which	1
173	only	2
173	thank	1
173	thy	2
173	me	1
173	in	1
173	till	1
173	mother	1
173	rise	1
173	sound	2
173	hear	2
173	old	1
173	ear	1
173	not	1
173	for	1
173	down	1
173	#allcapswords	4
173	clear	1
173	keep	1
173	thou	1
173	most	1
173	dream	1
173	love	2
173	thee	1
173	to	2
173	that	2
173	from	1
173	sleep	3
173	stars	1
173	say	1
173	on	4
173	#sequentialcaps	3
173	#lines	29
173	#maxinitial	7
173	#caplines	20
173	#periods	4
173	#stdev	618
173	#maxpair	10
173	#commas	10
173	#endwpunct	12
173	#exclamationpoints	2
173	#textlines	21
173	wordNotInVocab	32
174	arabic1digit	1
174	m	1
174	#allcapswords	2
174	#sequentialcaps	1
174	#lines	4
174	#maxinitial	1
174	#caplines	2
174	#startwname	2
174	#stdev	200
174	#maxpair	2
174	#textlines	2
174	#endwnumeral	1
174	wordNotInVocab	1
175	#textlines	0
176	the	4
176	bring	1
176	but	2
176	you	1
176	not	1
176	a	2
176	me	1
176	in	1
176	bright	1
176	asked	1
176	darkness	1
176	light	1
176	like	1
176	way	1
176	those	1
176	their	1
176	its	1
176	common	1
176	will	1
176	be	1
176	star	1
176	of	3
176	nor	2
176	to	1
176	it	1
176	i	1
176	within	1
176	#allcapswords	4
176	flower	1
176	where	1
176	#sequentialcaps	2
176	#lines	15
176	#maxinitial	2
176	#caplines	9
176	#periods	2
176	#stdev	1086
176	#maxpair	3
176	#commas	3
176	#endwpunct	5
176	#textlines	9
176	wordNotInVocab	18
177	mine	1
177	met	1
177	low	1
177	since	1
177	life	1
177	all	1
177	thee	1
177	beauty	1
177	so	1
177	may	2
177	sing	1
177	arabic3digit	1
177	but	1
177	ever	1
177	as	2
177	an	1
177	thing	1
177	hand	1
177	save	1
177	and	9
177	to	1
177	the	6
177	air	1
177	blessed	1
177	up	1
177	be	2
177	you	1
177	a	2
177	above	1
177	or	1
177	by	1
177	did	1
177	me	2
177	in	1
177	they	1
177	from	1
177	its	3
177	though	2
177	not	1
177	sacred	1
177	thus	1
177	yet	1
177	#allcapswords	1
177	way	1
177	eye	1
177	little	1
177	of	3
177	song	1
177	how	1
177	it	6
177	small	1
177	no	1
177	flowers	1
177	looked	1
177	sky	1
177	lay	1
177	on	1
177	#sequentialcaps	2
177	#lines	28
177	#maxinitial	6
177	#caplines	16
177	#periods	3
177	#stdev	592
177	#maxpair	7
177	#commas	10
177	#endwpunct	10
177	#exclamationpoints	1
177	#textlines	17
177	wordNotInVocab	30
178	the	1
178	unto	1
178	memory	1
178	this	1
178	arabic3digit	1
178	thou	1
178	wilt	1
178	my	2
178	shall	1
178	of	2
178	to	1
178	thy	1
178	song	1
178	in	1
178	much	1
178	and	1
178	end	1
178	flower	1
178	if	1
178	#allcapswords	3
178	how	1
178	beauty	1
178	#sequentialcaps	4
178	#lines	10
178	#maxinitial	2
178	#caplines	6
178	#startwname	1
178	#periods	2
178	#stdev	1069
178	#maxpair	2
178	#startwrubric	1
178	#commas	3
178	#endwpunct	4
178	#exclamationpoints	1
178	#textlines	6
178	#endwnumeral	1
178	wordNotInVocab	7
179	co	1
179	printed	1
179	square	1
179	#allcapswords	2
179	street	1
179	new	1
179	by	1
179	placename	1
179	#sequentialcaps	1
179	#lines	5
179	#maxinitial	1
179	#caplines	3
179	#startwname	1
179	#periods	1
179	#stdev	899
179	#maxpair	1
179	#commas	1
179	#endwpunct	3
179	#textlines	3
179	wordNotInVocab	1
180	#textlines	0
181	the	1
181	due	1
181	arabic5+digit	1
181	personalname	1
181	this	1
181	stamped	1
181	date	1
181	university	1
181	subject	1
181	of	1
181	are	1
181	book	2
181	last	1
181	placename	1
181	books	1
181	below	1
181	#allcapswords	22
181	to	1
181	is	1
181	library	1
181	on	1
181	#sequentialcaps	1
181	#lines	10
181	#maxinitial	2
181	#caplines	6
181	#stdev	1277
181	#maxpair	3
181	#commas	3
181	#textlines	6
181	#endwnumeral	1
181	wordNotInVocab	6
182	arabic1digit	3
182	with	3
182	us	1
182	arabic5+digit	1
182	b	1
182	plates	1
182	by	3
182	the	6
182	vols	1
182	university	1
182	or	1
182	two	1
182	s	1
182	t	1
182	brown	1
182	r	1
182	propernoun	1
182	f	1
182	read	1
182	8vo	1
182	talk	1
182	personalname	3
182	for	2
182	young	2
182	practical	1
182	both	1
182	green	1
182	romannumeral	1
182	of	5
182	colonel	1
182	memoirs	1
182	and	5
182	to	1
182	poems	1
182	arabic4digit	1
182	a	1
182	arabic2digit	1
182	#allcapswords	44
182	use	1
182	placename	2
182	library	1
182	on	3
182	#sequentialcaps	3
182	#lines	51
182	#maxinitial	6
182	#quotations	2
182	#caplines	20
182	#startwname	6
182	#periods	17
182	#stdev	1874
182	#maxpair	8
182	#commas	11
182	#endwpunct	5
182	#textlines	27
182	#endwnumeral	4
182	wordNotInVocab	40
183	#textlines	0
