0	arabic1digit	6
0	t	1
0	it	1
0	#allcapswords	5
0	arabic2digit	1
0	he	2
0	r	1
0	j	1
0	o	1
0	m	3
0	#sequentialcaps	2
0	#lines	59
0	#maxinitial	4
0	#caplines	8
0	#startwname	1
0	#stdev	135
0	#maxpair	7
0	#textlines	22
0	#endwnumeral	6
0	wordNotInVocab	9
1	the	2
1	university	1
1	or	1
1	#allcapswords	9
1	placename	1
1	y	1
1	library	1
1	los	1
1	of	2
1	#sequentialcaps	1
1	#lines	13
1	#maxinitial	2
1	#caplines	5
1	#stdev	406
1	#maxpair	2
1	#commas	1
1	#textlines	6
1	wordNotInVocab	1
2	#allcapswords	1
2	y	1
2	#lines	6
2	#maxinitial	1
2	#caplines	1
2	#startwname	1
2	#stdev	150
2	#maxpair	1
2	#textlines	2
2	wordNotInVocab	2
3	#textlines	0
4	#textlines	0
5	#textlines	0
6	#allcapswords	2
6	placename	1
6	#lines	4
6	#maxinitial	1
6	#caplines	1
6	#periods	1
6	#maxpair	1
6	#endwpunct	1
6	#textlines	1
6	wordNotInVocab	1
7	#textlines	0
8	personalname	1
8	#allcapswords	7
8	by	1
8	placename	2
8	#sequentialcaps	2
8	#lines	11
8	#maxinitial	2
8	#caplines	5
8	#startwname	2
8	#stdev	538
8	#maxpair	2
8	#textlines	5
8	wordNotInVocab	3
9	co	1
9	court	1
9	#allcapswords	10
9	and	1
9	press	1
9	romannumeral	1
9	#sequentialcaps	1
9	#lines	4
9	#maxinitial	2
9	#caplines	2
9	#periods	3
9	#stdev	1350
9	#maxpair	2
9	#commas	2
9	#endwpunct	1
9	#textlines	2
9	wordNotInVocab	5
10	smile	1
10	the	1
10	arabic2digit	1
10	its	2
10	#allcapswords	4
10	clear	1
10	and	2
10	gave	1
10	a	5
10	was	2
10	arabic5+digit	1
10	then	1
10	one	1
10	new	1
10	april	1
10	d	1
10	turn	1
10	made	1
10	in	1
10	wit	1
10	it	2
10	thing	1
10	propernoun	1
10	became	1
10	i	1
10	way	1
10	day	1
10	placename	1
10	#sequentialcaps	4
10	#lines	20
10	#maxinitial	3
10	#quotations	1
10	#caplines	8
10	#startwname	1
10	#periods	6
10	#stdev	1290
10	#maxpair	3
10	#commas	6
10	#endwpunct	8
10	#questionmarks	1
10	#textlines	10
10	#endwnumeral	1
10	wordNotInVocab	12
11	#textlines	0
12	arabic1digit	10
12	the	9
12	row	1
12	b	1
12	rose	1
12	contents	1
12	a	2
12	st	1
12	street	1
12	i	2
12	tree	1
12	human	1
12	in	1
12	at	3
12	rise	1
12	arabic2digit	13
12	propernoun	2
12	personalname	4
12	old	2
12	and	2
12	my	3
12	mistress	1
12	of	1
12	garden	1
12	an	2
12	placename	1
12	page	1
12	#allcapswords	6
12	her	2
12	to	3
12	on	1
12	#sequentialcaps	3
12	#lines	57
12	#maxinitial	7
12	#quotations	1
12	#caplines	26
12	#startwname	4
12	#periods	4
12	#stdev	902
12	#maxpair	8
12	#startwrubric	3
12	#commas	1
12	#endwpunct	2
12	#textlines	27
12	#endwnumeral	22
12	wordNotInVocab	28
13	the	2
13	personalname	2
13	arabic3digit	1
13	notes	1
13	little	1
13	moral	1
13	contents	1
13	romannumeral	1
13	my	1
13	have	1
13	a	4
13	one	1
13	of	2
13	any	1
13	love	1
13	song	1
13	it	1
13	arabic2digit	13
13	page	1
13	been	1
13	#allcapswords	5
13	poet	1
13	might	1
13	to	3
13	letter	1
13	his	1
13	#sequentialcaps	3
13	#lines	37
13	#maxinitial	3
13	#caplines	14
13	#periods	5
13	#stdev	1011
13	#maxpair	3
13	#endwpunct	2
13	#questionmarks	1
13	#textlines	17
13	#endwnumeral	14
13	wordNotInVocab	15
14	the	3
14	this	1
14	but	1
14	while	1
14	world	1
14	or	1
14	back	1
14	only	1
14	are	1
14	me	2
14	in	4
14	country	1
14	of	1
14	hear	1
14	below	1
14	never	1
14	is	2
14	over	1
14	fair	1
14	down	1
14	#allcapswords	5
14	my	1
14	see	1
14	ever	1
14	one	1
14	love	1
14	near	1
14	it	1
14	and	4
14	young	1
14	town	1
14	i	2
14	feet	1
14	she	5
14	her	5
14	before	1
14	always	1
14	on	1
14	#sequentialcaps	2
14	#lines	23
14	#maxinitial	4
14	#caplines	13
14	#periods	4
14	#stdev	525
14	#maxpair	6
14	#commas	5
14	#endwpunct	8
14	#textlines	13
14	wordNotInVocab	20
15	high	1
15	the	1
15	more	2
15	but	1
15	yet	1
15	when	1
15	my	1
15	follow	2
15	hope	1
15	of	1
15	i	3
15	was	1
15	near	1
15	less	1
15	still	1
15	me	3
15	in	1
15	voice	2
15	that	1
15	and	3
15	see	1
15	never	1
15	ah	1
15	it	1
15	shall	1
15	youth	1
15	seems	1
15	#allcapswords	5
15	face	1
15	her	2
15	to	1
15	is	1
15	than	1
15	placename	1
15	#sequentialcaps	2
15	#lines	15
15	#maxinitial	3
15	#caplines	9
15	#periods	3
15	#stdev	616
15	#maxpair	3
15	#commas	3
15	#endwpunct	7
15	#exclamationpoints	1
15	#textlines	9
15	wordNotInVocab	9
16	died	1
16	the	2
16	mine	1
16	this	1
16	seen	1
16	be	1
16	a	6
16	was	2
16	by	3
16	are	1
16	tree	1
16	in	1
16	at	1
16	placename	1
16	what	2
16	has	1
16	make	1
16	beneath	1
16	for	1
16	personalname	1
16	may	1
16	summer	1
16	my	1
16	of	1
16	as	1
16	an	2
16	to	2
16	and	1
16	relative	1
16	mr	1
16	looked	1
16	#allcapswords	7
16	she	3
16	her	2
16	how	1
16	when	1
16	#sequentialcaps	5
16	#lines	29
16	#maxinitial	4
16	#caplines	17
16	#periods	8
16	#stdev	784
16	#maxpair	4
16	#commas	2
16	#endwpunct	11
16	#questionmarks	1
16	#exclamationpoints	2
16	#textlines	18
16	wordNotInVocab	25
17	with	1
17	fancy	1
17	when	1
17	what	3
17	marry	1
17	were	1
17	you	1
17	a	2
17	time	1
17	art	1
17	lips	2
17	eyes	1
17	are	4
17	me	1
17	they	3
17	propernoun	1
17	these	1
17	nothing	1
17	has	1
17	sweet	1
17	says	1
17	be	1
17	for	1
17	blue	1
17	good	1
17	fair	1
17	true	1
17	first	1
17	love	1
17	thee	1
17	as	1
17	do	1
17	in	1
17	sublime	1
17	come	1
17	that	1
17	and	3
17	from	1
17	i	2
17	dog	1
17	if	1
17	#allcapswords	4
17	her	3
17	to	1
17	say	1
17	placename	1
17	#sequentialcaps	2
17	#lines	36
17	#maxinitial	6
17	#quotations	2
17	#caplines	22
17	#startwname	1
17	#periods	2
17	#stdev	725
17	#maxpair	6
17	#commas	10
17	#endwpunct	14
17	#questionmarks	4
17	#exclamationpoints	4
17	#textlines	22
17	wordNotInVocab	26
18	white	1
18	with	2
18	the	1
18	a	2
18	this	1
18	would	3
18	form	1
18	was	3
18	set	1
18	by	3
18	done	2
18	in	1
18	youth	1
18	ah	1
18	lady	1
18	had	2
18	not	1
18	it	1
18	for	2
18	near	1
18	their	1
18	away	1
18	well	1
18	be	1
18	eye	1
18	my	1
18	will	1
18	thy	1
18	but	1
18	one	2
18	as	2
18	once	1
18	that	1
18	and	3
18	foot	1
18	if	1
18	i	1
18	saw	1
18	sit	1
18	#allcapswords	3
18	she	4
18	her	7
18	his	1
18	placename	1
18	#sequentialcaps	2
18	#lines	35
18	#maxinitial	5
18	#quotations	1
18	#caplines	22
18	#startwname	1
18	#periods	5
18	#stdev	736
18	#maxpair	5
18	#commas	10
18	#endwpunct	14
18	#questionmarks	1
18	#exclamationpoints	1
18	#textlines	22
18	wordNotInVocab	29
19	with	1
19	the	4
19	were	1
19	this	1
19	better	1
19	#allcapswords	3
19	you	2
19	sweet	1
19	you'll	1
19	was	1
19	please	1
19	born	1
19	o	1
19	mercy	1
19	of	1
19	once	1
19	as	2
19	are	2
19	years	1
19	in	3
19	at	1
19	where	1
19	world	1
19	propernoun	3
19	now	1
19	all	1
19	there	1
19	tears	1
19	if	1
19	and	2
19	she	1
19	her	1
19	rest	1
19	placename	1
19	#sequentialcaps	3
19	#lines	21
19	#maxinitial	2
19	#caplines	13
19	#startwname	3
19	#periods	4
19	#stdev	716
19	#maxpair	2
19	#startwrubric	1
19	#commas	5
19	#endwpunct	8
19	#textlines	13
19	wordNotInVocab	7
20	what	2
20	tender	1
20	time	1
20	or	4
20	held	1
20	never	1
20	well	1
20	have	3
20	some	4
20	has	1
20	had	1
20	brown	1
20	human	2
20	may	3
20	my	1
20	thy	1
20	here	1
20	first	1
20	poor	1
20	and	3
20	bright	1
20	#allcapswords	8
20	she	1
20	to	3
20	that	1
20	placename	1
20	with	1
20	the	2
20	thought	1
20	a	3
20	was	2
20	live	1
20	your	1
20	lips	1
20	eyes	1
20	did	2
20	in	1
20	i	2
20	head	1
20	its	3
20	perhaps	1
20	were	3
20	personalname	2
20	old	1
20	keep	1
20	cheap	1
20	little	1
20	done	1
20	of	1
20	doubt	2
20	twas	1
20	black	1
20	it	2
20	no	1
20	long	1
20	back	1
20	about	1
20	fair	1
20	when	1
20	#sequentialcaps	2
20	#lines	31
20	#maxinitial	4
20	#caplines	16
20	#periods	4
20	#stdev	1395
20	#maxpair	5
20	#commas	9
20	#endwpunct	15
20	#questionmarks	3
20	#exclamationpoints	4
20	#textlines	18
20	wordNotInVocab	32
21	arabic1digit	1
21	mine	1
21	what	2
21	call	1
21	but	3
21	type	1
21	does	1
21	soon	1
21	grave	1
21	too	2
21	have	1
21	of	4
21	all	1
21	often	1
21	has	1
21	o	1
21	green	1
21	very	1
21	beauty	1
21	with	2
21	so	2
21	man	1
21	end	1
21	near	1
21	may	2
21	will	1
21	#allcapswords	5
21	quite	1
21	it	1
21	nor	1
21	as	1
21	hands	1
21	yon	1
21	many	1
21	still	1
21	i	1
21	and	2
21	his	1
21	the	6
21	this	2
21	woman	1
21	a	2
21	was	1
21	or	3
21	heart	1
21	for	1
21	are	2
21	death	2
21	in	1
21	who	1
21	placename	1
21	propernoun	1
21	these	1
21	yet	1
21	face	1
21	care	1
21	is	3
21	not	2
21	golden	1
21	personalname	1
21	its	1
21	he	1
21	gave	1
21	life	1
21	love	2
21	can	1
21	good	1
21	once	1
21	that	2
21	no	1
21	flowers	1
21	lines	1
21	two	2
21	if	2
21	true	1
21	where	1
21	on	1
21	#sequentialcaps	2
21	#lines	37
21	#maxinitial	4
21	#caplines	18
21	#startwname	1
21	#periods	8
21	#stdev	1360
21	#maxpair	6
21	#commas	10
21	#endwpunct	18
21	#questionmarks	3
21	#textlines	22
21	wordNotInVocab	48
22	of	2
22	the	1
22	our	1
22	what	1
22	rose	1
22	could	1
22	but	1
22	you	2
22	might	1
22	by	2
22	your	5
22	she	2
22	are	1
22	too	1
22	at	1
22	mine	1
22	have	2
22	all	1
22	much	1
22	hear	1
22	is	1
22	sing	1
22	yon	1
22	seems	1
22	may	1
22	why	1
22	days	1
22	heard	1
22	my	2
22	pray	1
22	side	2
22	must	1
22	to	1
22	seen	1
22	once	2
22	sometimes	1
22	and	4
22	i	2
22	though	1
22	#allcapswords	7
22	how	1
22	placename	1
22	#sequentialcaps	3
22	#lines	27
22	#maxinitial	4
22	#caplines	18
22	#periods	6
22	#stdev	929
22	#maxpair	5
22	#commas	11
22	#endwpunct	11
22	#questionmarks	1
22	#exclamationpoints	3
22	#textlines	18
22	wordNotInVocab	43
23	low	1
23	would	1
23	times	1
23	two	1
23	winds	1
23	upon	1
23	in	1
23	sweet	1
23	miss	1
23	my	1
23	will	1
23	an	1
23	and	5
23	kind	1
23	i	2
23	over	1
23	#allcapswords	4
23	she	1
23	to	1
23	placename	1
23	the	3
23	our	1
23	personalname	4
23	art	1
23	you	1
23	was	1
23	by	1
23	your	2
23	only	1
23	lips	1
23	behind	1
23	at	2
23	propernoun	1
23	light	1
23	days	1
23	not	2
23	virtue	1
23	doth	1
23	thou	2
23	long	1
23	of	4
23	play	1
23	march	1
23	fair	3
23	when	1
23	#sequentialcaps	2
23	#lines	32
23	#maxinitial	5
23	#quotations	2
23	#caplines	20
23	#periods	8
23	#stdev	824
23	#maxpair	6
23	#commas	13
23	#endwpunct	16
23	#exclamationpoints	1
23	#textlines	21
23	wordNotInVocab	45
24	appears	1
24	but	2
24	il	1
24	order	1
24	farewell	1
24	d	1
24	all	2
24	bound	1
24	them	1
24	had	1
24	never	1
24	loves	1
24	close	1
24	my	2
24	first	1
24	it	2
24	turn	1
24	sent	1
24	last	1
24	and	3
24	who	3
24	indeed	1
24	way	1
24	tales	1
24	her	1
24	to	2
24	child	1
24	his	1
24	placename	1
24	the	5
24	swear	1
24	those	1
24	rose	1
24	you	3
24	a	3
24	might	1
24	now	3
24	are	2
24	years	1
24	in	2
24	i	2
24	love	1
24	is	3
24	not	1
24	for	2
24	#allcapswords	6
24	he	3
24	of	2
24	how	2
24	that	2
24	back	1
24	about	1
24	like	1
24	true	1
24	#sequentialcaps	3
24	#lines	30
24	#maxinitial	5
24	#caplines	20
24	#periods	8
24	#stdev	787
24	#maxpair	6
24	#commas	12
24	#endwpunct	16
24	#questionmarks	1
24	#exclamationpoints	2
24	#textlines	21
24	wordNotInVocab	38
25	arabic1digit	2
25	white	1
25	the	6
25	dear	1
25	what	1
25	meet	1
25	us	1
25	street	1
25	shall	1
25	hither	1
25	we	1
25	soon	1
25	o	1
25	are	1
25	in	1
25	they	1
25	gone	1
25	lady	1
25	joy	1
25	have	1
25	propernoun	1
25	tears	1
25	is	2
25	door	1
25	j	1
25	short	1
25	sweet	3
25	with	2
25	often	1
25	ay	1
25	memory	1
25	thus	1
25	old	1
25	woe	1
25	romannumeral	2
25	will	1
25	see	1
25	one	2
25	so	1
25	of	1
25	me	1
25	as	1
25	bliss	1
25	my	1
25	many	1
25	and	4
25	arabic4digit	1
25	i	1
25	yon	1
25	#allcapswords	7
25	after	1
25	go	2
25	to	1
25	pale	1
25	her	3
25	own	1
25	#sequentialcaps	2
25	#lines	26
25	#maxinitial	4
25	#caplines	15
25	#periods	6
25	#stdev	836
25	#maxpair	7
25	#commas	9
25	#endwpunct	14
25	#questionmarks	1
25	#exclamationpoints	3
25	#textlines	18
25	#endwnumeral	1
25	wordNotInVocab	28
26	the	4
26	so	1
26	but	1
26	oft	1
26	little	2
26	a	5
26	was	2
26	now	1
26	only	1
26	upon	1
26	much	2
26	arabic2digit	1
26	had	1
26	all	1
26	while	1
26	by	1
26	has	2
26	music	1
26	son	1
26	ay	1
26	for	1
26	#allcapswords	13
26	arabic3digit	1
26	child	1
26	he	2
26	gave	1
26	see	1
26	laid	1
26	one	1
26	then	1
26	it	1
26	night	1
26	nor	1
26	carefully	1
26	were	1
26	saw	1
26	that	2
26	and	8
26	friends	1
26	i	2
26	though	2
26	daily	1
26	small	1
26	she	5
26	faith	1
26	her	3
26	to	1
26	day	1
26	placename	1
26	#sequentialcaps	3
26	#lines	34
26	#maxinitial	6
26	#caplines	20
26	#periods	7
26	#stdev	914
26	#maxpair	8
26	#commas	15
26	#endwpunct	15
26	#exclamationpoints	2
26	#textlines	21
26	#endwnumeral	2
26	wordNotInVocab	27
27	white	1
27	died	1
27	the	6
27	seen	1
27	arabic2digit	1
27	a	1
27	time	2
27	st	3
27	street	4
27	name	1
27	was	1
27	men	1
27	in	1
27	i	2
27	where	2
27	propernoun	2
27	there	2
27	miss	1
27	is	1
27	read	1
27	been	1
27	for	1
27	personalname	5
27	on	1
27	why	1
27	#allcapswords	8
27	mark	1
27	see	1
27	at	2
27	then	1
27	think	1
27	note	1
27	of	3
27	past	1
27	lived	1
27	to	2
27	know	1
27	still	1
27	come	1
27	play	1
27	young	1
27	class	1
27	almost	1
27	fame	1
27	and	4
27	placename	1
27	that	1
27	his	1
27	when	1
27	#sequentialcaps	3
27	#lines	33
27	#maxinitial	4
27	#quotations	1
27	#caplines	16
27	#periods	9
27	#stdev	749
27	#maxpair	6
27	#startwrubric	3
27	#commas	11
27	#endwpunct	17
27	#questionmarks	1
27	#exclamationpoints	2
27	#textlines	19
27	wordNotInVocab	26
28	met	1
28	quite	2
28	ever	1
28	but	1
28	head	1
28	street	2
28	wit	1
28	arabic2digit	1
28	there	1
28	of	4
28	south	1
28	once	1
28	will	1
28	die	1
28	past	1
28	as	3
28	still	2
28	young	1
28	i	3
28	and	10
28	her	3
28	to	2
28	placename	1
28	the	12
28	dear	1
28	am	1
28	a	2
28	rich	1
28	me	3
28	in	1
28	at	1
28	rise	1
28	wine	1
28	propernoun	2
28	seems	1
28	around	1
28	style	1
28	is	1
28	perhaps	1
28	for	1
28	personalname	1
28	old	3
28	#allcapswords	5
28	sketches	1
28	romannumeral	1
28	stories	1
28	my	1
28	it	1
28	looked	1
28	when	2
28	north	1
28	#sequentialcaps	4
28	#lines	37
28	#maxinitial	7
28	#caplines	21
28	#startwname	1
28	#periods	5
28	#stdev	875
28	#maxpair	8
28	#commas	18
28	#endwpunct	17
28	#exclamationpoints	1
28	#textlines	21
28	#endwnumeral	1
28	wordNotInVocab	44
29	arabic1digit	2
29	quite	1
29	race	1
29	lose	1
29	times	1
29	should	1
29	all	1
29	let	1
29	so	2
29	may	1
29	loves	1
29	romannumeral	2
29	will	3
29	i'm	1
29	much	1
29	and	10
29	young	1
29	between	1
29	i	1
29	indeed	1
29	#allcapswords	6
29	to	1
29	day	1
29	that	1
29	name	1
29	the	2
29	be	1
29	or	2
29	men	1
29	in	2
29	at	1
29	we	1
29	these	1
29	their	1
29	youth	1
29	old	1
29	now	1
29	rather	1
29	than	1
29	for	1
29	its	1
29	gentlemen	1
29	then	3
29	of	2
29	half	1
29	come	1
29	it	1
29	from	1
29	back	1
29	yon	1
29	like	1
29	go	1
29	on	1
29	#sequentialcaps	5
29	#lines	35
29	#maxinitial	5
29	#caplines	20
29	#periods	8
29	#stdev	529
29	#maxpair	5
29	#commas	10
29	#endwpunct	16
29	#exclamationpoints	1
29	#textlines	21
29	wordNotInVocab	53
30	the	2
30	were	1
30	those	1
30	for	1
30	old	3
30	#allcapswords	4
30	tell	1
30	have	1
30	street	1
30	first	1
30	of	3
30	grace	1
30	this	1
30	feel	1
30	me	2
30	wit	1
30	that	2
30	and	4
30	where	3
30	to	1
30	before	1
30	arabic2digit	1
30	arabic4digit	1
30	love	2
30	i	2
30	fair	1
30	something	1
30	placename	1
30	#sequentialcaps	1
30	#lines	17
30	#maxinitial	2
30	#caplines	9
30	#periods	3
30	#stdev	1028
30	#maxpair	3
30	#commas	2
30	#endwpunct	6
30	#exclamationpoints	1
30	#textlines	10
30	#endwnumeral	2
30	wordNotInVocab	15
31	arabic1digit	2
31	through	1
31	just	1
31	upon	1
31	deep	1
31	desire	1
31	of	1
31	all	2
31	has	1
31	well	1
31	must	1
31	my	2
31	i'm	3
31	it	3
31	as	3
31	an	1
31	fire	1
31	and	6
31	that	3
31	#allcapswords	11
31	to	4
31	his	2
31	placename	1
31	the	3
31	air	1
31	am	3
31	looks	1
31	lord	1
31	so	1
31	be	2
31	a	11
31	by	2
31	your	1
31	eyes	1
31	me	1
31	in	4
31	i	7
31	any	1
31	seems	1
31	face	1
31	is	2
31	for	1
31	personalname	1
31	object	1
31	way	1
31	he	5
31	fine	1
31	got	1
31	who	1
31	been	1
31	says	1
31	gold	1
31	from	2
31	if	3
31	on	2
31	when	1
31	#sequentialcaps	4
31	#lines	26
31	#maxinitial	5
31	#quotations	6
31	#caplines	17
31	#startwname	1
31	#periods	11
31	#stdev	1376
31	#maxpair	8
31	#startwrubric	1
31	#commas	14
31	#endwpunct	16
31	#exclamationpoints	1
31	#textlines	19
31	wordNotInVocab	53
32	be	1
32	no	1
32	what	1
32	but	1
32	arabic2digit	1
32	would	1
32	paper	1
32	has	1
32	i	4
32	there	1
32	all	1
32	sir	1
32	wish	1
32	with	1
32	question	1
32	us	1
32	yes	1
32	my	3
32	one	1
32	i'm	1
32	great	1
32	and	3
32	always	1
32	hand	1
32	girl	1
32	#allcapswords	8
32	she	2
32	her	3
32	to	4
32	few	1
32	placename	1
32	five	1
32	the	3
32	am	2
32	present	1
32	you	1
32	a	7
32	able	1
32	by	1
32	guide	1
32	heart	1
32	are	1
32	me	1
32	in	1
32	propernoun	1
32	is	2
32	for	4
32	thus	1
32	others	1
32	thing	1
32	free	1
32	been	1
32	of	4
32	means	1
32	this	1
32	send	1
32	that	2
32	happy	1
32	they	1
32	from	1
32	right	1
32	if	1
32	own	1
32	table	1
32	how	1
32	when	1
32	#sequentialcaps	2
32	#lines	28
32	#maxinitial	4
32	#quotations	4
32	#caplines	17
32	#periods	7
32	#stdev	1437
32	#maxpair	6
32	#commas	9
32	#endwpunct	12
32	#questionmarks	1
32	#exclamationpoints	2
32	#textlines	20
32	#endwnumeral	1
32	wordNotInVocab	48
33	no	1
33	or	1
33	what	2
33	does	1
33	but	1
33	you	2
33	a	5
33	was	2
33	live	1
33	only	2
33	don't	1
33	heart	1
33	i	1
33	do	1
33	arabic2digit	1
33	propernoun	1
33	this	1
33	there	1
33	lady	1
33	says	1
33	is	1
33	perhaps	1
33	so	2
33	their	2
33	said	1
33	at	1
33	motion	1
33	it	1
33	to	2
33	in	4
33	my	2
33	that	2
33	and	6
33	always	1
33	know	2
33	an	1
33	be	1
33	#allcapswords	4
33	she	3
33	placename	1
33	when	3
33	#sequentialcaps	3
33	#lines	24
33	#maxinitial	3
33	#quotations	10
33	#caplines	9
33	#periods	3
33	#stdev	1634
33	#maxpair	4
33	#commas	10
33	#endwpunct	9
33	#questionmarks	1
33	#exclamationpoints	4
33	#textlines	16
33	wordNotInVocab	37
34	arabic1digit	2
34	the	12
34	what	1
34	inn	1
34	be	1
34	each	1
34	mine	1
34	street	1
34	look	1
34	now	1
34	eyes	1
34	are	2
34	in	2
34	rise	2
34	all	2
34	this	1
34	z	1
34	has	2
34	pride	1
34	out	1
34	not	1
34	so	1
34	may	1
34	its	1
34	#allcapswords	5
34	romannumeral	1
34	my	1
34	used	1
34	little	1
34	of	3
34	a	1
34	how	1
34	longer	2
34	is	5
34	no	2
34	though	1
34	and	4
34	date	1
34	to	1
34	church	1
34	#sequentialcaps	2
34	#lines	28
34	#maxinitial	6
34	#caplines	17
34	#startwname	1
34	#periods	3
34	#stdev	668
34	#maxpair	7
34	#startwrubric	1
34	#commas	6
34	#endwpunct	11
34	#questionmarks	1
34	#textlines	17
34	#endwnumeral	1
34	wordNotInVocab	33
35	with	1
35	the	7
35	have	2
35	fear	1
35	too	1
35	a	2
35	there	2
35	that	1
35	are	1
35	i	2
35	where	2
35	of	1
35	these	2
35	has	1
35	down	1
35	face	1
35	is	1
35	not	1
35	silent	1
35	were	1
35	more	1
35	personalname	4
35	their	1
35	ah	1
35	yes	1
35	once	2
35	water	1
35	but	2
35	used	1
35	to	4
35	lane	1
35	my	1
35	know	1
35	and	8
35	daughter	1
35	again	1
35	#allcapswords	5
35	she	2
35	her	1
35	placename	1
35	loved	1
35	arabic2digit	1
35	#sequentialcaps	4
35	#lines	30
35	#maxinitial	7
35	#caplines	18
35	#periods	5
35	#stdev	679
35	#maxpair	8
35	#commas	8
35	#endwpunct	11
35	#questionmarks	1
35	#exclamationpoints	2
35	#textlines	19
35	wordNotInVocab	42
36	who	1
36	arabic2digit	1
36	time	1
36	then	2
36	those	1
36	daughter	1
36	life	2
36	upon	1
36	have	1
36	all	2
36	some	2
36	without	1
36	my	3
36	told	1
36	i'm	1
36	quite	1
36	wise	1
36	as	1
36	an	1
36	cannot	1
36	comes	1
36	i	1
36	and	7
36	her	1
36	not	1
36	placename	1
36	the	4
36	it	2
36	our	1
36	when	1
36	him	1
36	blessed	1
36	up	1
36	be	2
36	thought	1
36	a	3
36	was	1
36	heart	1
36	cold	1
36	are	1
36	feel	1
36	in	1
36	voice	1
36	fate	1
36	rise	2
36	these	1
36	face	1
36	madam	1
36	is	1
36	ear	1
36	father	1
36	tell	1
36	were	1
36	for	3
36	sad	1
36	men	1
36	too	1
36	most	1
36	see	1
36	little	1
36	thy	4
36	can	1
36	doubt	1
36	to	2
36	come	1
36	that	1
36	#allcapswords	4
36	about	1
36	hither	1
36	if	1
36	how	1
36	on	2
36	#sequentialcaps	2
36	#lines	34
36	#maxinitial	7
36	#caplines	22
36	#periods	6
36	#stdev	567
36	#maxpair	7
36	#commas	11
36	#endwpunct	14
36	#questionmarks	3
36	#exclamationpoints	1
36	#textlines	22
36	#endwnumeral	1
36	wordNotInVocab	35
37	no	1
37	but	1
37	sorrow	1
37	oh	1
37	our	1
37	daughter	1
37	arabic2digit	1
37	some	1
37	sweet	1
37	with	1
37	may	1
37	must	1
37	my	3
37	have	1
37	april	1
37	here	1
37	just	1
37	i	2
37	and	1
37	skies	1
37	#allcapswords	6
37	use	1
37	to	4
37	joys	1
37	placename	1
37	the	3
37	dear	1
37	am	1
37	find	1
37	be	2
37	a	3
37	heart	1
37	eyes	1
37	thy	2
37	me	1
37	strand	1
37	is	1
37	not	1
37	for	1
37	down	1
37	thou	1
37	life	2
37	thoughts	1
37	little	1
37	years	1
37	of	1
37	called	1
37	in	1
37	own	1
37	it	1
37	day	1
37	arabic4digit	1
37	though	2
37	if	2
37	like	1
37	her	4
37	when	2
37	#sequentialcaps	2
37	#lines	32
37	#maxinitial	5
37	#caplines	18
37	#periods	5
37	#stdev	749
37	#maxpair	5
37	#commas	19
37	#endwpunct	16
37	#exclamationpoints	1
37	#textlines	20
37	#endwnumeral	1
37	wordNotInVocab	39
38	met	1
38	have	2
38	any	1
38	silent	1
38	where	1
38	arabic2digit	1
38	of	2
38	hear	1
38	sweet	1
38	with	1
38	among	1
38	may	1
38	dark	1
38	romannumeral	2
38	ever	1
38	as	4
38	and	7
38	young	1
38	i	1
38	skies	1
38	#allcapswords	10
38	she	2
38	her	9
38	smile	1
38	the	9
38	or	1
38	under	1
38	a	2
38	was	1
38	by	1
38	pure	1
38	eyes	1
38	soft	1
38	me	1
38	in	5
38	voice	3
38	wine	1
38	we	2
38	light	1
38	felt	1
38	face	1
38	is	3
38	gentle	1
38	for	1
38	turned	1
38	child	1
38	love	1
38	garden	1
38	place	1
38	to	2
38	it	2
38	stars	1
38	on	2
38	#sequentialcaps	2
38	#lines	32
38	#maxinitial	5
38	#caplines	20
38	#periods	6
38	#stdev	1031
38	#maxpair	6
38	#commas	9
38	#endwpunct	12
38	#textlines	20
38	#endwnumeral	1
38	wordNotInVocab	40
39	breath	1
39	low	1
39	what	1
39	time	1
39	spoke	1
39	oh	1
39	soon	1
39	life	1
39	knew	1
39	where	1
39	arabic2digit	2
39	of	6
39	sweet	2
39	green	1
39	summer	2
39	so	2
39	their	1
39	don	1
39	romannumeral	1
39	wind	1
39	die	1
39	as	3
39	would	1
39	and	13
39	i	1
39	think	1
39	#allcapswords	7
39	day	2
39	that	3
39	was	4
39	the	13
39	air	1
39	could	1
39	a	8
39	above	2
39	now	1
39	for	3
39	lips	1
39	song	1
39	in	3
39	who	1
39	head	1
39	we	4
39	z	1
39	felt	1
39	were	3
39	wings	1
39	golden	1
39	blue	1
39	came	1
39	sun	1
39	love	1
39	red	1
39	south	1
39	neither	1
39	from	1
39	june	1
39	her	2
39	on	3
39	#sequentialcaps	4
39	#lines	38
39	#maxinitial	12
39	#quotations	2
39	#caplines	22
39	#periods	5
39	#stdev	985
39	#maxpair	12
39	#commas	9
39	#endwpunct	16
39	#exclamationpoints	3
39	#textlines	24
39	#endwnumeral	1
39	wordNotInVocab	42
40	let	1
40	or	1
40	all	1
40	this	1
40	many	1
40	she	3
40	a	1
40	fancy	1
40	by	1
40	two	1
40	propernoun	3
40	was	1
40	year	2
40	where	1
40	rise	1
40	arabic2digit	1
40	there	1
40	now	1
40	lovely	1
40	fall	1
40	either	1
40	z	1
40	is	4
40	the	1
40	than	1
40	so	1
40	are	2
40	for	1
40	personalname	2
40	soft	1
40	romannumeral	1
40	gave	1
40	free	1
40	but	1
40	without	1
40	as	2
40	once	1
40	it	2
40	and	5
40	happy	1
40	from	1
40	girl	1
40	far	1
40	fair	1
40	if	1
40	#allcapswords	7
40	after	1
40	both	1
40	her	5
40	to	1
40	loved	1
40	that	1
40	on	2
40	#sequentialcaps	3
40	#lines	29
40	#maxinitial	3
40	#caplines	18
40	#startwname	1
40	#periods	5
40	#stdev	510
40	#maxpair	4
40	#commas	14
40	#endwpunct	15
40	#questionmarks	4
40	#textlines	18
40	#endwnumeral	1
40	wordNotInVocab	33
41	us	1
41	the	1
41	be	1
41	time	1
41	only	1
41	joy	1
41	arabic2digit	1
41	propernoun	2
41	we	1
41	all	2
41	let	1
41	for	1
41	than	1
41	smile	1
41	degree	1
41	away	1
41	and	3
41	will	2
41	but	1
41	one	1
41	can	1
41	less	2
41	placename	1
41	i'll	1
41	still	1
41	to	1
41	long	1
41	who	1
41	ere	1
41	#allcapswords	2
41	her	5
41	say	1
41	see	1
41	#sequentialcaps	2
41	#lines	19
41	#maxinitial	3
41	#caplines	8
41	#periods	2
41	#stdev	605
41	#maxpair	4
41	#commas	6
41	#endwpunct	8
41	#questionmarks	2
41	#textlines	9
41	wordNotInVocab	13
42	what	1
42	the	7
42	but	2
42	tender	1
42	where	2
42	arabic2digit	1
42	all	1
42	wind	1
42	so	4
42	days	1
42	as	1
42	and	4
42	dost	1
42	hand	2
42	it	4
42	#allcapswords	8
42	her	5
42	to	1
42	through	1
42	those	1
42	this	1
42	you	4
42	a	4
42	pure	1
42	look	1
42	took	1
42	de	1
42	i	2
42	propernoun	3
42	these	1
42	light	1
42	four	1
42	is	1
42	tell	1
42	were	1
42	for	1
42	personalname	1
42	keep	1
42	gave	1
42	little	1
42	of	2
42	garden	1
42	told	1
42	in	1
42	come	1
42	that	4
42	happy	1
42	from	1
42	arabic4digit	1
42	line	1
42	go	1
42	placename	1
42	when	1
42	#sequentialcaps	3
42	#lines	32
42	#maxinitial	5
42	#caplines	20
42	#startwname	3
42	#periods	7
42	#stdev	667
42	#maxpair	5
42	#commas	15
42	#endwpunct	15
42	#questionmarks	2
42	#exclamationpoints	3
42	#textlines	21
42	#endwnumeral	2
42	wordNotInVocab	50
43	died	1
43	the	8
43	welcome	1
43	him	1
43	what	1
43	could	1
43	be	1
43	when	1
43	district	1
43	a	3
43	yet	1
43	soon	1
43	are	1
43	but	1
43	tree	1
43	in	1
43	there	1
43	fame	1
43	spring	1
43	loves	1
43	now	1
43	its	1
43	very	1
43	not	1
43	mighty	1
43	thousand	1
43	green	1
43	old	1
43	for	2
43	he	3
43	once	1
43	gave	1
43	at	1
43	one	1
43	round	1
43	red	1
43	half	1
43	how	1
43	side	1
43	placename	2
43	leaves	1
43	last	1
43	and	1
43	will	1
43	who	2
43	name	1
43	#allcapswords	10
43	her	1
43	to	2
43	his	3
43	#sequentialcaps	4
43	#lines	28
43	#maxinitial	4
43	#caplines	18
43	#startwname	1
43	#periods	3
43	#stdev	797
43	#maxpair	4
43	#startwrubric	1
43	#commas	6
43	#endwpunct	13
43	#exclamationpoints	3
43	#textlines	18
43	wordNotInVocab	31
44	us	1
44	tender	1
44	ground	1
44	time	2
44	d	2
44	arabic2digit	1
44	what	1
44	some	1
44	has	1
44	music	1
44	very	1
44	hard	1
44	forth	1
44	and	5
44	first	1
44	last	1
44	had	2
44	found	2
44	vain	1
44	#allcapswords	3
44	to	5
44	his	2
44	placename	2
44	crown	1
44	the	5
44	reign	2
44	fell	1
44	a	3
44	st	1
44	by	2
44	proper	1
44	eyes	1
44	men	1
44	tree	1
44	at	1
44	than	1
44	were	1
44	for	1
44	personalname	1
44	came	1
44	down	1
44	seek	1
44	he	3
44	free	1
44	then	2
44	in	1
44	it	1
44	no	2
44	from	3
44	ere	1
44	say	1
44	when	2
44	#sequentialcaps	2
44	#lines	37
44	#maxinitial	4
44	#caplines	23
44	#periods	7
44	#stdev	871
44	#maxpair	5
44	#commas	9
44	#endwpunct	15
44	#textlines	22
44	#endwnumeral	1
44	wordNotInVocab	47
45	white	1
45	met	1
45	shade	1
45	english	1
45	where	2
45	arabic2digit	1
45	of	1
45	maid	1
45	rose	1
45	man	1
45	once	1
45	beneath	1
45	but	1
45	one	1
45	led	1
45	first	1
45	know	1
45	still	1
45	reason	1
45	his	3
45	i	1
45	and	8
45	same	1
45	loved	1
45	placename	4
45	leaves	1
45	the	8
45	this	1
45	blessed	1
45	was	1
45	by	1
45	six	1
45	dead	1
45	along	1
45	done	1
45	wars	1
45	in	1
45	at	1
45	any	1
45	boy	1
45	they	3
45	over	1
45	not	1
45	mighty	1
45	for	1
45	personalname	3
45	its	1
45	why	1
45	#allcapswords	3
45	are	1
45	he	1
45	did	1
45	them	1
45	can	1
45	red	1
45	to	4
45	called	1
45	come	1
45	it	2
45	ought	1
45	hither	1
45	ere	1
45	fair	1
45	if	1
45	right	1
45	#sequentialcaps	2
45	#lines	34
45	#maxinitial	6
45	#caplines	20
45	#periods	1
45	#stdev	638
45	#maxpair	7
45	#commas	11
45	#endwpunct	13
45	#questionmarks	1
45	#exclamationpoints	1
45	#textlines	22
45	wordNotInVocab	34
46	fancy	1
46	met	1
46	sea	1
46	two	1
46	are	1
46	upon	1
46	arabic2digit	1
46	while	1
46	some	1
46	read	1
46	green	1
46	poor	1
46	with	2
46	their	2
46	here	1
46	past	1
46	placename	5
46	last	1
46	and	6
46	come	1
46	between	1
46	rest	1
46	within	1
46	#allcapswords	3
46	to	3
46	few	1
46	his	4
46	the	7
46	sent	1
46	a	2
46	was	1
46	men	1
46	tree	1
46	personalname	1
46	they	3
46	boy	1
46	four	1
46	were	1
46	for	1
46	old	1
46	he	1
46	gave	1
46	arms	1
46	of	2
46	in	1
46	black	1
46	at	2
46	lies	1
46	though	2
46	senate	1
46	when	3
46	#sequentialcaps	3
46	#lines	36
46	#maxinitial	7
46	#caplines	22
46	#periods	9
46	#stdev	563
46	#maxpair	7
46	#commas	11
46	#endwpunct	14
46	#textlines	22
46	#endwnumeral	1
46	wordNotInVocab	45
47	tender	1
47	gentleman	1
47	honest	1
47	romance	1
47	english	1
47	arabic2digit	1
47	of	2
47	some	2
47	read	1
47	book	1
47	beauty	1
47	with	1
47	don	1
47	well	1
47	child	1
47	romannumeral	2
47	my	3
47	will	1
47	past	1
47	last	1
47	and	7
47	i	1
47	#allcapswords	7
47	she	1
47	her	1
47	to	3
47	day	1
47	that	2
47	his	1
47	the	6
47	even	1
47	thought	1
47	a	2
47	christian	1
47	by	1
47	look	1
47	heart	2
47	thy	1
47	me	1
47	in	2
47	propernoun	2
47	we	3
47	these	1
47	its	2
47	pride	1
47	old	1
47	rode	1
47	goes	1
47	see	1
47	thoughts	2
47	little	1
47	love	3
47	it	1
47	loved	1
47	back	1
47	nature	1
47	fair	1
47	like	1
47	on	1
47	say	1
47	#sequentialcaps	3
47	#lines	36
47	#maxinitial	6
47	#quotations	2
47	#caplines	21
47	#startwname	1
47	#periods	4
47	#stdev	750
47	#maxpair	6
47	#commas	15
47	#endwpunct	18
47	#exclamationpoints	3
47	#textlines	23
47	wordNotInVocab	36
48	with	1
48	were	1
48	more	1
48	but	1
48	romannumeral	2
48	sent	1
48	april	1
48	mercy	1
48	them	1
48	to	1
48	in	1
48	and	2
48	arabic2digit	1
48	propernoun	1
48	these	1
48	i	1
48	arabic4digit	1
48	#allcapswords	6
48	faith	1
48	true	1
48	on	1
48	#sequentialcaps	1
48	#lines	13
48	#maxinitial	1
48	#quotations	2
48	#caplines	6
48	#startwname	1
48	#periods	3
48	#stdev	578
48	#maxpair	2
48	#commas	8
48	#endwpunct	4
48	#textlines	6
48	#endwnumeral	2
48	wordNotInVocab	10
49	least	1
49	carried	1
49	us	1
49	pretty	1
49	i	2
49	arabic2digit	1
49	can	1
49	make	1
49	let	1
49	talk	1
49	earliest	1
49	my	2
49	one	1
49	i'm	1
49	through	1
49	i'll	1
49	and	8
49	who	1
49	#allcapswords	8
49	she	2
49	day	1
49	placename	1
49	the	5
49	dear	1
49	this	1
49	up	1
49	young	1
49	a	5
49	was	2
49	man	1
49	behind	1
49	did	1
49	me	2
49	in	2
49	at	1
49	propernoun	1
49	we	1
49	not	1
49	tell	1
49	personalname	2
49	came	1
49	yet	1
49	out	1
49	see	1
49	fine	2
49	of	1
49	garden	1
49	come	1
49	that	1
49	do	1
49	when	1
49	#sequentialcaps	4
49	#lines	31
49	#maxinitial	5
49	#quotations	4
49	#caplines	15
49	#periods	6
49	#stdev	875
49	#maxpair	5
49	#commas	9
49	#endwpunct	16
49	#questionmarks	1
49	#exclamationpoints	3
49	#textlines	19
49	wordNotInVocab	37
50	be	1
50	low	1
50	what	1
50	but	1
50	dream	1
50	never	1
50	scene	1
50	too	2
50	call	1
50	arabic2digit	1
50	there	2
50	all	1
50	some	3
50	make	1
50	best	1
50	with	1
50	may	1
50	people	1
50	must	1
50	leaves	1
50	hope	1
50	ever	1
50	i'm	1
50	i'll	2
50	and	6
50	i	5
50	get	1
50	indeed	1
50	#allcapswords	8
50	she	2
50	her	2
50	to	2
50	placename	1
50	the	3
50	often	1
50	rose	2
50	looks	1
50	give	1
50	a	2
50	by	1
50	saying	1
50	only	1
50	are	2
50	song	1
50	in	1
50	they	2
50	propernoun	1
50	such	1
50	is	3
50	personalname	2
50	these	1
50	full	1
50	my	3
50	that	1
50	proud	1
50	choice	1
50	lovely	1
50	which	1
50	if	2
50	on	2
50	#sequentialcaps	5
50	#lines	35
50	#maxinitial	7
50	#caplines	21
50	#startwname	2
50	#periods	2
50	#stdev	544
50	#maxpair	8
50	#commas	7
50	#endwpunct	14
50	#questionmarks	1
50	#exclamationpoints	11
50	#textlines	21
50	#endwnumeral	1
50	wordNotInVocab	41
51	bird	1
51	what	1
51	but	2
51	oh	2
51	d	1
51	too	1
51	arabic2digit	1
51	there	3
51	love	1
51	all	2
51	some	1
51	sweet	1
51	very	2
51	with	2
51	may	1
51	i'm	2
51	it	3
51	still	1
51	i'll	1
51	and	6
51	always	3
51	town	1
51	i	1
51	skies	1
51	#allcapswords	3
51	to	2
51	loved	2
51	his	1
51	placename	1
51	the	4
51	be	1
51	a	1
51	look	1
51	eyes	1
51	are	1
51	sad	1
51	me	2
51	in	2
51	they	1
51	propernoun	3
51	j	1
51	something	2
51	is	3
51	than	1
51	perhaps	1
51	for	2
51	personalname	2
51	down	1
51	he	2
51	lost	2
51	moon	2
51	little	1
51	then	1
51	eternal	1
51	of	2
51	can	1
51	this	1
51	how	1
51	ten	1
51	good	1
51	own	1
51	that	2
51	back	1
51	yon	2
51	above	1
51	pale	1
51	hope	2
51	#sequentialcaps	5
51	#lines	35
51	#maxinitial	5
51	#quotations	3
51	#caplines	20
51	#startwname	1
51	#periods	8
51	#stdev	689
51	#maxpair	6
51	#commas	15
51	#endwpunct	16
51	#questionmarks	1
51	#exclamationpoints	13
51	#textlines	21
51	wordNotInVocab	36
52	met	1
52	meet	1
52	but	1
52	sorrow	1
52	little	1
52	time	1
52	two	1
52	never	1
52	friend	1
52	too	1
52	did	1
52	have	1
52	small	1
52	morning	1
52	so	3
52	us	1
52	child	1
52	my	1
52	one	1
52	think	1
52	each	1
52	it	1
52	nor	1
52	thought	1
52	work	1
52	know	1
52	and	2
52	i	5
52	#allcapswords	12
52	placename	1
52	the	3
52	our	1
52	dear	1
52	this	1
52	moral	1
52	you	4
52	might	1
52	was	1
52	or	1
52	years	1
52	whom	1
52	in	2
52	at	2
52	arabic2digit	1
52	spoke	1
52	we	3
52	joy	1
52	not	2
52	were	3
52	for	1
52	been	1
52	how	1
52	away	1
52	used	1
52	then	2
52	of	1
52	means	1
52	to	3
52	that	2
52	hearts	1
52	play	1
52	daily	1
52	when	1
52	#sequentialcaps	2
52	#lines	32
52	#maxinitial	3
52	#caplines	20
52	#periods	5
52	#stdev	715
52	#maxpair	3
52	#commas	15
52	#endwpunct	12
52	#exclamationpoints	2
52	#textlines	20
52	#endwnumeral	1
52	wordNotInVocab	28
53	mine	1
53	met	1
53	bird	2
53	seen	1
53	have	3
53	world	1
53	since	1
53	silent	1
53	often	1
53	some	3
53	morning	1
53	its	1
53	had	1
53	story	1
53	so	1
53	grace	1
53	my	2
53	poor	2
53	kind	1
53	last	1
53	town	1
53	i	2
53	#allcapswords	6
53	to	1
53	that	1
53	placename	1
53	the	2
53	when	1
53	dear	1
53	thine	1
53	up	1
53	you	4
53	a	4
53	was	1
53	your	2
53	heart	1
53	in	3
53	house	1
53	we	1
53	down	1
53	is	1
53	perhaps	1
53	were	1
53	for	1
53	how	1
53	yet	1
53	why	1
53	little	1
53	heard	1
53	of	2
53	can	1
53	third	1
53	near	1
53	this	1
53	come	1
53	it	1
53	small	1
53	and	4
53	from	1
53	glory	1
53	about	1
53	soul	1
53	stars	1
53	like	1
53	do	1
53	on	1
53	#sequentialcaps	3
53	#lines	35
53	#maxinitial	5
53	#caplines	21
53	#periods	3
53	#stdev	821
53	#maxpair	8
53	#commas	12
53	#endwpunct	15
53	#questionmarks	5
53	#exclamationpoints	3
53	#textlines	22
53	wordNotInVocab	32
54	the	2
54	when	1
54	dear	1
54	this	1
54	find	1
54	but	1
54	have	1
54	a	2
54	world	1
54	december	1
54	soul	1
54	our	1
54	we	1
54	look	1
54	sometimes	1
54	many	1
54	too	1
54	upon	1
54	in	1
54	i	3
54	gone	1
54	then	1
54	remember	1
54	arabic2digit	1
54	there	1
54	now	1
54	not	1
54	some	2
54	make	1
54	let	1
54	is	2
54	best	1
54	than	1
54	again	1
54	arabic4digit	1
54	yet	1
54	better	2
54	little	1
54	friend	1
54	often	1
54	thy	1
54	see	1
54	one	2
54	think	1
54	of	1
54	as	2
54	bliss	1
54	us	1
54	still	1
54	come	1
54	it	1
54	and	4
54	meet	2
54	they	1
54	more	1
54	get	1
54	though	1
54	else	1
54	if	1
54	#allcapswords	5
54	why	1
54	to	5
54	whose	1
54	placename	1
54	#sequentialcaps	2
54	#lines	28
54	#maxinitial	4
54	#caplines	17
54	#periods	6
54	#stdev	966
54	#maxpair	5
54	#commas	11
54	#endwpunct	12
54	#questionmarks	3
54	#exclamationpoints	1
54	#textlines	18
54	#endwnumeral	2
54	wordNotInVocab	16
55	what	1
55	arabic2digit	1
55	not	1
55	time	1
55	pretty	1
55	has	1
55	with	1
55	man	1
55	yes	1
55	romannumeral	1
55	my	1
55	have	1
55	an	1
55	is	2
55	hand	2
55	i	1
55	p	1
55	and	4
55	to	1
55	the	1
55	those	1
55	this	1
55	be	1
55	thought	1
55	a	5
55	years	1
55	in	1
55	propernoun	1
55	z	1
55	on	2
55	old	2
55	#allcapswords	12
55	he	2
55	gave	1
55	of	1
55	can	2
55	it	4
55	no	1
55	#sequentialcaps	3
55	#lines	33
55	#maxinitial	3
55	#quotations	2
55	#caplines	19
55	#startwname	4
55	#periods	5
55	#stdev	643
55	#maxpair	4
55	#commas	14
55	#endwpunct	12
55	#questionmarks	3
55	#exclamationpoints	2
55	#textlines	22
55	wordNotInVocab	50
56	with	2
56	the	2
56	it	1
56	this	2
56	but	1
56	a	3
56	was	2
56	new	1
56	men	1
56	i	2
56	arabic2digit	1
56	pretty	1
56	in	2
56	by	1
56	they	1
56	sweet	1
56	fact	1
56	book	1
56	again	1
56	said	1
56	s	1
56	till	1
56	followed	1
56	too	1
56	see	1
56	one	1
56	then	3
56	think	1
56	of	1
56	grace	1
56	and	3
56	meeting	1
56	from	2
56	young	1
56	which	1
56	if	1
56	#allcapswords	4
56	she	1
56	her	4
56	to	3
56	placename	1
56	#sequentialcaps	5
56	#lines	35
56	#maxinitial	5
56	#quotations	2
56	#caplines	22
56	#startwname	1
56	#periods	6
56	#stdev	444
56	#maxpair	6
56	#commas	15
56	#endwpunct	14
56	#exclamationpoints	2
56	#textlines	23
56	#endwnumeral	1
56	wordNotInVocab	45
57	this	1
57	up	1
57	the	4
57	thought	1
57	a	2
57	saw	1
57	soon	2
57	heart	1
57	never	2
57	mrs	1
57	love	1
57	too	1
57	to	1
57	asked	1
57	law	1
57	arabic2digit	1
57	propernoun	1
57	pretty	1
57	such	1
57	has	1
57	now	1
57	conduct	1
57	so	1
57	for	1
57	its	1
57	notes	1
57	well	1
57	and	2
57	after	1
57	got	1
57	of	3
57	as	1
57	still	1
57	in	3
57	that	1
57	friends	1
57	i	1
57	is	1
57	name	1
57	#allcapswords	3
57	followed	1
57	faith	1
57	her	4
57	do	1
57	his	1
57	placename	1
57	#sequentialcaps	3
57	#lines	35
57	#maxinitial	4
57	#caplines	21
57	#startwname	1
57	#periods	6
57	#stdev	526
57	#maxpair	4
57	#startwrubric	1
57	#commas	7
57	#endwpunct	13
57	#exclamationpoints	2
57	#textlines	23
57	wordNotInVocab	40
58	with	1
58	the	3
58	form	1
58	or	1
58	this	1
58	large	1
58	be	1
58	a	2
58	was	2
58	by	2
58	now	2
58	hard	1
58	never	1
58	garden	1
58	grave	1
58	still	1
58	s	1
58	arabic2digit	1
58	of	2
58	all	1
58	such	1
58	blessed	1
58	air	1
58	is	4
58	best	2
58	than	1
58	sin	1
58	more	1
58	as	1
58	its	1
58	away	1
58	child	1
58	must	1
58	he	4
58	once	2
58	pardon	1
58	went	1
58	then	1
58	go	1
58	congregation	1
58	for	2
58	my	2
58	and	3
58	arabic4digit	1
58	in	1
58	i	1
58	fair	1
58	if	1
58	#allcapswords	3
58	indeed	1
58	his	1
58	placename	1
58	#sequentialcaps	4
58	#lines	30
58	#maxinitial	4
58	#caplines	21
58	#periods	5
58	#stdev	521
58	#maxpair	5
58	#commas	11
58	#endwpunct	13
58	#exclamationpoints	1
58	#textlines	22
58	#endwnumeral	2
58	wordNotInVocab	30
59	the	4
59	be	1
59	tender	1
59	a	2
59	by	1
59	art	1
59	your	1
59	mind	1
59	applied	1
59	only	1
59	are	1
59	in	1
59	placename	1
59	arabic2digit	1
59	has	4
59	grace	1
59	is	2
59	personalname	2
59	lives	1
59	child	1
59	she	6
59	will	1
59	fair	1
59	but	1
59	means	1
59	each	1
59	of	1
59	as	1
59	bliss	1
59	to	1
59	that	2
59	and	6
59	beauty	1
59	#allcapswords	5
59	her	3
59	not	1
59	loved	1
59	name	1
59	on	2
59	#sequentialcaps	2
59	#lines	35
59	#maxinitial	6
59	#caplines	20
59	#startwname	2
59	#periods	10
59	#stdev	913
59	#maxpair	8
59	#startwrubric	2
59	#commas	8
59	#endwpunct	16
59	#textlines	21
59	wordNotInVocab	29
60	with	1
60	the	2
60	thing	1
60	what	1
60	blessed	1
60	such	1
60	give	1
60	tender	1
60	a	5
60	might	1
60	or	3
60	heart	1
60	never	1
60	others	1
60	too	1
60	in	1
60	i	1
60	placename	1
60	arabic2digit	1
60	e	1
60	any	1
60	all	1
60	can	1
60	known	1
60	over	1
60	perhaps	1
60	for	1
60	do	1
60	their	1
60	yet	1
60	these	1
60	are	1
60	get	1
60	once	1
60	little	1
60	of	2
60	as	3
60	sort	1
60	still	1
60	it	1
60	and	6
60	about	1
60	nature	1
60	plays	1
60	#allcapswords	4
60	she	4
60	her	4
60	true	1
60	that	2
60	when	1
60	#sequentialcaps	2
60	#lines	36
60	#maxinitial	5
60	#caplines	23
60	#periods	7
60	#stdev	739
60	#maxpair	6
60	#commas	7
60	#endwpunct	12
60	#textlines	22
60	#endwnumeral	1
60	wordNotInVocab	25
61	who	1
61	the	2
61	rise	1
61	our	1
61	or	1
61	how	1
61	burns	1
61	arabic2digit	1
61	a	2
61	time	1
61	oh	1
61	eyes	1
61	are	1
61	in	2
61	soul	1
61	placename	1
61	of	1
61	angel	1
61	tears	1
61	such	1
61	known	1
61	been	1
61	is	2
61	gentle	1
61	not	1
61	for	1
61	personalname	3
61	cause	1
61	sad	2
61	thy	1
61	long	1
61	own	1
61	it	1
61	love	1
61	can	1
61	he	1
61	show	1
61	when	1
61	tree	1
61	spirit	1
61	that	3
61	and	3
61	happy	1
61	had	2
61	which	1
61	then	1
61	#allcapswords	3
61	she	3
61	her	3
61	to	1
61	#sequentialcaps	3
61	#lines	36
61	#maxinitial	3
61	#caplines	20
61	#startwname	2
61	#periods	3
61	#stdev	715
61	#maxpair	5
61	#startwrubric	1
61	#commas	6
61	#endwpunct	9
61	#exclamationpoints	2
61	#textlines	22
61	wordNotInVocab	26
62	having	1
62	the	1
62	no	1
62	our	1
62	for	1
62	him	1
62	its	1
62	#allcapswords	3
62	but	1
62	arabic2digit	1
62	my	2
62	beneath	1
62	own	1
62	i'm	1
62	as	1
62	grave	1
62	happy	1
62	and	1
62	have	1
62	of	1
62	we	2
62	i	1
62	a	1
62	indeed	1
62	such	1
62	arabic4digit	1
62	to	3
62	rest	1
62	placename	1
62	#sequentialcaps	2
62	#lines	17
62	#maxinitial	3
62	#caplines	10
62	#periods	3
62	#stdev	711
62	#maxpair	4
62	#commas	2
62	#endwpunct	5
62	#exclamationpoints	1
62	#textlines	11
62	#endwnumeral	2
62	wordNotInVocab	11
63	the	6
63	bring	1
63	does	1
63	this	1
63	you	1
63	remember	1
63	soon	1
63	heart	1
63	are	1
63	in	1
63	at	1
63	where	1
63	arabic2digit	1
63	we	1
63	love	1
63	light	1
63	spring	1
63	sing	1
63	j	1
63	let	1
63	is	3
63	personalname	2
63	on	1
63	ah	1
63	december	1
63	and	1
63	my	2
63	will	2
63	then	1
63	of	2
63	garden	1
63	to	1
63	come	1
63	from	1
63	stars	1
63	again	1
63	#allcapswords	5
63	she	3
63	her	3
63	how	1
63	strange	1
63	placename	1
63	#sequentialcaps	4
63	#lines	35
63	#maxinitial	4
63	#caplines	19
63	#startwname	1
63	#periods	6
63	#stdev	485
63	#maxpair	6
63	#commas	12
63	#endwpunct	14
63	#questionmarks	2
63	#exclamationpoints	2
63	#textlines	20
63	wordNotInVocab	31
64	this	1
64	be	1
64	oh	1
64	thy	3
64	song	1
64	in	1
64	at	1
64	arabic2digit	1
64	am	1
64	sing	1
64	let	1
64	hear	1
64	personalname	3
64	thou	1
64	will	2
64	o	1
64	me	1
64	happy	1
64	best	1
64	i	2
64	yon	1
64	if	1
64	#allcapswords	5
64	she	2
64	her	2
64	to	1
64	placename	1
64	#sequentialcaps	4
64	#lines	24
64	#maxinitial	2
64	#caplines	13
64	#startwname	3
64	#periods	4
64	#stdev	507
64	#maxpair	4
64	#commas	8
64	#endwpunct	8
64	#questionmarks	1
64	#exclamationpoints	2
64	#textlines	13
64	#endwnumeral	1
64	wordNotInVocab	28
65	arabic1digit	1
65	the	7
65	row	2
65	air	1
65	quite	1
65	could	1
65	those	1
65	scene	1
65	are	1
65	in	3
65	i	5
65	clear	1
65	arabic2digit	1
65	love	1
65	much	2
65	has	1
65	is	1
65	so	3
65	may	1
65	why	1
65	#allcapswords	13
65	well	1
65	romannumeral	2
65	hope	1
65	my	1
65	i'm	1
65	here	1
65	of	1
65	can	1
65	alone	1
65	as	2
65	called	1
65	good	1
65	i'll	1
65	it	1
65	and	4
65	they	1
65	beneath	1
65	soft	1
65	country	1
65	a	2
65	if	1
65	like	1
65	at	1
65	on	2
65	that	2
65	when	1
65	#sequentialcaps	4
65	#lines	31
65	#maxinitial	5
65	#caplines	17
65	#periods	6
65	#stdev	650
65	#maxpair	5
65	#commas	8
65	#endwpunct	16
65	#textlines	18
65	wordNotInVocab	35
66	what	5
66	but	1
66	have	2
66	would	1
66	time	1
66	propernoun	1
66	never	2
66	where	1
66	arabic2digit	1
66	them	1
66	all	4
66	miss	1
66	night	1
66	has	1
66	lady	2
66	beauty	2
66	with	1
66	talk	1
66	arranged	1
66	their	2
66	well	1
66	yes	1
66	and	5
66	once	1
66	here	1
66	it	1
66	as	1
66	duke	1
66	i'll	1
66	morn	1
66	i	3
66	#allcapswords	6
66	to	2
66	that	1
66	the	4
66	could	2
66	a	4
66	was	1
66	or	1
66	by	1
66	now	1
66	me	1
66	in	1
66	they	1
66	is	1
66	fair	1
66	for	1
66	gentlemen	1
66	rode	1
66	see	1
66	then	1
66	of	2
66	can	1
66	my	2
66	been	1
66	from	1
66	glory	1
66	if	1
66	placename	1
66	on	3
66	#sequentialcaps	4
66	#lines	33
66	#maxinitial	5
66	#caplines	21
66	#periods	5
66	#stdev	549
66	#maxpair	5
66	#commas	8
66	#endwpunct	13
66	#questionmarks	1
66	#exclamationpoints	5
66	#textlines	21
66	#endwnumeral	1
66	wordNotInVocab	34
67	with	1
67	the	3
67	what	1
67	quite	1
67	up	1
67	could	1
67	thought	1
67	a	2
67	was	1
67	by	1
67	that	1
67	now	1
67	for	1
67	eyes	1
67	me	1
67	brown	1
67	arabic2digit	1
67	of	2
67	not	1
67	miss	1
67	they	2
67	ah	1
67	rather	1
67	bright	1
67	so	1
67	man	1
67	down	1
67	days	1
67	mind	1
67	lost	1
67	dream	1
67	have	1
67	one	1
67	then	2
67	i'm	1
67	here	1
67	half	1
67	in	1
67	i'll	2
67	smile	2
67	and	4
67	no	1
67	young	2
67	arabic4digit	1
67	i	2
67	say	1
67	#allcapswords	4
67	to	1
67	perhaps	1
67	placename	1
67	#sequentialcaps	4
67	#lines	25
67	#maxinitial	3
67	#caplines	12
67	#periods	4
67	#stdev	845
67	#maxpair	4
67	#commas	6
67	#endwpunct	11
67	#exclamationpoints	1
67	#textlines	14
67	#endwnumeral	1
67	wordNotInVocab	20
68	smile	1
68	the	2
68	you	2
68	a	2
68	was	1
68	your	1
68	now	1
68	are	1
68	too	1
68	in	1
68	earth	1
68	placename	1
68	arabic2digit	1
68	propernoun	2
68	nothing	1
68	make	1
68	is	2
68	so	1
68	soft	1
68	herself	1
68	he	2
68	long	1
68	can	1
68	as	2
68	to	1
68	good	1
68	that	2
68	and	4
68	no	1
68	had	1
68	i	1
68	laid	1
68	else	1
68	#allcapswords	8
68	her	2
68	do	1
68	on	2
68	#sequentialcaps	2
68	#lines	31
68	#maxinitial	3
68	#caplines	17
68	#startwname	2
68	#periods	6
68	#stdev	689
68	#maxpair	6
68	#commas	6
68	#endwpunct	10
68	#textlines	18
68	#endwnumeral	1
68	wordNotInVocab	36
69	with	1
69	but	1
69	our	3
69	him	2
69	what	3
69	the	1
69	you	1
69	was	2
69	by	2
69	your	3
69	for	1
69	eyes	2
69	in	1
69	at	1
69	cried	1
69	arabic2digit	1
69	all	1
69	yet	1
69	says	1
69	over	1
69	tell	1
69	were	1
69	personalname	2
69	he	1
69	she	3
69	will	2
69	part	1
69	see	1
69	my	2
69	an	1
69	i'll	1
69	from	1
69	gave	1
69	i	3
69	save	1
69	#allcapswords	5
69	her	2
69	to	2
69	his	2
69	placename	1
69	#sequentialcaps	4
69	#lines	35
69	#maxinitial	3
69	#quotations	5
69	#caplines	16
69	#periods	5
69	#stdev	464
69	#maxpair	3
69	#commas	10
69	#endwpunct	12
69	#questionmarks	3
69	#exclamationpoints	4
69	#textlines	21
69	wordNotInVocab	33
70	personalname	1
70	am	1
70	ah	1
70	arabic2digit	1
70	you	1
70	i	1
70	a	2
70	what	1
70	#allcapswords	3
70	i'm	1
70	to	2
70	placename	1
70	#sequentialcaps	1
70	#lines	10
70	#maxinitial	2
70	#caplines	4
70	#periods	1
70	#stdev	377
70	#maxpair	2
70	#commas	3
70	#endwpunct	2
70	#exclamationpoints	1
70	#textlines	5
70	#endwnumeral	1
70	wordNotInVocab	7
71	what	1
71	but	1
71	arabic2digit	1
71	except	1
71	we	2
71	their	2
71	life	1
71	there	1
71	of	2
71	all	1
71	some	2
71	wish	1
71	more	1
71	characters	1
71	enter	1
71	romannumeral	1
71	once	1
71	have	1
71	one	2
71	i'm	1
71	great	1
71	i'll	1
71	many	2
71	and	2
71	come	1
71	i	1
71	a	4
71	#allcapswords	10
71	she	1
71	the	5
71	words	1
71	this	2
71	wife	1
71	was	1
71	because	1
71	made	1
71	ourselves	1
71	are	2
71	in	1
71	pretty	1
71	love	4
71	z	1
71	off	1
71	matter	1
71	for	3
71	mind	1
71	too	1
71	little	1
71	ready	1
71	got	1
71	them	1
71	people	1
71	before	1
71	my	1
71	it	1
71	small	1
71	to	3
71	till	1
71	how	1
71	on	1
71	#sequentialcaps	2
71	#lines	32
71	#maxinitial	5
71	#caplines	17
71	#startwname	1
71	#periods	4
71	#stdev	686
71	#maxpair	7
71	#commas	6
71	#endwpunct	12
71	#exclamationpoints	2
71	#textlines	19
71	wordNotInVocab	33
72	quite	1
72	have	2
72	brave	1
72	silent	1
72	where	1
72	arabic2digit	1
72	all	3
72	this	1
72	some	1
72	let	1
72	so	1
72	their	2
72	romannumeral	1
72	one	1
72	poor	1
72	as	2
72	still	1
72	i	1
72	and	5
72	to	1
72	that	1
72	the	1
72	times	1
72	our	3
72	am	1
72	up	1
72	be	1
72	you	1
72	a	4
72	rich	1
72	your	2
72	now	3
72	are	2
72	in	3
72	who	2
72	fate	1
72	we	6
72	z	1
72	days	1
72	rather	1
72	is	3
72	not	1
72	for	1
72	personalname	1
72	old	1
72	#allcapswords	6
72	most	1
72	see	1
72	of	1
72	night	1
72	it	2
72	which	1
72	his	2
72	on	2
72	#sequentialcaps	3
72	#lines	36
72	#maxinitial	5
72	#quotations	2
72	#caplines	21
72	#periods	8
72	#stdev	529
72	#maxpair	5
72	#commas	14
72	#endwpunct	15
72	#questionmarks	1
72	#textlines	21
72	#endwnumeral	1
72	wordNotInVocab	51
73	arabic1digit	1
73	but	2
73	sorrow	1
73	world	1
73	sound	1
73	life	1
73	to	1
73	where	2
73	have	1
73	love	1
73	all	1
73	tears	1
73	some	1
73	make	1
73	beauty	1
73	city	1
73	ah	1
73	don	1
73	must	1
73	will	1
73	hope	1
73	one	1
73	die	1
73	poor	1
73	souls	1
73	i	1
73	wife	1
73	#allcapswords	8
73	she	1
73	not	2
73	that	3
73	his	1
73	was	1
73	the	8
73	our	3
73	dark	1
73	this	2
73	play	1
73	by	1
73	up	1
73	a	2
73	above	1
73	secret	1
73	your	1
73	are	1
73	me	1
73	in	1
73	they	2
73	we	4
73	may	1
73	z	1
73	its	1
73	than	1
73	father	1
73	for	3
73	personalname	1
73	yet	1
73	he	1
73	pity	1
73	romannumeral	1
73	of	4
73	stand	1
73	it	3
73	and	3
73	from	1
73	on	1
73	servant	1
73	how	2
73	when	2
73	#sequentialcaps	3
73	#lines	41
73	#maxinitial	6
73	#caplines	22
73	#startwname	1
73	#periods	6
73	#stdev	783
73	#maxpair	7
73	#commas	15
73	#endwpunct	18
73	#exclamationpoints	6
73	#textlines	24
73	wordNotInVocab	51
74	arabic1digit	1
74	met	1
74	race	1
74	oh	1
74	i	1
74	too	1
74	them	1
74	sweet	1
74	with	1
74	more	2
74	as	1
74	their	4
74	speech	1
74	an	2
74	herself	1
74	going	1
74	one	1
74	here	1
74	grace	1
74	bliss	1
74	tongue	1
74	much	1
74	is	4
74	always	1
74	it	1
74	far	1
74	than	2
74	and	8
74	to	3
74	day	1
74	his	1
74	placename	4
74	the	6
74	often	1
74	mrs	1
74	a	6
74	or	2
74	your	1
74	easy	1
74	cold	1
74	are	2
74	in	5
74	at	1
74	face	1
74	romans	1
74	not	1
74	places	1
74	#allcapswords	14
74	sun	1
74	life	1
74	see	1
74	of	1
74	place	1
74	come	1
74	found	1
74	they	1
74	from	1
74	on	1
74	#sequentialcaps	4
74	#lines	35
74	#maxinitial	7
74	#caplines	20
74	#periods	9
74	#stdev	1109
74	#maxpair	7
74	#commas	17
74	#endwpunct	16
74	#textlines	20
74	#endwnumeral	1
74	wordNotInVocab	42
75	but	1
75	arabic2digit	1
75	oh	1
75	street	1
75	never	1
75	too	1
75	if	1
75	where	1
75	have	1
75	all	2
75	dare	1
75	read	1
75	with	2
75	ay	1
75	my	1
75	ever	1
75	i'm	1
75	here	2
75	first	1
75	run	1
75	nor	1
75	as	1
75	last	1
75	i	2
75	whose	1
75	been	1
75	and	5
75	to	2
75	placename	2
75	the	9
75	even	1
75	be	1
75	or	3
75	pictures	1
75	rich	1
75	your	1
75	are	4
75	in	1
75	who	2
75	of	7
75	propernoun	1
75	we	1
75	by	1
75	such	1
75	now	1
75	tis	1
75	worthy	1
75	not	1
75	were	1
75	for	1
75	personalname	2
75	old	1
75	#allcapswords	4
75	gentlemen	1
75	along	1
75	myself	1
75	see	1
75	speak	1
75	come	2
75	that	2
75	name	1
75	say	1
75	#sequentialcaps	3
75	#lines	36
75	#maxinitial	5
75	#caplines	19
75	#startwname	1
75	#periods	8
75	#stdev	724
75	#maxpair	6
75	#commas	20
75	#endwpunct	15
75	#questionmarks	1
75	#textlines	21
75	wordNotInVocab	57
76	mine	1
76	seen	1
76	whole	1
76	time	1
76	world	1
76	upon	1
76	where	1
76	dear	1
76	arabic2digit	1
76	there	1
76	of	5
76	light	1
76	some	1
76	beneath	1
76	with	5
76	so	1
76	may	1
76	ah	1
76	my	2
76	will	2
76	own	1
76	one	1
76	just	1
76	nor	1
76	as	1
76	i'll	1
76	and	6
76	#allcapswords	5
76	poet	1
76	forces	1
76	to	2
76	that	2
76	name	2
76	muse	1
76	the	9
76	our	2
76	or	1
76	him	1
76	this	1
76	by	1
76	you	2
76	a	4
76	come	1
76	yet	1
76	now	2
76	men	1
76	thy	1
76	i	3
76	fear	1
76	we	2
76	love	2
76	their	1
76	such	1
76	is	5
76	for	1
76	on	1
76	thus	1
76	better	1
76	are	1
76	you'll	1
76	goes	1
76	star	1
76	then	2
76	evening	1
76	we'll	2
76	twas	1
76	in	2
76	out	1
76	it	1
76	hearts	1
76	at	1
76	flowers	1
76	march	1
76	country	1
76	placename	2
76	when	2
76	#sequentialcaps	3
76	#lines	34
76	#maxinitial	4
76	#caplines	19
76	#periods	6
76	#stdev	668
76	#maxpair	5
76	#commas	10
76	#endwpunct	11
76	#questionmarks	1
76	#exclamationpoints	3
76	#textlines	21
76	#endwnumeral	1
76	wordNotInVocab	46
77	breath	1
77	send	1
77	time	3
77	oh	1
77	mark	1
77	life	1
77	where	2
77	arabic2digit	1
77	there	1
77	not	1
77	can	2
77	with	1
77	so	1
77	wood	1
77	their	1
77	little	1
77	stood	1
77	man	1
77	dead	2
77	will	1
77	per	1
77	round	1
77	april	1
77	here	2
77	than	1
77	past	1
77	you	1
77	and	3
77	more	1
77	comes	1
77	i	1
77	over	1
77	#allcapswords	4
77	her	1
77	to	3
77	his	3
77	placename	2
77	the	6
77	our	1
77	present	1
77	be	1
77	oft	1
77	beauty	1
77	a	4
77	your	1
77	are	2
77	pale	1
77	death	2
77	in	3
77	of	3
77	may	2
77	seems	1
77	liberty	1
77	peace	1
77	old	2
77	he	1
77	long	1
77	love	1
77	come	2
77	it	1
77	no	1
77	from	2
77	wild	1
77	fellow	1
77	fair	1
77	like	1
77	when	1
77	#sequentialcaps	2
77	#lines	35
77	#maxinitial	5
77	#caplines	19
77	#periods	9
77	#stdev	965
77	#maxpair	5
77	#commas	9
77	#endwpunct	16
77	#exclamationpoints	3
77	#textlines	22
77	wordNotInVocab	59
78	who	1
78	mine	1
78	bring	1
78	what	1
78	quite	1
78	time	1
78	oh	3
78	plain	1
78	i	10
78	all	1
78	darkness	1
78	arabic2digit	1
78	wise	1
78	into	1
78	while	1
78	sweet	1
78	thee	1
78	with	1
78	and	2
78	my	2
78	as	1
78	it	1
78	alone	1
78	you	2
78	know	1
78	cannot	2
78	hand	2
78	gentle	1
78	that	3
78	far	1
78	get	1
78	again	1
78	#allcapswords	13
78	she	1
78	to	8
78	placename	1
78	the	6
78	dear	1
78	up	1
78	thought	1
78	was	2
78	by	1
78	art	1
78	your	1
78	are	2
78	thy	2
78	me	2
78	in	2
78	propernoun	1
78	light	1
78	is	3
78	better	1
78	wings	1
78	for	2
78	personalname	1
78	thus	1
78	yet	2
78	away	2
78	thou	1
78	myself	1
78	long	1
78	little	1
78	till	1
78	side	1
78	laid	1
78	still	1
78	come	3
78	divine	1
78	proud	1
78	they	2
78	arabic4digit	1
78	which	1
78	when	1
78	#sequentialcaps	3
78	#lines	36
78	#maxinitial	6
78	#quotations	2
78	#caplines	20
78	#startwname	1
78	#periods	7
78	#stdev	1134
78	#maxpair	7
78	#commas	20
78	#endwpunct	16
78	#exclamationpoints	4
78	#textlines	21
78	#endwnumeral	1
78	wordNotInVocab	35
79	quite	1
79	race	1
79	arabic2digit	1
79	all	2
79	this	1
79	some	1
79	should	1
79	sweet	1
79	best	1
79	with	2
79	more	1
79	course	2
79	and	6
79	hope	1
79	one	1
79	think	2
79	thing	1
79	i	5
79	still	1
79	her	2
79	sort	1
79	that	4
79	placename	4
79	the	3
79	those	1
79	dear	2
79	am	1
79	be	3
79	you	2
79	a	1
79	might	1
79	live	1
79	your	2
79	love	2
79	feel	1
79	me	1
79	in	3
79	who	1
79	propernoun	2
79	rather	1
79	perhaps	1
79	for	1
79	#allcapswords	7
79	see	1
79	gods	1
79	of	8
79	garden	1
79	red	1
79	it	1
79	to	5
79	which	1
79	like	3
79	#sequentialcaps	4
79	#lines	36
79	#maxinitial	4
79	#quotations	2
79	#caplines	20
79	#periods	1
79	#stdev	560
79	#maxpair	5
79	#commas	9
79	#endwpunct	11
79	#exclamationpoints	5
79	#textlines	21
79	wordNotInVocab	42
80	bring	2
80	books	2
80	but	2
80	would	1
80	has	2
80	got	1
80	arabic2digit	1
80	there	1
80	some	2
80	read	1
80	make	1
80	wish	1
80	very	2
80	so	1
80	easy	1
80	may	1
80	ah	1
80	course	1
80	could	2
80	my	2
80	motion	1
80	thought	1
80	an	1
80	i'll	3
80	and	5
80	left	1
80	her	1
80	church	1
80	placename	1
80	the	7
80	him	1
80	mrs	1
80	be	1
80	you	1
80	a	6
80	your	1
80	behind	1
80	me	1
80	i	3
80	propernoun	2
80	we	3
80	such	2
80	though	1
80	is	1
80	not	4
80	golden	1
80	personalname	3
80	why	1
80	#allcapswords	6
80	mind	1
80	of	2
80	can	1
80	la	1
80	do	1
80	it	1
80	says	1
80	play	1
80	stay	1
80	if	1
80	go	1
80	when	1
80	say	1
80	where	3
80	on	1
80	#sequentialcaps	3
80	#lines	39
80	#maxinitial	5
80	#quotations	6
80	#caplines	22
80	#periods	4
80	#stdev	498
80	#maxpair	6
80	#commas	10
80	#endwpunct	19
80	#questionmarks	1
80	#exclamationpoints	7
80	#textlines	23
80	#endwnumeral	1
80	wordNotInVocab	40
81	brought	1
81	but	1
81	arabic2digit	1
81	times	1
81	makes	1
81	oh	1
81	soon	1
81	first	1
81	made	1
81	is	1
81	had	1
81	ah	1
81	yes	1
81	could	1
81	my	5
81	have	3
81	knew	1
81	thought	1
81	bliss	2
81	spirit	1
81	know	1
81	cannot	1
81	help	1
81	i	8
81	think	1
81	and	6
81	left	1
81	to	4
81	that	2
81	placename	1
81	the	5
81	our	1
81	words	1
81	dear	1
81	this	2
81	rose	1
81	letter	1
81	you	1
81	a	3
81	might	1
81	was	2
81	eyes	1
81	are	1
81	your	2
81	sad	1
81	me	4
81	in	1
81	at	1
81	stay	1
81	propernoun	1
81	these	1
81	such	1
81	believe	1
81	joy	1
81	better	1
81	em	1
81	for	2
81	yet	1
81	#allcapswords	10
81	too	1
81	then	3
81	of	1
81	leave	1
81	perhaps	1
81	come	1
81	it	3
81	no	1
81	ere	1
81	if	1
81	before	1
81	when	1
81	#sequentialcaps	3
81	#lines	36
81	#maxinitial	5
81	#caplines	20
81	#periods	7
81	#stdev	628
81	#maxpair	6
81	#commas	19
81	#endwpunct	17
81	#exclamationpoints	3
81	#textlines	21
81	wordNotInVocab	37
82	the	3
82	words	1
82	blessed	1
82	could	1
82	but	1
82	arabic2digit	1
82	thought	3
82	live	1
82	your	2
82	now	1
82	for	1
82	are	1
82	they	1
82	arabic4digit	1
82	tears	1
82	without	1
82	out	1
82	is	1
82	over	1
82	not	1
82	were	1
82	skies	1
82	sun	1
82	going	1
82	then	1
82	think	2
82	of	1
82	to	1
82	course	1
82	doubt	1
82	my	2
82	it	2
82	and	2
82	ought	1
82	about	1
82	i	6
82	a	2
82	if	1
82	#allcapswords	9
82	she	1
82	go	2
82	placename	2
82	on	1
82	#sequentialcaps	3
82	#lines	24
82	#maxinitial	4
82	#caplines	13
82	#periods	6
82	#stdev	967
82	#maxpair	4
82	#commas	6
82	#endwpunct	12
82	#exclamationpoints	3
82	#textlines	14
82	#endwnumeral	2
82	wordNotInVocab	30
83	what	1
83	same	1
83	mine	1
83	time	3
83	soon	2
83	too	1
83	upon	1
83	certain	1
83	arabic2digit	1
83	all	2
83	best	1
83	with	1
83	ay	1
83	more	1
83	days	1
83	my	2
83	will	2
83	here	1
83	as	2
83	sublime	1
83	and	11
83	things	1
83	young	1
83	i	4
83	#allcapswords	9
83	to	3
83	that	1
83	his	4
83	placename	1
83	the	3
83	our	1
83	am	1
83	be	1
83	you	1
83	a	1
83	was	1
83	your	4
83	now	2
83	year	1
83	feel	1
83	me	2
83	rise	1
83	youth	1
83	around	1
83	is	1
83	wings	1
83	rule	1
83	yet	1
83	these	1
83	mark	1
83	he	2
83	see	2
83	of	3
83	how	1
83	once	1
83	it	1
83	mar	1
83	from	1
83	on	1
83	mistress	1
83	do	1
83	age	1
83	#sequentialcaps	4
83	#lines	28
83	#maxinitial	6
83	#caplines	19
83	#startwname	1
83	#periods	9
83	#stdev	795
83	#maxpair	6
83	#commas	12
83	#endwpunct	16
83	#exclamationpoints	1
83	#textlines	20
83	wordNotInVocab	38
84	but	1
84	the	3
84	mine	2
84	poet	1
84	be	1
84	you	5
84	a	3
84	or	2
84	because	1
84	fly	1
84	with	1
84	only	1
84	eyes	1
84	your	1
84	hence	1
84	in	1
84	i	5
84	placename	1
84	arabic2digit	2
84	propernoun	1
84	all	1
84	judge	1
84	such	1
84	should	1
84	pride	1
84	beautiful	1
84	beauty	2
84	before	1
84	were	2
84	whom	1
84	for	2
84	ah	1
84	days	1
84	proud	1
84	and	4
84	my	1
84	will	4
84	at	1
84	think	1
84	great	1
84	of	2
84	past	1
84	as	3
84	to	2
84	good	1
84	come	1
84	last	1
84	still	2
84	know	1
84	they	1
84	yours	1
84	long	1
84	arabic4digit	1
84	that	3
84	shall	1
84	lady	1
84	fair	1
84	#allcapswords	7
84	say	1
84	when	1
84	#sequentialcaps	2
84	#lines	24
84	#maxinitial	4
84	#caplines	18
84	#startwname	1
84	#periods	8
84	#stdev	524
84	#maxpair	4
84	#commas	4
84	#endwpunct	11
84	#exclamationpoints	1
84	#textlines	18
84	#endwnumeral	2
84	wordNotInVocab	28
85	the	5
85	could	1
85	arabic2digit	1
85	dark	1
85	by	3
85	golden	1
85	should	1
85	upon	1
85	in	3
85	at	1
85	where	1
85	there	2
85	them	1
85	river	1
85	know	1
85	devil	1
85	wish	1
85	not	1
85	personalname	1
85	their	1
85	away	1
85	romannumeral	1
85	he	1
85	beneath	1
85	little	1
85	then	1
85	as	1
85	twas	1
85	it	2
85	and	3
85	play	1
85	arabic4digit	1
85	who	1
85	#allcapswords	6
85	she	1
85	placename	3
85	day	1
85	that	2
85	was	1
85	#sequentialcaps	3
85	#lines	29
85	#maxinitial	3
85	#caplines	14
85	#periods	7
85	#stdev	928
85	#maxpair	5
85	#startwrubric	1
85	#commas	9
85	#endwpunct	16
85	#textlines	16
85	#endwnumeral	1
85	wordNotInVocab	23
86	who	1
86	met	1
86	arabic2digit	1
86	would	2
86	never	3
86	grave	1
86	have	1
86	there	1
86	some	1
86	has	1
86	make	1
86	short	1
86	their	1
86	fool	2
86	romannumeral	2
86	will	4
86	my	1
86	one	2
86	poor	1
86	verse	1
86	i	4
86	and	6
86	shall	1
86	poet	1
86	to	2
86	day	1
86	few	2
86	the	3
86	flowers	1
86	find	1
86	could	1
86	be	1
86	you	2
86	a	5
86	or	1
86	your	2
86	are	1
86	behind	2
86	years	1
86	in	2
86	voice	1
86	spoke	1
86	we	2
86	wave	1
86	such	1
86	rest	1
86	peace	1
86	for	3
86	personalname	2
86	yet	1
86	#allcapswords	14
86	seek	1
86	loved	1
86	then	1
86	heard	1
86	love	1
86	leave	1
86	still	1
86	dead	1
86	that	2
86	soul	1
86	none	2
86	which	1
86	sleep	2
86	care	1
86	like	1
86	on	1
86	#sequentialcaps	2
86	#lines	32
86	#maxinitial	6
86	#quotations	2
86	#caplines	20
86	#startwname	1
86	#periods	7
86	#stdev	824
86	#maxpair	6
86	#commas	9
86	#endwpunct	12
86	#questionmarks	3
86	#textlines	21
86	#endwnumeral	1
86	wordNotInVocab	24
87	makes	1
87	or	2
87	where	1
87	arabic2digit	1
87	of	3
87	fall	1
87	beauty	1
87	with	1
87	la	1
87	my	1
87	will	1
87	you	1
87	and	7
87	young	1
87	i	1
87	#allcapswords	5
87	she	3
87	her	3
87	to	2
87	day	1
87	placename	1
87	the	6
87	whether	1
87	re	2
87	a	2
87	by	2
87	eyes	1
87	thy	1
87	personalname	1
87	in	1
87	is	5
87	s	1
87	old	1
87	love	3
87	night	1
87	conquest	1
87	come	1
87	it	1
87	fair	1
87	on	3
87	when	1
87	#sequentialcaps	3
87	#lines	40
87	#maxinitial	4
87	#caplines	21
87	#startwname	2
87	#periods	8
87	#stdev	1397
87	#maxpair	6
87	#startwrubric	1
87	#commas	17
87	#endwpunct	15
87	#exclamationpoints	4
87	#textlines	25
87	wordNotInVocab	50
88	how	1
88	meet	1
88	when	1
88	would	2
88	world	1
88	street	1
88	all	1
88	daughter	1
88	arabic2digit	1
88	of	4
88	some	2
88	below	1
88	brown	1
88	man	1
88	q	1
88	house	1
88	days	1
88	yes	2
88	sat	1
88	my	4
88	fortune	1
88	here	1
88	an	1
88	know	1
88	and	5
88	i	5
88	young	1
88	bright	1
88	fame	1
88	#allcapswords	10
88	poet	1
88	her	3
88	day	1
88	his	2
88	placename	1
88	with	1
88	the	4
88	no	3
88	you	1
88	a	8
88	or	2
88	point	1
88	don't	1
88	heart	1
88	more	1
88	years	1
88	me	1
88	now	2
88	such	1
88	never	1
88	is	2
88	fair	1
88	were	1
88	personalname	1
88	on	1
88	old	2
88	he	2
88	she	1
88	long	1
88	see	1
88	full	2
88	them	1
88	people	1
88	in	2
88	who	1
88	they	1
88	from	1
88	feet	1
88	if	1
88	like	1
88	both	1
88	do	1
88	whose	1
88	at	3
88	#sequentialcaps	6
88	#lines	27
88	#maxinitial	3
88	#quotations	5
88	#caplines	19
88	#startwname	1
88	#periods	4
88	#stdev	1129
88	#maxpair	4
88	#commas	25
88	#endwpunct	17
88	#questionmarks	1
88	#exclamationpoints	4
88	#textlines	20
88	#endwnumeral	1
88	wordNotInVocab	47
89	the	1
89	us	3
89	thought	1
89	a	3
89	muse	1
89	or	1
89	another	1
89	yet	1
89	heart	1
89	are	2
89	life	1
89	bright	1
89	if	1
89	arabic2digit	1
89	there	1
89	we	2
89	these	2
89	its	2
89	let	2
89	is	2
89	not	1
89	more	2
89	q	1
89	old	2
89	will	1
89	one	3
89	then	2
89	must	1
89	of	2
89	can	1
89	turn	4
89	leave	1
89	side	1
89	good	1
89	it	2
89	and	2
89	i	1
89	ere	1
89	p	1
89	#allcapswords	5
89	placename	1
89	that	1
89	his	1
89	on	1
89	#sequentialcaps	1
89	#lines	21
89	#maxinitial	3
89	#quotations	1
89	#caplines	8
89	#periods	6
89	#stdev	1808
89	#maxpair	3
89	#commas	8
89	#endwpunct	7
89	#questionmarks	1
89	#textlines	13
89	wordNotInVocab	20
90	but	1
90	enough	1
90	darkness	1
90	have	1
90	there	2
90	of	2
90	wish	2
90	so	2
90	as	1
90	my	1
90	ever	1
90	i'm	3
90	here	2
90	alone	2
90	and	3
90	i	5
90	#allcapswords	11
90	to	3
90	placename	1
90	with	1
90	the	8
90	sheep	1
90	or	1
90	dear	2
90	am	2
90	rose	2
90	be	2
90	you	6
90	a	3
90	was	1
90	your	4
90	lips	1
90	are	2
90	in	3
90	at	1
90	arabic2digit	1
90	is	2
90	than	2
90	not	2
90	were	3
90	for	3
90	personalname	1
90	others	1
90	me	1
90	how	1
90	alas	1
90	come	1
90	that	2
90	glory	1
90	evening	1
90	fair	1
90	on	1
90	#sequentialcaps	6
90	#lines	34
90	#maxinitial	7
90	#quotations	4
90	#caplines	20
90	#periods	5
90	#stdev	965
90	#maxpair	8
90	#commas	9
90	#endwpunct	15
90	#questionmarks	1
90	#exclamationpoints	4
90	#textlines	22
90	#endwnumeral	1
90	wordNotInVocab	49
91	due	1
91	master	1
91	but	1
91	reading	1
91	two	1
91	want	1
91	books	1
91	have	1
91	has	1
91	nearly	1
91	story	1
91	with	1
91	so	1
91	read	1
91	course	1
91	heard	1
91	three	1
91	i'm	1
91	first	1
91	as	1
91	and	5
91	yours	1
91	i	5
91	#allcapswords	9
91	to	2
91	that	3
91	his	4
91	placename	1
91	the	4
91	him	1
91	am	1
91	sir	1
91	give	1
91	you	7
91	a	4
91	was	2
91	or	1
91	your	1
91	are	1
91	me	3
91	they	1
91	arabic2digit	1
91	know	1
91	not	1
91	tell	1
91	personalname	5
91	old	1
91	he	1
91	poet	2
91	rode	1
91	been	1
91	of	6
91	how	3
91	told	1
91	come	1
91	it	1
91	at	1
91	saw	1
91	true	1
91	whose	1
91	on	1
91	#sequentialcaps	3
91	#lines	34
91	#maxinitial	7
91	#quotations	2
91	#caplines	20
91	#periods	2
91	#stdev	760
91	#maxpair	9
91	#commas	12
91	#endwpunct	16
91	#questionmarks	1
91	#exclamationpoints	4
91	#textlines	21
91	wordNotInVocab	31
92	arabic1digit	1
92	written	1
92	arabicprice	1
92	that	3
92	but	1
92	have	1
92	world	1
92	plain	1
92	g	1
92	all	1
92	too	1
92	small	1
92	arabic2digit	1
92	miss	1
92	some	2
92	wish	1
92	with	1
92	do	1
92	an	1
92	measure	1
92	woman	1
92	one	1
92	i'm	2
92	bliss	1
92	and	3
92	best	1
92	it	5
92	#allcapswords	8
92	her	1
92	not	1
92	day	1
92	letters	1
92	placename	1
92	the	2
92	we	1
92	dear	1
92	this	1
92	there	1
92	you	4
92	a	7
92	was	1
92	or	1
92	by	1
92	art	1
92	because	2
92	your	2
92	heart	1
92	are	1
92	in	2
92	i	4
92	pretty	1
92	love	1
92	believe	1
92	is	5
92	pleasure	1
92	perhaps	1
92	were	1
92	for	4
92	personalname	1
92	sacred	1
92	its	2
92	making	1
92	of	3
92	half	1
92	to	2
92	alas	1
92	my	1
92	hearts	1
92	few	1
92	sometimes	1
92	lay	1
92	#sequentialcaps	3
92	#lines	33
92	#maxinitial	4
92	#quotations	2
92	#caplines	22
92	#periods	5
92	#stdev	1139
92	#maxpair	6
92	#commas	14
92	#endwpunct	13
92	#exclamationpoints	4
92	#textlines	22
92	#endwnumeral	2
92	wordNotInVocab	28
93	arabic1digit	1
93	died	1
93	day	1
93	nay	1
93	what	1
93	blessed	1
93	lord	1
93	the	3
93	but	1
93	you	1
93	me	1
93	time	2
93	was	1
93	or	2
93	mind	1
93	whom	1
93	too	1
93	song	2
93	have	1
93	there	1
93	them	1
93	boy	1
93	tears	1
93	some	1
93	such	2
93	never	1
93	beauty	1
93	cannot	2
93	not	2
93	tell	1
93	will	1
93	man	1
93	may	1
93	yet	1
93	sing	2
93	are	1
93	he	1
93	my	1
93	long	1
93	then	1
93	of	4
93	as	1
93	an	1
93	who	1
93	once	2
93	that	1
93	and	1
93	at	1
93	ask	1
93	i	4
93	shall	1
93	a	2
93	his	1
93	again	1
93	#allcapswords	9
93	poet	1
93	her	1
93	to	4
93	say	2
93	placename	1
93	#sequentialcaps	2
93	#lines	26
93	#maxinitial	4
93	#caplines	15
93	#startwname	1
93	#periods	7
93	#stdev	1151
93	#maxpair	5
93	#commas	11
93	#endwpunct	15
93	#questionmarks	4
93	#textlines	18
93	wordNotInVocab	25
94	arabic1digit	1
94	mine	1
94	quite	1
94	meet	1
94	but	1
94	world	1
94	delight	1
94	never	1
94	too	1
94	where	1
94	have	1
94	there	1
94	of	3
94	make	1
94	more	1
94	well	1
94	must	1
94	leaves	1
94	wrong	1
94	die	1
94	yon	1
94	and	2
94	i	2
94	pity	1
94	far	1
94	shall	1
94	#allcapswords	4
94	to	4
94	that	1
94	his	1
94	placename	1
94	the	4
94	those	1
94	measure	1
94	you	1
94	a	2
94	arabic4digit	1
94	or	1
94	your	1
94	are	1
94	death	1
94	song	2
94	voice	1
94	we	1
94	these	1
94	days	1
94	something	1
94	is	2
94	than	1
94	for	2
94	yet	1
94	he	2
94	love	1
94	my	1
94	it	1
94	no	3
94	take	2
94	march	1
94	glory	1
94	lies	1
94	lay	1
94	#sequentialcaps	4
94	#lines	24
94	#maxinitial	4
94	#caplines	15
94	#periods	8
94	#stdev	1353
94	#maxpair	5
94	#commas	7
94	#endwpunct	12
94	#questionmarks	2
94	#textlines	18
94	#endwnumeral	2
94	wordNotInVocab	25
95	have	1
95	would	1
95	held	3
95	d	1
95	bound	1
95	arabic2digit	1
95	of	2
95	should	2
95	some	1
95	false	1
95	so	1
95	memory	1
95	well	1
95	yes	2
95	romannumeral	1
95	once	1
95	beneath	1
95	i'm	2
95	round	1
95	i'll	1
95	still	2
95	i	5
95	a	3
95	#allcapswords	20
95	her	3
95	to	1
95	the	1
95	our	2
95	letter	1
95	even	1
95	be	2
95	you	3
95	was	2
95	took	1
95	now	2
95	years	1
95	bright	1
95	fear	1
95	z	1
95	rather	1
95	not	2
95	five	2
95	were	4
95	for	1
95	why	1
95	she	2
95	free	1
95	then	1
95	must	1
95	that	2
95	small	1
95	and	4
95	will	1
95	though	2
95	like	1
95	whose	1
95	on	1
95	#sequentialcaps	4
95	#lines	36
95	#maxinitial	5
95	#caplines	19
95	#periods	12
95	#stdev	761
95	#maxpair	5
95	#commas	10
95	#endwpunct	17
95	#exclamationpoints	1
95	#textlines	21
95	wordNotInVocab	41
96	what	1
96	but	3
96	time	1
96	we	1
96	oh	1
96	soon	1
96	friend	1
96	seemed	1
96	arabic2digit	1
96	should	1
96	into	1
96	while	1
96	tears	1
96	sweet	1
96	wide	1
96	so	1
96	as	4
96	well	1
96	my	1
96	said	1
96	just	1
96	poor	1
96	thought	2
96	know	1
96	and	2
96	young	1
96	i	3
96	think	1
96	indeed	1
96	#allcapswords	5
96	to	2
96	loved	1
96	that	2
96	placename	1
96	the	6
96	those	1
96	rose	1
96	could	4
96	you	5
96	a	1
96	was	1
96	mean	1
96	made	2
96	heart	1
96	eyes	2
96	are	2
96	your	5
96	sad	1
96	me	2
96	in	2
96	who	1
96	light	1
96	fair	1
96	style	1
96	rather	1
96	not	1
96	were	1
96	for	1
96	he	3
96	little	1
96	love	1
96	side	2
96	once	1
96	it	2
96	from	1
96	doubt	1
96	#sequentialcaps	3
96	#lines	38
96	#maxinitial	5
96	#quotations	4
96	#caplines	20
96	#periods	4
96	#stdev	598
96	#maxpair	5
96	#commas	14
96	#endwpunct	18
96	#questionmarks	3
96	#exclamationpoints	1
96	#textlines	21
96	#endwnumeral	1
96	wordNotInVocab	41
97	mine	1
97	seen	1
97	truth	1
97	same	1
97	arabic2digit	1
97	i	3
97	other	1
97	life	1
97	wit	1
97	where	1
97	love	1
97	all	1
97	more	2
97	well	1
97	once	1
97	beneath	1
97	not	1
97	i'm	3
97	wise	1
97	as	6
97	know	1
97	still	1
97	yours	1
97	and	4
97	to	3
97	few	1
97	placename	1
97	died	1
97	the	8
97	our	2
97	when	1
97	vain	1
97	whether	1
97	you	1
97	a	2
97	or	1
97	mean	1
97	your	1
97	now	1
97	year	2
97	are	3
97	years	1
97	me	1
97	in	1
97	at	3
97	of	3
97	seems	1
97	old	2
97	#allcapswords	5
97	clear	1
97	seemed	1
97	we'll	1
97	people	1
97	perhaps	1
97	own	1
97	who	1
97	that	1
97	how	1
97	pity	1
97	#sequentialcaps	3
97	#lines	36
97	#maxinitial	5
97	#caplines	20
97	#startwname	1
97	#periods	8
97	#stdev	502
97	#maxpair	6
97	#commas	18
97	#endwpunct	17
97	#exclamationpoints	2
97	#textlines	21
97	wordNotInVocab	44
98	seen	1
98	arabic2digit	1
98	head	1
98	pretty	1
98	two	1
98	friend	1
98	daughter	1
98	them	1
98	all	2
98	has	1
98	lady	1
98	without	1
98	known	1
98	days	1
98	make	1
98	beneath	1
98	here	1
98	poor	1
98	as	2
98	and	6
98	his	2
98	i	3
98	sermon	1
98	#allcapswords	6
98	poet	1
98	to	3
98	that	1
98	bosom	1
98	the	7
98	dear	1
98	this	2
98	letter	1
98	be	1
98	you	1
98	a	8
98	might	1
98	or	2
98	your	3
98	now	2
98	strong	1
98	men	1
98	who	1
98	placename	1
98	propernoun	1
98	we	2
98	hear	1
98	such	2
98	rather	1
98	is	1
98	were	2
98	for	1
98	blue	1
98	yet	1
98	text	1
98	are	1
98	he	1
98	long	1
98	used	1
98	then	2
98	of	2
98	told	1
98	my	3
98	arabic4digit	1
98	i'm	1
98	fair	1
98	if	1
98	old	1
98	before	1
98	say	1
98	when	1
98	#sequentialcaps	2
98	#lines	40
98	#maxinitial	8
98	#quotations	2
98	#caplines	22
98	#periods	10
98	#stdev	739
98	#maxpair	8
98	#commas	10
98	#endwpunct	20
98	#questionmarks	2
98	#exclamationpoints	1
98	#textlines	24
98	#endwnumeral	2
98	wordNotInVocab	46
99	arabic1digit	1
99	race	1
99	you	6
99	one	5
99	a	5
99	by	1
99	your	4
99	perhaps	1
99	only	2
99	are	1
99	upon	1
99	sleep	1
99	mother	1
99	boy	1
99	before	1
99	run	1
99	welcome	1
99	is	1
99	like	1
99	talk	1
99	were	1
99	for	1
99	never	1
99	hard	1
99	why	1
99	such	2
99	and	4
99	once	1
99	long	2
99	be	1
99	done	1
99	fly	1
99	of	1
99	to	1
99	breast	1
99	who	1
99	cannot	1
99	you'll	3
99	ere	1
99	#allcapswords	9
99	how	1
99	whose	1
99	age	1
99	placename	1
99	#sequentialcaps	3
99	#lines	32
99	#maxinitial	7
99	#caplines	18
99	#startwname	1
99	#periods	7
99	#stdev	951
99	#maxpair	7
99	#commas	9
99	#endwpunct	15
99	#exclamationpoints	2
99	#textlines	18
99	wordNotInVocab	24
100	the	1
100	times	1
100	dear	2
100	am	1
100	but	1
100	have	2
100	you	8
100	little	1
100	a	2
100	was	1
100	your	2
100	talk	1
100	only	1
100	are	2
100	too	1
100	done	1
100	i	1
100	placename	1
100	arabic2digit	1
100	son	1
100	see	1
100	boy	1
100	some	1
100	tis	1
100	joy	1
100	may	2
100	old	1
100	yes	1
100	child	1
100	he	2
100	my	1
100	own	1
100	while	1
100	yourself	1
100	one	4
100	i'm	1
100	here	1
100	of	1
100	home	1
100	poor	1
100	as	1
100	to	2
100	and	4
100	happy	1
100	none	1
100	arabic4digit	1
100	who	1
100	shall	1
100	though	2
100	be	2
100	#allcapswords	3
100	do	1
100	day	1
100	his	1
100	when	2
100	#sequentialcaps	3
100	#lines	32
100	#maxinitial	4
100	#caplines	16
100	#periods	5
100	#stdev	1153
100	#maxpair	5
100	#commas	15
100	#endwpunct	12
100	#questionmarks	1
100	#exclamationpoints	1
100	#textlines	18
100	#endwnumeral	2
100	wordNotInVocab	15
101	white	1
101	the	1
101	ay	1
101	take	1
101	call	1
101	arabic2digit	1
101	play	1
101	enough	1
101	a	2
101	we	1
101	about	1
101	soon	3
101	now	1
101	are	2
101	hour	1
101	at	2
101	deep	1
101	shall	1
101	have	1
101	some	2
101	down	1
101	is	1
101	find	1
101	than	1
101	blue	1
101	eyes	1
101	old	1
101	sky	1
101	long	1
101	please	1
101	little	2
101	of	1
101	means	1
101	to	5
101	in	3
101	my	1
101	and	9
101	gold	1
101	from	1
101	i	1
101	ere	1
101	yon	1
101	fair	1
101	#allcapswords	6
101	she	3
101	her	5
101	less	1
101	day	1
101	placename	1
101	#sequentialcaps	3
101	#lines	30
101	#maxinitial	7
101	#caplines	16
101	#periods	6
101	#stdev	749
101	#maxpair	7
101	#commas	13
101	#endwpunct	13
101	#textlines	18
101	wordNotInVocab	36
102	met	1
102	us	3
102	but	1
102	arabic2digit	1
102	time	1
102	hill	1
102	there	1
102	love	1
102	all	1
102	fell	1
102	down	1
102	let	1
102	with	1
102	well	1
102	must	1
102	them	1
102	reflections	1
102	my	1
102	as	2
102	rather	1
102	much	1
102	and	4
102	hand	2
102	town	2
102	i	4
102	care	1
102	sit	1
102	still	1
102	her	2
102	not	2
102	joys	1
102	placename	1
102	the	2
102	our	2
102	indeed	1
102	this	2
102	be	3
102	you	1
102	a	4
102	was	1
102	by	1
102	rich	1
102	behind	1
102	in	2
102	aside	1
102	these	1
102	came	1
102	boy	1
102	yet	1
102	though	1
102	is	2
102	close	1
102	for	2
102	how	1
102	together	1
102	old	1
102	#allcapswords	7
102	you'll	1
102	see	1
102	left	1
102	little	1
102	then	2
102	of	1
102	can	1
102	to	5
102	who	1
102	that	1
102	arabic4digit	1
102	we'll	1
102	which	1
102	right	1
102	go	1
102	on	2
102	girl	1
102	#sequentialcaps	3
102	#lines	41
102	#maxinitial	4
102	#caplines	22
102	#periods	8
102	#stdev	857
102	#maxpair	6
102	#commas	8
102	#endwpunct	13
102	#exclamationpoints	2
102	#textlines	24
102	#endwnumeral	2
102	wordNotInVocab	36
103	mine	1
103	what	1
103	but	1
103	arabic2digit	1
103	then	1
103	never	1
103	have	1
103	there	1
103	all	1
103	while	1
103	let	2
103	had	1
103	smile	1
103	may	1
103	ah	1
103	romannumeral	1
103	my	5
103	will	3
103	be	1
103	one	1
103	die	2
103	as	3
103	an	1
103	give	1
103	last	1
103	hand	1
103	i	5
103	verse	2
103	poet	1
103	to	5
103	his	1
103	the	7
103	no	1
103	live	2
103	you	2
103	a	2
103	was	1
103	or	1
103	your	1
103	now	2
103	me	2
103	in	1
103	any	1
103	z	1
103	is	2
103	ear	1
103	for	2
103	yet	1
103	#allcapswords	14
103	love	1
103	song	1
103	praise	3
103	speak	1
103	it	2
103	and	1
103	lay	1
103	#sequentialcaps	5
103	#lines	25
103	#maxinitial	3
103	#caplines	17
103	#periods	6
103	#stdev	557
103	#maxpair	4
103	#commas	8
103	#endwpunct	14
103	#questionmarks	5
103	#exclamationpoints	3
103	#textlines	18
103	wordNotInVocab	31
104	the	1
104	wings	1
104	live	1
104	yours	1
104	romannumeral	1
104	my	1
104	a	1
104	die	1
104	light	1
104	poor	1
104	to	2
104	in	1
104	and	4
104	arabic2digit	1
104	arabic4digit	1
104	z	1
104	if	1
104	#allcapswords	5
104	enough	1
104	verse	1
104	on	2
104	#sequentialcaps	2
104	#lines	9
104	#maxinitial	2
104	#caplines	5
104	#periods	3
104	#stdev	1193
104	#maxpair	2
104	#commas	2
104	#endwpunct	4
104	#textlines	6
104	#endwnumeral	2
104	wordNotInVocab	10
105	with	1
105	the	6
105	bosom	1
105	lie	1
105	bird	1
105	how	2
105	yours	1
105	letter	1
105	through	1
105	but	1
105	have	1
105	you	2
105	a	1
105	might	1
105	above	1
105	oh	1
105	your	4
105	grave	1
105	life	1
105	sad	1
105	red	1
105	in	1
105	at	1
105	fate	1
105	arabic2digit	1
105	head	1
105	of	1
105	all	2
105	knows	1
105	read	1
105	sweet	1
105	is	7
105	fair	1
105	again	1
105	on	1
105	down	1
105	common	1
105	he	2
105	my	3
105	gave	2
105	not	1
105	mine	1
105	here	1
105	it	2
105	garden	1
105	me	1
105	near	1
105	who	1
105	been	1
105	and	2
105	know	1
105	i	3
105	feet	1
105	#allcapswords	9
105	sky	1
105	go	1
105	to	5
105	that	1
105	placename	2
105	#sequentialcaps	2
105	#lines	30
105	#maxinitial	4
105	#quotations	2
105	#caplines	16
105	#periods	8
105	#stdev	830
105	#maxpair	7
105	#commas	11
105	#endwpunct	13
105	#questionmarks	1
105	#textlines	18
105	wordNotInVocab	24
106	arabic1digit	1
106	the	1
106	it	1
106	bird	2
106	dear	1
106	meet	1
106	sorrow	1
106	a	1
106	might	1
106	dark	1
106	your	1
106	that	1
106	only	1
106	friend	1
106	sad	2
106	in	1
106	i	2
106	have	2
106	had	1
106	this	2
106	journey	1
106	has	1
106	woe	1
106	never	1
106	is	2
106	he	3
106	my	3
106	what	2
106	of	2
106	lost	1
106	been	1
106	and	1
106	arabic4digit	1
106	if	1
106	#allcapswords	4
106	to	1
106	arabic2digit	1
106	placename	1
106	#sequentialcaps	5
106	#lines	18
106	#maxinitial	2
106	#caplines	10
106	#periods	3
106	#stdev	722
106	#maxpair	3
106	#commas	8
106	#endwpunct	7
106	#exclamationpoints	2
106	#textlines	10
106	#endwnumeral	2
106	wordNotInVocab	14
107	with	1
107	the	6
107	times	1
107	our	1
107	bird	1
107	low	1
107	had	1
107	so	2
107	but	1
107	tender	1
107	a	3
107	time	1
107	then	1
107	yet	1
107	heart	2
107	friend	1
107	found	1
107	in	5
107	i	1
107	seemed	1
107	of	1
107	arabic2digit	1
107	we	4
107	came	2
107	while	1
107	off	2
107	o	1
107	sweet	1
107	joy	1
107	hear	1
107	ay	1
107	near	1
107	wood	1
107	personalname	1
107	land	1
107	old	1
107	clear	1
107	stood	2
107	my	1
107	long	1
107	beneath	1
107	years	1
107	april	1
107	heard	3
107	love	1
107	song	1
107	as	1
107	it	7
107	and	8
107	at	1
107	from	1
107	hand	2
107	morn	1
107	that	3
107	far	2
107	#allcapswords	7
107	she	1
107	her	1
107	to	3
107	strange	1
107	placename	2
107	#sequentialcaps	2
107	#lines	31
107	#maxinitial	5
107	#quotations	1
107	#caplines	17
107	#startwname	1
107	#periods	9
107	#stdev	673
107	#maxpair	5
107	#commas	13
107	#endwpunct	15
107	#exclamationpoints	1
107	#textlines	18
107	wordNotInVocab	20
108	never	1
108	its	2
108	for	1
108	#allcapswords	4
108	me	1
108	will	1
108	not	1
108	love	1
108	i	1
108	h	1
108	in	1
108	voice	1
108	it	2
108	still	1
108	arabic2digit	1
108	of	2
108	that	1
108	vain	1
108	hear	1
108	again	1
108	and	2
108	now	1
108	placename	1
108	is	1
108	peace	1
108	#sequentialcaps	2
108	#lines	12
108	#maxinitial	2
108	#caplines	6
108	#periods	2
108	#stdev	1242
108	#maxpair	2
108	#commas	2
108	#endwpunct	3
108	#textlines	5
108	#endwnumeral	1
108	wordNotInVocab	5
109	white	1
109	seen	1
109	meet	2
109	personalname	2
109	but	1
109	head	1
109	hour	1
109	arabic2digit	1
109	love	1
109	all	1
109	bed	1
109	has	1
109	make	1
109	morning	1
109	out	1
109	with	2
109	ever	1
109	angel	1
109	as	1
109	an	1
109	round	1
109	and	5
109	i	3
109	#allcapswords	13
109	poet	1
109	her	6
109	to	4
109	child	2
109	placename	1
109	the	3
109	this	1
109	a	3
109	or	1
109	eyes	1
109	are	1
109	years	1
109	in	1
109	these	2
109	light	1
109	heart	1
109	face	1
109	than	1
109	five	1
109	golden	1
109	place	1
109	she	1
109	little	1
109	of	2
109	can	1
109	send	1
109	good	1
109	my	1
109	that	1
109	happy	1
109	glory	1
109	fair	1
109	blue	3
109	before	1
109	see	1
109	#sequentialcaps	2
109	#lines	25
109	#maxinitial	4
109	#caplines	17
109	#periods	7
109	#stdev	749
109	#maxpair	6
109	#commas	11
109	#endwpunct	13
109	#questionmarks	1
109	#textlines	19
109	wordNotInVocab	31
110	what	1
110	quite	1
110	but	3
110	ill	1
110	grave	1
110	where	1
110	arabic2digit	1
110	there	1
110	sweet	1
110	let	1
110	must	1
110	my	2
110	beneath	1
110	hope	1
110	one	2
110	i'm	1
110	still	1
110	i	1
110	far	1
110	again	1
110	and	10
110	she	2
110	her	3
110	seeing	1
110	placename	1
110	the	4
110	set	1
110	dear	1
110	play	1
110	find	1
110	could	1
110	be	1
110	moral	1
110	shall	1
110	or	1
110	by	2
110	heart	1
110	eyes	1
110	love	1
110	thy	1
110	me	2
110	at	1
110	fear	1
110	propernoun	1
110	rule	1
110	though	1
110	run	1
110	is	1
110	not	1
110	for	1
110	yet	1
110	away	1
110	#allcapswords	3
110	free	1
110	little	2
110	then	2
110	so	1
110	of	2
110	to	1
110	come	1
110	small	1
110	from	2
110	will	2
110	arabic4digit	1
110	being	1
110	before	1
110	own	1
110	#sequentialcaps	2
110	#lines	25
110	#maxinitial	4
110	#quotations	1
110	#caplines	19
110	#startwname	1
110	#periods	3
110	#stdev	588
110	#maxpair	6
110	#commas	17
110	#endwpunct	14
110	#questionmarks	2
110	#textlines	20
110	#endwnumeral	2
110	wordNotInVocab	34
111	arabicprice	1
111	what	1
111	but	1
111	time	1
111	too	1
111	to	4
111	all	4
111	fall	1
111	wish	1
111	with	2
111	human	1
111	may	1
111	past	1
111	my	2
111	one	1
111	fortune	1
111	still	1
111	i	1
111	fame	1
111	and	4
111	praise	1
111	that	3
111	placename	1
111	the	4
111	our	1
111	or	2
111	game	1
111	even	1
111	moral	1
111	a	4
111	life	1
111	who	2
111	fate	1
111	we	1
111	their	2
111	is	1
111	rest	1
111	not	2
111	for	2
111	better	1
111	#allcapswords	9
111	are	1
111	he	1
111	of	1
111	can	1
111	come	1
111	it	1
111	no	1
111	late	1
111	if	1
111	when	1
111	say	1
111	#sequentialcaps	3
111	#lines	34
111	#maxinitial	5
111	#caplines	19
111	#periods	4
111	#stdev	604
111	#maxpair	5
111	#commas	11
111	#endwpunct	13
111	#questionmarks	4
111	#exclamationpoints	1
111	#textlines	20
111	wordNotInVocab	35
112	what	1
112	but	2
112	i	3
112	arabic2digit	1
112	there	1
112	much	1
112	places	1
112	with	1
112	talk	1
112	exclaimed	1
112	such	1
112	well	1
112	romannumeral	1
112	my	3
112	just	1
112	wise	1
112	good	1
112	you	1
112	an	1
112	know	1
112	and	8
112	reason	1
112	last	1
112	#allcapswords	6
112	to	5
112	his	2
112	the	6
112	sir	2
112	find	1
112	up	1
112	could	1
112	distance	1
112	a	2
112	here	1
112	now	2
112	are	1
112	took	2
112	did	1
112	me	2
112	propernoun	2
112	days	1
112	not	1
112	for	1
112	old	2
112	clear	1
112	he	2
112	chap	1
112	thoughts	1
112	little	1
112	then	1
112	used	1
112	of	2
112	half	1
112	show	1
112	in	4
112	once	1
112	found	1
112	at	2
112	soul	1
112	placename	1
112	on	1
112	#sequentialcaps	4
112	#lines	39
112	#maxinitial	7
112	#quotations	3
112	#caplines	21
112	#periods	7
112	#stdev	565
112	#maxpair	9
112	#commas	12
112	#endwpunct	17
112	#questionmarks	1
112	#exclamationpoints	1
112	#textlines	23
112	#endwnumeral	1
112	wordNotInVocab	41
113	what	1
113	our	1
113	school	2
113	all	1
113	life	1
113	where	3
113	have	1
113	grief	1
113	son	1
113	some	3
113	had	2
113	story	1
113	summer	1
113	so	2
113	man	1
113	once	1
113	bliss	2
113	rather	1
113	placename	1
113	and	8
113	come	1
113	#allcapswords	3
113	less	1
113	st	1
113	the	4
113	those	1
113	a	1
113	was	1
113	now	1
113	dead	1
113	only	1
113	are	4
113	me	2
113	gone	1
113	house	1
113	we	1
113	is	2
113	why	1
113	pleased	1
113	tell	1
113	were	2
113	for	1
113	personalname	1
113	old	1
113	he	1
113	then	1
113	full	1
113	of	2
113	to	3
113	it	1
113	glory	1
113	whose	1
113	his	3
113	#sequentialcaps	2
113	#lines	35
113	#maxinitial	7
113	#quotations	2
113	#caplines	20
113	#startwname	1
113	#periods	6
113	#stdev	609
113	#maxpair	8
113	#commas	13
113	#endwpunct	16
113	#questionmarks	2
113	#textlines	21
113	wordNotInVocab	38
114	met	1
114	what	1
114	us	1
114	but	4
114	not	1
114	where	1
114	some	1
114	has	1
114	with	1
114	so	2
114	#allcapswords	5
114	bliss	1
114	my	2
114	at	1
114	without	1
114	and	3
114	i	3
114	mr	1
114	still	2
114	to	2
114	his	1
114	placename	1
114	died	1
114	the	3
114	our	1
114	him	1
114	looks	1
114	a	1
114	or	2
114	only	1
114	cold	1
114	men	1
114	made	1
114	sad	1
114	me	2
114	meeting	1
114	propernoun	2
114	we	1
114	pride	1
114	is	2
114	better	1
114	perhaps	1
114	were	1
114	em	1
114	for	1
114	personalname	1
114	old	1
114	are	1
114	he	3
114	most	1
114	can	1
114	then	1
114	them	1
114	once	1
114	back	1
114	about	1
114	which	1
114	ere	1
114	something	1
114	cannot	1
114	used	1
114	#sequentialcaps	1
114	#lines	36
114	#maxinitial	4
114	#quotations	2
114	#caplines	20
114	#periods	5
114	#stdev	524
114	#maxpair	6
114	#commas	13
114	#endwpunct	16
114	#questionmarks	2
114	#textlines	21
114	wordNotInVocab	40
115	crown	1
115	clerk	1
115	us	2
115	a	2
115	st	1
115	or	1
115	your	1
115	soon	1
115	for	3
115	did	1
115	wit	1
115	fit	2
115	well	1
115	the	1
115	propernoun	1
115	we	3
115	all	1
115	till	1
115	miss	1
115	some	1
115	has	2
115	believe	1
115	explained	1
115	than	1
115	more	1
115	personalname	1
115	near	1
115	thus	1
115	yet	3
115	i'll	1
115	arabic3digit	1
115	common	1
115	my	1
115	life	2
115	hope	2
115	little	1
115	of	1
115	as	2
115	bliss	1
115	proposed	1
115	love	1
115	still	1
115	once	1
115	it	4
115	and	3
115	know	1
115	no	2
115	arabic4digit	1
115	can	1
115	i	3
115	get	1
115	though	2
115	#allcapswords	5
115	that	1
115	his	1
115	placename	2
115	#sequentialcaps	3
115	#lines	30
115	#maxinitial	5
115	#caplines	16
115	#periods	7
115	#stdev	483
115	#maxpair	5
115	#commas	11
115	#endwpunct	15
115	#questionmarks	1
115	#exclamationpoints	2
115	#textlines	18
115	#endwnumeral	1
115	wordNotInVocab	26
116	carried	1
116	through	1
116	would	1
116	whole	1
116	world	1
116	other	1
116	have	1
116	there	1
116	remember	1
116	some	1
116	lady	1
116	had	2
116	adventures	1
116	human	2
116	may	1
116	must	1
116	once	1
116	it	2
116	as	1
116	many	1
116	and	4
116	hand	1
116	a	6
116	way	1
116	poet	1
116	her	1
116	sort	1
116	that	2
116	his	2
116	the	7
116	our	1
116	present	1
116	up	1
116	woman	1
116	you	3
116	wife	1
116	are	1
116	did	1
116	in	3
116	at	1
116	of	7
116	we	1
116	such	1
116	know	1
116	were	1
116	personalname	1
116	on	2
116	notes	3
116	gentlemen	1
116	out	1
116	settled	1
116	little	1
116	them	1
116	last	2
116	to	2
116	found	1
116	hearts	1
116	#allcapswords	2
116	about	1
116	which	1
116	how	1
116	when	1
116	#lines	21
116	#maxinitial	3
116	#quotations	4
116	#caplines	1
116	#periods	8
116	#stdev	1439
116	#maxpair	5
116	#startwrubric	1
116	#commas	9
116	#endwpunct	4
116	#questionmarks	1
116	#textlines	17
116	wordNotInVocab	29
117	seeing	1
117	what	1
117	but	3
117	have	3
117	readers	2
117	street	1
117	possible	1
117	two	1
117	too	1
117	arabic2digit	1
117	them	1
117	all	1
117	this	1
117	some	1
117	without	1
117	volume	1
117	with	1
117	so	1
117	has	1
117	may	1
117	and	2
117	my	3
117	will	1
117	appeared	1
117	hope	1
117	told	1
117	it	2
117	as	1
117	rather	1
117	last	1
117	is	5
117	i	4
117	young	1
117	who	3
117	#allcapswords	7
117	to	3
117	the	9
117	our	1
117	am	1
117	could	1
117	be	1
117	natural	1
117	a	3
117	st	2
117	choice	1
117	point	1
117	many	1
117	others	1
117	years	1
117	me	1
117	american	1
117	they	3
117	longer	1
117	now	1
117	these	2
117	their	1
117	know	1
117	not	2
117	for	1
117	personalname	2
117	cause	1
117	notes	3
117	he	1
117	see	2
117	can	1
117	feel	1
117	of	3
117	garden	1
117	people	1
117	during	1
117	in	7
117	that	3
117	no	1
117	take	1
117	friends	1
117	lines	1
117	when	1
117	#sequentialcaps	2
117	#lines	27
117	#maxinitial	5
117	#quotations	4
117	#caplines	4
117	#startwname	1
117	#periods	10
117	#stdev	1146
117	#maxpair	6
117	#commas	12
117	#endwpunct	5
117	#textlines	22
117	wordNotInVocab	38
118	but	1
118	have	4
118	we	1
118	los	1
118	silent	1
118	where	1
118	love	1
118	sweet	1
118	smile	1
118	spring	1
118	among	1
118	may	1
118	dark	1
118	said	1
118	ever	1
118	as	3
118	bliss	1
118	and	12
118	young	1
118	i	4
118	skies	1
118	#allcapswords	9
118	she	2
118	her	10
118	to	2
118	that	1
118	with	2
118	the	9
118	or	1
118	often	1
118	under	1
118	heat	1
118	a	3
118	was	1
118	by	1
118	mind	1
118	eyes	1
118	me	1
118	in	9
118	voice	2
118	wine	1
118	propernoun	1
118	any	1
118	light	1
118	felt	1
118	face	1
118	though	1
118	is	3
118	gentle	1
118	for	1
118	personalname	1
118	notes	3
118	turned	1
118	child	1
118	of	5
118	red	1
118	place	1
118	it	1
118	day	1
118	they	1
118	stars	1
118	fair	1
118	blue	1
118	#sequentialcaps	3
118	#lines	44
118	#maxinitial	7
118	#quotations	2
118	#caplines	28
118	#startwname	1
118	#periods	10
118	#stdev	1003
118	#maxpair	9
118	#startwrubric	1
118	#commas	13
118	#endwpunct	19
118	#textlines	28
118	wordNotInVocab	61
119	arabic1digit	1
119	de	1
119	truth	2
119	met	1
119	quite	1
119	fine	1
119	poem	1
119	deep	1
119	lady	1
119	him	1
119	have	2
119	all	1
119	some	2
119	had	1
119	with	2
119	civil	1
119	court	1
119	la	1
119	even	1
119	said	1
119	mistress	1
119	here	1
119	as	3
119	following	1
119	four	1
119	last	1
119	young	1
119	who	2
119	and	5
119	she	3
119	to	3
119	his	1
119	m	1
119	the	3
119	no	1
119	le	2
119	#allcapswords	6
119	y	1
119	up	1
119	you	1
119	a	5
119	by	3
119	eyes	2
119	et	1
119	me	1
119	i	3
119	propernoun	3
119	we	1
119	these	2
119	not	1
119	io	1
119	for	2
119	been	1
119	cause	1
119	its	1
119	why	2
119	notes	3
119	net	1
119	he	1
119	out	1
119	long	1
119	behind	1
119	see	1
119	little	2
119	them	1
119	told	1
119	in	1
119	my	1
119	that	2
119	says	1
119	gold	1
119	arabic4digit	1
119	lies	1
119	if	1
119	doubt	1
119	her	5
119	on	1
119	#sequentialcaps	4
119	#lines	38
119	#maxinitial	5
119	#quotations	8
119	#caplines	14
119	#startwname	1
119	#periods	7
119	#stdev	1228
119	#maxpair	6
119	#startwrubric	1
119	#commas	16
119	#endwpunct	11
119	#questionmarks	1
119	#exclamationpoints	2
119	#textlines	25
119	#endwnumeral	1
119	wordNotInVocab	52
120	le	2
120	remarkable	1
120	il	1
120	en	1
120	la	1
120	arabic3digit	1
120	je	1
120	spirit	1
120	and	2
120	the	1
120	a	3
120	are	1
120	et	2
120	me	1
120	in	1
120	they	1
120	pride	1
120	is	1
120	notes	3
120	of	2
120	de	1
120	#allcapswords	2
120	particular	1
120	fair	1
120	age	1
120	on	1
120	#sequentialcaps	3
120	#lines	35
120	#maxinitial	3
120	#quotations	6
120	#caplines	17
120	#startwname	1
120	#periods	8
120	#stdev	671
120	#maxpair	5
120	#startwrubric	1
120	#commas	9
120	#endwpunct	12
120	#textlines	26
120	#endwnumeral	1
120	wordNotInVocab	103
121	but	1
121	next	1
121	what	1
121	word	1
121	race	1
121	arabic2digit	1
121	le	1
121	other	1
121	c	1
121	certain	1
121	il	1
121	into	2
121	some	1
121	poor	1
121	poets	1
121	court	1
121	may	1
121	passed	1
121	romannumeral	1
121	have	1
121	je	1
121	and	4
121	the	5
121	words	2
121	a	1
121	y	1
121	co	1
121	et	1
121	me	1
121	de	1
121	propernoun	2
121	io	1
121	perhaps	1
121	notes	3
121	common	1
121	press	1
121	long	1
121	lane	1
121	of	3
121	can	1
121	in	2
121	#allcapswords	12
121	hands	1
121	ere	1
121	elegant	1
121	fair	1
121	like	1
121	do	1
121	#sequentialcaps	2
121	#lines	29
121	#maxinitial	3
121	#quotations	5
121	#caplines	10
121	#startwname	4
121	#periods	10
121	#stdev	1031
121	#maxpair	3
121	#commas	15
121	#endwpunct	13
121	#exclamationpoints	1
121	#textlines	21
121	wordNotInVocab	57
122	#textlines	0
123	#textlines	0
124	#textlines	0
125	the	1
125	due	1
125	last	1
125	#allcapswords	5
125	arabic3digit	3
125	arabic2digit	1
125	arabic4digit	1
125	this	1
125	date	1
125	below	1
125	stamped	1
125	book	1
125	is	1
125	on	1
125	#lines	8
125	#maxinitial	1
125	#caplines	2
125	#periods	2
125	#stdev	335
125	#maxpair	1
125	#endwpunct	1
125	#textlines	4
125	#endwnumeral	2
125	wordNotInVocab	3
126	the	1
126	of	1
126	southern	1
126	#allcapswords	11
126	library	1
126	los	1
126	placename	1
126	#lines	8
126	#maxinitial	1
126	#caplines	3
126	#startwname	2
126	#stdev	982
126	#maxpair	2
126	#textlines	4
126	wordNotInVocab	6
127	#textlines	0
