-1	#metaDrama	0
0	arabic1digit	21
0	arabicprice	1
0	t	1
0	o	3
0	propernoun	1
0	romannumeral	1
0	i	4
0	#allcapswords	7
0	j	1
0	#sequentialcaps	2
0	#lines	66
0	#maxinitial	2
0	#caplines	6
0	#startwname	2
0	#periods	1
0	#stdev	239
0	#maxpair	3
0	#endwpunct	1
0	#textlines	28
0	#endwnumeral	14
0	wordNotInVocab	4
1	#textlines	0
2	written	1
2	with	1
2	the	4
2	under	1
2	arabic2digit	1
2	r	2
2	e	3
2	by	2
2	n	1
2	now	1
2	d	2
2	h	1
2	personalname	1
2	in	2
2	at	1
2	propernoun	2
2	f	1
2	additions	1
2	comedy	1
2	representation	1
2	five	1
2	printed	1
2	for	1
2	t	2
2	romannumeral	2
2	one	1
2	w	1
2	of	1
2	afterwards	1
2	acts	1
2	and	1
2	price	1
2	no	1
2	a	1
2	#allcapswords	34
2	to	1
2	street	1
2	#sequentialcaps	4
2	#lines	33
2	#maxinitial	3
2	#caplines	15
2	#startwname	2
2	#periods	12
2	#stdev	1470
2	#maxpair	5
2	#startwrubric	3
2	#commas	5
2	#endwpunct	10
2	#textlines	16
2	wordNotInVocab	14
3	#textlines	0
4	written	2
4	arabic1digit	3
4	edition	1
4	also	1
4	would	2
4	plain	1
4	two	2
4	d	1
4	life	4
4	esq	1
4	all	1
4	now	1
4	manner	1
4	length	1
4	character	1
4	plays	1
4	engraved	4
4	brown	1
4	city	1
4	theatre	4
4	printed	1
4	comedy	2
4	romannumeral	1
4	will	1
4	be	1
4	style	1
4	one	2
4	w	1
4	as	5
4	dramatic	1
4	placename	2
4	price	2
4	portrait	3
4	i	1
4	wife	1
4	and	9
4	she	2
4	with	6
4	the	13
4	those	1
4	mrs	3
4	performed	4
4	each	1
4	a	15
4	by	14
4	new	1
4	taken	2
4	in	15
4	at	7
4	of	8
4	propernoun	9
4	soon	1
4	not	1
4	mr	3
4	beautiful	1
4	is	4
4	seeing	1
4	five	2
4	royal	6
4	for	1
4	personalname	4
4	#allcapswords	23
4	frontispiece	1
4	full	1
4	r	1
4	love	1
4	arabicprice	1
4	it	1
4	from	8
4	country	1
4	illustrated	1
4	#sequentialcaps	3
4	#lines	47
4	#maxinitial	5
4	#caplines	12
4	#startwname	1
4	#periods	27
4	#stdev	1484
4	#maxpair	6
4	#commas	42
4	#endwpunct	14
4	#textlines	34
4	wordNotInVocab	66
5	arabic1digit	1
5	the	1
5	b	1
5	mad	3
5	dramatis	1
5	mrs	2
5	men	1
5	ditto	1
5	placename	1
5	propernoun	8
5	j	1
5	k	1
5	personalname	9
5	old	1
5	fool	1
5	gentlemen	1
5	r	1
5	of	3
5	women	1
5	and	6
5	i	1
5	mr	16
5	a	2
5	#allcapswords	11
5	servant	2
5	lay	1
5	jones	2
5	#sequentialcaps	15
5	#lines	91
5	#maxinitial	26
5	#caplines	55
5	#startwname	28
5	#periods	51
5	#stdev	419
5	#maxpair	29
5	#startwrubric	26
5	#commas	30
5	#endwpunct	39
5	#textlines	59
5	#endwnumeral	1
5	wordNotInVocab	44
6	arabic1digit	2
6	what	1
6	tender	1
6	would	1
6	does	1
6	scene	1
6	too	3
6	upon	3
6	have	1
6	all	2
6	am	1
6	room	1
6	sweet	1
6	let	4
6	act	1
6	with	3
6	every	1
6	man	6
6	house	1
6	may	2
6	fool	1
6	enter	1
6	yes	1
6	child	1
6	wind	1
6	will	2
6	but	3
6	think	1
6	to	3
6	follow	1
6	brave	1
6	and	4
6	young	1
6	i	8
6	#allcapswords	16
6	she	2
6	her	12
6	not	1
6	that	1
6	excellent	1
6	the	2
6	none	2
6	him	1
6	this	1
6	sir	1
6	be	2
6	you	7
6	rich	1
6	a	16
6	by	2
6	your	2
6	don't	1
6	force	3
6	eyes	1
6	are	2
6	in	2
6	make	1
6	dog	1
6	propernoun	4
6	any	1
6	these	1
6	hear	1
6	seems	1
6	beautiful	1
6	is	3
6	away	1
6	liberty	1
6	father	4
6	fo	7
6	see	1
6	gentleman	1
6	fly	1
6	strong	2
6	of	4
6	can	3
6	doubt	1
6	good	1
6	my	3
6	it	3
6	no	2
6	nature	1
6	fair	1
6	noble	2
6	therefore	1
6	how	1
6	#sequentialcaps	2
6	#lines	47
6	#maxinitial	5
6	#caplines	14
6	#startwname	8
6	#periods	17
6	#stdev	1324
6	#maxpair	8
6	#startwrubric	6
6	#commas	21
6	#endwpunct	13
6	#questionmarks	8
6	#exclamationpoints	2
6	#textlines	31
6	wordNotInVocab	50
7	b	1
7	what	2
7	seen	1
7	would	2
7	never	1
7	life	2
7	whose	1
7	all	3
7	into	1
7	nothing	1
7	has	3
7	man	1
7	their	1
7	an	1
7	romannumeral	2
7	nor	1
7	as	1
7	i'll	1
7	know	3
7	young	1
7	who	1
7	p	1
7	#allcapswords	17
7	left	1
7	that	5
7	his	2
7	you	8
7	a	10
7	was	2
7	dead	1
7	only	1
7	eyes	1
7	whom	1
7	in	2
7	secret	1
7	fear	1
7	judge	1
7	old	1
7	yet	4
7	out	1
7	fo	2
7	see	1
7	trial	1
7	family	1
7	alas	1
7	it	3
7	no	1
7	fellow	2
7	view	1
7	though	1
7	put	1
7	arabic1digit	1
7	ha	1
7	different	1
7	but	1
7	tender	1
7	there	1
7	g	1
7	other	1
7	too	1
7	upon	1
7	break	1
7	if	1
7	where	1
7	have	4
7	some	2
7	make	1
7	devil	1
7	wish	1
7	with	1
7	so	1
7	hard	1
7	must	1
7	sweet	1
7	will	1
7	hope	2
7	ever	1
7	one	1
7	thought	1
7	much	1
7	and	4
7	i	11
7	far	1
7	indeed	1
7	she	1
7	her	5
7	to	4
7	m	1
7	the	8
7	this	2
7	sir	2
7	find	1
7	be	1
7	r	1
7	or	1
7	more	1
7	at	1
7	ere	1
7	head	1
7	lb	1
7	such	2
7	foe	1
7	is	1
7	not	2
7	em	1
7	for	3
7	personalname	3
7	he	6
7	pray	1
7	of	3
7	can	1
7	my	3
7	small	1
7	mortal	1
7	from	1
7	charge	1
7	answer	1
7	till	1
7	nature	1
7	plays	1
7	doubt	1
7	#sequentialcaps	2
7	#lines	57
7	#maxinitial	6
7	#quotations	1
7	#caplines	15
7	#startwname	10
7	#periods	23
7	#stdev	1366
7	#maxpair	9
7	#startwrubric	12
7	#commas	28
7	#endwpunct	17
7	#questionmarks	3
7	#exclamationpoints	2
7	#textlines	38
7	wordNotInVocab	79
8	arabic1digit	1
8	occasion	1
8	b	1
8	better	1
8	but	4
8	religious	1
8	world	1
8	g	1
8	i	11
8	bound	1
8	desire	1
8	anything	1
8	lady	1
8	have	1
8	there	2
8	all	4
8	down	1
8	tears	2
8	has	1
8	o	1
8	make	2
8	nothing	2
8	poor	1
8	very	1
8	with	2
8	leave	1
8	hope	1
8	court	1
8	may	1
8	ah	1
8	enter	1
8	romannumeral	2
8	my	4
8	will	5
8	said	1
8	mistress	1
8	not	1
8	i'm	1
8	here	1
8	tis	1
8	turn	1
8	every	1
8	as	1
8	know	4
8	and	10
8	young	2
8	secret	1
8	a	7
8	#allcapswords	19
8	she	3
8	her	8
8	father	1
8	day	1
8	his	4
8	m	1
8	the	4
8	those	1
8	him	1
8	this	1
8	by	1
8	be	3
8	you	10
8	too	1
8	r	1
8	was	2
8	or	1
8	shame	2
8	look	2
8	now	1
8	heart	1
8	more	1
8	are	1
8	your	2
8	me	3
8	in	2
8	who	1
8	gone	1
8	fear	1
8	propernoun	3
8	these	1
8	door	1
8	j	1
8	do	1
8	business	1
8	is	3
8	gentle	1
8	sir	1
8	for	3
8	personalname	1
8	why	1
8	gentlemen	1
8	keep	1
8	he	2
8	fo	4
8	pray	3
8	what	1
8	left	1
8	then	1
8	of	2
8	can	1
8	to	8
8	pity	2
8	that	2
8	from	1
8	friends	1
8	about	1
8	hands	1
8	goes	1
8	money	1
8	fair	1
8	noble	1
8	exit	1
8	how	3
8	say	2
8	on	2
8	#sequentialcaps	3
8	#lines	53
8	#maxinitial	8
8	#caplines	17
8	#startwname	7
8	#periods	29
8	#stdev	1405
8	#maxpair	9
8	#startwrubric	10
8	#commas	32
8	#endwpunct	20
8	#questionmarks	2
8	#exclamationpoints	1
8	#textlines	38
8	wordNotInVocab	62
9	arabic1digit	1
9	marriage	1
9	what	5
9	would	3
9	enough	1
9	become	1
9	never	1
9	want	2
9	whose	1
9	too	1
9	hour	1
9	have	2
9	there	2
9	all	1
9	see	1
9	light	1
9	some	2
9	yet	1
9	devil	1
9	found	1
9	away	1
9	with	1
9	man	2
9	duty	1
9	may	3
9	fool	2
9	heaven	2
9	my	3
9	will	1
9	but	5
9	let	1
9	example	1
9	tis	1
9	poor	3
9	know	1
9	is	1
9	i	10
9	young	1
9	pity	1
9	and	3
9	to	5
9	that	3
9	the	2
9	our	2
9	indeed	1
9	him	1
9	this	1
9	find	1
9	give	1
9	could	2
9	be	3
9	you	7
9	a	9
9	as	2
9	look	1
9	don't	1
9	more	1
9	thank	2
9	your	4
9	thy	1
9	me	2
9	in	2
9	at	2
9	thousand	1
9	ye	1
9	fear	1
9	propernoun	3
9	we	1
9	not	1
9	such	3
9	exeunt	1
9	madam	4
9	memory	1
9	joy	3
9	why	1
9	father	1
9	are	1
9	for	2
9	old	1
9	better	1
9	#allcapswords	14
9	gentlemen	1
9	men	2
9	full	1
9	of	3
9	doubt	1
9	leave	1
9	course	1
9	send	1
9	alas	2
9	it	3
9	no	1
9	from	2
9	scene	1
9	fellow	1
9	view	1
9	name	1
9	if	1
9	go	1
9	do	1
9	husband	1
9	#sequentialcaps	3
9	#lines	49
9	#maxinitial	7
9	#caplines	12
9	#periods	33
9	#stdev	1496
9	#maxpair	7
9	#startwrubric	9
9	#commas	21
9	#endwpunct	17
9	#questionmarks	4
9	#exclamationpoints	2
9	#textlines	36
9	wordNotInVocab	57
10	arabic1digit	1
10	ha	2
10	arabicprice	2
10	how	1
10	what	3
10	us	1
10	would	2
10	mine	1
10	does	2
10	hast	2
10	are	1
10	scene	1
10	bound	1
10	call	1
10	did	1
10	there	1
10	love	1
10	can	1
10	make	1
10	without	1
10	with	2
10	man	1
10	heaven	2
10	yes	1
10	romannumeral	1
10	my	1
10	mistress	2
10	ever	1
10	o	2
10	i'm	2
10	it	2
10	stand	1
10	an	1
10	kind	1
10	done	1
10	young	1
10	i	3
10	get	1
10	#allcapswords	9
10	why	1
10	her	1
10	to	5
10	the	7
10	no	1
10	our	1
10	men	1
10	this	1
10	be	4
10	you	7
10	or	1
10	look	1
10	your	5
10	soft	1
10	me	3
10	in	2
10	still	1
10	propernoun	4
10	these	2
10	off	1
10	tis	2
10	not	1
10	tell	1
10	for	2
10	personalname	1
10	friend	7
10	old	2
10	better	1
10	way	1
10	thou	2
10	keep	1
10	thy	1
10	she	1
10	fo	2
10	i'll	1
10	see	1
10	sure	2
10	of	5
10	worship	1
10	thee	1
10	could	1
10	doubt	1
10	port	5
10	that	3
10	and	6
10	foot	1
10	if	2
10	go	1
10	do	2
10	when	1
10	#sequentialcaps	5
10	#lines	57
10	#maxinitial	6
10	#caplines	13
10	#startwname	3
10	#periods	30
10	#stdev	1452
10	#maxpair	8
10	#startwrubric	8
10	#commas	20
10	#endwpunct	18
10	#questionmarks	4
10	#exclamationpoints	8
10	#textlines	36
10	#endwnumeral	1
10	wordNotInVocab	66
11	arabic1digit	3
11	reverend	1
11	what	7
11	ready	1
11	personalname	1
11	through	1
11	but	4
11	g	1
11	should	1
11	bound	1
11	here	2
11	holy	2
11	well	2
11	have	5
11	all	2
11	this	3
11	make	1
11	very	3
11	beauty	1
11	with	1
11	man	1
11	ah	1
11	four	1
11	young	1
11	romannumeral	5
11	lady	1
11	will	1
11	living	1
11	ever	1
11	motion	1
11	w	1
11	poor	3
11	upon	1
11	and	4
11	i	5
11	blood	1
11	enough	1
11	that	2
11	far	1
11	a	8
11	#allcapswords	12
11	use	1
11	to	8
11	his	3
11	m	1
11	the	4
11	our	2
11	voyage	1
11	dear	1
11	sir	4
11	language	1
11	you	7
11	r	2
11	or	1
11	new	1
11	they	1
11	your	4
11	eyes	1
11	are	5
11	in	1
11	at	2
11	aside	1
11	propernoun	2
11	we	3
11	these	3
11	nothing	2
11	off	1
11	old	3
11	looked	1
11	business	1
11	is	1
11	not	2
11	way	2
11	em	1
11	for	1
11	yet	2
11	virtue	1
11	daughter	1
11	keep	1
11	he	1
11	too	2
11	see	1
11	little	1
11	then	1
11	heard	1
11	got	1
11	of	7
11	me	1
11	people	4
11	come	2
11	no	2
11	days	1
11	country	1
11	money	1
11	good	1
11	like	1
11	company	1
11	do	2
11	her	3
11	#sequentialcaps	2
11	#lines	56
11	#maxinitial	7
11	#quotations	1
11	#caplines	14
11	#startwname	6
11	#periods	30
11	#stdev	1379
11	#maxpair	8
11	#startwrubric	6
11	#commas	19
11	#endwpunct	18
11	#questionmarks	8
11	#exclamationpoints	3
11	#textlines	38
11	wordNotInVocab	67
12	what	1
12	wrong	1
12	would	2
12	does	1
12	never	1
12	since	1
12	good	2
12	hear	1
12	o	1
12	sin	1
12	more	3
12	exeunt	1
12	my	2
12	but	4
12	i'm	1
12	tis	1
12	every	1
12	as	1
12	an	1
12	i'll	2
12	still	1
12	young	2
12	again	1
12	#allcapswords	6
12	that	4
12	those	1
12	him	3
12	you	6
12	a	7
12	only	1
12	men	1
12	in	1
12	ye	3
12	business	1
12	rather	1
12	heavenly	1
12	yet	1
12	why	1
12	grave	1
12	mind	1
12	fo	2
12	see	2
12	then	1
12	port	1
12	it	1
12	gold	1
12	understand	1
12	money	2
12	put	1
12	say	1
12	arabic1digit	3
12	captain	1
12	other	1
12	too	3
12	upon	2
12	have	2
12	there	1
12	very	1
12	with	1
12	may	2
12	fool	1
12	enter	1
12	must	3
12	once	1
12	will	3
12	be	4
12	motion	1
12	poor	1
12	thought	1
12	kind	1
12	and	2
12	i	3
12	her	1
12	to	5
12	look	2
12	the	6
12	this	2
12	sir	4
12	find	1
12	up	2
12	give	1
12	or	2
12	by	1
12	here	2
12	your	2
12	point	1
12	are	4
12	at	1
12	propernoun	3
12	we	1
12	light	1
12	such	1
12	face	2
12	is	1
12	than	1
12	not	1
12	em	3
12	for	1
12	go	1
12	of	3
12	any	1
12	half	1
12	do	1
12	come	1
12	if	1
12	both	1
12	exit	1
12	kingdom	1
12	on	2
12	#sequentialcaps	2
12	#lines	51
12	#maxinitial	5
12	#caplines	12
12	#startwname	7
12	#periods	27
12	#stdev	1296
12	#maxpair	6
12	#startwrubric	9
12	#commas	23
12	#endwpunct	19
12	#questionmarks	10
12	#exclamationpoints	2
12	#textlines	36
12	#endwnumeral	1
12	wordNotInVocab	76
13	arabic1digit	1
13	holy	2
13	what	6
13	would	4
13	when	1
13	makes	1
13	we	1
13	soon	1
13	should	1
13	high	1
13	him	2
13	have	1
13	remember	1
13	all	4
13	sir	1
13	make	1
13	let	1
13	very	1
13	with	2
13	man	1
13	end	3
13	their	2
13	for	4
13	heaven	2
13	enter	1
13	my	3
13	fair	1
13	mistress	1
13	but	1
13	ever	2
13	wish	1
13	old	2
13	knew	1
13	poor	2
13	grace	1
13	port	1
13	kind	1
13	much	1
13	and	8
13	your	5
13	young	1
13	more	2
13	i	6
13	peace	1
13	a	3
13	way	1
13	her	2
13	to	5
13	that	3
13	crown	1
13	the	2
13	our	1
13	find	1
13	by	1
13	be	4
13	hand	1
13	you	9
13	shall	1
13	or	1
13	mean	1
13	guide	1
13	about	1
13	heart	2
13	are	5
13	in	1
13	they	2
13	aside	1
13	propernoun	2
13	pretty	1
13	these	2
13	may	2
13	exeunt	1
13	madam	2
13	tis	1
13	strong	1
13	is	2
13	than	1
13	not	3
13	virtue	1
13	friend	1
13	yet	2
13	why	1
13	#allcapswords	9
13	seek	1
13	men	1
13	he	2
13	fo	2
13	too	2
13	thoughts	1
13	of	1
13	me	1
13	this	1
13	were	2
13	good	3
13	glorious	1
13	it	4
13	at	1
13	ask	1
13	fellow	1
13	money	1
13	his	2
13	if	1
13	do	1
13	say	1
13	pity	1
13	#sequentialcaps	3
13	#lines	55
13	#maxinitial	7
13	#quotations	1
13	#caplines	15
13	#startwname	6
13	#periods	28
13	#stdev	1477
13	#maxpair	8
13	#startwrubric	9
13	#commas	19
13	#endwpunct	16
13	#questionmarks	4
13	#textlines	38
13	wordNotInVocab	64
14	arabic1digit	2
14	holy	1
14	take	1
14	waves	1
14	but	3
14	have	2
14	would	3
14	feel	1
14	world	1
14	does	1
14	g	1
14	never	1
14	want	1
14	too	2
14	upon	1
14	like	2
14	him	2
14	of	3
14	all	1
14	am	2
14	service	1
14	has	1
14	lady	1
14	some	1
14	man	2
14	may	1
14	us	1
14	well	1
14	yes	1
14	romannumeral	2
14	my	3
14	fortune	1
14	fair	1
14	source	1
14	great	1
14	angel	1
14	alone	1
14	as	1
14	and	6
14	i'll	1
14	yours	1
14	young	2
14	i	7
14	far	2
14	a	3
14	appear	1
14	p	1
14	#allcapswords	14
14	why	1
14	to	5
14	that	1
14	his	2
14	m	1
14	the	6
14	words	1
14	this	2
14	sir	4
14	find	1
14	looks	1
14	up	1
14	be	5
14	you	14
14	r	1
14	or	4
14	look	1
14	your	5
14	don't	1
14	make	1
14	for	2
14	are	2
14	made	1
14	me	5
14	still	1
14	aside	4
14	mighty	1
14	hear	2
14	off	2
14	such	1
14	madam	1
14	something	1
14	worthy	1
14	not	1
14	were	2
14	personalname	2
14	though	1
14	thus	1
14	old	3
14	he	6
14	fo	1
14	little	1
14	sure	1
14	love	1
14	do	2
14	alas	1
14	it	1
14	no	2
14	from	3
14	back	1
14	fellow	1
14	country	1
14	right	1
14	if	1
14	exit	1
14	how	2
14	speak	2
14	on	1
14	#sequentialcaps	4
14	#lines	53
14	#maxinitial	7
14	#quotations	1
14	#caplines	17
14	#startwname	5
14	#periods	27
14	#stdev	1248
14	#maxpair	8
14	#startwrubric	8
14	#commas	27
14	#endwpunct	20
14	#questionmarks	5
14	#exclamationpoints	4
14	#textlines	38
14	#endwnumeral	1
14	wordNotInVocab	70
15	holy	1
15	let	1
15	what	1
15	waves	1
15	word	1
15	saw	1
15	does	1
15	money	1
15	g	1
15	want	3
15	too	2
15	upon	1
15	spoke	1
15	dare	1
15	have	1
15	remember	1
15	all	2
15	am	2
15	see	1
15	in	1
15	has	1
15	make	1
15	yourself	1
15	very	1
15	from	1
15	face	1
15	must	1
15	more	1
15	as	2
15	their	1
15	hold	1
15	for	1
15	romannumeral	1
15	my	2
15	will	2
15	said	1
15	but	2
15	without	1
15	one	1
15	great	1
15	first	1
15	here	3
15	round	1
15	and	7
15	just	1
15	comes	1
15	who	1
15	far	1
15	r	1
15	a	4
15	p	1
15	#allcapswords	18
15	left	1
15	to	3
15	that	5
15	his	1
15	m	1
15	example	1
15	the	4
15	words	1
15	him	2
15	sir	1
15	be	10
15	hand	3
15	you	3
15	shall	1
15	was	1
15	live	1
15	y	1
15	look	2
15	your	2
15	now	1
15	are	1
15	me	7
15	i	13
15	gone	1
15	propernoun	4
15	en	1
15	danger	1
15	io	1
15	yet	2
15	madam	1
15	tis	3
15	is	1
15	not	2
15	heaven	1
15	personalname	2
15	how	1
15	thus	2
15	why	1
15	seek	3
15	he	11
15	lost	1
15	fo	3
15	myself	3
15	little	1
15	sure	1
15	full	1
15	can	1
15	this	2
15	speak	1
15	good	2
15	it	7
15	happy	1
15	they	1
15	take	3
15	enter	1
15	till	1
15	lies	1
15	something	1
15	noble	2
15	exit	2
15	do	1
15	when	1
15	#sequentialcaps	2
15	#lines	53
15	#maxinitial	7
15	#quotations	1
15	#caplines	18
15	#startwname	9
15	#periods	29
15	#stdev	1397
15	#maxpair	9
15	#startwrubric	11
15	#commas	22
15	#endwpunct	21
15	#questionmarks	3
15	#exclamationpoints	4
15	#textlines	37
15	wordNotInVocab	59
16	treatment	1
16	arabic1digit	1
16	no	1
16	what	2
16	seen	1
16	through	3
16	enough	1
16	makes	2
16	ill	1
16	oh	1
16	air	1
16	fortune	1
16	break	1
16	where	1
16	have	2
16	e	2
16	love	2
16	all	1
16	vain	1
16	room	1
16	has	1
16	make	1
16	without	1
16	act	1
16	follow	1
16	more	1
16	end	1
16	house	1
16	body	1
16	must	1
16	my	6
16	will	1
16	thy	1
16	but	2
16	here	2
16	knew	1
16	it	2
16	poor	1
16	every	1
16	duty	1
16	i'll	1
16	many	1
16	and	6
16	done	2
16	much	1
16	a	3
16	indeed	1
16	#allcapswords	25
16	she	1
16	her	1
16	to	3
16	day	1
16	romannumeral	5
16	the	5
16	none	1
16	him	5
16	am	1
16	prove	1
16	j	1
16	shall	1
16	was	1
16	fo	1
16	look	1
16	don't	1
16	s	1
16	n	1
16	did	1
16	me	5
16	in	3
16	i	13
16	of	4
16	propernoun	5
16	now	1
16	nothing	1
16	madam	1
16	know	1
16	tis	2
16	is	2
16	earth	1
16	than	1
16	father	1
16	tell	2
16	for	2
16	personalname	2
16	laws	1
16	enter	1
16	way	1
16	seek	2
16	youth	1
16	he	6
16	see	1
16	can	1
16	sure	1
16	fly	2
16	go	1
16	home	2
16	thee	1
16	this	1
16	lay	1
16	alas	1
16	that	2
16	gave	1
16	fellow	1
16	which	1
16	something	1
16	if	1
16	exit	2
16	how	1
16	power	1
16	#sequentialcaps	4
16	#lines	62
16	#maxinitial	7
16	#caplines	22
16	#startwname	4
16	#periods	24
16	#stdev	1519
16	#maxpair	8
16	#startwrubric	5
16	#commas	16
16	#endwpunct	20
16	#questionmarks	7
16	#exclamationpoints	5
16	#textlines	34
16	wordNotInVocab	39
17	what	2
17	but	3
17	would	1
17	get	1
17	ill	2
17	come	1
17	g	1
17	either	1
17	upon	1
17	where	3
17	arabic2digit	1
17	had	1
17	all	4
17	should	1
17	lady	1
17	devil	1
17	once	1
17	very	1
17	from	1
17	with	3
17	more	2
17	well	2
17	yes	1
17	romannumeral	1
17	my	1
17	said	1
17	give	1
17	open	1
17	knew	1
17	know	3
17	and	3
17	i'll	1
17	reason	1
17	i	10
17	shall	1
17	indeed	1
17	#allcapswords	16
17	she	4
17	her	12
17	to	3
17	m	1
17	the	7
17	council	1
17	him	1
17	sir	6
17	find	1
17	by	1
17	could	2
17	be	1
17	you	16
17	r	1
17	or	3
17	because	1
17	lie	1
17	look	1
17	news	1
17	are	1
17	did	2
17	me	3
17	in	1
17	they	2
17	ye	2
17	propernoun	2
17	nothing	1
17	tis	2
17	is	2
17	not	3
17	one	1
17	tell	2
17	were	3
17	p	1
17	personalname	1
17	why	3
17	way	1
17	out	2
17	pray	1
17	been	1
17	please	2
17	another	1
17	of	6
17	thee	1
17	port	2
17	who	1
17	that	1
17	call	1
17	which	1
17	if	3
17	anything	1
17	servant	3
17	lay	2
17	say	1
17	#sequentialcaps	2
17	#lines	55
17	#maxinitial	8
17	#caplines	20
17	#startwname	9
17	#periods	32
17	#stdev	1605
17	#maxpair	10
17	#startwrubric	18
17	#commas	34
17	#endwpunct	23
17	#questionmarks	7
17	#exclamationpoints	3
17	#textlines	38
17	wordNotInVocab	58
18	ha	3
18	fancy	1
18	what	2
18	but	5
18	arabic2digit	1
18	would	1
18	mad	2
18	propernoun	1
18	or	1
18	another	1
18	will	1
18	g	1
18	never	1
18	since	1
18	serve	6
18	have	4
18	family	1
18	all	1
18	knows	2
18	some	1
18	make	1
18	devil	1
18	fall	1
18	every	1
18	news	2
18	house	1
18	get	1
18	s	4
18	enter	2
18	romannumeral	1
18	my	4
18	any	1
18	one	1
18	think	1
18	wise	1
18	poor	1
18	flight	1
18	i'll	3
18	know	8
18	and	4
18	at	1
18	p	2
18	worth	1
18	i	12
18	a	5
18	this	1
18	indeed	1
18	#allcapswords	25
18	she	6
18	her	8
18	to	2
18	that	2
18	m	1
18	the	11
18	sir	4
18	find	3
18	be	3
18	young	1
18	you	9
18	r	1
18	was	1
18	live	1
18	because	3
18	your	3
18	for	2
18	n	2
18	thy	1
18	much	1
18	in	4
18	gone	4
18	here	1
18	we	1
18	nothing	2
18	is	1
18	not	3
18	tell	1
18	were	2
18	again	1
18	well	2
18	way	2
18	he	2
18	out	4
18	fo	1
18	too	2
18	been	2
18	then	1
18	must	1
18	of	10
18	me	2
18	could	1
18	la	1
18	come	1
18	it	3
18	day	1
18	gold	1
18	gave	1
18	which	1
18	dog	3
18	if	3
18	servant	3
18	do	1
18	where	1
18	#sequentialcaps	2
18	#lines	65
18	#maxinitial	9
18	#caplines	27
18	#startwname	10
18	#periods	35
18	#stdev	1118
18	#maxpair	11
18	#startwrubric	18
18	#commas	44
18	#endwpunct	16
18	#questionmarks	3
18	#textlines	39
18	#endwnumeral	1
18	wordNotInVocab	73
19	fortune	1
19	serve	5
19	arabic2digit	1
19	into	1
19	f	2
19	more	1
19	end	1
19	yes	1
19	my	4
19	but	1
19	an	1
19	i'll	5
19	know	1
19	young	2
19	danger	1
19	p	6
19	and	8
19	his	1
19	you	11
19	a	7
19	was	3
19	dog	1
19	me	3
19	in	2
19	i	5
19	ye	1
19	from	2
19	days	1
19	j	1
19	tis	2
19	comes	1
19	again	2
19	carefully	1
19	out	2
19	fo	2
19	keep	2
19	arms	1
19	little	1
19	love	1
19	garden	4
19	leave	1
19	he	1
19	exeunt	2
19	that	1
19	no	2
19	take	1
19	about	2
19	saw	1
19	do	1
19	arabic1digit	1
19	ha	1
19	the	16
19	get	1
19	horse	1
19	want	1
19	too	1
19	upon	1
19	hour	1
19	where	1
19	there	3
19	wind	1
19	devil	2
19	very	2
19	best	1
19	with	3
19	so	1
19	may	1
19	well	3
19	must	2
19	give	2
19	let	2
19	it	4
19	conduct	1
19	within	1
19	indeed	1
19	she	1
19	her	13
19	to	5
19	us	1
19	this	4
19	sir	5
19	up	1
19	be	1
19	east	1
19	shall	2
19	or	2
19	your	1
19	are	1
19	at	1
19	right	1
19	propernoun	4
19	hear	1
19	such	1
19	over	2
19	personalname	1
19	thou	1
19	you'll	1
19	please	2
19	account	1
19	got	1
19	of	6
19	how	1
19	#allcapswords	6
19	foot	4
19	if	3
19	power	1
19	on	1
19	#sequentialcaps	2
19	#lines	57
19	#maxinitial	6
19	#quotations	1
19	#caplines	14
19	#startwname	6
19	#periods	28
19	#stdev	1345
19	#maxpair	11
19	#startwrubric	11
19	#commas	50
19	#endwpunct	20
19	#questionmarks	8
19	#exclamationpoints	2
19	#textlines	40
19	wordNotInVocab	79
20	arabic1digit	1
20	exit	1
20	truth	1
20	whose	1
20	through	1
20	prove	1
20	example	1
20	war	1
20	have	1
20	vain	1
20	f	2
20	some	1
20	make	1
20	devil	1
20	nor	1
20	follow	1
20	so	2
20	may	3
20	loves	1
20	don	1
20	i'll	3
20	and	3
20	my	1
20	will	2
20	give	1
20	would	1
20	cannot	1
20	i	4
20	a	3
20	#allcapswords	6
20	she	1
20	faith	1
20	her	4
20	to	4
20	his	1
20	the	3
20	this	1
20	even	1
20	woman	1
20	each	1
20	you	1
20	or	1
20	brave	1
20	mind	1
20	me	3
20	in	1
20	kill	1
20	gone	1
20	fear	1
20	propernoun	5
20	run	1
20	for	1
20	t	1
20	old	2
20	way	1
20	little	1
20	of	2
20	can	1
20	song	1
20	he	3
20	doubt	1
20	neither	1
20	no	1
20	take	1
20	be	1
20	at	1
20	#sequentialcaps	4
20	#lines	60
20	#maxinitial	5
20	#quotations	3
20	#caplines	34
20	#startwname	6
20	#periods	4
20	#stdev	714
20	#maxpair	8
20	#commas	26
20	#endwpunct	33
20	#textlines	38
20	#endwnumeral	1
20	wordNotInVocab	56
21	brought	2
21	arabicprice	4
21	us	3
21	but	2
21	have	6
21	get	1
21	become	1
21	our	1
21	any	2
21	that	4
21	g	1
21	scene	1
21	don't	1
21	even	1
21	where	1
21	arabic2digit	1
21	there	2
21	all	3
21	while	1
21	tears	1
21	before	1
21	laws	1
21	let	1
21	short	1
21	best	1
21	with	1
21	word	1
21	may	1
21	enter	1
21	yes	1
21	romannumeral	2
21	my	2
21	at	1
21	i'm	1
21	it	1
21	nor	1
21	king	2
21	i'll	2
21	know	1
21	and	10
21	young	1
21	boy	1
21	others	1
21	useful	1
21	who	2
21	poor	1
21	a	5
21	within	1
21	p	1
21	#allcapswords	11
21	to	1
21	late	1
21	the	7
21	no	3
21	those	1
21	neither	1
21	be	2
21	you	4
21	fear	1
21	r	1
21	or	1
21	now	3
21	are	1
21	i	2
21	ft	1
21	pretty	1
21	propernoun	2
21	we	9
21	their	2
21	hear	1
21	nothing	1
21	tis	1
21	business	1
21	again	1
21	not	2
21	sir	1
21	want	1
21	yet	1
21	why	1
21	good	1
21	gentlemen	1
21	keep	1
21	he	5
21	out	9
21	captain	2
21	gentleman	1
21	sure	1
21	of	4
21	speak	1
21	in	4
21	found	1
21	none	1
21	friends	1
21	if	2
21	like	1
21	company	1
21	m	1
21	#sequentialcaps	4
21	#lines	50
21	#maxinitial	6
21	#quotations	1
21	#caplines	11
21	#startwname	1
21	#periods	27
21	#stdev	1245
21	#maxpair	7
21	#startwrubric	5
21	#commas	18
21	#endwpunct	20
21	#questionmarks	4
21	#textlines	33
21	wordNotInVocab	62
22	be	1
22	fancy	1
22	take	1
22	what	4
22	brought	1
22	have	2
22	would	1
22	enough	1
22	pretty	1
22	soon	1
22	d	1
22	want	1
22	too	2
22	upon	2
22	where	1
22	arabic2digit	1
22	there	2
22	family	1
22	all	1
22	some	1
22	carried	1
22	had	2
22	best	1
22	off	1
22	with	2
22	country	1
22	wood	1
22	hard	1
22	for	2
22	well	1
22	word	2
22	my	2
22	but	1
22	open	1
22	speak	1
22	looking	1
22	here	2
22	poor	1
22	as	1
22	i'll	1
22	know	1
22	and	5
22	i	7
22	woman	1
22	who	1
22	shall	1
22	again	1
22	#allcapswords	13
22	to	8
22	his	4
22	fellow	2
22	the	6
22	were	2
22	our	1
22	him	7
22	this	5
22	sir	3
22	give	1
22	young	1
22	you	12
22	a	11
22	excellent	1
22	was	2
22	or	1
22	blessed	1
22	born	1
22	took	1
22	now	1
22	heart	1
22	only	1
22	lips	1
22	are	3
22	your	2
22	did	1
22	me	4
22	almost	1
22	hither	1
22	mother	1
22	from	1
22	we	3
22	boy	1
22	i'm	1
22	face	2
22	something	2
22	not	2
22	one	2
22	personalname	1
22	why	1
22	virtue	1
22	keep	1
22	don't	2
22	he	5
22	out	1
22	part	1
22	pray	2
22	use	2
22	little	2
22	sure	4
22	of	3
22	do	1
22	alas	1
22	in	5
22	come	1
22	it	3
22	charge	1
22	about	2
22	which	1
22	money	2
22	if	1
22	like	1
22	put	1
22	how	1
22	answer	1
22	when	1
22	#sequentialcaps	2
22	#lines	50
22	#maxinitial	4
22	#quotations	1
22	#caplines	12
22	#startwname	1
22	#periods	22
22	#stdev	1314
22	#maxpair	6
22	#startwrubric	7
22	#commas	29
22	#endwpunct	17
22	#questionmarks	9
22	#exclamationpoints	3
22	#textlines	38
22	#endwnumeral	1
22	wordNotInVocab	65
23	arabic1digit	1
23	ha	1
23	brought	2
23	cried	1
23	no	1
23	what	5
23	carried	1
23	ready	1
23	word	1
23	but	2
23	have	4
23	enemy	1
23	g	1
23	since	1
23	less	1
23	fate	1
23	honour	1
23	arabic2digit	1
23	family	1
23	all	4
23	into	1
23	light	1
23	let	1
23	devil	1
23	alone	1
23	meet	2
23	like	1
23	with	1
23	talk	1
23	man	1
23	may	1
23	fool	1
23	such	1
23	knows	1
23	my	5
23	will	1
23	at	1
23	hast	1
23	fortune	1
23	stand	1
23	tongue	1
23	i'll	1
23	know	2
23	and	11
23	face	1
23	dost	1
23	hand	1
23	found	1
23	wilt	1
23	shall	1
23	a	3
23	p	1
23	#allcapswords	18
23	use	1
23	to	4
23	that	4
23	his	3
23	m	1
23	the	9
23	father	1
23	him	1
23	am	3
23	so	1
23	you	5
23	r	1
23	was	1
23	art	2
23	point	1
23	your	3
23	now	2
23	men	1
23	thy	5
23	me	5
23	in	1
23	i	12
23	propernoun	1
23	two	1
23	exeunt	1
23	sword	1
23	is	1
23	not	3
23	tell	1
23	were	1
23	for	2
23	personalname	1
23	yet	1
23	thou	8
23	keep	1
23	out	1
23	fo	2
23	part	1
23	most	1
23	been	2
23	please	1
23	arms	1
23	then	4
23	must	1
23	of	3
23	can	2
23	thee	5
23	cannot	1
23	do	4
23	good	1
23	come	1
23	it	2
23	hither	1
23	friends	1
23	hands	1
23	nature	1
23	noble	2
23	romannumeral	1
23	lay	1
23	on	1
23	#sequentialcaps	2
23	#lines	52
23	#maxinitial	6
23	#caplines	15
23	#startwname	1
23	#periods	27
23	#stdev	1357
23	#maxpair	7
23	#startwrubric	12
23	#commas	19
23	#endwpunct	14
23	#questionmarks	6
23	#textlines	37
23	wordNotInVocab	61
24	arabic1digit	2
24	holy	3
24	but	1
24	due	1
24	bring	1
24	sword	2
24	seen	1
24	master	1
24	would	1
24	have	3
24	propernoun	1
24	spanish	1
24	fortune	1
24	should	1
24	court	1
24	too	2
24	upon	1
24	given	1
24	arabic2digit	1
24	cast	1
24	all	2
24	often	1
24	service	2
24	immediately	1
24	has	1
24	laws	1
24	had	1
24	meet	1
24	with	2
24	here	1
24	more	1
24	end	1
24	government	1
24	enter	1
24	wilt	1
24	my	2
24	will	2
24	fit	1
24	sorrow	1
24	good	1
24	every	1
24	as	1
24	i'll	3
24	know	1
24	and	9
24	young	1
24	fame	1
24	a	6
24	save	1
24	#allcapswords	10
24	to	4
24	that	3
24	his	2
24	the	5
24	him	1
24	this	2
24	sir	3
24	find	1
24	up	1
24	be	2
24	you	9
24	captain	3
24	was	1
24	shame	1
24	art	1
24	look	1
24	your	4
24	want	1
24	heart	1
24	thy	6
24	me	1
24	in	1
24	i	7
24	shall	2
24	we	1
24	d	1
24	felt	2
24	appear	1
24	tis	1
24	is	1
24	than	1
24	not	2
24	mighty	1
24	were	2
24	for	1
24	personalname	1
24	since	1
24	noble	1
24	thou	4
24	he	2
24	out	1
24	honour	1
24	used	1
24	what	2
24	gentleman	1
24	then	3
24	full	1
24	of	3
24	thee	3
24	sort	3
24	ye	1
24	it	5
24	fo	1
24	which	1
24	fair	1
24	like	3
24	come	2
24	however	1
24	when	3
24	#sequentialcaps	2
24	#lines	57
24	#maxinitial	8
24	#caplines	13
24	#startwname	2
24	#periods	27
24	#stdev	1217
24	#maxpair	10
24	#startwrubric	11
24	#commas	25
24	#endwpunct	16
24	#questionmarks	3
24	#exclamationpoints	1
24	#textlines	37
24	#endwnumeral	1
24	wordNotInVocab	66
25	arabic1digit	1
25	holy	2
25	thing	1
25	what	3
25	us	2
25	have	7
25	would	1
25	religious	1
25	already	1
25	bear	1
25	anything	1
25	arabic2digit	1
25	we'll	1
25	should	2
25	p	1
25	make	3
25	let	1
25	more	1
25	up	2
25	heaven	1
25	religion	1
25	and	3
25	will	2
25	one	1
25	am	2
25	it	1
25	i'll	2
25	know	2
25	joy	1
25	blood	2
25	way	1
25	i	10
25	done	1
25	over	1
25	indeed	1
25	to	4
25	excellent	1
25	the	6
25	no	6
25	our	2
25	him	1
25	this	1
25	captain	1
25	become	1
25	be	7
25	you	11
25	a	4
25	able	1
25	or	3
25	by	1
25	your	5
25	don't	2
25	are	3
25	feel	1
25	red	1
25	in	4
25	at	2
25	ye	2
25	fear	1
25	we	1
25	chief	1
25	they	1
25	i'm	1
25	care	1
25	tis	1
25	is	1
25	not	5
25	were	1
25	for	1
25	why	3
25	#allcapswords	12
25	christians	1
25	out	2
25	fo	1
25	two	1
25	then	1
25	of	3
25	with	2
25	show	1
25	do	4
25	called	1
25	come	2
25	that	2
25	hearts	1
25	though	1
25	if	1
25	put	1
25	therefore	1
25	say	1
25	enough	1
25	#sequentialcaps	3
25	#lines	56
25	#maxinitial	7
25	#caplines	13
25	#startwname	4
25	#periods	28
25	#stdev	1332
25	#maxpair	7
25	#startwrubric	11
25	#commas	18
25	#endwpunct	20
25	#questionmarks	8
25	#exclamationpoints	1
25	#textlines	38
25	wordNotInVocab	78
26	what	1
26	ever	1
26	would	1
26	any	1
26	life	1
26	himself	1
26	arabic2digit	1
26	all	2
26	has	2
26	o	1
26	let	1
26	man	1
26	their	1
26	for	5
26	romannumeral	2
26	my	3
26	against	1
26	die	1
26	run	1
26	nor	2
26	killed	1
26	as	7
26	an	1
26	i'll	1
26	cannot	1
26	hand	1
26	again	1
26	#allcapswords	16
26	his	5
26	excellent	1
26	him	6
26	you	3
26	a	2
26	art	1
26	don't	1
26	thy	1
26	me	1
26	in	1
26	ye	4
26	boy	1
26	tis	1
26	comes	1
26	father	1
26	thus	1
26	yet	1
26	why	2
26	fo	1
26	see	1
26	then	2
26	them	1
26	that	1
26	proud	1
26	no	4
26	few	1
26	though	1
26	like	2
26	fancy	1
26	the	7
26	but	2
26	enough	1
26	sure	1
26	g	1
26	too	1
26	have	5
26	make	4
26	devil	3
26	with	5
26	wilt	2
26	will	1
26	own	1
26	here	2
26	it	3
26	alone	1
26	many	1
26	and	5
26	thine	2
26	i	10
26	to	4
26	m	1
26	us	1
26	this	2
26	take	2
26	be	4
26	charge	1
26	r	1
26	or	3
26	out	1
26	your	1
26	done	2
26	at	3
26	mother	1
26	we	2
26	such	2
26	is	2
26	than	1
26	not	4
26	enter	1
26	lives	1
26	thou	6
26	about	2
26	he	7
26	goes	1
26	another	1
26	full	1
26	got	1
26	of	2
26	thee	2
26	been	1
26	glory	1
26	being	1
26	if	2
26	exit	1
26	on	1
26	#sequentialcaps	2
26	#lines	58
26	#maxinitial	6
26	#caplines	15
26	#startwname	4
26	#periods	30
26	#stdev	1243
26	#maxpair	10
26	#startwrubric	11
26	#commas	18
26	#endwpunct	18
26	#questionmarks	7
26	#textlines	38
26	#endwnumeral	1
26	wordNotInVocab	73
27	arabic1digit	1
27	how	2
27	what	1
27	would	3
27	enough	1
27	were	1
27	shall	2
27	bell	1
27	him	3
27	have	1
27	there	1
27	should	1
27	o	1
27	devil	2
27	nor	1
27	from	1
27	man	1
27	enter	1
27	child	1
27	romannumeral	1
27	will	1
27	m	1
27	as	1
27	i'm	1
27	here	1
27	die	1
27	powers	1
27	turn	1
27	work	1
27	i'll	2
27	dost	1
27	young	2
27	more	1
27	i	5
27	a	5
27	p	1
27	and	4
27	she	1
27	to	8
27	the	8
27	it	3
27	nay	1
27	this	1
27	sir	6
27	be	3
27	you	5
27	r	1
27	or	1
27	shame	1
27	art	2
27	look	1
27	don't	1
27	are	1
27	thy	3
27	me	5
27	in	3
27	aside	1
27	ye	1
27	fear	1
27	propernoun	1
27	g	1
27	boy	3
27	off	1
27	save	1
27	business	1
27	strong	1
27	is	2
27	worthy	1
27	not	1
27	heaven	2
27	for	2
27	sacred	1
27	why	1
27	#allcapswords	14
27	thou	3
27	myself	1
27	yes	1
27	he	2
27	fo	1
27	pray	1
27	prithee	1
27	can	1
27	thee	2
27	do	6
27	alas	1
27	still	1
27	come	3
27	that	3
27	no	3
27	back	1
27	which	1
27	dog	2
27	if	2
27	girl	1
27	#sequentialcaps	4
27	#lines	61
27	#maxinitial	7
27	#caplines	22
27	#startwname	11
27	#periods	40
27	#stdev	1496
27	#maxpair	8
27	#startwrubric	19
27	#commas	28
27	#endwpunct	24
27	#questionmarks	11
27	#textlines	38
27	wordNotInVocab	68
28	arabic1digit	1
28	truth	1
28	what	2
28	ye	1
28	word	1
28	but	3
28	man	2
28	sure	1
28	again	1
28	has	1
28	g	1
28	done	1
28	too	1
28	hour	1
28	arabic2digit	1
28	in	1
28	dare	1
28	question	1
28	sir	1
28	make	2
28	poor	1
28	with	2
28	must	2
28	more	2
28	heaven	2
28	well	1
28	child	2
28	romannumeral	1
28	my	1
28	will	1
28	thy	1
28	have	1
28	one	1
28	i'll	3
28	think	1
28	great	1
28	die	1
28	as	3
28	an	1
28	tongue	1
28	would	1
28	and	3
28	gentle	1
28	i	6
28	a	5
28	p	1
28	#allcapswords	12
28	to	7
28	that	1
28	his	1
28	m	1
28	the	3
28	it	1
28	him	1
28	this	2
28	could	1
28	be	2
28	you	7
28	heat	1
28	r	1
28	above	1
28	by	2
28	guide	1
28	your	3
28	now	2
28	are	2
28	feel	1
28	me	1
28	short	1
28	who	2
28	pray	3
28	fear	1
28	propernoun	1
28	blessed	1
28	boy	4
28	tis	1
28	is	1
28	than	1
28	not	4
28	private	1
28	em	1
28	personalname	1
28	why	1
28	thank	2
28	thou	4
28	he	2
28	fo	4
28	life	1
28	most	1
28	then	2
28	of	2
28	can	1
28	thee	2
28	do	1
28	good	2
28	no	1
28	from	1
28	ask	1
28	right	2
28	if	2
28	go	2
28	how	1
28	age	1
28	#sequentialcaps	2
28	#lines	65
28	#maxinitial	9
28	#quotations	1
28	#caplines	22
28	#startwname	14
28	#periods	37
28	#stdev	1467
28	#maxpair	9
28	#startwrubric	20
28	#commas	16
28	#endwpunct	22
28	#questionmarks	8
28	#exclamationpoints	1
28	#textlines	38
28	#endwnumeral	2
28	wordNotInVocab	65
29	take	1
29	what	2
29	appears	1
29	would	1
29	world	1
29	d	1
29	life	1
29	behold	1
29	arabic2digit	1
29	all	2
29	has	2
29	do	5
29	child	1
29	romannumeral	1
29	my	1
29	said	1
29	die	6
29	hut	1
29	i'll	1
29	who	1
29	p	1
29	#allcapswords	14
29	father	1
29	his	5
29	it	5
29	looks	1
29	you	11
29	a	6
29	hell	1
29	made	1
29	me	2
29	boy	2
29	off	1
29	tis	1
29	peace	1
29	again	1
29	since	1
29	thus	1
29	yet	1
29	why	1
29	turned	1
29	fo	1
29	pardon	1
29	see	2
29	then	3
29	love	1
29	leave	1
29	alas	1
29	that	2
29	no	1
29	view	1
29	say	1
29	when	1
29	meet	1
29	but	2
29	g	1
29	too	2
29	upon	1
29	him	9
29	have	7
29	given	1
29	while	1
29	therefore	1
29	fool	1
29	heaven	2
29	will	1
29	hope	1
29	let	4
29	here	1
29	wise	1
29	poor	1
29	much	1
29	and	6
29	i	7
29	r	2
29	indeed	1
29	to	11
29	m	1
29	the	9
29	fit	2
29	enemy	1
29	this	1
29	sir	2
29	up	1
29	be	1
29	shall	1
29	your	8
29	now	3
29	are	2
29	death	1
29	at	1
29	right	1
29	we	1
29	on	2
29	know	2
29	is	3
29	than	1
29	not	1
29	were	1
29	wings	1
29	for	2
29	how	1
29	noble	1
29	thou	1
29	he	7
29	done	1
29	of	2
29	come	1
29	from	1
29	ask	1
29	regard	1
29	soul	1
29	if	2
29	both	1
29	go	2
29	#sequentialcaps	2
29	#lines	52
29	#maxinitial	6
29	#caplines	11
29	#startwname	4
29	#periods	25
29	#stdev	1107
29	#maxpair	7
29	#startwrubric	8
29	#commas	23
29	#endwpunct	16
29	#questionmarks	8
29	#exclamationpoints	1
29	#textlines	37
29	wordNotInVocab	71
30	arabicprice	1
30	meet	1
30	us	2
30	but	4
30	e	1
30	honest	1
30	shalt	1
30	never	2
30	scene	1
30	upon	1
30	that	2
30	marry	1
30	arabic2digit	2
30	of	2
30	all	1
30	g	1
30	o	2
30	make	1
30	let	1
30	find	1
30	act	1
30	with	2
30	talk	1
30	has	2
30	heaven	1
30	enter	1
30	child	1
30	romannumeral	3
30	hast	1
30	i'm	1
30	knew	1
30	nor	1
30	tongue	1
30	i'll	1
30	and	5
30	young	1
30	i	6
30	shall	2
30	a	4
30	p	1
30	#allcapswords	23
30	her	2
30	to	2
30	strange	1
30	m	1
30	the	7
30	none	1
30	our	1
30	him	1
30	this	1
30	sir	2
30	be	1
30	you	1
30	r	1
30	was	1
30	about	1
30	don't	1
30	more	1
30	thank	1
30	done	1
30	me	2
30	gone	2
30	from	1
30	ye	2
30	propernoun	3
30	we	2
30	boy	3
30	save	1
30	exeunt	2
30	business	1
30	believe	1
30	is	1
30	than	1
30	for	1
30	personalname	2
30	why	1
30	gentlemen	1
30	thou	2
30	he	2
30	out	2
30	fo	3
30	thy	1
30	heard	1
30	love	2
30	alas	1
30	good	1
30	come	3
30	it	1
30	happy	1
30	no	1
30	saw	1
30	noble	1
30	company	1
30	exit	1
30	#sequentialcaps	2
30	#lines	51
30	#maxinitial	6
30	#caplines	18
30	#startwname	5
30	#periods	33
30	#stdev	1526
30	#maxpair	6
30	#startwrubric	9
30	#commas	19
30	#endwpunct	20
30	#questionmarks	1
30	#exclamationpoints	3
30	#textlines	31
30	#endwnumeral	1
30	wordNotInVocab	47
31	arabic1digit	1
31	h	1
31	bring	1
31	thing	1
31	what	5
31	carried	1
31	but	2
31	arabic2digit	1
31	would	3
31	went	1
31	oh	1
31	g	1
31	never	1
31	these	1
31	if	1
31	where	2
31	did	1
31	have	5
31	there	1
31	of	3
31	all	2
31	dare	2
31	has	1
31	o	1
31	let	1
31	devil	1
31	very	1
31	am	2
31	en	1
31	us	1
31	till	1
31	enter	1
31	romannumeral	2
31	my	2
31	will	1
31	thy	1
31	living	1
31	true	1
31	open	1
31	called	1
31	think	2
31	here	2
31	it	3
31	through	1
31	know	2
31	and	8
31	i	12
31	a	3
31	again	1
31	#allcapswords	18
31	she	4
31	her	9
31	not	6
31	strange	1
31	that	7
31	m	1
31	with	1
31	the	2
31	no	1
31	our	1
31	him	3
31	this	4
31	captain	1
31	could	1
31	woman	2
31	sent	1
31	r	1
31	might	1
31	was	2
31	by	1
31	don't	2
31	s	1
31	brought	1
31	death	1
31	me	10
31	at	1
31	hither	1
31	gone	1
31	ye	3
31	had	5
31	propernoun	2
31	we	3
31	fell	1
31	business	1
31	tis	1
31	is	3
31	why	3
31	father	1
31	prithee	1
31	told	1
31	for	4
31	personalname	1
31	on	1
31	came	1
31	better	1
31	thou	2
31	he	1
31	go	2
31	fo	1
31	part	1
31	used	1
31	now	1
31	them	1
31	night	1
31	you	4
31	to	5
31	twas	1
31	been	2
31	none	1
31	back	1
31	fellow	1
31	which	1
31	lies	1
31	care	2
31	be	1
31	how	2
31	when	1
31	#sequentialcaps	2
31	#lines	52
31	#maxinitial	5
31	#quotations	1
31	#caplines	13
31	#startwname	3
31	#periods	22
31	#stdev	1235
31	#maxpair	7
31	#startwrubric	8
31	#commas	20
31	#endwpunct	15
31	#questionmarks	7
31	#exclamationpoints	3
31	#textlines	37
31	wordNotInVocab	48
32	arabic1digit	1
32	ten	2
32	them	1
32	what	2
32	master	1
32	but	2
32	lose	2
32	enough	1
32	swear	1
32	horse	2
32	order	1
32	long	1
32	again	1
32	will	1
32	g	1
32	into	1
32	want	1
32	daughter	3
32	too	2
32	anything	1
32	where	1
32	next	1
32	arabic2digit	1
32	there	2
32	down	1
32	boy	1
32	take	1
32	has	2
32	o	1
32	e	1
32	yourself	1
32	devil	1
32	had	1
32	with	3
32	before	1
32	exeunt	1
32	enter	1
32	romannumeral	1
32	my	6
32	have	10
32	called	1
32	i'm	2
32	through	1
32	an	1
32	i'll	5
32	many	1
32	and	9
32	dost	1
32	i	14
32	a	7
32	think	3
32	p	1
32	#allcapswords	23
32	to	5
32	that	1
32	his	3
32	m	2
32	the	5
32	guide	1
32	him	12
32	am	1
32	sir	2
32	be	2
32	you	4
32	r	1
32	or	1
32	engaged	1
32	made	2
32	soon	1
32	now	1
32	your	1
32	thy	1
32	me	2
32	in	4
32	voice	1
32	should	1
32	gone	1
32	thousand	1
32	propernoun	1
32	we	2
32	all	2
32	run	1
32	is	1
32	better	1
32	than	1
32	lay	1
32	for	1
32	woman	2
32	old	1
32	away	1
32	way	1
32	thou	1
32	he	2
32	lost	1
32	fo	1
32	life	1
32	pray	2
32	see	1
32	little	2
32	done	2
32	here	3
32	of	4
32	night	1
32	till	1
32	this	2
32	captain	3
32	led	1
32	out	4
32	been	2
32	fellow	1
32	almost	1
32	exit	2
32	how	1
32	on	1
32	#sequentialcaps	2
32	#lines	50
32	#maxinitial	4
32	#caplines	11
32	#startwname	3
32	#periods	25
32	#stdev	1262
32	#maxpair	6
32	#startwrubric	7
32	#commas	25
32	#endwpunct	15
32	#questionmarks	3
32	#textlines	36
32	#endwnumeral	1
32	wordNotInVocab	57
33	met	1
33	meet	1
33	but	3
33	arabic2digit	1
33	would	3
33	get	1
33	propernoun	4
33	another	1
33	we	4
33	g	1
33	never	1
33	scene	1
33	sure	1
33	upon	1
33	into	1
33	where	1
33	him	2
33	have	5
33	e	1
33	all	5
33	at	2
33	while	1
33	fall	1
33	let	1
33	devil	1
33	poor	1
33	with	1
33	so	1
33	news	1
33	hope	1
33	much	1
33	en	1
33	am	1
33	enter	1
33	romannumeral	3
33	my	3
33	will	1
33	mistress	1
33	woman	2
33	wish	1
33	i'm	3
33	alone	1
33	hands	1
33	part	1
33	i'll	3
33	know	2
33	and	5
33	come	1
33	young	1
33	i	20
33	r	1
33	think	4
33	p	1
33	#allcapswords	29
33	she	2
33	her	9
33	to	2
33	far	1
33	his	2
33	m	1
33	the	5
33	certainly	1
33	dear	1
33	this	2
33	from	1
33	could	3
33	be	2
33	a	6
33	shame	1
33	purpose	1
33	yet	1
33	made	1
33	guide	1
33	wood	1
33	are	2
33	thy	1
33	fo	1
33	in	6
33	till	1
33	had	1
33	head	1
33	already	1
33	these	1
33	wild	1
33	such	1
33	tis	2
33	not	7
33	ad	1
33	for	2
33	old	1
33	he	10
33	out	1
33	resolved	1
33	has	1
33	it	1
33	tree	1
33	got	1
33	of	3
33	me	1
33	any	1
33	do	1
33	pity	1
33	lost	1
33	found	1
33	no	1
33	take	1
33	almost	1
33	sleep	1
33	father	1
33	if	3
33	exit	1
33	own	2
33	#sequentialcaps	3
33	#lines	53
33	#maxinitial	7
33	#caplines	14
33	#startwname	5
33	#periods	35
33	#stdev	1338
33	#maxpair	8
33	#startwrubric	10
33	#commas	17
33	#endwpunct	18
33	#questionmarks	2
33	#textlines	36
33	wordNotInVocab	58
34	living	1
34	thing	1
34	what	6
34	carried	1
34	meet	2
34	us	3
34	would	1
34	head	3
34	pretty	1
34	want	1
34	given	1
34	call	1
34	where	1
34	dear	2
34	arabic2digit	1
34	there	2
34	hear	1
34	o	7
34	poor	1
34	very	1
34	some	2
34	with	1
34	may	1
34	hold	1
34	enter	1
34	child	3
34	and	3
34	my	6
34	have	2
34	going	1
34	think	1
34	here	1
34	knew	1
34	it	1
34	know	2
34	cannot	2
34	dost	4
34	i	12
34	great	1
34	indeed	2
34	#allcapswords	22
34	spent	1
34	to	6
34	the	4
34	air	1
34	him	2
34	am	4
34	sir	1
34	find	1
34	up	2
34	could	1
34	be	1
34	you	1
34	a	4
34	was	1
34	by	1
34	look	2
34	taken	1
34	are	3
34	thy	1
34	me	3
34	in	1
34	mother	1
34	propernoun	2
34	we	4
34	these	1
34	boy	3
34	they	3
34	believe	1
34	is	1
34	not	2
34	were	1
34	matter	1
34	for	1
34	been	1
34	thus	1
34	yet	1
34	why	1
34	thou	3
34	keep	1
34	he	1
34	see	1
34	then	2
34	of	2
34	thee	1
34	place	1
34	this	2
34	do	1
34	alas	1
34	good	2
34	that	1
34	no	1
34	captain	1
34	back	1
34	almost	1
34	if	2
34	anything	1
34	use	1
34	on	1
34	#sequentialcaps	2
34	#lines	58
34	#maxinitial	9
34	#caplines	21
34	#startwname	11
34	#periods	35
34	#stdev	1511
34	#maxpair	9
34	#startwrubric	17
34	#commas	30
34	#endwpunct	23
34	#questionmarks	8
34	#exclamationpoints	4
34	#textlines	37
34	#endwnumeral	1
34	wordNotInVocab	56
35	arabic1digit	1
35	what	2
35	man	1
35	little	1
35	get	2
35	honest	1
35	either	1
35	never	1
35	too	2
35	upon	1
35	every	1
35	lose	1
35	him	1
35	have	1
35	there	2
35	of	1
35	into	1
35	see	1
35	hear	1
35	some	2
35	o	1
35	make	1
35	let	1
35	with	4
35	ay	1
35	heaven	1
35	enter	1
35	word	1
35	once	1
35	will	2
35	but	4
35	i'm	2
35	fortune	1
35	run	2
35	along	2
35	occasion	1
35	tongue	1
35	i'll	1
35	know	3
35	and	7
35	come	2
35	young	1
35	more	1
35	i	10
35	mad	2
35	a	10
35	again	1
35	way	2
35	she	1
35	send	1
35	the	1
35	it	1
35	our	1
35	dear	1
35	this	3
35	sir	1
35	whether	1
35	neither	1
35	give	1
35	you	5
35	shall	1
35	or	3
35	your	1
35	don't	1
35	various	1
35	men	1
35	thy	1
35	me	4
35	in	2
35	face	1
35	mother	1
35	dost	1
35	ye	3
35	propernoun	4
35	we	1
35	these	1
35	boy	4
35	nothing	1
35	exeunt	1
35	now	1
35	care	1
35	tis	2
35	is	2
35	not	2
35	for	2
35	personalname	1
35	#allcapswords	16
35	gentlemen	2
35	are	3
35	thou	1
35	pray	1
35	arms	1
35	can	2
35	then	1
35	nor	1
35	prithee	1
35	night	1
35	thee	4
35	however	1
35	my	2
35	that	1
35	thank	1
35	to	4
35	take	1
35	wild	1
35	which	1
35	money	1
35	if	1
35	gone	1
35	go	2
35	do	1
35	where	1
35	on	1
35	#sequentialcaps	2
35	#lines	57
35	#maxinitial	10
35	#quotations	1
35	#caplines	18
35	#startwname	8
35	#periods	28
35	#stdev	1410
35	#maxpair	11
35	#startwrubric	12
35	#commas	25
35	#endwpunct	18
35	#questionmarks	6
35	#exclamationpoints	5
35	#textlines	36
35	wordNotInVocab	55
36	sword	1
36	what	3
36	ready	1
36	word	1
36	same	1
36	have	4
36	farewell	1
36	remember	1
36	g	1
36	i	12
36	other	1
36	know	1
36	service	1
36	him	2
36	arabic2digit	1
36	there	2
36	of	2
36	don't	1
36	take	2
36	sir	1
36	make	1
36	let	1
36	devil	1
36	very	2
36	must	1
36	more	3
36	heaven	1
36	enter	1
36	romannumeral	2
36	my	2
36	will	1
36	give	1
36	one	1
36	i'm	1
36	here	1
36	fly	2
36	tis	1
36	follow	1
36	i'll	2
36	last	1
36	and	7
36	young	1
36	who	1
36	far	1
36	shall	1
36	a	7
36	p	1
36	#allcapswords	22
36	she	5
36	her	6
36	to	5
36	m	1
36	the	8
36	certainly	1
36	when	1
36	this	2
36	find	1
36	could	1
36	be	5
36	you	5
36	r	1
36	was	4
36	art	1
36	yet	1
36	taken	1
36	talk	1
36	now	1
36	s	1
36	voyage	1
36	me	12
36	at	2
36	aside	2
36	ye	1
36	propernoun	3
36	any	1
36	boy	4
36	father	1
36	exeunt	1
36	woe	1
36	face	1
36	business	1
36	is	1
36	comes	1
36	over	1
36	not	4
36	it	2
36	for	1
36	down	1
36	why	1
36	thou	2
36	mind	1
36	go	1
36	found	1
36	see	1
36	little	1
36	then	1
36	got	1
36	prithee	1
36	can	1
36	he	2
36	return	1
36	how	4
36	good	1
36	come	1
36	been	1
36	no	5
36	captain	1
36	foot	1
36	dog	1
36	send	1
36	if	3
36	company	1
36	exit	1
36	do	3
36	lay	1
36	#sequentialcaps	2
36	#lines	55
36	#maxinitial	5
36	#quotations	1
36	#caplines	17
36	#startwname	3
36	#periods	33
36	#stdev	1210
36	#maxpair	9
36	#startwrubric	10
36	#commas	31
36	#endwpunct	20
36	#questionmarks	2
36	#exclamationpoints	5
36	#textlines	36
36	#endwnumeral	1
36	wordNotInVocab	63
37	what	1
37	us	3
37	horse	1
37	g	1
37	d	1
37	are	5
37	scene	1
37	hour	1
37	every	1
37	another	1
37	arabic2digit	1
37	love	1
37	all	6
37	hear	2
37	has	1
37	wind	1
37	devil	1
37	king	1
37	very	1
37	man	1
37	enter	3
37	romannumeral	2
37	dead	1
37	command	1
37	an	1
37	still	1
37	p	1
37	i	3
37	a	7
37	again	3
37	and	8
37	that	2
37	his	2
37	m	1
37	the	6
37	our	2
37	this	1
37	captain	2
37	be	3
37	each	1
37	r	1
37	by	3
37	third	1
37	taken	2
37	wife	1
37	now	1
37	men	1
37	in	1
37	they	1
37	yes	1
37	propernoun	2
37	we	6
37	j	1
37	tis	2
37	is	1
37	comes	2
37	not	1
37	for	1
37	thousand	2
37	old	1
37	#allcapswords	12
37	ft	1
37	out	9
37	long	1
37	sure	1
37	fly	3
37	of	1
37	he	1
37	ten	1
37	it	3
37	no	1
37	from	1
37	charge	2
37	foot	1
37	do	1
37	on	1
37	#sequentialcaps	6
37	#lines	61
37	#maxinitial	10
37	#caplines	16
37	#startwname	7
37	#periods	44
37	#stdev	1318
37	#maxpair	12
37	#startwrubric	11
37	#commas	17
37	#endwpunct	26
37	#questionmarks	3
37	#exclamationpoints	5
37	#textlines	34
37	wordNotInVocab	60
38	what	9
38	ye	1
38	word	1
38	mad	1
38	horse	1
38	become	1
38	never	2
38	daughter	1
38	post	1
38	himself	1
38	where	1
38	marry	1
38	arabic2digit	1
38	there	3
38	all	2
38	into	2
38	f	1
38	while	1
38	has	1
38	army	1
38	king	1
38	had	1
38	from	2
38	with	2
38	man	1
38	their	1
38	lord	2
38	such	1
38	enter	2
38	could	1
38	my	5
38	will	1
38	respect	1
38	but	3
38	think	1
38	here	3
38	wise	1
38	every	1
38	who	1
38	an	1
38	mercy	1
38	upon	1
38	much	1
38	and	4
38	young	1
38	i	9
38	shall	1
38	again	1
38	#allcapswords	13
38	enough	1
38	to	7
38	was	1
38	whole	1
38	the	6
38	no	2
38	indeed	1
38	sir	4
38	find	1
38	by	1
38	up	1
38	ay	3
38	be	4
38	you	9
38	a	12
38	boy	1
38	play	1
38	taken	1
38	now	2
38	are	3
38	made	1
38	did	2
38	me	3
38	they	1
38	fear	1
38	propernoun	4
38	any	1
38	these	1
38	hear	1
38	nothing	1
38	exeunt	1
38	run	1
38	is	4
38	not	1
38	it	5
38	em	1
38	for	2
38	on	1
38	thus	2
38	old	1
38	out	2
38	fo	1
38	behind	1
38	pardon	1
38	little	1
38	done	1
38	heard	1
38	of	4
38	night	1
38	near	1
38	danger	2
38	your	1
38	come	1
38	that	5
38	captain	1
38	saw	2
38	do	4
38	say	1
38	#sequentialcaps	1
38	#lines	51
38	#maxinitial	5
38	#caplines	19
38	#startwname	7
38	#periods	19
38	#stdev	1270
38	#maxpair	6
38	#startwrubric	7
38	#commas	27
38	#endwpunct	18
38	#questionmarks	15
38	#exclamationpoints	3
38	#textlines	37
38	#endwnumeral	1
38	wordNotInVocab	67
39	arabic1digit	1
39	who	1
39	take	1
39	personalname	1
39	but	1
39	arabic2digit	1
39	get	2
39	time	1
39	e	1
39	met	2
39	any	1
39	daughter	1
39	too	1
39	makes	1
39	where	1
39	him	4
39	have	2
39	there	2
39	all	2
39	how	1
39	some	3
39	has	5
39	o	1
39	laws	1
39	let	2
39	devil	1
39	wish	1
39	had	1
39	from	1
39	with	4
39	news	1
39	house	1
39	arabic3digit	1
39	romannumeral	1
39	my	1
39	here	2
39	run	1
39	women	1
39	short	1
39	still	1
39	know	1
39	very	1
39	come	2
39	young	1
39	hi	1
39	that	4
39	great	1
39	mad	3
39	p	1
39	and	3
39	she	3
39	her	6
39	to	2
39	m	2
39	the	9
39	our	1
39	game	1
39	this	2
39	sir	1
39	looks	1
39	up	2
39	you	2
39	a	8
39	enter	1
39	by	1
39	heart	1
39	me	3
39	in	8
39	i	6
39	wine	1
39	propernoun	2
39	we	3
39	night	1
39	boy	3
39	such	2
39	exeunt	1
39	tis	1
39	is	2
39	not	1
39	tell	1
39	blue	2
39	scene	1
39	thus	1
39	yet	1
39	away	1
39	#allcapswords	10
39	keep	4
39	he	2
39	arabicprice	1
39	h	1
39	it	1
39	then	1
39	of	3
39	can	1
39	sense	1
39	true	1
39	longer	1
39	been	1
39	no	3
39	almost	1
39	stay	1
39	his	3
39	if	1
39	like	1
39	go	1
39	doubt	1
39	on	1
39	#sequentialcaps	1
39	#lines	56
39	#maxinitial	7
39	#caplines	13
39	#startwname	8
39	#periods	38
39	#stdev	1309
39	#maxpair	7
39	#startwrubric	10
39	#commas	13
39	#endwpunct	21
39	#questionmarks	6
39	#exclamationpoints	1
39	#textlines	36
39	wordNotInVocab	64
40	who	3
40	arabicprice	1
40	have	3
40	mad	3
40	propernoun	1
40	year	1
40	we	1
40	two	1
40	thee	1
40	scene	1
40	other	1
40	too	1
40	to	4
40	anything	1
40	serve	1
40	arabic2digit	1
40	into	1
40	see	1
40	room	1
40	o	2
40	make	1
40	let	1
40	some	1
40	whole	1
40	house	2
40	fool	8
40	enter	2
40	romannumeral	1
40	my	1
40	will	3
40	but	1
40	one	1
40	i'm	1
40	great	1
40	devil	1
40	good	1
40	an	2
40	give	3
40	i'll	2
40	and	11
40	i	3
40	a	9
40	#allcapswords	9
40	she	1
40	her	1
40	his	4
40	crown	1
40	with	3
40	the	7
40	him	1
40	looks	1
40	even	1
40	be	1
40	island	1
40	you	4
40	shall	3
40	shame	1
40	art	1
40	here	1
40	are	1
40	me	8
40	in	4
40	they	1
40	head	1
40	these	1
40	ye	1
40	dear	1
40	exeunt	1
40	is	1
40	away	1
40	f	1
40	peace	2
40	em	3
40	for	3
40	personalname	1
40	thousand	1
40	thus	1
40	down	1
40	thou	2
40	keep	6
40	he	2
40	fine	1
40	then	1
40	full	1
40	of	3
40	leave	1
40	people	1
40	four	2
40	come	2
40	that	1
40	small	1
40	play	1
40	right	1
40	three	1
40	english	1
40	friend	1
40	go	2
40	when	1
40	own	1
40	#sequentialcaps	3
40	#lines	60
40	#maxinitial	7
40	#caplines	17
40	#startwname	5
40	#periods	39
40	#stdev	1364
40	#maxpair	14
40	#startwrubric	9
40	#commas	25
40	#endwpunct	24
40	#questionmarks	6
40	#exclamationpoints	3
40	#textlines	37
40	#endwnumeral	1
40	wordNotInVocab	59
41	who	1
41	truth	1
41	arabicprice	3
41	what	1
41	that	3
41	but	1
41	have	5
41	not	1
41	enough	2
41	mad	1
41	grief	1
41	again	1
41	g	1
41	friend	2
41	too	1
41	arabic2digit	1
41	look	1
41	all	3
41	there	2
41	make	2
41	nothing	2
41	devil	1
41	find	2
41	with	6
41	ay	2
41	met	1
41	man	1
41	may	1
41	fool	2
41	heaven	1
41	enter	1
41	romannumeral	1
41	my	2
41	will	1
41	any	1
41	i'm	1
41	nor	2
41	as	1
41	from	2
41	i'll	1
41	and	9
41	young	1
41	i	4
41	r	1
41	a	4
41	p	1
41	#allcapswords	11
41	sound	1
41	to	2
41	loved	1
41	letters	1
41	his	4
41	m	1
41	the	5
41	none	1
41	him	5
41	this	1
41	sir	4
41	talk	1
41	be	3
41	you	9
41	shall	1
41	or	3
41	matter	1
41	here	1
41	don't	1
41	are	1
41	bed	1
41	in	3
41	they	1
41	propernoun	1
41	we	3
41	light	1
41	received	1
41	exeunt	1
41	j	1
41	is	1
41	comes	1
41	sweet	1
41	em	1
41	for	2
41	away	2
41	gentlemen	1
41	mark	1
41	keep	2
41	go	1
41	long	1
41	pray	2
41	then	1
41	full	1
41	yet	1
41	of	2
41	can	1
41	me	1
41	he	1
41	doubt	1
41	seen	1
41	come	2
41	found	1
41	thank	1
41	no	6
41	take	1
41	sleep	1
41	sometimes	1
41	if	2
41	both	1
41	do	1
41	#sequentialcaps	5
41	#lines	56
41	#maxinitial	5
41	#caplines	10
41	#startwname	7
41	#periods	35
41	#stdev	1307
41	#maxpair	7
41	#startwrubric	7
41	#commas	22
41	#endwpunct	20
41	#questionmarks	6
41	#textlines	36
41	wordNotInVocab	64
42	lose	1
42	who	1
42	met	1
42	through	1
42	what	5
42	us	1
42	arabic2digit	1
42	mad	1
42	than	1
42	farewell	2
42	arabicprice	3
42	never	1
42	upon	1
42	have	3
42	love	1
42	all	2
42	this	1
42	has	1
42	let	3
42	had	1
42	find	1
42	some	1
42	with	2
42	man	4
42	do	2
42	for	2
42	sea	2
42	make	2
42	but	1
42	one	1
42	alas	2
42	think	3
42	here	2
42	poor	2
42	wish	1
42	rise	2
42	work	1
42	i'll	1
42	and	7
42	come	1
42	your	1
42	clouds	1
42	i	7
42	turn	1
42	strange	1
42	that	1
42	his	1
42	m	1
42	the	9
42	dark	1
42	him	7
42	am	2
42	sir	2
42	lord	1
42	you	5
42	a	3
42	or	1
42	lie	1
42	now	4
42	more	2
42	are	1
42	mercy	1
42	me	1
42	in	3
42	at	2
42	ye	5
42	fear	4
42	propernoun	1
42	we	1
42	these	1
42	days	1
42	is	4
42	liberty	1
42	not	2
42	tell	2
42	on	3
42	old	1
42	#allcapswords	10
42	gentlemen	1
42	thank	1
42	keep	1
42	he	1
42	you'll	1
42	hall	1
42	full	1
42	of	5
42	doubt	1
42	to	3
42	my	2
42	it	5
42	does	1
42	earth	1
42	from	1
42	fo	1
42	back	1
42	be	1
42	like	1
42	sky	1
42	go	1
42	how	3
42	three	1
42	#sequentialcaps	2
42	#lines	48
42	#maxinitial	5
42	#caplines	10
42	#startwname	8
42	#periods	33
42	#stdev	1258
42	#maxpair	8
42	#startwrubric	8
42	#commas	20
42	#endwpunct	19
42	#questionmarks	8
42	#exclamationpoints	5
42	#textlines	37
42	#endwnumeral	1
42	wordNotInVocab	71
43	arabic1digit	2
43	white	1
43	bring	1
43	seen	1
43	waves	1
43	but	2
43	would	1
43	propernoun	2
43	g	1
43	all	2
43	have	2
43	loud	1
43	till	1
43	fall	1
43	music	2
43	let	1
43	act	1
43	with	2
43	country	1
43	enter	1
43	romannumeral	3
43	once	1
43	scene	1
43	my	3
43	command	1
43	nor	2
43	as	1
43	give	1
43	i'll	1
43	and	2
43	town	1
43	i	5
43	shall	1
43	a	3
43	#allcapswords	16
43	to	1
43	peace	1
43	his	1
43	m	1
43	the	5
43	none	1
43	guide	1
43	sir	1
43	be	1
43	r	1
43	or	1
43	you	1
43	your	1
43	now	2
43	for	2
43	soft	1
43	end	1
43	in	2
43	at	1
43	ye	6
43	head	1
43	such	1
43	within	1
43	business	1
43	not	2
43	em	1
43	p	1
43	down	2
43	notes	1
43	gentlemen	1
43	are	1
43	he	1
43	fo	1
43	see	1
43	arms	1
43	gentleman	1
43	of	3
43	me	1
43	leave	1
43	near	1
43	show	1
43	come	1
43	that	1
43	proud	1
43	no	1
43	himself	1
43	if	1
43	go	1
43	before	1
43	power	1
43	her	2
43	#sequentialcaps	4
43	#lines	49
43	#maxinitial	4
43	#quotations	1
43	#caplines	20
43	#startwname	2
43	#periods	17
43	#stdev	1107
43	#maxpair	5
43	#startwrubric	2
43	#commas	18
43	#endwpunct	21
43	#textlines	28
43	wordNotInVocab	49
44	arabic1digit	2
44	personalname	1
44	word	1
44	arabic2digit	1
44	gentleman	1
44	think	1
44	flower	1
44	too	2
44	have	6
44	there	2
44	all	1
44	this	1
44	hear	1
44	some	1
44	o	1
44	make	1
44	poor	1
44	very	3
44	with	3
44	leave	1
44	so	1
44	more	1
44	house	3
44	may	1
44	fool	6
44	heaven	2
44	well	3
44	must	1
44	my	3
44	will	1
44	but	1
44	one	2
44	sent	1
44	as	5
44	an	1
44	still	1
44	give	1
44	i'll	4
44	and	11
44	children	1
44	fine	1
44	much	1
44	mad	1
44	a	12
44	#allcapswords	16
44	she	2
44	follow	1
44	happy	1
44	his	1
44	st	1
44	the	5
44	him	1
44	am	4
44	sir	3
44	be	2
44	you	7
44	shall	1
44	hundred	1
44	was	1
44	or	1
44	here	3
44	your	2
44	now	1
44	thank	1
44	made	1
44	done	1
44	me	4
44	in	6
44	i	14
44	enter	1
44	do	1
44	ye	5
44	propernoun	1
44	not	1
44	boy	1
44	they	1
44	such	2
44	know	1
44	tis	4
44	is	3
44	father	1
44	for	3
44	woman	1
44	old	1
44	way	1
44	exit	1
44	thou	1
44	he	2
44	fo	3
44	little	2
44	of	2
44	night	1
44	thee	2
44	place	1
44	to	2
44	blood	1
44	it	2
44	does	1
44	no	3
44	ask	1
44	if	1
44	like	1
44	servant	1
44	before	1
44	aside	3
44	#sequentialcaps	7
44	#lines	56
44	#maxinitial	14
44	#caplines	17
44	#startwname	11
44	#periods	32
44	#stdev	1399
44	#maxpair	14
44	#startwrubric	13
44	#commas	35
44	#endwpunct	20
44	#questionmarks	2
44	#exclamationpoints	2
44	#textlines	36
44	#endwnumeral	1
44	wordNotInVocab	61
45	arabic1digit	1
45	golden	1
45	but	1
45	have	2
45	would	2
45	propernoun	1
45	sure	2
45	hast	1
45	especially	1
45	honest	1
45	g	1
45	keep	1
45	high	1
45	anything	1
45	lady	2
45	arabic2digit	1
45	exit	1
45	river	1
45	into	1
45	sweet	1
45	service	1
45	thee	3
45	very	1
45	man	1
45	fool	4
45	heaven	2
45	yes	2
45	sent	1
45	romannumeral	1
45	my	1
45	mistress	1
45	here	3
45	as	3
45	an	1
45	twas	1
45	last	1
45	and	12
45	hand	1
45	i	11
45	shall	3
45	a	8
45	p	1
45	#allcapswords	17
45	god	1
45	left	1
45	her	6
45	to	8
45	m	1
45	the	8
45	him	1
45	am	1
45	from	2
45	find	1
45	could	1
45	be	2
45	you	4
45	r	1
45	town	1
45	live	1
45	art	1
45	your	1
45	now	1
45	love	1
45	made	1
45	thy	1
45	me	4
45	in	5
45	at	1
45	ye	2
45	pretty	1
45	such	1
45	face	1
45	tis	1
45	over	2
45	not	1
45	tell	2
45	for	5
45	together	1
45	away	1
45	way	1
45	dare	1
45	thou	2
45	myself	2
45	he	1
45	she	1
45	long	1
45	pray	8
45	see	1
45	little	1
45	then	4
45	gentleman	1
45	of	3
45	can	1
45	conversation	1
45	this	3
45	how	3
45	ten	1
45	come	1
45	that	3
45	thank	1
45	no	1
45	take	2
45	days	1
45	mountain	1
45	something	1
45	if	1
45	go	1
45	do	1
45	on	1
45	#sequentialcaps	3
45	#lines	57
45	#maxinitial	12
45	#caplines	16
45	#startwname	10
45	#periods	35
45	#stdev	1422
45	#maxpair	13
45	#startwrubric	14
45	#commas	28
45	#endwpunct	20
45	#questionmarks	2
45	#exclamationpoints	1
45	#textlines	38
45	#endwnumeral	1
45	wordNotInVocab	66
46	tears	1
46	lie	1
46	what	1
46	they	1
46	when	1
46	we	2
46	g	1
46	fellow	1
46	scene	1
46	too	1
46	even	1
46	arabic2digit	1
46	look	1
46	all	2
46	given	1
46	can	1
46	has	1
46	o	1
46	make	1
46	let	1
46	very	2
46	meet	2
46	follow	2
46	hope	1
46	fool	1
46	well	1
46	yes	1
46	herself	1
46	my	6
46	said	1
46	mistress	1
46	but	2
46	at	1
46	one	1
46	am	1
46	fortune	1
46	knew	1
46	wood	1
46	i'll	2
46	know	2
46	and	5
46	town	1
46	in	2
46	i	8
46	vain	1
46	again	1
46	she	2
46	hall	4
46	same	1
46	to	6
46	name	1
46	the	8
46	certainly	1
46	him	2
46	this	2
46	many	1
46	letter	2
46	up	1
46	could	1
46	be	1
46	a	9
46	by	1
46	here	1
46	your	1
46	now	1
46	for	3
46	eyes	1
46	are	1
46	took	1
46	me	7
46	enter	2
46	which	2
46	propernoun	2
46	pretty	1
46	save	1
46	old	2
46	u	1
46	tis	2
46	more	1
46	not	2
46	#allcapswords	14
46	thou	1
46	young	1
46	he	5
46	go	1
46	fo	3
46	beyond	1
46	moon	1
46	little	1
46	sure	1
46	romannumeral	1
46	got	1
46	of	3
46	night	1
46	thee	1
46	near	1
46	do	5
46	twas	2
46	good	4
46	blood	1
46	it	3
46	none	1
46	from	1
46	authority	1
46	however	1
46	till	2
46	right	1
46	his	1
46	if	1
46	exit	2
46	how	3
46	her	4
46	see	1
46	#sequentialcaps	2
46	#lines	56
46	#maxinitial	5
46	#caplines	12
46	#startwname	2
46	#periods	27
46	#stdev	1392
46	#maxpair	6
46	#startwrubric	6
46	#commas	20
46	#endwpunct	15
46	#questionmarks	2
46	#exclamationpoints	11
46	#textlines	35
46	#endwnumeral	1
46	wordNotInVocab	63
47	holy	1
47	them	1
47	what	3
47	quite	1
47	prove	1
47	little	1
47	mad	2
47	ill	1
47	oh	2
47	those	1
47	into	1
47	bid	1
47	g	1
47	glorious	1
47	i	6
47	true	1
47	sure	1
47	deep	1
47	arabic2digit	1
47	there	1
47	powers	1
47	should	1
47	has	1
47	make	1
47	am	2
47	with	1
47	end	1
47	fool	2
47	enter	1
47	romannumeral	1
47	my	3
47	will	2
47	i'm	1
47	just	1
47	die	1
47	but	1
47	nor	3
47	as	1
47	thing	2
47	that	7
47	a	5
47	laid	1
47	and	5
47	to	4
47	proud	1
47	m	1
47	the	7
47	no	1
47	arabic1digit	1
47	words	1
47	dear	1
47	personalname	1
47	prithee	1
47	hill	1
47	r	1
47	above	1
47	art	2
47	heart	1
47	for	2
47	are	1
47	fine	1
47	me	5
47	at	1
47	hither	1
47	aside	1
47	ye	2
47	propernoun	1
47	light	1
47	they	1
47	such	1
47	face	1
47	tis	2
47	devil	3
47	is	3
47	not	5
47	wine	1
47	p	1
47	its	1
47	#allcapswords	12
47	thou	4
47	he	3
47	fo	1
47	see	4
47	star	1
47	then	1
47	full	1
47	of	3
47	can	3
47	turned	1
47	this	2
47	flower	1
47	in	2
47	come	1
47	it	8
47	mortal	1
47	sleep	3
47	if	3
47	go	4
47	do	5
47	say	1
47	moon	1
47	#sequentialcaps	5
47	#lines	49
47	#maxinitial	7
47	#caplines	23
47	#startwname	5
47	#periods	30
47	#stdev	1408
47	#maxpair	8
47	#startwrubric	11
47	#commas	17
47	#endwpunct	21
47	#questionmarks	11
47	#exclamationpoints	6
47	#textlines	35
47	wordNotInVocab	46
48	arabic1digit	1
48	be	2
48	lies	1
48	think	1
48	sorrow	1
48	mad	2
48	two	5
48	never	1
48	done	1
48	bound	1
48	here	1
48	if	1
48	then	1
48	have	3
48	e	1
48	of	2
48	too	2
48	down	1
48	nothing	1
48	some	1
48	make	1
48	king	1
48	with	1
48	close	1
48	heaven	1
48	yes	1
48	must	2
48	will	1
48	boat	1
48	but	1
48	propernoun	1
48	i'm	1
48	fortune	1
48	it	2
48	take	1
48	still	2
48	i'll	3
48	much	1
48	and	9
48	rest	1
48	i	9
48	a	5
48	she	1
48	to	3
48	little	1
48	placename	1
48	the	4
48	bid	1
48	nay	1
48	this	2
48	sir	2
48	would	1
48	even	1
48	give	1
48	you	6
48	which	1
48	shall	2
48	was	1
48	or	1
48	come	1
48	look	1
48	your	4
48	are	1
48	feel	2
48	me	8
48	in	3
48	they	2
48	enter	1
48	right	1
48	arabic2digit	1
48	g	1
48	these	1
48	days	1
48	tis	1
48	better	1
48	kind	1
48	tell	1
48	em	3
48	for	3
48	yet	1
48	#allcapswords	13
48	daughter	1
48	goes	1
48	moon	1
48	thoughts	1
48	run	1
48	fine	2
48	sure	2
48	prithee	1
48	can	3
48	good	1
48	my	4
48	that	1
48	help	1
48	ill	1
48	hands	1
48	something	1
48	daily	1
48	exit	1
48	do	1
48	on	1
48	#sequentialcaps	2
48	#lines	53
48	#maxinitial	8
48	#caplines	22
48	#startwname	7
48	#periods	37
48	#stdev	1278
48	#maxpair	10
48	#startwrubric	13
48	#commas	14
48	#endwpunct	20
48	#questionmarks	2
48	#exclamationpoints	7
48	#textlines	35
48	#endwnumeral	1
48	wordNotInVocab	74
49	arabic1digit	1
49	be	1
49	truth	1
49	due	1
49	arabicprice	10
49	sword	1
49	have	5
49	would	1
49	enough	1
49	care	1
49	our	1
49	never	1
49	daughter	1
49	too	1
49	bear	1
49	well	2
49	anything	1
49	arabic2digit	1
49	there	1
49	them	1
49	what	2
49	some	1
49	has	2
49	known	1
49	stand	1
49	had	5
49	so	1
49	their	3
49	ah	1
49	enter	1
49	and	1
49	my	4
49	but	2
49	let	3
49	here	1
49	first	2
49	devil	1
49	poor	1
49	stay	2
49	an	1
49	captain	1
49	much	1
49	very	1
49	i	6
49	no	2
49	it	1
49	a	2
49	#allcapswords	7
49	she	1
49	time	1
49	her	2
49	to	7
49	that	2
49	the	7
49	times	1
49	sheep	1
49	him	3
49	take	2
49	find	1
49	give	1
49	wife	1
49	or	2
49	by	2
49	your	1
49	don't	2
49	strong	1
49	thank	1
49	me	6
49	in	1
49	they	2
49	shall	1
49	we	8
49	off	1
49	old	1
49	now	1
49	tis	1
49	civil	1
49	hold	2
49	not	1
49	five	1
49	were	1
49	em	3
49	for	4
49	woman	1
49	gentlemen	1
49	children	1
49	keep	1
49	lost	1
49	part	1
49	been	2
49	arms	1
49	last	1
49	got	1
49	of	2
49	can	1
49	wars	1
49	he	4
49	speak	1
49	neither	1
49	kill	2
49	from	1
49	ought	2
49	hands	1
49	lies	1
49	though	1
49	if	2
49	after	1
49	before	2
49	say	1
49	three	1
49	#sequentialcaps	1
49	#lines	60
49	#maxinitial	3
49	#quotations	1
49	#caplines	3
49	#periods	35
49	#stdev	1459
49	#maxpair	4
49	#commas	24
49	#endwpunct	21
49	#questionmarks	4
49	#exclamationpoints	2
49	#textlines	37
49	wordNotInVocab	58
50	of	1
50	what	1
50	have	4
50	makes	2
50	arabicprice	1
50	that	1
50	g	1
50	are	2
50	was	1
50	all	2
50	life	1
50	upon	1
50	call	1
50	him	2
50	arabic2digit	1
50	remember	1
50	sir	1
50	with	1
50	every	1
50	man	2
50	among	1
50	heaven	1
50	enter	1
50	romannumeral	2
50	off	1
50	ever	1
50	am	1
50	here	1
50	nor	1
50	occasion	1
50	as	2
50	i'll	2
50	much	1
50	and	2
50	murder	3
50	hand	1
50	between	1
50	i	6
50	a	7
50	than	1
50	p	1
50	#allcapswords	11
50	use	1
50	to	4
50	his	2
50	m	1
50	the	2
50	it	2
50	nay	1
50	this	1
50	you	3
50	r	1
50	christian	1
50	or	1
50	considered	1
50	your	1
50	only	1
50	men	2
50	me	2
50	in	2
50	they	1
50	aside	4
50	ye	7
50	propernoun	1
50	christians	1
50	is	2
50	more	1
50	not	1
50	for	4
50	personalname	3
50	thus	1
50	well	1
50	away	3
50	these	1
50	out	1
50	used	1
50	little	1
50	then	3
50	can	1
50	how	1
50	speak	1
50	exeunt	1
50	my	4
50	neither	1
50	no	3
50	captain	1
50	will	1
50	we'll	1
50	nature	1
50	cannot	1
50	answer	1
50	#sequentialcaps	2
50	#lines	61
50	#maxinitial	7
50	#caplines	19
50	#startwname	8
50	#periods	39
50	#stdev	1467
50	#maxpair	10
50	#startwrubric	14
50	#commas	16
50	#endwpunct	19
50	#questionmarks	7
50	#exclamationpoints	12
50	#textlines	36
50	#endwnumeral	1
50	wordNotInVocab	61
51	arabic1digit	1
51	mine	1
51	low	1
51	what	1
51	through	1
51	but	2
51	example	1
51	greater	1
51	we	3
51	all	1
51	life	2
51	upon	2
51	bear	1
51	sight	1
51	deep	1
51	nor	1
51	have	2
51	there	1
51	of	4
51	too	1
51	dare	2
51	o	1
51	let	1
51	past	1
51	had	2
51	cannot	1
51	follow	1
51	with	2
51	more	1
51	may	2
51	ah	1
51	romannumeral	1
51	glorious	1
51	mistress	1
51	give	1
51	my	1
51	one	4
51	think	1
51	arms	1
51	occasion	1
51	as	2
51	i'll	1
51	and	6
51	price	1
51	enemy	1
51	his	1
51	i	14
51	poor	1
51	a	10
51	p	1
51	#allcapswords	19
51	her	1
51	to	6
51	m	1
51	the	6
51	it	7
51	our	2
51	present	1
51	would	2
51	could	1
51	be	3
51	you	10
51	r	1
51	or	1
51	born	1
51	look	1
51	your	1
51	now	1
51	for	1
51	thank	1
51	did	1
51	me	2
51	in	4
51	which	1
51	ye	1
51	arabic2digit	1
51	g	1
51	these	1
51	off	1
51	such	1
51	believe	1
51	is	2
51	than	1
51	not	3
51	virtue	1
51	matter	1
51	personalname	1
51	yet	1
51	noble	3
51	are	2
51	thou	1
51	honour	1
51	thy	1
51	must	2
51	th	1
51	can	1
51	thee	1
51	religion	1
51	come	1
51	that	2
51	small	1
51	will	1
51	about	1
51	soul	1
51	already	1
51	fair	1
51	if	3
51	like	2
51	therefore	1
51	do	2
51	#sequentialcaps	2
51	#lines	55
51	#maxinitial	7
51	#caplines	15
51	#startwname	6
51	#periods	30
51	#stdev	1599
51	#maxpair	9
51	#startwrubric	12
51	#commas	25
51	#endwpunct	18
51	#questionmarks	3
51	#exclamationpoints	2
51	#textlines	37
51	wordNotInVocab	72
52	arabic1digit	1
52	sword	1
52	what	1
52	arabic2digit	1
52	time	1
52	world	1
52	then	1
52	possible	1
52	i	15
52	all	1
52	great	1
52	sight	1
52	have	5
52	there	2
52	should	1
52	am	4
52	service	1
52	present	1
52	let	2
52	with	1
52	more	4
52	further	1
52	do	2
52	may	2
52	exeunt	1
52	return	1
52	wilt	1
52	my	3
52	will	1
52	but	2
52	i'm	2
52	an	1
52	give	2
52	much	1
52	cannot	1
52	i'll	2
52	thine	1
52	those	1
52	it	1
52	and	3
52	shall	1
52	again	1
52	way	1
52	less	1
52	that	3
52	the	5
52	no	3
52	enemy	1
52	#allcapswords	19
52	this	3
52	example	1
52	be	3
52	you	2
52	hell	1
52	a	2
52	as	1
52	or	2
52	by	1
52	art	1
52	your	1
52	done	1
52	me	7
52	in	3
52	at	1
52	t	1
52	however	1
52	any	1
52	nothing	2
52	such	3
52	joy	1
52	is	3
52	not	2
52	em	1
52	for	4
52	personalname	1
52	sacred	1
52	its	1
52	virtue	2
52	scene	1
52	thou	7
52	myself	1
52	happy	1
52	fo	1
52	most	1
52	thy	4
52	of	1
52	can	2
52	thee	5
52	leave	1
52	to	6
52	glorious	1
52	been	1
52	none	1
52	ask	1
52	fair	1
52	if	1
52	noble	1
52	how	1
52	power	2
52	on	1
52	#sequentialcaps	1
52	#lines	47
52	#maxinitial	7
52	#caplines	12
52	#startwname	5
52	#periods	22
52	#stdev	1339
52	#maxpair	8
52	#startwrubric	6
52	#commas	22
52	#endwpunct	15
52	#questionmarks	1
52	#exclamationpoints	1
52	#textlines	34
52	#endwnumeral	1
52	wordNotInVocab	61
53	who	1
53	master	1
53	but	4
53	arabic2digit	1
53	would	1
53	mad	2
53	bring	1
53	g	1
53	i	8
53	scene	2
53	too	1
53	where	2
53	have	3
53	desire	1
53	love	1
53	all	2
53	very	1
53	with	1
53	ay	2
53	house	2
53	may	3
53	shall	1
53	exeunt	1
53	well	2
53	yes	1
53	must	1
53	one	1
53	here	2
53	know	1
53	and	5
53	young	1
53	hi	1
53	that	3
53	a	6
53	#allcapswords	19
53	she	2
53	perhaps	1
53	m	1
53	the	11
53	him	2
53	this	2
53	sir	2
53	be	3
53	you	5
53	r	1
53	your	1
53	are	2
53	meeting	1
53	me	4
53	in	2
53	they	2
53	gone	1
53	aside	1
53	ye	3
53	propernoun	5
53	we	1
53	these	1
53	boy	11
53	nothing	1
53	days	1
53	is	1
53	fool	2
53	not	1
53	tell	1
53	em	3
53	p	1
53	enter	2
53	keep	1
53	he	3
53	long	1
53	see	4
53	little	2
53	did	2
53	romannumeral	3
53	of	1
53	home	1
53	people	1
53	to	3
53	told	1
53	for	1
53	come	1
53	it	1
53	no	1
53	gave	1
53	two	1
53	put	1
53	how	1
53	on	1
53	#sequentialcaps	2
53	#lines	55
53	#maxinitial	9
53	#caplines	18
53	#startwname	12
53	#periods	33
53	#stdev	1312
53	#maxpair	9
53	#startwrubric	13
53	#commas	24
53	#endwpunct	24
53	#questionmarks	7
53	#exclamationpoints	3
53	#textlines	32
53	wordNotInVocab	44
54	who	1
54	met	1
54	what	1
54	brave	2
54	oh	1
54	long	1
54	once	1
54	i	6
54	all	2
54	h	1
54	english	1
54	arabic2digit	1
54	there	1
54	of	1
54	am	2
54	false	1
54	make	2
54	very	1
54	with	2
54	ay	3
54	wood	1
54	fool	3
54	o	1
54	enter	1
54	wind	2
54	will	4
54	said	1
54	give	1
54	i'm	1
54	here	2
54	play	1
54	i'll	3
54	and	6
54	more	1
54	sometimes	1
54	indeed	1
54	#allcapswords	10
54	her	1
54	to	2
54	that	1
54	have	1
54	the	6
54	no	1
54	him	1
54	this	1
54	sir	5
54	whether	1
54	up	1
54	be	2
54	you	4
54	a	4
54	was	1
54	or	1
54	lie	1
54	don't	1
54	are	1
54	water	1
54	me	1
54	in	2
54	they	2
54	rise	1
54	we	1
54	boy	2
54	such	2
54	run	1
54	west	1
54	is	1
54	not	1
54	em	1
54	again	2
54	down	1
54	thou	2
54	keep	1
54	gave	1
54	pray	2
54	can	2
54	leave	1
54	show	1
54	your	1
54	come	1
54	it	2
54	take	1
54	till	1
54	lies	1
54	care	1
54	say	1
54	if	1
54	on	1
54	#sequentialcaps	2
54	#lines	54
54	#maxinitial	9
54	#caplines	20
54	#startwname	13
54	#periods	34
54	#stdev	1453
54	#maxpair	11
54	#startwrubric	15
54	#commas	21
54	#endwpunct	21
54	#questionmarks	4
54	#exclamationpoints	7
54	#textlines	35
54	#endwnumeral	1
54	wordNotInVocab	81
55	be	1
55	what	2
55	have	5
55	brave	1
55	mine	1
55	shalt	1
55	never	2
55	want	1
55	if	1
55	arabic2digit	1
55	there	1
55	love	1
55	too	3
55	into	1
55	make	2
55	thee	1
55	with	1
55	ay	1
55	as	1
55	their	1
55	well	2
55	an	2
55	old	1
55	my	1
55	king	2
55	duke	1
55	and	5
55	i'll	4
55	i	4
55	mad	5
55	over	1
55	#allcapswords	5
55	day	1
55	the	10
55	him	5
55	fell	1
55	sir	1
55	fly	4
55	you	2
55	a	8
55	come	1
55	by	1
55	new	2
55	here	1
55	made	1
55	now	1
55	me	2
55	thy	1
55	in	3
55	who	2
55	enter	2
55	do	1
55	ye	1
55	propernoun	3
55	life	1
55	hear	1
55	they	4
55	tis	1
55	is	2
55	not	1
55	for	2
55	personalname	2
55	camp	1
55	down	4
55	better	1
55	thou	1
55	yes	1
55	mind	1
55	goes	1
55	see	1
55	gentleman	1
55	gods	1
55	of	4
55	he	2
55	to	2
55	that	2
55	from	1
55	fellow	1
55	money	3
55	company	2
55	exit	3
55	french	1
55	at	1
55	#sequentialcaps	2
55	#lines	56
55	#maxinitial	6
55	#caplines	18
55	#startwname	8
55	#periods	31
55	#stdev	1417
55	#maxpair	7
55	#startwrubric	13
55	#commas	10
55	#endwpunct	18
55	#questionmarks	8
55	#exclamationpoints	11
55	#textlines	36
55	wordNotInVocab	64
56	arabic1digit	1
56	h	1
56	fancy	1
56	master	1
56	but	3
56	arabic2digit	1
56	mad	1
56	we	2
56	g	1
56	d	1
56	never	1
56	was	1
56	since	1
56	too	2
56	have	2
56	there	2
56	love	1
56	much	1
56	can	1
56	read	1
56	before	1
56	very	1
56	find	2
56	with	2
56	so	1
56	has	1
56	as	2
56	get	1
56	o	1
56	well	1
56	yes	2
56	romannumeral	1
56	my	1
56	one	2
56	women	1
56	poor	1
56	sent	1
56	duke	2
56	i'll	1
56	know	1
56	thing	1
56	boy	2
56	comes	1
56	i	10
56	shall	1
56	a	5
56	p	1
56	and	2
56	last	1
56	same	1
56	to	7
56	look	1
56	his	4
56	m	1
56	the	7
56	or	1
56	him	9
56	this	1
56	sir	3
56	letter	2
56	be	2
56	young	1
56	you	5
56	r	1
56	by	2
56	purpose	1
56	here	3
56	your	2
56	now	2
56	force	1
56	did	3
56	me	4
56	in	2
56	hither	2
56	ye	2
56	such	1
56	enter	1
56	tis	2
56	is	1
56	not	1
56	for	4
56	came	1
56	old	2
56	better	1
56	#allcapswords	17
56	seek	1
56	he	10
56	you'll	1
56	pray	4
56	see	3
56	must	2
56	got	1
56	laid	1
56	night	1
56	half	1
56	how	2
56	good	1
56	blood	1
56	it	3
56	says	1
56	no	4
56	play	1
56	charge	1
56	regard	1
56	lies	1
56	put	1
56	go	1
56	true	1
56	say	1
56	age	1
56	#sequentialcaps	2
56	#lines	56
56	#maxinitial	8
56	#caplines	21
56	#startwname	7
56	#periods	33
56	#stdev	1561
56	#maxpair	11
56	#startwrubric	15
56	#commas	16
56	#endwpunct	18
56	#questionmarks	2
56	#exclamationpoints	1
56	#textlines	36
56	#endwnumeral	1
56	wordNotInVocab	45
57	ha	2
57	arabicprice	1
57	what	7
57	master	2
57	have	6
57	brave	1
57	don't	3
57	mad	4
57	order	1
57	either	1
57	where	1
57	arabic2digit	1
57	there	2
57	of	2
57	all	2
57	this	1
57	has	2
57	make	2
57	let	2
57	d	1
57	with	2
57	talk	1
57	more	1
57	wee	1
57	for	1
57	enter	2
57	my	3
57	will	3
57	but	1
57	old	2
57	here	4
57	wise	1
57	as	1
57	an	1
57	duke	3
57	i'll	2
57	much	1
57	and	9
57	found	1
57	a	4
57	within	1
57	over	1
57	#allcapswords	3
57	less	1
57	little	1
57	few	1
57	his	2
57	the	4
57	words	1
57	him	2
57	sir	4
57	be	2
57	you	15
57	shall	1
57	second	1
57	or	1
57	by	2
57	mean	1
57	look	1
57	your	5
57	now	1
57	are	3
57	thy	2
57	me	5
57	in	2
57	which	1
57	ye	1
57	fear	1
57	propernoun	1
57	we	2
57	boy	3
57	head	1
57	is	1
57	hold	1
57	not	1
57	em	2
57	together	1
57	well	1
57	thou	4
57	keep	1
57	out	4
57	fo	1
57	pray	1
57	see	1
57	gentleman	1
57	go	4
57	got	1
57	love	1
57	thee	1
57	people	1
57	come	1
57	it	2
57	to	5
57	friends	1
57	back	1
57	fellow	1
57	do	2
57	#sequentialcaps	1
57	#lines	57
57	#maxinitial	8
57	#caplines	13
57	#startwname	11
57	#periods	30
57	#stdev	1279
57	#maxpair	12
57	#startwrubric	11
57	#commas	26
57	#endwpunct	16
57	#questionmarks	11
57	#exclamationpoints	8
57	#textlines	38
57	wordNotInVocab	69
58	bring	1
58	what	1
58	mad	1
58	time	1
58	hill	1
58	think	1
58	again	1
58	arabic2digit	3
58	all	1
58	has	1
58	o	1
58	let	1
58	man	1
58	duty	1
58	yes	2
58	romannumeral	1
58	my	1
58	i'm	2
58	as	1
58	duke	2
58	i'll	2
58	things	1
58	p	1
58	#allcapswords	20
58	hall	1
58	placename	1
58	him	4
58	am	2
58	a	9
58	was	1
58	don't	1
58	proper	1
58	me	2
58	in	4
58	ye	1
58	nothing	1
58	days	1
58	comes	1
58	since	1
58	gentlemen	2
58	see	3
58	little	2
58	taken	1
58	ten	1
58	blood	1
58	that	1
58	no	1
58	take	1
58	fo	1
58	which	1
58	though	1
58	his	3
58	really	1
58	do	1
58	say	1
58	when	1
58	arabic1digit	1
58	exit	1
58	next	1
58	word	2
58	but	6
58	gentleman	2
58	g	1
58	want	1
58	grace	1
58	have	1
58	there	1
58	of	4
58	some	1
58	make	1
58	yourself	1
58	very	2
58	follow	1
58	may	3
58	hold	5
58	well	1
58	will	2
58	hope	2
58	morning	1
58	one	2
58	here	1
58	it	2
58	you	5
58	much	2
58	and	2
58	favour	1
58	i	11
58	care	2
58	old	1
58	indeed	1
58	to	10
58	day	1
58	m	1
58	with	2
58	the	8
58	fit	1
58	this	1
58	sir	4
58	find	1
58	be	4
58	r	1
58	or	2
58	your	4
58	are	1
58	water	2
58	at	1
58	propernoun	2
58	exeunt	1
58	is	1
58	not	2
58	for	5
58	away	1
58	he	2
58	pray	3
58	must	2
58	we'll	2
58	can	1
58	doubt	1
58	come	1
58	back	1
58	sleep	1
58	dog	1
58	go	1
58	#sequentialcaps	2
58	#lines	65
58	#maxinitial	9
58	#caplines	17
58	#startwname	10
58	#periods	41
58	#stdev	1181
58	#maxpair	10
58	#startwrubric	11
58	#commas	31
58	#endwpunct	17
58	#questionmarks	1
58	#exclamationpoints	2
58	#textlines	39
58	#endwnumeral	1
58	wordNotInVocab	72
59	arabic1digit	1
59	quite	1
59	arabic2digit	1
59	must	1
59	time	1
59	will	1
59	think	1
59	shall	1
59	scene	1
59	other	2
59	great	1
59	bear	1
59	even	2
59	serve	1
59	nor	1
59	have	6
59	we'll	2
59	all	1
59	into	1
59	room	1
59	has	2
59	let	2
59	out	1
59	thee	1
59	adventures	1
59	some	1
59	with	3
59	so	1
59	more	1
59	end	2
59	enter	2
59	romannumeral	1
59	my	2
59	mistress	1
59	but	3
59	morning	1
59	i'm	2
59	turn	1
59	and	7
59	it	1
59	danger	1
59	#allcapswords	9
59	faith	1
59	to	4
59	the	7
59	no	3
59	him	3
59	this	3
59	could	1
59	be	1
59	country	1
59	you	1
59	a	3
59	or	2
59	guide	1
59	lie	1
59	now	4
59	are	1
59	me	1
59	i	4
59	gone	1
59	propernoun	1
59	we	6
59	these	2
59	nothing	2
59	they	1
59	lb	1
59	exeunt	1
59	business	1
59	is	2
59	not	1
59	together	1
59	down	1
59	better	1
59	way	2
59	already	1
59	keep	1
59	he	4
59	lost	1
59	part	1
59	see	1
59	go	3
59	fly	1
59	heard	1
59	of	1
59	home	1
59	near	1
59	good	1
59	that	2
59	servant	1
59	where	1
59	from	1
59	back	1
59	about	1
59	which	1
59	stars	1
59	if	1
59	several	1
59	do	1
59	husband	1
59	on	1
59	#sequentialcaps	1
59	#lines	49
59	#maxinitial	6
59	#quotations	1
59	#caplines	14
59	#startwname	5
59	#periods	29
59	#stdev	1441
59	#maxpair	8
59	#startwrubric	10
59	#commas	19
59	#endwpunct	15
59	#questionmarks	2
59	#exclamationpoints	2
59	#textlines	32
59	wordNotInVocab	51
60	arabic1digit	1
60	truth	1
60	mine	1
60	least	1
60	what	1
60	seen	1
60	have	5
60	enough	2
60	farewell	1
60	will	2
60	these	1
60	other	1
60	too	2
60	secret	1
60	call	1
60	serve	1
60	did	1
60	arabic2digit	1
60	prithee	1
60	all	1
60	has	1
60	new	1
60	let	1
60	known	1
60	very	2
60	question	1
60	house	1
60	may	1
60	fool	1
60	enter	1
60	and	8
60	my	4
60	but	3
60	one	1
60	hast	2
60	here	1
60	knew	1
60	poor	1
60	occasion	1
60	thought	1
60	out	1
60	i'll	3
60	know	2
60	still	1
60	always	1
60	come	1
60	i	10
60	indeed	2
60	#allcapswords	12
60	to	6
60	strange	1
60	the	2
60	no	1
60	enemy	1
60	this	4
60	take	1
60	would	1
60	you	15
60	a	4
60	by	1
60	art	2
60	your	1
60	now	1
60	more	2
60	are	2
60	done	1
60	me	4
60	in	4
60	at	3
60	gone	1
60	of	2
60	propernoun	2
60	any	1
60	love	1
60	light	1
60	off	1
60	madam	1
60	money	1
60	tis	3
60	welcome	2
60	is	1
60	why	1
60	not	3
60	em	2
60	thousand	1
60	kept	1
60	better	1
60	thou	5
60	myself	2
60	he	1
60	fo	2
60	pray	2
60	see	1
60	then	1
60	them	1
60	night	1
60	thee	1
60	leave	1
60	last	1
60	show	1
60	how	2
60	alas	2
60	for	4
60	it	2
60	if	1
60	where	1
60	though	1
60	put	1
60	do	1
60	lay	1
60	#sequentialcaps	1
60	#lines	54
60	#maxinitial	7
60	#quotations	1
60	#caplines	14
60	#startwname	5
60	#periods	32
60	#stdev	1554
60	#maxpair	7
60	#startwrubric	12
60	#commas	15
60	#endwpunct	16
60	#questionmarks	5
60	#exclamationpoints	2
60	#textlines	38
60	#endwnumeral	1
60	wordNotInVocab	60
61	further	1
61	arabicprice	1
61	what	1
61	world	1
61	possible	1
61	g	1
61	there	1
61	them	1
61	all	1
61	let	1
61	very	1
61	act	1
61	with	2
61	man	1
61	end	1
61	romannumeral	2
61	my	2
61	be	2
61	i'm	1
61	alone	1
61	as	1
61	i'll	3
61	know	1
61	and	2
61	greatest	1
61	i	3
61	a	1
61	p	1
61	#allcapswords	12
61	she	1
61	to	2
61	that	3
61	m	1
61	the	4
61	no	1
61	this	2
61	lord	1
61	could	1
61	woman	1
61	you	2
61	r	1
61	was	2
61	mean	1
61	matter	1
61	made	1
61	me	3
61	in	3
61	they	1
61	we	1
61	nothing	1
61	seems	1
61	exeunt	1
61	madam	1
61	is	1
61	not	1
61	tell	1
61	were	1
61	em	1
61	for	2
61	old	1
61	thou	1
61	keep	1
61	he	2
61	gave	1
61	then	1
61	full	1
61	of	3
61	can	1
61	thee	1
61	come	2
61	it	2
61	friends	1
61	which	1
61	company	1
61	go	1
61	how	1
61	#sequentialcaps	1
61	#lines	41
61	#maxinitial	8
61	#caplines	14
61	#startwname	7
61	#periods	20
61	#stdev	1518
61	#maxpair	8
61	#startwrubric	9
61	#commas	9
61	#endwpunct	16
61	#questionmarks	5
61	#exclamationpoints	2
61	#textlines	24
61	wordNotInVocab	35
62	arabic1digit	1
62	least	1
62	what	5
62	seen	1
62	they	2
62	through	1
62	not	1
62	again	1
62	g	1
62	scene	1
62	too	1
62	deep	1
62	stream	1
62	arabic2digit	1
62	there	2
62	love	1
62	all	1
62	into	1
62	music	2
62	wind	1
62	act	1
62	with	1
62	talk	1
62	wood	1
62	may	1
62	hard	1
62	such	3
62	enter	1
62	romannumeral	2
62	sweet	1
62	will	1
62	one	1
62	much	1
62	cannot	2
62	more	1
62	gentle	1
62	i	5
62	far	1
62	a	3
62	flame	1
62	p	1
62	to	2
62	strange	1
62	that	1
62	his	1
62	m	1
62	the	3
62	no	3
62	those	1
62	this	2
62	could	2
62	be	1
62	you	2
62	r	1
62	was	2
62	by	2
62	here	1
62	look	1
62	heart	1
62	for	1
62	o	2
62	are	3
62	thy	1
62	personalname	1
62	at	1
62	ye	1
62	propernoun	2
62	we	1
62	these	2
62	off	1
62	down	1
62	thought	1
62	is	1
62	rest	1
62	perhaps	1
62	pleased	1
62	em	1
62	places	1
62	t	1
62	friend	1
62	yet	1
62	#allcapswords	18
62	he	1
62	fo	1
62	seemed	1
62	of	3
62	me	1
62	heard	1
62	my	2
62	it	5
62	and	5
62	if	1
62	sleep	1
62	sometimes	1
62	plays	1
62	like	1
62	how	1
62	sit	1
62	#sequentialcaps	2
62	#lines	52
62	#maxinitial	6
62	#caplines	19
62	#startwname	7
62	#periods	30
62	#stdev	1554
62	#maxpair	7
62	#startwrubric	12
62	#commas	12
62	#endwpunct	22
62	#questionmarks	6
62	#exclamationpoints	7
62	#textlines	33
62	#endwnumeral	1
62	wordNotInVocab	54
63	reverend	1
63	but	1
63	bring	1
63	what	4
63	meet	1
63	us	4
63	fear	2
63	would	1
63	become	1
63	we	3
63	not	1
63	never	2
63	upon	2
63	clear	1
63	arabic2digit	1
63	there	5
63	all	1
63	make	2
63	let	1
63	had	1
63	honest	1
63	with	1
63	talk	1
63	do	1
63	their	1
63	enter	1
63	romannumeral	1
63	fortune	1
63	thy	5
63	at	1
63	here	2
63	women	1
63	nor	1
63	i'll	2
63	know	1
63	and	9
63	things	1
63	i	2
63	#allcapswords	3
63	faith	1
63	to	2
63	the	3
63	those	2
63	be	4
63	noble	1
63	you	6
63	a	1
63	tears	1
63	now	2
63	men	2
63	did	1
63	red	1
63	in	3
63	they	4
63	ye	2
63	view	1
63	propernoun	2
63	don't	2
63	these	1
63	may	2
63	before	1
63	off	1
63	such	1
63	believe	1
63	peace	1
63	em	7
63	for	2
63	old	1
63	like	1
63	seek	2
63	are	2
63	he	1
63	see	1
63	then	1
63	of	1
63	thee	2
63	good	2
63	come	1
63	that	1
63	mortal	1
63	take	1
63	will	2
63	both	1
63	go	2
63	say	1
63	#sequentialcaps	2
63	#lines	48
63	#maxinitial	6
63	#caplines	21
63	#startwname	5
63	#periods	28
63	#stdev	1363
63	#maxpair	7
63	#startwrubric	13
63	#commas	14
63	#endwpunct	22
63	#questionmarks	3
63	#exclamationpoints	6
63	#textlines	35
63	wordNotInVocab	67
64	arabic1digit	1
64	truth	1
64	next	1
64	what	1
64	faith	1
64	us	1
64	have	1
64	fire	1
64	easy	1
64	mine	1
64	propernoun	2
64	ill	1
64	hast	3
64	g	1
64	never	1
64	friend	1
64	life	1
64	mean	1
64	r	1
64	arabic2digit	1
64	had	1
64	f	1
64	can	1
64	very	1
64	more	1
64	near	3
64	may	1
64	heaven	1
64	an	1
64	romannumeral	1
64	my	2
64	let	2
64	great	1
64	command	3
64	wise	3
64	scene	1
64	as	2
64	many	1
64	and	10
64	i	4
64	appear	1
64	p	1
64	#allcapswords	14
64	sound	1
64	to	2
64	that	2
64	his	2
64	m	1
64	the	3
64	those	1
64	words	1
64	this	1
64	be	5
64	you	1
64	pure	1
64	a	7
64	might	1
64	guide	1
64	men	2
64	thy	7
64	me	1
64	in	1
64	at	1
64	fate	1
64	their	1
64	chief	1
64	exeunt	2
64	know	1
64	is	4
64	were	1
64	for	1
64	sacred	1
64	thou	4
64	he	1
64	see	1
64	then	3
64	of	3
64	thee	1
64	mind	1
64	how	1
64	good	1
64	come	1
64	been	1
64	they	2
64	take	1
64	will	1
64	soul	2
64	right	1
64	wild	1
64	both	2
64	go	1
64	say	1
64	on	2
64	#sequentialcaps	3
64	#lines	39
64	#maxinitial	9
64	#caplines	29
64	#startwname	3
64	#periods	29
64	#stdev	857
64	#maxpair	10
64	#startwrubric	9
64	#commas	16
64	#endwpunct	28
64	#questionmarks	1
64	#exclamationpoints	2
64	#textlines	33
64	#endwnumeral	1
64	wordNotInVocab	58
65	brought	1
65	bring	1
65	what	2
65	ye	1
65	meet	1
65	would	1
65	mad	2
65	time	1
65	propernoun	5
65	d	1
65	was	1
65	scene	1
65	too	2
65	to	3
65	call	1
65	have	5
65	all	1
65	given	1
65	there	1
65	some	1
65	let	1
65	with	2
65	occasion	1
65	therefore	1
65	more	3
65	house	2
65	such	1
65	well	1
65	romannumeral	1
65	once	1
65	but	2
65	ever	1
65	one	1
65	told	1
65	think	1
65	here	3
65	name	1
65	ft	1
65	poor	2
65	every	1
65	tongue	1
65	duke	1
65	i'll	2
65	i'm	2
65	and	5
65	find	1
65	page	1
65	great	1
65	indeed	2
65	#allcapswords	10
65	not	2
65	his	3
65	the	9
65	it	1
65	our	1
65	him	7
65	sir	2
65	letter	2
65	be	1
65	you	7
65	a	8
65	or	1
65	lie	1
65	don't	1
65	thank	1
65	your	1
65	me	1
65	in	2
65	i	3
65	hither	1
65	shall	1
65	we	5
65	boy	1
65	old	2
65	ma	1
65	believe	1
65	is	3
65	whether	1
65	are	1
65	for	1
65	enter	2
65	gentlemen	1
65	clear	1
65	keep	1
65	he	2
65	soft	1
65	account	1
65	little	1
65	must	1
65	gentleman	2
65	of	4
65	can	1
65	send	1
65	twas	1
65	longer	2
65	that	4
65	small	1
65	no	3
65	knows	1
65	nature	1
65	though	1
65	fair	1
65	if	1
65	like	1
65	both	2
65	go	1
65	do	1
65	arabic2digit	1
65	on	1
65	#sequentialcaps	2
65	#lines	49
65	#maxinitial	4
65	#caplines	14
65	#startwname	4
65	#periods	24
65	#stdev	1481
65	#maxpair	6
65	#startwrubric	6
65	#commas	24
65	#endwpunct	16
65	#exclamationpoints	3
65	#textlines	33
65	wordNotInVocab	40
66	person	1
66	what	2
66	master	1
66	would	1
66	whole	1
66	time	1
66	n	1
66	arabic2digit	1
66	all	1
66	has	1
66	o	1
66	had	1
66	house	1
66	for	2
66	exeunt	1
66	yes	1
66	romannumeral	1
66	my	3
66	but	2
66	i'm	1
66	great	1
66	i'll	1
66	who	3
66	danger	1
66	liberty	1
66	sit	1
66	#allcapswords	10
66	hall	1
66	church	1
66	his	1
66	him	1
66	am	1
66	under	2
66	you	12
66	a	3
66	only	1
66	me	6
66	in	3
66	ye	1
66	these	1
66	off	1
66	tell	1
66	gentlemen	2
66	honour	1
66	left	1
66	little	1
66	love	1
66	blood	1
66	that	3
66	no	1
66	friends	1
66	gave	1
66	servant	1
66	do	1
66	when	1
66	gentleman	1
66	religious	1
66	e	1
66	put	1
66	too	1
66	upon	2
66	have	7
66	there	2
66	see	1
66	some	1
66	make	1
66	morning	1
66	devil	1
66	very	4
66	with	3
66	ah	2
66	well	1
66	will	2
66	one	2
66	motion	1
66	here	1
66	much	1
66	and	6
66	yours	1
66	i	8
66	indeed	2
66	to	8
66	the	6
66	this	3
66	sir	3
66	lord	1
66	be	2
66	or	1
66	look	1
66	your	5
66	six	1
66	are	4
66	mercy	1
66	at	2
66	we	1
66	such	1
66	over	1
66	not	3
66	pleased	1
66	s	1
66	body	1
66	he	1
66	of	4
66	can	1
66	return	1
66	k	1
66	come	2
66	been	2
66	ask	1
66	back	1
66	till	1
66	dog	1
66	if	1
66	on	1
66	#sequentialcaps	1
66	#lines	57
66	#maxinitial	7
66	#caplines	13
66	#startwname	11
66	#periods	28
66	#stdev	1257
66	#maxpair	9
66	#startwrubric	10
66	#commas	22
66	#endwpunct	17
66	#questionmarks	1
66	#exclamationpoints	1
66	#textlines	38
66	#endwnumeral	1
66	wordNotInVocab	69
67	arabic1digit	1
67	us	1
67	but	2
67	arabic2digit	1
67	g	1
67	once	1
67	never	1
67	scene	1
67	daughter	1
67	just	1
67	too	1
67	have	2
67	all	1
67	very	1
67	some	1
67	music	3
67	well	1
67	let	1
67	had	1
67	with	2
67	more	2
67	heaven	1
67	enter	1
67	romannumeral	3
67	my	2
67	give	1
67	here	1
67	first	2
67	an	1
67	much	1
67	and	7
67	come	2
67	young	1
67	i	7
67	a	5
67	again	1
67	#allcapswords	13
67	her	1
67	to	3
67	name	1
67	m	1
67	the	3
67	no	2
67	our	2
67	him	1
67	be	2
67	ask	1
67	you	1
67	r	1
67	as	2
67	ourselves	1
67	are	2
67	personalname	1
67	in	1
67	they	3
67	fear	1
67	propernoun	5
67	we	3
67	nothing	1
67	such	2
67	madam	1
67	tis	1
67	peace	1
67	for	2
67	t	1
67	friend	1
67	thus	1
67	old	1
67	he	2
67	lost	2
67	free	1
67	pray	1
67	see	2
67	thought	1
67	got	1
67	of	4
67	home	1
67	me	3
67	place	1
67	how	1
67	out	1
67	that	3
67	at	1
67	which	1
67	if	1
67	like	1
67	#sequentialcaps	2
67	#lines	46
67	#maxinitial	6
67	#caplines	17
67	#startwname	7
67	#periods	26
67	#stdev	1384
67	#maxpair	6
67	#startwrubric	7
67	#commas	17
67	#endwpunct	21
67	#questionmarks	2
67	#textlines	30
67	wordNotInVocab	47
68	ha	2
68	what	1
68	going	1
68	but	2
68	have	2
68	propernoun	1
68	sure	1
68	long	1
68	very	1
68	friend	1
68	life	3
68	arabic2digit	1
68	there	1
68	all	1
68	some	2
68	has	1
68	music	1
68	let	2
68	with	4
68	as	1
68	may	1
68	us	1
68	heaven	2
68	my	7
68	ever	1
68	o	1
68	great	1
68	stand	1
68	an	1
68	know	1
68	is	6
68	yours	1
68	hand	1
68	i	2
68	indeed	1
68	and	5
68	she	2
68	faith	1
68	to	6
68	day	1
68	that	2
68	his	1
68	the	5
68	certainly	1
68	this	3
68	be	3
68	you	3
68	a	4
68	or	1
68	now	2
68	s	1
68	are	1
68	your	2
68	me	4
68	in	2
68	at	1
68	fate	1
68	among	1
68	head	1
68	we	3
68	hear	3
68	seems	1
68	business	1
68	tis	5
68	devil	1
68	joy	1
68	sir	1
68	for	2
68	personalname	3
68	on	1
68	thus	2
68	#allcapswords	7
68	about	1
68	influence	1
68	pray	1
68	then	1
68	of	3
68	thee	2
68	send	1
68	were	1
68	still	2
68	it	4
68	happy	1
68	none	1
68	fo	1
68	care	1
68	if	3
68	noble	1
68	her	2
68	hope	1
68	#sequentialcaps	3
68	#lines	57
68	#maxinitial	8
68	#caplines	22
68	#startwname	12
68	#periods	34
68	#stdev	1452
68	#maxpair	9
68	#startwrubric	16
68	#commas	30
68	#endwpunct	21
68	#questionmarks	4
68	#exclamationpoints	3
68	#textlines	37
68	#endwnumeral	1
68	wordNotInVocab	74
69	arabic1digit	1
69	let	1
69	please	1
69	take	1
69	what	1
69	word	1
69	but	5
69	have	2
69	would	2
69	makes	1
69	does	1
69	g	1
69	shall	1
69	since	1
69	upon	1
69	himself	1
69	anything	1
69	marry	1
69	arabic2digit	1
69	am	1
69	some	1
69	has	2
69	present	2
69	yourself	1
69	known	1
69	short	2
69	very	1
69	even	1
69	with	1
69	as	3
69	may	6
69	well	1
69	romannumeral	1
69	my	2
69	reflections	1
69	not	2
69	ever	1
69	one	1
69	here	1
69	i'll	1
69	know	1
69	and	6
69	that	2
69	a	10
69	p	1
69	#allcapswords	17
69	her	1
69	to	12
69	his	5
69	m	1
69	the	9
69	him	4
69	this	1
69	sir	6
69	be	7
69	you	14
69	r	1
69	second	1
69	look	1
69	your	3
69	mind	2
69	don't	1
69	are	1
69	made	2
69	me	2
69	in	4
69	i	12
69	aside	1
69	propernoun	3
69	blessed	1
69	ye	1
69	nothing	1
69	off	1
69	madam	1
69	though	1
69	believe	1
69	perhaps	1
69	tell	1
69	for	4
69	personalname	4
69	why	1
69	way	1
69	fo	1
69	most	3
69	thoughts	1
69	another	2
69	must	1
69	of	3
69	can	2
69	could	1
69	he	3
69	lay	1
69	come	1
69	it	4
69	fellow	1
69	dog	2
69	being	1
69	fair	1
69	if	4
69	noble	1
69	both	1
69	power	1
69	#sequentialcaps	1
69	#lines	54
69	#maxinitial	7
69	#caplines	14
69	#startwname	8
69	#periods	31
69	#stdev	1272
69	#maxpair	11
69	#startwrubric	11
69	#commas	32
69	#endwpunct	18
69	#questionmarks	2
69	#exclamationpoints	1
69	#textlines	37
69	wordNotInVocab	67
70	arabic1digit	2
70	ha	2
70	some	1
70	dare	1
70	through	1
70	but	2
70	lose	1
70	whole	1
70	time	1
70	world	1
70	ill	1
70	we	2
70	i'm	5
70	i	11
70	upon	1
70	break	1
70	anything	1
70	desire	1
70	of	2
70	all	1
70	f	1
70	home	1
70	has	1
70	lady	1
70	service	1
70	had	1
70	am	3
70	follow	1
70	with	2
70	hope	1
70	as	1
70	their	2
70	music	1
70	be	2
70	romannumeral	2
70	once	1
70	m	1
70	woman	1
70	my	2
70	against	1
70	devil	1
70	occasion	1
70	you	6
70	an	1
70	three	1
70	very	1
70	page	1
70	that	2
70	and	10
70	a	7
70	think	1
70	p	1
70	way	1
70	she	2
70	her	6
70	to	9
70	letters	1
70	makes	1
70	the	7
70	marry	1
70	this	1
70	sir	8
70	r	1
70	art	2
70	your	1
70	mind	1
70	now	1
70	heart	1
70	ft	1
70	years	1
70	me	2
70	at	6
70	propernoun	1
70	pretty	1
70	may	1
70	boy	1
70	madam	1
70	style	1
70	is	1
70	again	1
70	not	1
70	em	2
70	for	2
70	personalname	1
70	old	3
70	#allcapswords	22
70	gentlemen	2
70	thou	2
70	he	1
70	too	4
70	pray	1
70	please	1
70	hall	1
70	little	1
70	got	1
70	them	1
70	do	3
70	called	1
70	good	1
70	k	1
70	it	1
70	no	1
70	friends	1
70	foot	1
70	if	2
70	which	1
70	sometimes	3
70	any	1
70	how	1
70	say	1
70	when	1
70	#sequentialcaps	2
70	#lines	51
70	#maxinitial	8
70	#caplines	16
70	#startwname	5
70	#periods	27
70	#stdev	1436
70	#maxpair	11
70	#startwrubric	13
70	#commas	31
70	#endwpunct	14
70	#questionmarks	2
70	#exclamationpoints	1
70	#textlines	36
70	#endwnumeral	1
70	wordNotInVocab	64
71	truth	1
71	mine	1
71	shore	1
71	have	1
71	get	1
71	another	1
71	we	1
71	upon	1
71	interest	1
71	where	1
71	arabic2digit	1
71	love	1
71	service	1
71	king	2
71	very	1
71	with	1
71	more	2
71	house	1
71	may	1
71	s	1
71	such	1
71	must	1
71	my	4
71	will	1
71	hope	2
71	one	1
71	here	1
71	nor	1
71	land	1
71	much	1
71	and	4
71	i	7
71	a	1
71	again	1
71	#allcapswords	10
71	to	12
71	his	2
71	the	6
71	our	1
71	indeed	1
71	him	3
71	sir	2
71	find	1
71	be	4
71	you	3
71	which	1
71	shall	2
71	your	2
71	now	2
71	easy	1
71	thy	1
71	me	1
71	in	1
71	at	2
71	court	1
71	lies	1
71	propernoun	1
71	any	1
71	youth	1
71	know	1
71	tis	1
71	is	3
71	over	1
71	not	1
71	for	1
71	t	1
71	on	1
71	well	1
71	little	1
71	sure	2
71	n	1
71	of	2
71	home	1
71	thee	1
71	leave	1
71	send	1
71	laid	1
71	it	4
71	expedition	1
71	fellow	1
71	hands	1
71	right	1
71	care	1
71	exeunt	1
71	if	1
71	before	1
71	when	2
71	#sequentialcaps	2
71	#lines	40
71	#maxinitial	5
71	#caplines	10
71	#startwname	3
71	#periods	13
71	#stdev	1375
71	#maxpair	6
71	#startwrubric	4
71	#commas	16
71	#endwpunct	17
71	#exclamationpoints	1
71	#textlines	25
71	wordNotInVocab	39
72	arabic1digit	6
72	plates	3
72	arabicprice	2
72	shore	1
72	have	2
72	paper	2
72	since	1
72	tale	1
72	english	3
72	r	1
72	arabic2digit	2
72	love	1
72	all	1
72	f	1
72	some	1
72	has	1
72	manner	1
72	z	1
72	volume	1
72	had	1
72	engraved	2
72	with	3
72	theatre	3
72	designed	1
72	printed	2
72	maid	1
72	may	1
72	daughter	1
72	romannumeral	2
72	measure	2
72	same	1
72	w	1
72	first	1
72	it	1
72	every	1
72	as	1
72	an	2
72	king	2
72	following	1
72	much	1
72	and	11
72	price	2
72	hand	1
72	die	1
72	language	1
72	p	1
72	#allcapswords	10
72	published	1
72	the	19
72	mahomet	1
72	portrait	1
72	under	1
72	be	1
72	each	2
72	th	1
72	a	2
72	or	2
72	by	3
72	new	4
72	title	1
72	q	1
72	mrs	1
72	containing	2
72	in	4
72	placename	2
72	propernoun	5
72	nothing	1
72	you	1
72	is	1
72	royal	2
72	caesar	1
72	for	2
72	personalname	11
72	making	1
72	common	2
72	frontispiece	1
72	part	1
72	winter	1
72	of	12
72	night	1
72	third	1
72	been	2
72	play	1
72	about	1
72	which	1
72	elegant	2
72	plays	4
72	like	1
72	most	1
72	french	1
72	on	3
72	#sequentialcaps	14
72	#lines	73
72	#maxinitial	8
72	#quotations	1
72	#caplines	32
72	#startwname	13
72	#periods	17
72	#stdev	1852
72	#maxpair	8
72	#commas	18
72	#endwpunct	11
72	#questionmarks	1
72	#textlines	43
72	wordNotInVocab	70
73	the	2
73	this	1
73	university	1
73	arabic5+digit	2
73	brothers	1
73	los	1
73	daughter	1
73	de	1
73	mother	1
73	placename	3
73	arabic2digit	1
73	propernoun	4
73	of	1
73	southern	1
73	father	1
73	roman	1
73	for	1
73	personalname	1
73	arabic3digit	2
73	vol	2
73	romannumeral	3
73	love	2
73	return	1
73	it	1
73	from	1
73	which	1
73	#allcapswords	12
73	to	1
73	library	3
73	was	1
73	#sequentialcaps	3
73	#lines	44
73	#maxinitial	3
73	#caplines	23
73	#startwname	6
73	#periods	7
73	#stdev	1407
73	#maxpair	4
73	#startwrubric	3
73	#commas	1
73	#endwpunct	5
73	#textlines	25
73	#endwnumeral	3
73	wordNotInVocab	20
74	the	1
74	r	1
74	p	1
74	personalname	1
74	#allcapswords	5
74	arabic3digit	3
74	arabic2digit	1
74	arabic4digit	4
74	romannumeral	1
74	#sequentialcaps	2
74	#lines	18
74	#maxinitial	3
74	#caplines	4
74	#startwname	1
74	#stdev	575
74	#maxpair	3
74	#endwpunct	1
74	#exclamationpoints	1
74	#textlines	8
74	#endwnumeral	4
74	wordNotInVocab	2
75	south	1
75	propernoun	1
75	#lines	9
75	#maxinitial	1
75	#caplines	3
75	#startwname	2
75	#stdev	169
75	#maxpair	1
75	#textlines	3
75	wordNotInVocab	1
