0	#lines	1
0	#textlines	0
1	romannumeral	2
1	arabic1digit	3
1	i	5
1	#allcapswords	6
1	#maxinitial	1
1	#periods	1
1	#endwpunct	2
1	#lines	7
1	#textlines	6
1	#quotations	2
1	#stdev	1175
1	#maxpair	1
1	wordNotInVocab	3
2	library	1
2	of	1
2	#allcapswords	7
2	university	1
2	placename	1
2	at	1
2	#maxinitial	2
2	#caplines	4
2	#lines	7
2	#textlines	4
2	#sequentialcaps	1
2	#stdev	303
2	#maxpair	2
2	wordNotInVocab	3
3	#lines	1
3	#textlines	0
4	of	1
4	#allcapswords	35
4	arabic3digit	2
4	south	1
4	t	1
4	propernoun	2
4	q	4
4	p	1
4	work	3
4	are	1
4	y	1
4	personalname	2
4	romannumeral	1
4	arabic1digit	7
4	s	4
4	d	1
4	state	1
4	and	3
4	f	1
4	than	1
4	a	3
4	college	1
4	knowledge	1
4	arabic4digit	1
4	co	1
4	i	8
4	news	1
4	j	1
4	g	1
4	n	2
4	#maxinitial	6
4	#startwname	4
4	#exclamationpoints	1
4	#periods	41
4	#caplines	21
4	#endwpunct	13
4	#lines	58
4	#textlines	32
4	#sequentialcaps	3
4	#quotations	4
4	#commas	10
4	#stdev	1140
4	#maxpair	7
4	#endwnumeral	9
4	wordNotInVocab	28
5	the	5
5	t	1
5	h	5
5	placed	1
5	this	1
5	b	2
5	white	1
5	any	1
5	p	2
5	romannumeral	7
5	arabic1digit	1
5	s	6
5	and	4
5	personalname	7
5	board	1
5	his	1
5	e	8
5	president	2
5	chief	1
5	d	6
5	r	3
5	free	1
5	first	1
5	i	1
5	have	1
5	w	4
5	on	1
5	n	1
5	of	5
5	#allcapswords	66
5	f	1
5	list	1
5	a	8
5	propernoun	13
5	name	1
5	hon	5
5	state	1
5	co	1
5	college	1
5	in	12
5	o	1
5	may	1
5	to	2
5	m	2
5	upon	1
5	j	2
5	#maxinitial	6
5	#startwname	5
5	#periods	665
5	#caplines	28
5	#endwpunct	7
5	#lines	40
5	#textlines	37
5	#sequentialcaps	5
5	#startwrubric	22
5	#commas	11
5	#stdev	2149
5	#maxpair	7
5	wordNotInVocab	91
6	their	1
6	one	3
6	does	1
6	thousand	1
6	during	3
6	done	1
6	the	22
6	has	2
6	come	1
6	t	1
6	united	1
6	h	1
6	period	1
6	placename	1
6	most	1
6	b	1
6	no	1
6	is	4
6	for	1
6	romannumeral	1
6	his	1
6	land	1
6	heard	1
6	chief	1
6	and	5
6	go	1
6	at	2
6	per	1
6	who	2
6	it	1
6	large	1
6	by	2
6	south	3
6	state	1
6	as	1
6	this	6
6	been	2
6	with	1
6	i	6
6	object	1
6	have	1
6	number	1
6	on	5
6	progress	1
6	use	1
6	of	18
6	corn	7
6	#allcapswords	22
6	arabic3digit	2
6	longer	1
6	means	1
6	causes	1
6	years	2
6	because	2
6	great	1
6	cause	1
6	fact	1
6	not	1
6	w	1
6	also	1
6	part	1
6	question	1
6	which	3
6	men	2
6	personalname	5
6	man	1
6	a	5
6	its	1
6	they	1
6	are	1
6	time	1
6	in	6
6	past	1
6	now	2
6	present	2
6	work	2
6	good	1
6	would	1
6	any	3
6	two	1
6	once	1
6	such	1
6	upon	2
6	year	1
6	carried	1
6	given	1
6	will	1
6	to	7
6	union	1
6	#maxinitial	5
6	#startwname	2
6	#periods	16
6	#caplines	16
6	#endwpunct	6
6	#lines	40
6	#textlines	29
6	#sequentialcaps	4
6	#startwrubric	1
6	#commas	10
6	#stdev	2525
6	#maxpair	8
6	wordNotInVocab	64
7	case	1
7	was	1
7	it	4
7	the	26
7	has	1
7	much	1
7	of	10
7	judgement	1
7	so	2
7	winter	1
7	same	1
7	this	3
7	is	10
7	plain	1
7	for	5
7	true	1
7	will	7
7	romannumeral	2
7	arabic1digit	6
7	land	4
7	words	1
7	and	6
7	possible	1
7	at	1
7	where	3
7	who	1
7	more	1
7	every	2
7	a	8
7	cannot	1
7	time	1
7	by	1
7	or	1
7	action	1
7	until	1
7	four	1
7	condition	1
7	been	1
7	adapted	1
7	may	2
7	we	2
7	some	3
7	deep	1
7	i	5
7	well	1
7	have	1
7	which	2
7	often	1
7	on	4
7	low	2
7	following	1
7	work	1
7	use	1
7	one	3
7	corn	6
7	#allcapswords	6
7	if	2
7	arabic3digit	1
7	take	1
7	etc	1
7	must	2
7	these	1
7	spring	1
7	bed	3
7	comes	1
7	when	1
7	rules	1
7	very	1
7	ready	2
7	too	1
7	due	1
7	fall	1
7	part	1
7	turned	2
7	before	2
7	us	1
7	our	1
7	state	1
7	leaves	1
7	selected	1
7	than	1
7	are	1
7	other	2
7	hundred	1
7	in	4
7	know	1
7	best	1
7	under	2
7	an	1
7	made	1
7	good	2
7	that	4
7	as	3
7	next	1
7	while	1
7	be	8
7	poor	2
7	not	2
7	there	2
7	year	4
7	to	7
7	early	2
7	#maxinitial	6
7	#periods	29
7	#caplines	8
7	#endwpunct	10
7	#lines	43
7	#textlines	38
7	#sequentialcaps	3
7	#startwrubric	1
7	#commas	16
7	#stdev	2427
7	#maxpair	10
7	#endwnumeral	2
7	wordNotInVocab	76
8	part	1
8	during	1
8	has	1
8	south	2
8	n	1
8	placename	1
8	most	2
8	spent	1
8	though	1
8	arabic4digit	1
8	and	11
8	done	2
8	land	1
8	large	2
8	under	1
8	place	1
8	coming	2
8	ready	1
8	condition	1
8	this	4
8	looking	1
8	we	2
8	some	1
8	i	2
8	well	2
8	have	2
8	best	1
8	point	1
8	one	2
8	#allcapswords	2
8	years	1
8	plain	1
8	practice	1
8	our	1
8	from	3
8	even	1
8	few	1
8	are	3
8	other	3
8	in	3
8	an	1
8	they	3
8	as	2
8	be	6
8	such	1
8	let	1
8	want	1
8	kept	1
8	do	1
8	it	4
8	the	32
8	possible	1
8	placed	3
8	so	2
8	about	1
8	no	1
8	ear	2
8	is	15
8	for	3
8	will	4
8	his	2
8	over	1
8	go	1
8	at	2
8	every	1
8	a	6
8	time	3
8	should	3
8	those	1
8	that	4
8	then	1
8	bear	1
8	been	1
8	say	1
8	all	2
8	which	4
8	bed	2
8	of	13
8	corn	10
8	if	1
8	arabic3digit	1
8	there	3
8	make	1
8	these	1
8	forth	1
8	when	3
8	great	3
8	thing	1
8	propernoun	1
8	justice	1
8	can	2
8	what	1
8	strength	1
8	personalname	2
8	more	1
8	on	5
8	state	1
8	born	1
8	than	1
8	leaves	1
8	past	1
8	may	1
8	by	2
8	to	8
8	good	4
8	any	1
8	held	1
8	due	2
8	show	1
8	into	3
8	but	2
8	before	1
8	#maxinitial	6
8	#periods	19
8	#caplines	5
8	#endwpunct	7
8	#lines	42
8	#textlines	38
8	#sequentialcaps	3
8	#quotations	1
8	#commas	19
8	#stdev	1920
8	#maxpair	10
8	#endwnumeral	1
8	wordNotInVocab	95
9	after	1
9	home	2
9	last	1
9	mean	1
9	type	2
9	came	1
9	most	1
9	house	1
9	s	1
9	and	8
9	care	1
9	the	36
9	e	1
9	under	1
9	give	1
9	place	1
9	this	3
9	nearly	1
9	you	2
9	we	1
9	with	1
9	some	1
9	i	3
9	well	2
9	have	2
9	w	1
9	its	2
9	best	1
9	him	1
9	one	1
9	#allcapswords	9
9	near	1
9	section	1
9	make	1
9	kind	2
9	from	9
9	always	1
9	selected	2
9	late	1
9	are	4
9	in	6
9	like	1
9	an	2
9	present	1
9	know	2
9	as	5
9	own	1
9	be	10
9	such	2
9	must	1
9	whether	3
9	high	1
9	case	1
9	it	5
9	do	2
9	possible	3
9	fact	1
9	general	3
9	placed	1
9	get	1
9	ear	2
9	is	6
9	he	5
9	for	4
9	will	9
9	arabic1digit	3
9	note	1
9	at	1
9	his	3
9	who	1
9	easy	1
9	a	11
9	should	6
9	or	4
9	off	1
9	then	2
9	would	1
9	only	1
9	which	5
9	see	1
9	of	6
9	corn	9
9	if	4
9	arabic3digit	1
9	these	1
9	comes	2
9	great	1
9	what	2
9	may	1
9	too	1
9	can	1
9	more	1
9	on	4
9	left	1
9	they	5
9	desire	1
9	sent	1
9	good	1
9	that	3
9	not	6
9	ground	1
9	but	1
9	to	7
9	#maxinitial	9
9	#periods	19
9	#questionmarks	2
9	#caplines	8
9	#endwpunct	9
9	#lines	44
9	#textlines	38
9	#sequentialcaps	3
9	#quotations	1
9	#commas	25
9	#stdev	1973
9	#maxpair	12
9	#endwnumeral	1
9	wordNotInVocab	101
10	kept	1
10	always	1
10	it	8
10	the	15
10	has	1
10	soon	2
10	sure	1
10	enough	2
10	placename	1
10	purpose	1
10	so	2
10	close	1
10	about	1
10	no	2
10	is	13
10	house	2
10	cold	2
10	for	4
10	will	4
10	romannumeral	1
10	end	1
10	nothing	1
10	and	4
10	at	1
10	up	1
10	board	1
10	done	1
10	on	2
10	good	1
10	a	7
10	way	1
10	by	3
10	or	4
10	place	4
10	small	1
10	still	1
10	put	1
10	stand	2
10	this	3
10	#allcapswords	1
10	been	1
10	free	2
10	some	1
10	all	1
10	i	2
10	well	3
10	which	1
10	found	1
10	its	2
10	low	1
10	never	1
10	point	1
10	either	1
10	of	7
10	corn	8
10	each	2
10	if	4
10	arabic3digit	1
10	under	1
10	must	1
10	upon	1
10	few	1
10	very	2
10	air	2
10	too	1
10	not	3
10	around	2
10	set	1
10	reason	1
10	from	1
10	but	2
10	room	1
10	says	1
10	said	1
10	are	2
10	even	1
10	in	9
10	may	2
10	should	3
10	an	1
10	heat	1
10	far	1
10	that	6
10	as	4
10	almost	1
10	while	1
10	be	10
10	once	1
10	such	1
10	taken	1
10	there	3
10	into	1
10	through	1
10	many	1
10	to	2
10	ear	3
10	#maxinitial	4
10	#periods	15
10	#endwpunct	6
10	#lines	31
10	#textlines	28
10	#quotations	4
10	#commas	16
10	#stdev	1839
10	#maxpair	8
10	#endwnumeral	1
10	wordNotInVocab	72
11	white	1
11	used	1
11	it	5
11	the	6
11	south	2
11	type	3
11	present	1
11	enough	1
11	so	1
11	them	1
11	is	9
11	for	1
11	words	1
11	and	5
11	was	1
11	moment	1
11	a	5
11	way	1
11	time	1
11	state	1
11	come	1
11	saying	1
11	arabic4digit	2
11	i	2
11	which	1
11	between	1
11	number	1
11	on	2
11	after	1
11	short	1
11	of	4
11	corn	5
11	#allcapswords	13
11	arabic2digit	3
11	means	1
11	when	1
11	great	1
11	very	1
11	what	1
11	propernoun	2
11	known	1
11	can	1
11	men	2
11	personalname	3
11	from	2
11	always	1
11	pictures	1
11	seen	2
11	may	1
11	by	2
11	mine	1
11	save	1
11	kinds	1
11	method	1
11	old	1
11	that	1
11	two	1
11	be	2
11	not	1
11	clear	1
11	there	2
11	little	1
11	but	1
11	to	2
11	here	1
11	#maxinitial	5
11	#startwname	2
11	#periods	14
11	#caplines	10
11	#endwpunct	5
11	#lines	30
11	#textlines	18
11	#sequentialcaps	2
11	#commas	13
11	#stdev	2516
11	#maxpair	5
11	#endwnumeral	1
11	wordNotInVocab	37
12	every	2
12	is	7
12	from	6
12	used	2
12	it	4
12	the	22
12	has	3
12	south	1
12	name	1
12	one	3
12	by	1
12	put	1
12	each	1
12	so	1
12	those	2
12	no	2
12	ear	4
12	their	1
12	he	1
12	taken	1
12	for	2
12	romannumeral	1
12	method	1
12	go	1
12	was	2
12	at	1
12	up	1
12	take	2
12	behind	2
12	easy	1
12	good	3
12	do	1
12	time	1
12	just	1
12	under	1
12	various	1
12	this	2
12	and	4
12	two	3
12	course	1
12	some	2
12	how	1
12	have	1
12	which	7
12	found	2
12	on	3
12	de	1
12	best	2
12	see	1
12	where	2
12	of	9
12	corn	3
12	#allcapswords	2
12	if	1
12	arabic3digit	1
12	goes	1
12	these	1
12	out	1
12	because	1
12	comes	2
12	when	1
12	very	1
12	what	1
12	could	1
12	made	2
12	hold	1
12	can	1
12	part	1
12	number	2
12	i	1
12	men	1
12	personalname	1
12	man	1
12	propernoun	1
12	more	1
12	a	5
12	state	2
12	having	1
12	other	2
12	selected	1
12	are	2
12	even	1
12	in	7
12	appear	1
12	seen	1
12	may	2
12	been	1
12	should	1
12	an	1
12	they	2
12	were	4
12	that	5
12	as	3
12	be	7
12	not	1
12	show	1
12	into	1
12	many	1
12	will	3
12	to	7
12	row	4
12	#maxinitial	5
12	#startwname	1
12	#periods	18
12	#caplines	5
12	#endwpunct	5
12	#lines	32
12	#textlines	30
12	#sequentialcaps	1
12	#commas	17
12	#stdev	1485
12	#maxpair	6
12	#endwnumeral	1
12	wordNotInVocab	81
13	of	1
13	#allcapswords	30
13	does	1
13	if	1
13	arabic5+digit	1
13	one	1
13	type	1
13	general	1
13	rules	1
13	propernoun	3
13	arabic2digit	1
13	q	2
13	ear	1
13	count	1
13	p	2
13	will	1
13	romannumeral	2
13	arabic1digit	12
13	the	1
13	arabic3digit	1
13	other	1
13	but	1
13	care	1
13	are	1
13	a	1
13	e	2
13	in	2
13	followed	1
13	to	1
13	r	1
13	m	3
13	with	1
13	there	1
13	z	1
13	j	3
13	which	1
13	w	3
13	g	1
13	be	1
13	#maxinitial	3
13	#startwname	2
13	#periods	5
13	#questionmarks	2
13	#caplines	9
13	#endwpunct	1
13	#lines	32
13	#textlines	21
13	#sequentialcaps	1
13	#quotations	4
13	#commas	7
13	#stdev	1830
13	#maxpair	4
13	#endwnumeral	1
13	wordNotInVocab	20
14	high	1
14	do	1
14	it	4
14	the	25
14	has	1
14	just	1
14	point	1
14	one	2
14	in	7
14	general	2
14	each	1
14	most	1
14	stand	1
14	them	1
14	is	7
14	house	1
14	among	1
14	for	3
14	they	1
14	will	4
14	romannumeral	1
14	his	1
14	meet	1
14	where	1
14	who	1
14	on	3
14	long	1
14	a	5
14	way	1
14	cannot	1
14	large	2
14	by	1
14	goes	1
14	this	3
14	and	7
14	nearly	1
14	been	2
14	how	1
14	all	3
14	have	2
14	which	1
14	considered	1
14	with	4
14	be	8
14	per	1
14	of	10
14	corn	4
14	#allcapswords	8
14	if	3
14	arabic3digit	1
14	i	1
14	standard	1
14	means	1
14	section	1
14	years	1
14	because	1
14	very	2
14	length	3
14	not	3
14	set	1
14	men	1
14	three	1
14	from	2
14	mind	1
14	said	1
14	are	3
14	past	1
14	may	1
14	should	5
14	an	2
14	table	1
14	being	1
14	good	1
14	that	5
14	as	2
14	show	1
14	into	2
14	those	1
14	full	1
14	but	2
14	to	4
14	ear	6
14	#maxinitial	8
14	#periods	14
14	#caplines	8
14	#endwpunct	8
14	#lines	33
14	#textlines	31
14	#sequentialcaps	3
14	#commas	16
14	#stdev	2025
14	#maxpair	10
14	#endwnumeral	1
14	wordNotInVocab	87
15	f	2
15	of	1
15	#allcapswords	14
15	are	1
15	in	1
15	should	1
15	they	1
15	sort	1
15	r	1
15	arabic2digit	5
15	course	1
15	not	1
15	poor	1
15	this	1
15	house	1
15	show	1
15	j	1
15	often	1
15	romannumeral	1
15	arabic1digit	8
15	the	1
15	appear	1
15	found	1
15	and	1
15	q	2
15	g	2
15	n	1
15	#maxinitial	3
15	#startwname	1
15	#periods	8
15	#questionmarks	1
15	#caplines	5
15	#endwpunct	4
15	#lines	24
15	#textlines	15
15	#sequentialcaps	1
15	#quotations	3
15	#commas	4
15	#stdev	1670
15	#maxpair	5
15	#endwnumeral	4
15	wordNotInVocab	14
16	#allcapswords	11
16	they	1
16	good	2
16	are	3
16	arabic3digit	1
16	but	1
16	the	2
16	o	1
16	i	1
16	arabic2digit	4
16	these	1
16	of	1
16	four	1
16	and	1
16	f	1
16	m	1
16	q	1
16	all	1
16	show	1
16	j	1
16	romannumeral	1
16	w	1
16	it	1
16	to	1
16	there	1
16	g	4
16	arabic1digit	12
16	#maxinitial	2
16	#startwname	1
16	#periods	6
16	#questionmarks	1
16	#caplines	5
16	#endwpunct	3
16	#lines	36
16	#textlines	20
16	#sequentialcaps	1
16	#startwrubric	1
16	#quotations	3
16	#commas	3
16	#stdev	1277
16	#maxpair	4
16	#endwnumeral	7
16	wordNotInVocab	16
17	one	1
17	does	1
17	much	1
17	t	2
17	in	1
17	h	1
17	enough	1
17	il	1
17	arabic2digit	3
17	another	1
17	ear	2
17	is	4
17	p	1
17	romannumeral	5
17	s	2
17	c	2
17	at	1
17	arabic1digit	50
17	re	1
17	end	1
17	only	1
17	a	5
17	e	2
17	has	2
17	hand	1
17	or	1
17	should	2
17	four	1
17	then	1
17	this	1
17	arabic4digit	1
17	r	1
17	no	2
17	about	1
17	all	1
17	i	11
17	z	2
17	between	3
17	arabicprice	1
17	on	3
17	of	2
17	and	3
17	#allcapswords	49
17	f	2
17	if	4
17	arabic3digit	2
17	w	2
17	square	1
17	when	1
17	great	1
17	too	2
17	not	2
17	with	1
17	q	5
17	from	1
17	number	1
17	so	1
17	be	3
17	are	2
17	other	1
17	u	2
17	o	1
17	they	1
17	far	1
17	an	1
17	very	1
17	to	2
17	that	1
17	as	1
17	m	1
17	poor	2
17	there	3
17	g	3
17	j	3
17	good	1
17	but	1
17	will	4
17	n	3
17	the	15
17	arabic5+digit	1
17	#maxinitial	4
17	#startwname	1
17	#exclamationpoints	2
17	#periods	82
17	#questionmarks	8
17	#caplines	12
17	#endwpunct	18
17	#lines	76
17	#textlines	56
17	#sequentialcaps	4
17	#startwrubric	1
17	#quotations	11
17	#commas	39
17	#stdev	1988
17	#maxpair	7
17	#endwnumeral	6
17	wordNotInVocab	99
18	high	2
18	is	8
18	deep	1
18	upon	1
18	it	2
18	the	33
18	has	2
18	much	1
18	one	2
18	far	1
18	placename	1
18	placed	1
18	arabic2digit	2
18	get	2
18	no	2
18	ear	4
18	their	1
18	that	2
18	for	1
18	several	1
18	romannumeral	4
18	arabic1digit	3
18	and	5
18	at	2
18	could	1
18	a	8
18	under	1
18	any	1
18	or	4
18	should	4
18	as	3
18	doubt	1
18	this	2
18	been	2
18	course	1
18	some	1
18	all	1
18	i	9
18	have	3
18	which	1
18	often	1
18	between	2
18	number	1
18	low	1
18	with	1
18	of	19
18	corn	6
18	#allcapswords	21
18	arabic3digit	1
18	whether	1
18	these	2
18	great	1
18	well	2
18	too	2
18	not	2
18	more	1
18	on	2
18	from	1
18	other	2
18	than	1
18	parts	1
18	they	1
18	are	3
18	even	1
18	in	8
18	past	1
18	may	2
18	by	2
18	work	1
18	made	1
18	good	1
18	would	1
18	be	5
18	point	1
18	little	3
18	full	2
18	but	1
18	gone	1
18	many	1
18	will	1
18	to	9
18	also	1
18	#maxinitial	9
18	#periods	21
18	#caplines	12
18	#endwpunct	11
18	#lines	49
18	#textlines	35
18	#sequentialcaps	6
18	#commas	15
18	#stdev	2517
18	#maxpair	9
18	wordNotInVocab	109
19	of	3
19	arabic2digit	2
19	arabic3digit	1
19	a	1
19	i	6
19	t	1
19	little	1
19	um	1
19	propernoun	1
19	#allcapswords	21
19	effects	1
19	too	1
19	q	1
19	ear	2
19	romannumeral	2
19	arabic1digit	12
19	from	1
19	and	2
19	at	1
19	side	1
19	are	1
19	the	3
19	perhaps	1
19	large	1
19	open	2
19	being	1
19	good	2
19	poor	1
19	such	1
19	there	1
19	g	1
19	on	1
19	however	1
19	to	1
19	n	1
19	#maxinitial	4
19	#startwname	2
19	#periods	13
19	#caplines	10
19	#endwpunct	7
19	#lines	27
19	#textlines	21
19	#sequentialcaps	3
19	#startwrubric	1
19	#quotations	8
19	#commas	8
19	#stdev	1987
19	#maxpair	4
19	#endwnumeral	6
19	wordNotInVocab	38
20	h	3
20	of	1
20	arabic2digit	2
20	together	1
20	the	2
20	i	1
20	company	1
20	t	3
20	in	1
20	#allcapswords	27
20	for	1
20	w	5
20	romannumeral	3
20	arabic1digit	13
20	s	3
20	and	2
20	arabicprice	1
20	f	1
20	e	2
20	ear	1
20	u	1
20	o	1
20	an	1
20	itself	1
20	d	1
20	r	1
20	good	1
20	m	1
20	show	1
20	well	1
20	poor	1
20	ft	1
20	g	1
20	#maxinitial	4
20	#startwname	2
20	#periods	3
20	#questionmarks	3
20	#caplines	15
20	#endwpunct	4
20	#lines	52
20	#textlines	27
20	#sequentialcaps	2
20	#quotations	1
20	#commas	1
20	#stdev	787
20	#maxpair	7
20	#endwnumeral	8
20	wordNotInVocab	24
21	high	1
21	deep	1
21	#allcapswords	28
21	if	1
21	while	1
21	t	1
21	h	2
21	little	1
21	arabic2digit	1
21	not	1
21	ear	4
21	is	1
21	will	1
21	romannumeral	2
21	arabic1digit	12
21	the	2
21	and	3
21	at	3
21	good	1
21	a	2
21	study	1
21	over	1
21	in	1
21	large	1
21	has	2
21	crown	1
21	itself	1
21	such	1
21	i	12
21	have	2
21	#maxinitial	15
21	#startwname	2
21	#exclamationpoints	1
21	#periods	16
21	#caplines	19
21	#endwpunct	9
21	#lines	50
21	#textlines	27
21	#sequentialcaps	9
21	#quotations	2
21	#commas	5
21	#stdev	1834
21	#maxpair	17
21	#endwnumeral	7
21	wordNotInVocab	37
22	during	2
22	was	1
22	it	1
22	the	15
22	has	2
22	answer	1
22	one	4
22	kind	1
22	thought	1
22	no	1
22	is	4
22	for	4
22	romannumeral	1
22	arabic1digit	11
22	and	5
22	he	1
22	at	1
22	his	1
22	f	1
22	who	1
22	time	1
22	should	1
22	were	1
22	or	2
22	come	1
22	any	1
22	been	1
22	these	1
22	well	1
22	have	1
22	which	2
22	between	1
22	on	2
22	best	1
22	of	6
22	corn	2
22	#allcapswords	6
22	if	2
22	another	1
22	years	1
22	pure	1
22	great	1
22	propernoun	1
22	keep	1
22	too	1
22	not	2
22	show	3
22	takes	1
22	more	1
22	a	2
22	always	1
22	its	2
22	are	1
22	true	1
22	in	2
22	o	1
22	past	2
22	may	1
22	that	3
22	be	2
22	round	1
22	there	1
22	year	1
22	but	1
22	will	3
22	to	5
22	whether	1
22	#maxinitial	2
22	#periods	10
22	#caplines	6
22	#endwpunct	2
22	#lines	27
22	#textlines	20
22	#sequentialcaps	1
22	#quotations	2
22	#commas	9
22	#stdev	2184
22	#maxpair	3
22	#endwnumeral	2
22	wordNotInVocab	51
23	used	1
23	has	2
23	purpose	1
23	and	11
23	care	1
23	it	2
23	his	3
23	told	1
23	the	30
23	large	1
23	by	6
23	this	3
23	cause	1
23	red	1
23	with	1
23	well	5
23	have	5
23	found	2
23	its	3
23	best	1
23	point	1
23	use	1
23	#allcapswords	9
23	break	1
23	true	1
23	there	1
23	from	1
23	brought	1
23	are	5
23	in	5
23	powers	1
23	close	1
23	present	1
23	may	1
23	as	1
23	be	12
23	such	1
23	some	1
23	less	1
23	white	3
23	done	1
23	do	2
23	each	1
23	so	1
23	date	1
23	no	1
23	ear	2
23	is	9
23	for	4
23	will	8
23	romannumeral	2
23	at	3
23	arabic1digit	1
23	who	1
23	a	11
23	should	6
23	that	1
23	off	2
23	then	1
23	been	2
23	else	1
23	course	1
23	all	1
23	only	1
23	which	5
23	low	1
23	of	14
23	corn	9
23	hard	1
23	if	1
23	arabic3digit	1
23	attention	1
23	carefully	1
23	out	2
23	when	2
23	what	1
23	can	2
23	on	2
23	born	1
23	but	3
23	than	2
23	even	1
23	they	2
23	crown	1
23	described	1
23	to	11
23	good	1
23	due	1
23	taken	1
23	show	1
23	better	1
23	anything	1
23	already	1
23	before	1
23	#maxinitial	7
23	#periods	21
23	#caplines	6
23	#endwpunct	6
23	#lines	38
23	#textlines	36
23	#sequentialcaps	2
23	#commas	18
23	#stdev	1505
23	#maxpair	11
23	#endwnumeral	1
23	wordNotInVocab	115
24	not	1
24	of	3
24	corn	1
24	each	1
24	do	1
24	which	1
24	arabic3digit	1
24	it	5
24	the	2
24	has	1
24	carefully	1
24	means	1
24	colours	1
24	#allcapswords	9
24	strange	1
24	can	2
24	q	1
24	ear	2
24	is	1
24	seen	1
24	for	1
24	will	2
24	romannumeral	1
24	arabic1digit	2
24	red	1
24	go	1
24	up	1
24	than	1
24	take	1
24	a	2
24	time	1
24	by	1
24	they	1
24	may	1
24	various	1
24	far	1
24	that	1
24	as	3
24	with	1
24	show	1
24	well	1
24	less	1
24	but	1
24	to	3
24	sight	1
24	be	1
24	#maxinitial	2
24	#periods	7
24	#caplines	3
24	#endwpunct	5
24	#lines	20
24	#textlines	13
24	#sequentialcaps	1
24	#quotations	2
24	#commas	6
24	#stdev	2456
24	#maxpair	3
24	#endwnumeral	1
24	wordNotInVocab	25
25	deep	2
25	home	1
25	last	1
25	has	1
25	case	1
25	spent	1
25	several	2
25	and	14
25	up	2
25	care	1
25	it	1
25	on	4
25	large	1
25	by	3
25	many	1
25	give	1
25	small	1
25	ready	1
25	condition	1
25	this	3
25	we	2
25	some	1
25	below	1
25	with	4
25	i	5
25	its	1
25	use	3
25	one	3
25	arabic2digit	1
25	square	1
25	years	1
25	make	1
25	feet	1
25	made	3
25	above	3
25	which	2
25	arabic3digit	1
25	edges	1
25	from	1
25	are	3
25	other	2
25	in	8
25	an	2
25	earth	1
25	light	1
25	as	6
25	be	10
25	will	2
25	whether	1
25	kept	1
25	done	1
25	do	1
25	himself	1
25	#allcapswords	10
25	so	1
25	about	4
25	no	1
25	ear	1
25	is	8
25	for	4
25	romannumeral	1
25	the	25
25	at	2
25	every	1
25	three	3
25	time	3
25	should	3
25	or	4
25	would	1
25	much	1
25	off	1
25	then	3
25	little	1
25	been	1
25	say	1
25	how	1
25	of	12
25	corn	3
25	if	2
25	both	1
25	take	1
25	a	8
25	there	1
25	these	2
25	because	1
25	great	1
25	very	1
25	can	3
25	more	1
25	half	3
25	than	1
25	they	2
25	may	2
25	each	1
25	good	4
25	that	2
25	two	4
25	after	1
25	but	1
25	through	2
25	to	6
25	#maxinitial	5
25	#periods	17
25	#caplines	9
25	#endwpunct	6
25	#lines	45
25	#textlines	36
25	#sequentialcaps	4
25	#quotations	1
25	#commas	23
25	#stdev	2261
25	#maxpair	9
25	#endwnumeral	2
25	wordNotInVocab	122
26	in	4
26	placed	1
26	arabic2digit	5
26	so	1
26	b	2
26	order	1
26	ear	2
26	cover	1
26	romannumeral	2
26	arabic1digit	11
26	the	10
26	and	1
26	at	2
26	re	1
26	hand	1
26	been	1
26	a	3
26	e	1
26	by	1
26	or	1
26	some	2
26	r	1
26	#allcapswords	25
26	certain	1
26	i	6
26	have	1
26	arabicprice	1
26	on	1
26	n	1
26	of	3
26	each	1
26	arabic3digit	1
26	system	1
26	w	1
26	square	1
26	when	1
26	row	1
26	kind	1
26	above	1
26	making	1
26	from	1
26	selected	1
26	left	1
26	may	1
26	table	1
26	that	1
26	as	2
26	kept	1
26	be	3
26	after	1
26	must	2
26	j	1
26	to	1
26	#maxinitial	4
26	#startwname	1
26	#exclamationpoints	1
26	#periods	38
26	#questionmarks	3
26	#caplines	7
26	#endwpunct	3
26	#lines	53
26	#textlines	32
26	#sequentialcaps	2
26	#quotations	13
26	#commas	18
26	#stdev	2184
26	#maxpair	4
26	#endwnumeral	5
26	wordNotInVocab	71
27	room	1
27	do	1
27	used	1
27	done	2
27	the	25
27	day	1
27	its	1
27	placed	2
27	each	1
27	so	1
27	most	1
27	stand	1
27	ear	2
27	is	4
27	cover	2
27	for	2
27	will	3
27	and	7
27	f	1
27	a	7
27	under	3
27	or	4
27	place	1
27	should	8
27	important	1
27	person	1
27	any	1
27	some	2
27	this	3
27	been	1
27	send	1
27	down	1
27	with	1
27	arabic2digit	2
27	all	1
27	i	12
27	makes	1
27	only	1
27	have	1
27	which	2
27	considered	1
27	on	5
27	cloth	1
27	rest	1
27	never	1
27	sight	1
27	again	1
27	use	1
27	of	12
27	corn	2
27	#allcapswords	14
27	if	3
27	arabic3digit	1
27	times	1
27	these	1
27	out	3
27	can	1
27	when	1
27	within	2
27	propernoun	1
27	air	1
27	six	1
27	necessary	1
27	not	3
27	days	2
27	around	1
27	part	1
27	kind	1
27	edges	1
27	from	2
27	make	1
27	came	1
27	other	1
27	in	4
27	above	1
27	an	1
27	water	2
27	they	1
27	too	1
27	as	5
27	be	10
27	once	1
27	such	1
27	after	1
27	must	1
27	better	1
27	keep	1
27	over	1
27	many	2
27	to	3
27	#maxinitial	13
27	#startwname	1
27	#periods	19
27	#caplines	13
27	#endwpunct	9
27	#lines	50
27	#textlines	30
27	#sequentialcaps	12
27	#quotations	3
27	#commas	16
27	#stdev	2798
27	#maxpair	13
27	#endwnumeral	3
27	wordNotInVocab	83
28	#allcapswords	13
28	perhaps	1
28	used	1
28	the	20
28	rest	1
28	of	2
28	in	3
28	after	1
28	with	1
28	placed	1
28	complete	1
28	above	1
28	those	1
28	ear	4
28	is	4
28	for	1
28	romannumeral	2
28	a	1
28	and	7
28	following	1
28	are	3
28	on	1
28	then	1
28	time	1
28	preparation	1
28	by	2
28	or	1
28	place	1
28	small	1
28	table	1
28	to	3
28	method	1
28	made	2
28	how	1
28	be	2
28	taken	1
28	better	1
28	less	2
28	w	1
28	its	1
28	will	1
28	three	1
28	large	1
28	#maxinitial	3
28	#periods	8
28	#caplines	5
28	#endwpunct	2
28	#lines	22
28	#textlines	16
28	#sequentialcaps	2
28	#quotations	2
28	#commas	6
28	#stdev	2264
28	#maxpair	3
28	wordNotInVocab	35
29	every	1
29	kept	1
29	after	1
29	do	1
29	it	7
29	the	24
29	has	3
29	south	1
29	soon	2
29	until	1
29	each	1
29	so	2
29	spent	2
29	is	5
29	plates	1
29	work	1
29	for	2
29	will	6
29	romannumeral	2
29	arabic1digit	6
29	danger	1
29	both	1
29	and	5
29	at	3
29	joy	1
29	who	2
29	done	1
29	his	1
29	a	6
29	time	3
29	large	1
29	should	2
29	or	3
29	place	1
29	small	2
29	come	1
29	put	1
29	then	1
29	this	1
29	been	1
29	down	1
29	some	2
29	how	1
29	i	1
29	well	2
29	have	1
29	which	1
29	number	1
29	appears	1
29	use	2
29	of	3
29	corn	4
29	#allcapswords	7
29	if	1
29	arabic3digit	1
29	take	1
29	another	1
29	bed	1
29	make	2
29	late	1
29	least	1
29	above	1
29	can	1
29	personalname	1
29	man	3
29	on	3
29	see	1
29	necessary	2
29	are	1
29	other	2
29	let	1
29	in	5
29	may	4
29	year	1
29	that	5
29	as	1
29	while	2
29	be	7
29	once	1
29	not	3
29	side	1
29	there	1
29	upon	1
29	keep	2
29	good	2
29	but	4
29	no	2
29	two	1
29	to	5
29	ground	3
29	#maxinitial	8
29	#startwname	1
29	#periods	16
29	#caplines	7
29	#endwpunct	6
29	#lines	43
29	#textlines	31
29	#sequentialcaps	2
29	#commas	21
29	#stdev	2567
29	#maxpair	11
29	#endwnumeral	7
29	wordNotInVocab	62
30	is	2
30	one	1
30	white	2
30	the	2
30	ma	1
30	plates	1
30	em	1
30	placename	1
30	golden	2
30	arabic2digit	49
30	en	1
30	romannumeral	7
30	arabic1digit	62
30	s	1
30	at	1
30	field	1
30	long	1
30	a	1
30	e	7
30	by	1
30	or	1
30	d	8
30	arabic4digit	10
30	r	2
30	notes	1
30	all	1
30	i	4
30	z	2
30	arabicprice	1
30	of	3
30	three	1
30	n	8
30	corn	2
30	#allcapswords	51
30	f	2
30	arabic3digit	72
30	etc	1
30	feet	1
30	propernoun	2
30	q	4
30	personalname	2
30	on	2
30	which	1
30	in	4
30	o	3
30	eight	2
30	method	2
30	each	2
30	were	1
30	m	1
30	g	4
30	and	2
30	day	1
30	t	1
30	early	1
30	#maxinitial	4
30	#startwname	4
30	#periods	517
30	#caplines	19
30	#endwpunct	5
30	#lines	53
30	#textlines	32
30	#sequentialcaps	3
30	#startwrubric	3
30	#quotations	13
30	#commas	7
30	#stdev	5218
30	#maxpair	7
30	#endwnumeral	20
30	wordNotInVocab	73
31	the	1
31	t	4
31	one	1
31	e	4
31	placename	1
31	golden	2
31	arabic2digit	39
31	is	1
31	personalname	1
31	romannumeral	3
31	arabic1digit	66
31	f	1
31	long	1
31	on	1
31	d	4
31	arabic4digit	1
31	r	3
31	notes	1
31	arabicprice	1
31	white	3
31	three	2
31	n	4
31	of	3
31	#allcapswords	42
31	arabic3digit	41
31	arabic5+digit	1
31	etc	1
31	a	1
31	i	6
31	each	2
31	feet	1
31	propernoun	3
31	ill	1
31	q	11
31	um	1
31	in	3
31	o	7
31	hill	1
31	eight	2
31	method	1
31	were	1
31	m	2
31	ten	1
31	early	1
31	j	1
31	and	1
31	day	1
31	g	4
31	#maxinitial	4
31	#startwname	7
31	#exclamationpoints	1
31	#periods	382
31	#questionmarks	3
31	#caplines	19
31	#endwpunct	35
31	#lines	78
31	#textlines	56
31	#sequentialcaps	3
31	#startwrubric	4
31	#quotations	12
31	#commas	9
31	#stdev	2237
31	#maxpair	6
31	#endwnumeral	17
31	wordNotInVocab	67
32	white	2
32	was	3
32	last	1
32	the	3
32	one	1
32	in	6
32	h	3
32	placename	1
32	arabic2digit	37
32	four	1
32	date	4
32	romannumeral	1
32	arabic1digit	46
32	s	2
32	per	3
32	field	1
32	long	1
32	a	1
32	most	1
32	d	5
32	arabic4digit	1
32	r	5
32	notes	1
32	m	1
32	i	4
32	number	2
32	n	7
32	of	14
32	corn	1
32	#allcapswords	32
32	arabic3digit	17
32	square	1
32	very	1
32	propernoun	4
32	may	1
32	q	3
32	personalname	1
32	on	1
32	e	1
32	late	1
32	u	1
32	o	2
32	water	1
32	eight	1
32	each	2
32	were	1
32	ma	1
32	and	3
32	day	1
32	me	1
32	g	2
32	#maxinitial	8
32	#startwname	9
32	#periods	340
32	#caplines	39
32	#endwpunct	28
32	#lines	171
32	#textlines	117
32	#sequentialcaps	2
32	#startwrubric	1
32	#quotations	2
32	#commas	5
32	#stdev	2232
32	#maxpair	13
32	#endwnumeral	93
32	wordNotInVocab	86
33	is	1
33	ma	1
33	of	3
33	placename	1
33	golden	1
33	arabic2digit	61
33	u	1
33	white	3
33	romannumeral	6
33	arabic1digit	75
33	s	2
33	field	1
33	the	1
33	or	1
33	and	2
33	d	8
33	arabic4digit	1
33	r	2
33	notes	1
33	i	7
33	w	1
33	three	1
33	n	7
33	one	1
33	corn	1
33	#allcapswords	39
33	arabic3digit	31
33	etc	1
33	square	1
33	feet	1
33	propernoun	1
33	q	2
33	personalname	1
33	on	1
33	e	2
33	in	2
33	o	2
33	eight	2
33	method	1
33	each	2
33	were	1
33	m	2
33	ten	1
33	early	1
33	day	1
33	g	2
33	#maxinitial	4
33	#startwname	4
33	#exclamationpoints	1
33	#periods	486
33	#caplines	20
33	#endwpunct	7
33	#lines	41
33	#textlines	32
33	#sequentialcaps	3
33	#startwrubric	2
33	#quotations	7
33	#commas	9
33	#stdev	4491
33	#maxpair	6
33	#endwnumeral	22
33	wordNotInVocab	64
34	the	1
34	one	1
34	e	3
34	h	2
34	placename	1
34	golden	2
34	arabic2digit	45
34	white	3
34	romannumeral	4
34	arabic1digit	108
34	s	4
34	personalname	1
34	field	1
34	long	1
34	on	1
34	were	1
34	or	1
34	d	9
34	arabic4digit	9
34	r	2
34	notes	1
34	we	1
34	i	14
34	arabicprice	4
34	n	8
34	of	3
34	corn	1
34	#allcapswords	59
34	if	1
34	arabic3digit	31
34	etc	1
34	square	1
34	feet	1
34	propernoun	2
34	q	5
34	p	3
34	three	1
34	in	3
34	o	3
34	eight	2
34	u	2
34	method	1
34	each	2
34	ten	1
34	j	1
34	and	2
34	day	1
34	t	1
34	#maxinitial	12
34	#startwname	10
34	#exclamationpoints	2
34	#periods	534
34	#caplines	33
34	#endwpunct	12
34	#lines	85
34	#textlines	49
34	#sequentialcaps	3
34	#startwrubric	4
34	#quotations	10
34	#commas	10
34	#stdev	4541
34	#maxpair	12
34	#endwnumeral	29
34	wordNotInVocab	76
35	#allcapswords	13
35	propernoun	1
35	white	2
35	arabic3digit	22
35	r	1
35	arabic1digit	59
35	d	1
35	arabic4digit	7
35	golden	2
35	arabic2digit	58
35	years	1
35	earl	1
35	no	2
35	square	1
35	i	4
35	number	1
35	for	1
35	y	1
35	personalname	1
35	day	1
35	romannumeral	1
35	n	1
35	#maxinitial	3
35	#startwname	8
35	#periods	342
35	#caplines	18
35	#endwpunct	9
35	#lines	29
35	#textlines	21
35	#sequentialcaps	3
35	#startwrubric	3
35	#commas	1
35	#stdev	3473
35	#maxpair	5
35	#endwnumeral	9
35	wordNotInVocab	30
36	j	1
36	#allcapswords	1
36	arabic1digit	11
36	arabic2digit	1
36	#periods	54
36	#endwpunct	5
36	#lines	11
36	#textlines	7
36	#quotations	4
36	#commas	6
36	#stdev	803
36	#endwnumeral	3
36	wordNotInVocab	1
37	arabic2digit	10
37	i	18
37	h	2
37	propernoun	2
37	no	1
37	ye	1
37	romannumeral	9
37	arabic1digit	48
37	s	2
37	arabic4digit	1
37	f	1
37	a	1
37	u	2
37	an	3
37	r	5
37	#allcapswords	33
37	io	2
37	m	2
37	z	2
37	q	2
37	t	1
37	g	2
37	#maxinitial	10
37	#startwname	4
37	#exclamationpoints	4
37	#periods	483
37	#questionmarks	2
37	#caplines	18
37	#endwpunct	95
37	#lines	191
37	#textlines	149
37	#sequentialcaps	2
37	#startwrubric	1
37	#quotations	12
37	#commas	24
37	#stdev	464
37	#maxpair	12
37	#endwnumeral	24
37	wordNotInVocab	38
38	q	1
38	romannumeral	1
38	i	2
38	arabic1digit	1
38	#allcapswords	3
38	#maxinitial	1
38	#periods	1
38	#caplines	1
38	#endwpunct	1
38	#lines	6
38	#textlines	3
38	#stdev	150
38	#maxpair	1
38	#endwnumeral	1
39	of	1
39	#allcapswords	9
39	arabic2digit	1
39	arabic4digit	1
39	y	1
39	arabic5+digit	2
39	#maxinitial	2
39	#startwname	1
39	#caplines	4
39	#lines	6
39	#textlines	5
39	#sequentialcaps	1
39	#stdev	689
39	#maxpair	2
39	#endwnumeral	2
39	wordNotInVocab	6
