0	d	1
0	public	1
0	the	1
0	#allcapswords	1
0	#lines	3
0	#textlines	2
0	#endwpunct	1
0	#maxinitial	1
0	#stdev	150
0	#maxpair	1
0	#caplines	1
0	wordNotInVocab	4
1	library	1
1	the	1
1	#allcapswords	2
1	#lines	5
1	#textlines	1
1	#maxinitial	1
1	#maxpair	1
1	#caplines	1
2	#lines	1
2	#textlines	0
3	#textlines	0
4	#textlines	0
5	y	1
5	all	1
5	is	5
5	should	1
5	those	1
5	second	1
5	his	1
5	of	17
5	an	4
5	w	1
5	than	1
5	can	1
5	new	2
5	style	1
5	done	1
5	subject	3
5	matter	1
5	great	1
5	and	16
5	give	1
5	strength	1
5	to	9
5	our	1
5	we	1
5	this	6
5	by	1
5	every	1
5	you	1
5	been	1
5	school	1
5	it	4
5	bring	1
5	that	1
5	i	1
5	such	1
5	on	2
5	have	3
5	interest	2
5	full	1
5	side	1
5	believe	1
5	state	1
5	ought	1
5	progress	1
5	from	2
5	at	1
5	which	5
5	answered	1
5	better	2
5	case	2
5	with	2
5	me	1
5	volume	2
5	#allcapswords	20
5	former	2
5	f	1
5	n	1
5	its	1
5	written	2
5	clear	1
5	seems	2
5	many	1
5	court	2
5	well	1
5	has	5
5	favour	1
5	book	3
5	law	4
5	american	1
5	people	1
5	interesting	2
5	author	1
5	made	1
5	be	4
5	before	1
5	some	1
5	office	1
5	quite	1
5	deep	1
5	the	23
5	will	1
5	do	1
5	country	1
5	read	1
5	for	2
5	sing	2
5	in	7
5	no	2
5	heart	1
5	little	3
5	a	7
5	mind	1
5	could	1
5	much	2
5	work	2
5	placename	3
5	journal	1
5	able	2
5	way	2
5	justice	1
5	argument	1
5	propernoun	2
5	public	7
5	mr	3
5	review	1
5	so	3
5	university	1
5	very	2
5	#lines	42
5	#textlines	41
5	#commas	6
5	#endwpunct	12
5	#maxinitial	7
5	#sequentialcaps	1
5	#quotations	18
5	#stdev	1646
5	#maxpair	9
5	#caplines	7
5	#periods	38
5	#startwname	1
5	wordNotInVocab	99
6	sons	1
6	p	1
6	in	1
6	third	1
6	edition	1
6	#allcapswords	4
6	with	1
6	second	1
6	and	1
6	a	2
6	arabic4digit	1
6	romannumeral	1
6	of	2
6	arabic1digit	2
6	justice	2
6	division	1
6	by	2
6	public	1
6	propernoun	1
6	administration	1
6	g	1
6	personalname	2
6	placename	4
6	necessary	1
6	the	5
6	court	1
6	new	3
6	#lines	17
6	#endwnumeral	1
6	#textlines	16
6	#commas	1
6	#maxinitial	3
6	#sequentialcaps	3
6	#stdev	1117
6	#maxpair	4
6	#caplines	12
6	#startwrubric	1
6	#periods	4
6	wordNotInVocab	11
7	arabic3digit	1
7	th	1
7	propernoun	2
7	by	2
7	#allcapswords	9
7	arabic4digit	2
7	romannumeral	2
7	press	1
7	#lines	7
7	#endwnumeral	2
7	#textlines	7
7	#commas	3
7	#maxinitial	2
7	#sequentialcaps	1
7	#stdev	1084
7	#maxpair	4
7	#caplines	6
7	#periods	2
7	#startwname	1
7	wordNotInVocab	6
8	common	1
8	after	1
8	is	2
8	mr	3
8	and	7
8	should	1
8	court	1
8	but	1
8	his	3
8	of	6
8	an	1
8	people	1
8	book	2
8	the	12
8	office	1
8	subject	2
8	matter	1
8	would	1
8	man	1
8	romannumeral	1
8	are	1
8	to	3
8	be	2
8	how	1
8	will	1
8	this	1
8	not	1
8	for	1
8	cannot	1
8	treatment	1
8	it	1
8	in	1
8	no	1
8	that	1
8	such	1
8	on	1
8	a	4
8	poor	2
8	there	1
8	cast	1
8	study	1
8	he	1
8	out	1
8	which	1
8	only	1
8	as	1
8	deep	1
8	#allcapswords	4
8	with	1
8	my	1
8	me	1
8	into	1
8	justice	2
8	public	3
8	look	1
8	district	1
8	arabicprice	1
8	#lines	25
8	#textlines	24
8	#commas	6
8	#endwpunct	5
8	#maxinitial	4
8	#sequentialcaps	2
8	#stdev	1286
8	#maxpair	7
8	#caplines	8
8	#startwrubric	1
8	#periods	12
8	#startwname	2
8	wordNotInVocab	43
9	is	7
9	and	8
9	should	1
9	those	2
9	but	2
9	knows	1
9	of	12
9	through	1
9	this	1
9	fear	1
9	who	2
9	young	1
9	judge	1
9	the	17
9	before	1
9	man	2
9	romannumeral	1
9	to	5
9	until	1
9	under	1
9	by	2
9	not	2
9	will	1
9	known	1
9	about	1
9	for	5
9	every	1
9	human	2
9	his	4
9	in	1
9	no	2
9	heart	1
9	such	1
9	rich	1
9	friend	1
9	a	9
9	be	1
9	have	2
9	poor	1
9	go	1
9	are	2
9	he	10
9	at	1
9	which	1
9	hope	1
9	only	1
9	as	1
9	beyond	1
9	view	1
9	from	1
9	therefore	1
9	defence	1
9	trial	4
9	public	1
9	end	1
9	other	1
9	money	1
9	#lines	29
9	#textlines	29
9	#commas	5
9	#maxinitial	6
9	#stdev	883
9	#maxpair	11
9	#caplines	1
9	#periods	11
9	wordNotInVocab	62
10	y	1
10	none	1
10	in	1
10	more	2
10	#allcapswords	11
10	court	1
10	arabic4digit	1
10	could	1
10	division	1
10	no	1
10	w	1
10	our	1
10	placename	1
10	law	1
10	personalname	1
10	romannumeral	1
10	o	1
10	arabic2digit	1
10	be	2
10	n	1
10	#lines	10
10	#endwnumeral	1
10	#textlines	8
10	#commas	2
10	#endwpunct	4
10	#maxinitial	2
10	#sequentialcaps	1
10	#stdev	1081
10	#maxpair	3
10	#caplines	6
10	#startwrubric	1
10	#periods	8
10	wordNotInVocab	9
11	#textlines	0
12	it	2
12	is	1
12	march	1
12	that	2
12	thus	1
12	general	1
12	both	1
12	a	3
12	favour	1
12	continued	1
12	preface	1
12	personalname	1
12	in	2
12	placename	6
12	book	2
12	here	1
12	of	5
12	by	1
12	received	1
12	the	12
12	since	1
12	has	2
12	for	1
12	which	2
12	he	1
12	may	1
12	subject	1
12	office	1
12	#allcapswords	8
12	with	1
12	upon	1
12	and	4
12	arabic4digit	2
12	edition	3
12	romannumeral	2
12	to	4
12	justice	1
12	be	2
12	united	1
12	second	2
12	will	1
12	public	3
12	new	1
12	this	2
12	fact	1
12	was	3
12	n	1
12	during	2
12	its	1
12	world	1
12	been	1
12	#lines	24
12	#textlines	24
12	#commas	16
12	#endwpunct	5
12	#maxinitial	5
12	#sequentialcaps	2
12	#quotations	2
12	#stdev	1270
12	#maxpair	7
12	#caplines	10
12	#periods	6
12	wordNotInVocab	35
13	all	1
13	is	1
13	in	5
13	attention	1
13	new	1
13	instances	1
13	on	2
13	g	1
13	a	3
13	appendix	1
13	preface	3
13	american	1
13	b	1
13	placename	2
13	state	1
13	law	1
13	of	6
13	are	1
13	the	8
13	from	1
13	that	1
13	re	1
13	#allcapswords	7
13	question	1
13	m	1
13	and	3
13	arabic4digit	2
13	romannumeral	2
13	defence	1
13	to	3
13	numerous	1
13	society	1
13	public	5
13	oft	1
13	dog	1
13	point	1
13	under	1
13	parliament	1
13	introduction	1
13	its	1
13	duty	1
13	#lines	20
13	#endwnumeral	1
13	#textlines	20
13	#commas	11
13	#endwpunct	9
13	#maxinitial	5
13	#sequentialcaps	2
13	#quotations	5
13	#stdev	1176
13	#maxpair	5
13	#caplines	6
13	#startwrubric	1
13	#periods	8
13	#startwname	1
13	wordNotInVocab	38
14	had	2
14	in	4
14	s	1
14	office	1
14	honour	1
14	a	3
14	establishment	1
14	preface	1
14	an	1
14	persons	1
14	well	1
14	as	2
14	including	1
14	law	1
14	public	2
14	of	15
14	address	1
14	years	1
14	city	1
14	the	18
14	which	2
14	new	5
14	were	1
14	proposed	1
14	i	2
14	may	1
14	taken	1
14	subject	1
14	several	1
14	#allcapswords	6
14	society	1
14	it	1
14	and	3
14	arabic4digit	2
14	arabic1digit	1
14	to	2
14	numerous	1
14	propernoun	2
14	by	1
14	union	1
14	was	2
14	placename	7
14	up	1
14	bodies	1
14	for	1
14	making	1
14	both	1
14	#lines	25
14	#endwnumeral	1
14	#textlines	24
14	#commas	15
14	#endwpunct	1
14	#maxinitial	4
14	#sequentialcaps	3
14	#stdev	1096
14	#maxpair	6
14	#caplines	11
14	#periods	2
14	wordNotInVocab	48
15	all	2
15	is	2
15	this	5
15	has	1
15	of	10
15	information	1
15	because	1
15	town	1
15	best	1
15	book	1
15	thus	1
15	which	1
15	the	21
15	before	1
15	office	1
15	many	1
15	subject	2
15	my	2
15	great	1
15	that	2
15	and	8
15	romannumeral	1
15	near	1
15	to	7
15	generally	1
15	be	1
15	new	1
15	will	1
15	country	1
15	help	1
15	for	2
15	by	1
15	means	1
15	far	1
15	various	1
15	it	1
15	little	1
15	in	9
15	i	4
15	such	1
15	on	3
15	see	1
15	a	1
15	appear	1
15	mind	1
15	preface	3
15	officers	1
15	much	1
15	interest	1
15	work	1
15	can	1
15	practical	1
15	from	1
15	hope	1
15	only	1
15	as	1
15	#allcapswords	4
15	with	1
15	some	1
15	may	1
15	its	1
15	public	4
15	so	1
15	placename	1
15	being	1
15	been	2
15	have	2
15	#lines	29
15	#textlines	29
15	#commas	11
15	#endwpunct	4
15	#maxinitial	4
15	#stdev	894
15	#maxpair	8
15	#caplines	3
15	#periods	4
15	wordNotInVocab	62
16	is	1
16	in	1
16	important	1
16	many	1
16	#allcapswords	4
16	you	1
16	m	1
16	and	1
16	a	1
16	arabic4digit	1
16	romannumeral	2
16	small	1
16	of	2
16	to	2
16	one	1
16	our	1
16	what	1
16	popular	1
16	g	1
16	point	1
16	preface	1
16	degree	1
16	the	1
16	new	1
16	most	1
16	#lines	7
16	#endwnumeral	1
16	#textlines	7
16	#commas	3
16	#endwpunct	4
16	#maxinitial	2
16	#sequentialcaps	1
16	#stdev	1626
16	#maxpair	3
16	#caplines	3
16	#startwrubric	1
16	#periods	5
16	#startwname	1
16	wordNotInVocab	7
17	#textlines	0
18	march	1
18	contents	1
18	edition	1
18	second	1
18	a	1
18	appendix	2
18	preface	2
18	b	1
18	ancient	1
18	page	1
18	considered	1
18	personalname	1
18	of	4
18	the	7
18	arabic1digit	1
18	i	2
18	system	1
18	#allcapswords	57
18	and	1
18	romannumeral	10
18	arabic2digit	8
18	to	1
18	justice	1
18	by	1
18	chapter	1
18	o	1
18	public	4
18	other	1
18	#lines	22
18	#endwnumeral	9
18	#textlines	22
18	#endwpunct	1
18	#maxinitial	6
18	#sequentialcaps	3
18	#quotations	6
18	#stdev	970
18	#maxpair	6
18	#caplines	22
18	#periods	48
18	#startwname	10
18	wordNotInVocab	21
19	#textlines	0
20	before	1
20	all	1
20	is	1
20	in	1
20	that	1
20	land	1
20	which	2
20	such	1
20	a	2
20	after	1
20	his	1
20	has	3
20	now	1
20	of	11
20	because	1
20	human	1
20	long	1
20	law	1
20	through	1
20	since	1
20	yet	1
20	i	2
20	persons	1
20	time	1
20	right	1
20	run	1
20	more	1
20	#allcapswords	8
20	an	1
20	and	1
20	it	1
20	man	2
20	race	1
20	defence	1
20	comes	1
20	to	2
20	justice	2
20	the	12
20	form	1
20	public	4
20	this	2
20	strange	1
20	chapter	1
20	for	2
20	have	1
20	or	1
20	every	2
20	especially	1
20	means	1
20	world	1
20	been	3
20	#lines	20
20	#textlines	19
20	#commas	9
20	#endwpunct	4
20	#maxinitial	4
20	#sequentialcaps	1
20	#quotations	2
20	#stdev	1381
20	#maxpair	6
20	#caplines	6
20	#periods	6
20	wordNotInVocab	34
21	is	4
21	many	1
21	standard	1
21	already	1
21	well	1
21	now	1
21	of	9
21	an	1
21	persons	3
21	given	1
21	law	2
21	life	1
21	be	2
21	before	1
21	office	1
21	more	1
21	and	6
21	give	1
21	to	3
21	generally	1
21	our	3
21	present	1
21	under	1
21	by	2
21	various	1
21	this	4
21	will	1
21	means	1
21	too	1
21	human	1
21	principles	1
21	it	1
21	in	3
21	that	6
21	a	3
21	united	1
21	however	1
21	establishment	1
21	upon	1
21	arabic1digit	1
21	much	1
21	mind	1
21	truth	1
21	must	1
21	can	1
21	if	1
21	are	1
21	for	3
21	sound	1
21	believe	1
21	system	1
21	way	1
21	justice	2
21	public	2
21	between	1
21	administration	2
21	carefully	1
21	different	1
21	placename	1
21	the	17
21	placed	1
21	there	1
21	#lines	29
21	#textlines	29
21	#commas	13
21	#endwpunct	4
21	#maxinitial	6
21	#sequentialcaps	2
21	#quotations	2
21	#stdev	848
21	#maxpair	7
21	#caplines	4
21	#periods	5
21	wordNotInVocab	56
22	all	3
22	is	2
22	same	1
22	important	1
22	state	2
22	well	1
22	of	8
22	an	3
22	hand	1
22	persons	2
22	than	1
22	law	1
22	these	1
22	the	30
22	if	1
22	justice	1
22	their	2
22	rather	1
22	would	1
22	upon	1
22	and	8
22	to	10
22	be	4
22	present	1
22	by	1
22	purpose	1
22	means	1
22	strong	1
22	principles	1
22	it	3
22	square	1
22	in	1
22	that	2
22	such	1
22	rich	1
22	on	2
22	a	3
22	have	1
22	arabic1digit	2
22	much	1
22	equal	2
22	truth	1
22	greatest	1
22	able	2
22	he	1
22	poor	1
22	i	1
22	get	1
22	as	5
22	system	1
22	should	2
22	#allcapswords	1
22	conduct	1
22	or	1
22	one	1
22	people	2
22	may	1
22	trial	2
22	public	1
22	between	1
22	#lines	28
22	#endwnumeral	1
22	#textlines	28
22	#commas	9
22	#endwpunct	9
22	#maxinitial	5
22	#sequentialcaps	3
22	#quotations	4
22	#stdev	846
22	#maxpair	5
22	#caplines	5
22	#startwrubric	1
22	#periods	8
22	wordNotInVocab	58
23	all	1
23	is	6
23	it	2
23	true	1
23	poor	1
23	had	1
23	but	1
23	both	1
23	of	5
23	an	2
23	power	1
23	people	1
23	they	1
23	said	1
23	become	1
23	law	2
23	system	1
23	the	21
23	new	1
23	means	1
23	always	1
23	them	1
23	to	4
23	term	1
23	and	8
23	are	1
23	be	1
23	our	1
23	by	2
23	this	1
23	not	2
23	public	2
23	every	1
23	at	2
23	standard	1
23	in	5
23	that	4
23	such	1
23	general	1
23	keep	1
23	on	2
23	a	3
23	modern	1
23	rules	1
23	have	3
23	arabic1digit	1
23	described	1
23	between	1
23	truth	2
23	method	1
23	there	1
23	within	1
23	personalname	1
23	judge	1
23	if	1
23	city	1
23	has	1
23	out	1
23	which	2
23	against	1
23	with	1
23	most	1
23	may	1
23	trial	1
23	propernoun	1
23	man	1
23	so	1
23	get	1
23	placename	1
23	being	1
23	district	2
23	we	1
23	#lines	28
23	#textlines	28
23	#commas	7
23	#endwpunct	6
23	#maxinitial	4
23	#sequentialcaps	1
23	#quotations	2
23	#questionmarks	2
23	#stdev	716
23	#maxpair	6
23	#caplines	6
23	#periods	4
23	wordNotInVocab	58
24	all	2
24	is	7
24	it	6
24	person	1
24	and	3
24	state	1
24	after	1
24	well	1
24	woman	1
24	or	1
24	of	8
24	an	3
24	ten	1
24	answered	1
24	whole	2
24	than	1
24	they	1
24	law	3
24	these	1
24	be	4
24	that	4
24	yet	1
24	himself	1
24	man	2
24	to	7
24	n	1
24	the	20
24	will	1
24	by	1
24	this	1
24	not	1
24	full	1
24	for	2
24	every	1
24	strong	1
24	his	1
24	make	1
24	in	2
24	on	1
24	a	7
24	arabic1digit	2
24	much	1
24	equal	1
24	ancient	1
24	must	2
24	does	2
24	body	1
24	enough	1
24	judge	1
24	if	1
24	he	1
24	him	1
24	as	6
24	better	1
24	right	1
24	#allcapswords	1
24	with	2
24	prove	1
24	one	2
24	take	1
24	society	1
24	public	1
24	us	1
24	fact	1
24	being	1
24	men	1
24	#lines	28
24	#endwnumeral	2
24	#textlines	28
24	#commas	8
24	#endwpunct	6
24	#maxinitial	6
24	#sequentialcaps	2
24	#quotations	2
24	#questionmarks	2
24	#stdev	750
24	#maxpair	7
24	#caplines	4
24	#periods	9
24	wordNotInVocab	67
25	before	2
25	there	1
25	same	1
25	important	1
25	should	5
25	his	2
25	is	3
25	type	1
25	of	7
25	an	1
25	considered	1
25	power	2
25	they	1
25	who	1
25	to	4
25	because	2
25	means	1
25	proper	1
25	may	2
25	often	2
25	and	9
25	the	12
25	while	1
25	under	1
25	this	1
25	not	2
25	for	2
25	public	4
25	still	1
25	it	2
25	without	1
25	in	1
25	that	4
25	per	1
25	a	8
25	however	1
25	be	8
25	have	2
25	arabic1digit	1
25	go	1
25	must	1
25	as	3
25	body	2
25	ought	1
25	necessary	1
25	are	1
25	he	4
25	which	1
25	system	1
25	people	1
25	or	1
25	certain	2
25	justice	1
25	cannot	1
25	class	1
25	district	1
25	high	1
25	#lines	29
25	#textlines	29
25	#commas	15
25	#endwpunct	6
25	#maxinitial	3
25	#questionmarks	1
25	#stdev	482
25	#maxpair	6
25	#caplines	1
25	#periods	5
25	wordNotInVocab	65
26	is	3
26	too	3
26	regard	1
26	wrong	1
26	seems	1
26	those	2
26	laws	1
26	his	3
26	both	1
26	has	2
26	cannot	1
26	of	6
26	an	1
26	law	1
26	than	1
26	who	1
26	here	1
26	having	1
26	example	1
26	found	1
26	the	14
26	because	1
26	alone	1
26	often	2
26	would	2
26	and	5
26	give	1
26	to	4
26	our	1
26	we	1
26	before	2
26	however	2
26	do	1
26	this	1
26	not	2
26	by	3
26	him	1
26	german	1
26	been	1
26	it	4
26	in	3
26	that	4
26	well	1
26	a	5
26	upon	2
26	arabic1digit	1
26	respect	1
26	if	1
26	perhaps	1
26	are	4
26	could	1
26	which	3
26	hope	1
26	rise	1
26	as	1
26	last	1
26	any	1
26	might	1
26	or	2
26	neither	1
26	less	1
26	charge	1
26	may	1
26	social	1
26	public	3
26	they	1
26	made	1
26	#lines	29
26	#endwnumeral	1
26	#textlines	29
26	#commas	12
26	#endwpunct	4
26	#maxinitial	6
26	#sequentialcaps	1
26	#stdev	389
26	#maxpair	7
26	#caplines	4
26	#periods	11
26	wordNotInVocab	71
27	is	3
27	account	1
27	state	1
27	but	1
27	his	6
27	of	6
27	an	3
27	liberty	1
27	over	1
27	law	1
27	should	4
27	to	11
27	nor	1
27	often	1
27	would	2
27	novel	1
27	order	1
27	and	3
27	arabic1digit	1
27	the	18
27	or	3
27	appears	1
27	see	1
27	not	5
27	about	1
27	by	2
27	every	1
27	too	1
27	possible	1
27	it	3
27	bring	1
27	in	4
27	administration	1
27	that	2
27	historical	1
27	on	1
27	a	2
27	be	4
27	much	2
27	if	1
27	he	2
27	at	1
27	could	1
27	ought	1
27	with	2
27	desire	1
27	before	1
27	neither	1
27	justice	1
27	public	4
27	district	3
27	duty	2
27	#lines	29
27	#textlines	29
27	#commas	13
27	#endwpunct	8
27	#maxinitial	4
27	#sequentialcaps	2
27	#stdev	740
27	#maxpair	6
27	#caplines	4
27	#periods	9
27	wordNotInVocab	65
28	stood	1
28	and	6
28	century	1
28	took	1
28	well	2
28	has	1
28	whose	1
28	of	10
28	an	3
28	romannumeral	1
28	vol	2
28	they	2
28	government	1
28	book	1
28	time	1
28	the	22
28	that	1
28	were	6
28	them	2
28	even	1
28	their	2
28	more	1
28	required	1
28	many	1
28	roman	1
28	title	1
28	to	6
28	under	3
28	by	1
28	appears	1
28	for	4
28	public	2
28	every	2
28	still	1
28	it	2
28	bring	1
28	in	5
28	own	1
28	nature	1
28	either	1
28	which	1
28	such	3
28	a	2
28	have	1
28	arabic1digit	1
28	poor	1
28	history	1
28	there	1
28	p	2
28	personalname	2
28	are	1
28	at	2
28	i	2
28	excellent	1
28	as	6
28	against	2
28	#allcapswords	4
28	arabic3digit	3
28	called	1
28	or	1
28	one	1
28	defence	1
28	justice	1
28	poem	1
28	trial	1
28	arabic2digit	1
28	propernoun	1
28	condition	1
28	administration	1
28	number	1
28	was	3
28	placename	2
28	made	1
28	duty	1
28	#lines	30
28	#endwnumeral	2
28	#textlines	30
28	#commas	16
28	#endwpunct	6
28	#maxinitial	7
28	#sequentialcaps	3
28	#quotations	4
28	#stdev	989
28	#maxpair	7
28	#caplines	7
28	#periods	19
28	wordNotInVocab	59
29	y	2
29	viz	1
29	court	1
29	except	1
29	both	1
29	has	2
29	now	1
29	of	9
29	an	2
29	persons	2
29	personalname	1
29	who	1
29	defence	1
29	law	2
29	these	1
29	life	1
29	by	1
29	the	15
29	if	1
29	professor	1
29	also	1
29	and	3
29	every	1
29	to	3
29	be	2
29	civil	2
29	for	4
29	public	5
29	arabic2digit	2
29	is	3
29	had	1
29	turn	1
29	in	6
29	no	1
29	a	6
29	always	1
29	or	2
29	poor	1
29	there	3
29	selected	1
29	are	2
29	university	1
29	at	1
29	as	1
29	when	1
29	arabic3digit	2
29	certain	1
29	charge	1
29	may	1
29	trial	1
29	propernoun	5
29	cannot	1
29	without	1
29	placename	2
29	spanish	1
29	takes	1
29	district	1
29	de	2
29	#lines	28
29	#textlines	28
29	#commas	6
29	#endwpunct	8
29	#maxinitial	4
29	#sequentialcaps	1
29	#quotations	8
29	#stdev	942
29	#maxpair	7
29	#caplines	7
29	#periods	14
29	#startwname	1
29	wordNotInVocab	59
30	is	3
30	order	2
30	his	3
30	has	3
30	cannot	1
30	of	8
30	an	2
30	persons	1
30	sent	1
30	who	3
30	law	1
30	person	1
30	by	2
30	the	23
30	and	2
30	to	11
30	according	1
30	be	2
30	any	1
30	he	2
30	this	2
30	country	1
30	for	3
30	arabic2digit	2
30	means	1
30	or	1
30	without	1
30	in	4
30	own	1
30	that	3
30	such	1
30	general	1
30	head	1
30	a	3
30	themselves	1
30	upon	1
30	poor	1
30	heard	1
30	must	1
30	judge	1
30	pro	2
30	are	2
30	through	2
30	from	1
30	what	1
30	circumstances	1
30	which	1
30	as	2
30	him	1
30	right	2
30	#allcapswords	2
30	arabic3digit	1
30	with	1
30	into	1
30	defence	2
30	its	1
30	propernoun	3
30	public	2
30	number	1
30	was	1
30	placename	2
30	free	2
30	de	1
30	called	2
30	made	1
30	reason	1
30	#lines	29
30	#endwnumeral	1
30	#textlines	29
30	#commas	16
30	#endwpunct	4
30	#maxinitial	8
30	#sequentialcaps	2
30	#quotations	8
30	#stdev	605
30	#maxpair	10
30	#caplines	4
30	#periods	7
30	wordNotInVocab	58
31	is	5
31	same	1
31	person	3
31	state	2
31	others	1
31	court	2
31	laws	1
31	government	1
31	both	1
31	whose	1
31	of	10
31	an	1
31	than	1
31	whom	1
31	who	2
31	these	1
31	act	1
31	the	22
31	some	1
31	born	1
31	been	1
31	more	1
31	and	3
31	to	3
31	followed	1
31	be	2
31	any	1
31	under	1
31	by	4
31	various	1
31	this	1
31	or	1
31	also	1
31	concerning	1
31	in	10
31	that	1
31	particular	1
31	general	1
31	a	6
31	have	2
31	city	1
31	lay	2
31	method	1
31	must	1
31	district	1
31	within	1
31	selected	1
31	are	1
31	from	1
31	for	4
31	system	2
31	case	1
31	king	1
31	arabic4digit	1
31	one	1
31	defence	3
31	may	1
31	arabic2digit	2
31	propernoun	5
31	public	3
31	each	2
31	number	1
31	different	1
31	placename	2
31	being	1
31	free	1
31	de	3
31	#lines	29
31	#textlines	29
31	#commas	15
31	#endwpunct	6
31	#maxinitial	5
31	#sequentialcaps	1
31	#quotations	10
31	#stdev	785
31	#maxpair	7
31	#caplines	4
31	#periods	9
31	#startwname	1
31	wordNotInVocab	48
32	is	1
32	person	1
32	part	1
32	laws	1
32	just	1
32	worthy	1
32	has	2
32	of	5
32	an	2
32	whole	1
32	american	1
32	persons	2
32	over	1
32	who	3
32	law	1
32	as	1
32	be	2
32	before	1
32	if	2
32	their	2
32	subject	1
32	more	1
32	put	1
32	and	2
32	state	3
32	to	4
32	those	1
32	the	14
32	our	1
32	we	1
32	or	2
32	various	1
32	this	3
32	will	1
32	by	2
32	also	1
32	german	1
32	other	1
32	been	4
32	it	1
32	in	8
32	that	1
32	note	1
32	a	2
32	have	3
32	arabic1digit	1
32	much	1
32	two	1
32	can	1
32	upon	2
32	chapter	1
32	are	1
32	from	3
32	at	1
32	right	2
32	re	1
32	#allcapswords	1
32	with	1
32	may	2
32	trial	5
32	public	2
32	so	1
32	respect	1
32	called	1
32	#lines	28
32	#endwnumeral	1
32	#textlines	28
32	#commas	11
32	#endwpunct	8
32	#maxinitial	5
32	#sequentialcaps	2
32	#quotations	5
32	#stdev	1150
32	#maxpair	8
32	#caplines	4
32	#periods	8
32	wordNotInVocab	59
33	all	1
33	is	6
33	person	1
33	many	1
33	state	1
33	those	1
33	court	1
33	his	1
33	of	4
33	persons	3
33	law	1
33	time	1
33	be	1
33	president	1
33	proper	1
33	may	2
33	should	1
33	more	1
33	question	2
33	and	2
33	to	9
33	according	1
33	the	13
33	while	1
33	any	1
33	by	2
33	this	2
33	not	3
33	for	2
33	or	1
33	arabic2digit	1
33	among	1
33	it	2
33	in	3
33	that	2
33	on	1
33	note	1
33	a	2
33	themselves	1
33	have	1
33	there	1
33	are	1
33	him	1
33	sound	1
33	free	1
33	as	1
33	interesting	1
33	against	1
33	#allcapswords	1
33	whether	1
33	justice	1
33	propernoun	2
33	present	1
33	public	1
33	district	1
33	#lines	22
33	#textlines	22
33	#commas	5
33	#endwpunct	4
33	#maxinitial	6
33	#sequentialcaps	2
33	#quotations	6
33	#stdev	870
33	#maxpair	6
33	#caplines	4
33	#periods	6
33	wordNotInVocab	43
34	is	3
34	state	2
34	but	1
34	his	2
34	of	4
34	who	1
34	defence	1
34	person	1
34	be	2
34	means	1
34	brought	1
34	should	2
34	often	1
34	great	1
34	and	6
34	romannumeral	1
34	to	3
34	the	12
34	present	1
34	any	1
34	will	1
34	or	1
34	against	2
34	not	1
34	chapter	1
34	by	3
34	him	2
34	in	4
34	generally	1
34	has	1
34	on	1
34	a	3
34	appear	1
34	favour	1
34	have	1
34	arabic1digit	1
34	only	1
34	can	1
34	forces	1
34	necessary	1
34	perhaps	1
34	he	3
34	several	1
34	which	2
34	honest	1
34	able	1
34	right	2
34	system	1
34	#allcapswords	10
34	with	3
34	charge	1
34	trial	2
34	class	1
34	high	1
34	#lines	23
34	#endwnumeral	1
34	#textlines	23
34	#commas	6
34	#endwpunct	7
34	#maxinitial	3
34	#sequentialcaps	1
34	#quotations	2
34	#stdev	1351
34	#maxpair	6
34	#caplines	8
34	#periods	5
34	#startwname	1
34	wordNotInVocab	39
35	does	1
35	is	3
35	court	2
35	but	2
35	except	1
35	of	8
35	persons	2
35	liberty	1
35	favour	1
35	who	1
35	law	1
35	young	1
35	these	2
35	murder	1
35	thus	1
35	time	1
35	the	21
35	some	2
35	were	1
35	if	1
35	often	1
35	and	3
35	to	13
35	be	3
35	present	1
35	will	1
35	by	1
35	do	1
35	not	4
35	for	1
35	arabic2digit	1
35	rule	1
35	really	1
35	without	1
35	in	9
35	that	1
35	such	2
35	general	1
35	it	1
35	on	1
35	a	3
35	crown	1
35	upon	1
35	whose	1
35	serve	1
35	judge	1
35	are	3
35	he	1
35	always	1
35	him	1
35	at	5
35	as	2
35	day	1
35	right	1
35	left	1
35	may	1
35	public	1
35	they	1
35	point	1
35	was	1
35	placename	2
35	great	1
35	go	1
35	very	2
35	#lines	29
35	#textlines	29
35	#commas	11
35	#endwpunct	9
35	#maxinitial	7
35	#sequentialcaps	2
35	#questionmarks	1
35	#stdev	712
35	#maxpair	10
35	#caplines	5
35	#periods	8
35	wordNotInVocab	68
36	none	1
36	is	4
36	person	1
36	should	2
36	thing	1
36	all	1
36	but	1
36	period	1
36	of	16
36	an	2
36	persons	3
36	wrong	1
36	who	1
36	defence	5
36	murder	2
36	time	1
36	if	1
36	be	3
36	because	1
36	does	1
36	from	2
36	even	1
36	their	1
36	death	1
36	required	1
36	question	1
36	and	3
36	character	1
36	romannumeral	1
36	to	12
36	those	1
36	another	1
36	court	1
36	not	5
36	or	1
36	every	1
36	the	17
36	it	5
36	in	4
36	command	1
36	why	1
36	on	1
36	a	7
36	arabic1digit	1
36	his	1
36	did	2
36	are	1
36	he	2
36	for	6
36	at	1
36	which	2
36	as	2
36	office	1
36	when	1
36	stand	1
36	system	2
36	with	2
36	#allcapswords	2
36	public	2
36	they	1
36	fact	1
36	man	1
36	district	1
36	very	1
36	#lines	30
36	#endwnumeral	1
36	#textlines	29
36	#commas	8
36	#endwpunct	3
36	#maxinitial	5
36	#sequentialcaps	2
36	#quotations	2
36	#questionmarks	1
36	#stdev	845
36	#maxpair	6
36	#caplines	5
36	#periods	4
36	wordNotInVocab	69
37	is	6
37	lives	1
37	same	1
37	person	1
37	and	2
37	true	1
37	should	2
37	those	1
37	court	2
37	property	1
37	important	2
37	his	2
37	of	9
37	an	2
37	persons	1
37	than	1
37	liberty	1
37	who	2
37	law	1
37	time	1
37	name	1
37	the	15
37	yet	1
37	he	1
37	latter	1
37	their	2
37	nor	1
37	more	1
37	would	1
37	required	1
37	man	1
37	to	11
37	good	1
37	be	3
37	while	1
37	we	1
37	or	1
37	any	2
37	civil	1
37	up	1
37	for	2
37	by	2
37	arabic2digit	1
37	service	1
37	other	1
37	it	4
37	without	2
37	in	2
37	no	1
37	that	2
37	why	2
37	a	3
37	not	3
37	whose	2
37	upon	1
37	could	1
37	authority	1
37	there	1
37	state	1
37	can	2
37	if	2
37	necessary	1
37	are	3
37	at	1
37	which	1
37	as	1
37	due	1
37	when	1
37	with	1
37	most	1
37	may	1
37	hold	1
37	public	1
37	fact	1
37	being	1
37	duty	1
37	#lines	29
37	#textlines	29
37	#commas	7
37	#endwpunct	2
37	#maxinitial	7
37	#quotations	2
37	#questionmarks	2
37	#stdev	675
37	#maxpair	9
37	#caplines	1
37	#periods	5
37	wordNotInVocab	66
38	all	1
38	is	4
38	regard	1
38	but	2
38	his	1
38	type	1
38	of	6
38	than	2
38	they	4
38	fear	1
38	who	1
38	these	1
38	the	8
38	he	2
38	their	6
38	more	1
38	great	1
38	and	3
38	to	4
38	will	1
38	or	8
38	various	1
38	any	1
38	this	2
38	not	2
38	for	2
38	by	4
38	also	1
38	arabic2digit	1
38	too	1
38	other	2
38	friends	1
38	it	3
38	without	1
38	in	4
38	that	2
38	on	1
38	a	6
38	be	2
38	upon	1
38	described	1
38	character	1
38	get	1
38	there	1
38	if	2
38	are	5
38	which	1
38	greater	1
38	as	3
38	nearly	1
38	system	1
38	when	1
38	from	2
38	leaves	1
38	often	1
38	trial	1
38	present	1
38	cannot	1
38	fact	1
38	question	1
38	court	1
38	half	1
38	#lines	31
38	#endwnumeral	1
38	#textlines	29
38	#commas	12
38	#endwpunct	5
38	#maxinitial	5
38	#sequentialcaps	1
38	#quotations	14
38	#stdev	350
38	#maxpair	6
38	#caplines	2
38	#periods	10
38	wordNotInVocab	76
39	is	3
39	times	1
39	good	1
39	court	2
39	but	3
39	his	2
39	has	1
39	of	6
39	an	1
39	most	1
39	than	1
39	they	3
39	who	1
39	young	3
39	time	3
39	the	24
39	that	1
39	take	1
39	their	3
39	nor	1
39	often	1
39	and	5
39	to	8
39	care	1
39	be	1
39	or	1
39	danger	1
39	not	1
39	for	4
39	purpose	1
39	arabic2digit	1
39	among	1
39	rule	1
39	practice	1
39	in	2
39	on	2
39	a	3
39	have	2
39	much	1
39	get	1
39	fortune	1
39	go	1
39	perhaps	1
39	are	4
39	through	1
39	from	2
39	him	1
39	at	2
39	which	1
39	honest	1
39	greater	1
39	as	1
39	face	1
39	tender	1
39	with	1
39	more	1
39	liberty	1
39	neither	1
39	defence	1
39	therefore	1
39	may	2
39	preparation	1
39	trial	1
39	present	1
39	public	1
39	while	1
39	being	1
39	its	1
39	#lines	29
39	#textlines	29
39	#commas	11
39	#endwpunct	8
39	#maxinitial	8
39	#sequentialcaps	1
39	#stdev	772
39	#maxpair	8
39	#caplines	3
39	#periods	9
39	wordNotInVocab	62
40	is	2
40	mr	1
40	many	1
40	causes	1
40	court	1
40	spirit	1
40	his	3
40	has	1
40	of	8
40	an	1
40	american	1
40	than	1
40	they	3
40	said	1
40	best	1
40	who	1
40	law	1
40	own	1
40	address	1
40	care	1
40	the	16
40	were	1
40	done	1
40	their	4
40	himself	1
40	more	1
40	and	6
40	to	7
40	our	1
40	feel	1
40	any	1
40	will	2
40	do	1
40	form	1
40	we	1
40	known	1
40	years	1
40	for	1
40	by	1
40	arabic2digit	1
40	too	2
40	among	2
40	practice	1
40	in	8
40	no	1
40	that	2
40	chief	1
40	personalname	1
40	a	3
40	mortal	1
40	come	1
40	poor	2
40	can	1
40	if	2
40	fate	1
40	are	7
40	he	2
40	what	1
40	out	1
40	which	2
40	as	1
40	able	1
40	several	1
40	system	1
40	business	1
40	conduct	1
40	or	1
40	most	1
40	justice	1
40	trial	1
40	propernoun	1
40	duty	1
40	especially	1
40	whose	1
40	#lines	29
40	#endwnumeral	1
40	#textlines	29
40	#commas	13
40	#endwpunct	8
40	#maxinitial	5
40	#sequentialcaps	3
40	#quotations	3
40	#stdev	684
40	#maxpair	6
40	#caplines	5
40	#periods	13
40	#startwname	1
40	wordNotInVocab	70
41	is	1
41	many	1
41	with	1
41	others	1
41	knows	2
41	has	1
41	of	7
41	through	2
41	story	1
41	than	2
41	said	1
41	given	2
41	division	1
41	public	3
41	time	1
41	by	2
41	system	1
41	be	3
41	before	2
41	new	2
41	them	1
41	their	1
41	himself	1
41	often	1
41	put	1
41	great	1
41	and	5
41	con	1
41	should	1
41	to	5
41	the	13
41	how	1
41	feel	1
41	court	1
41	or	2
41	what	1
41	arabic2digit	1
41	it	1
41	in	4
41	no	1
41	that	2
41	fellow	1
41	such	1
41	on	1
41	must	1
41	a	5
41	doubt	1
41	have	2
41	seen	1
41	poor	2
41	some	2
41	tell	1
41	there	1
41	as	2
41	judge	1
41	takes	1
41	he	3
41	him	2
41	at	2
41	i	3
41	believe	1
41	due	1
41	better	1
41	#allcapswords	4
41	arabic4digit	1
41	way	1
41	less	1
41	justice	2
41	propernoun	1
41	so	3
41	f	1
41	placename	2
41	being	2
41	men	1
41	very	1
41	made	1
41	#lines	28
41	#textlines	28
41	#commas	8
41	#endwpunct	6
41	#maxinitial	3
41	#sequentialcaps	2
41	#quotations	3
41	#stdev	905
41	#maxpair	6
41	#caplines	7
41	#periods	11
41	wordNotInVocab	63
42	really	1
42	many	1
42	year	1
42	court	2
42	but	1
42	has	2
42	of	2
42	an	2
42	persons	3
42	than	1
42	system	1
42	be	2
42	because	1
42	some	1
42	them	1
42	alone	1
42	would	1
42	and	1
42	character	1
42	to	7
42	according	1
42	the	9
42	how	1
42	appears	1
42	this	2
42	new	2
42	for	1
42	by	2
42	arabic2digit	1
42	strong	1
42	been	1
42	it	1
42	had	1
42	in	5
42	no	1
42	that	3
42	such	1
42	general	1
42	a	2
42	not	1
42	upon	1
42	could	1
42	published	1
42	are	3
42	one	2
42	free	1
42	real	1
42	as	3
42	against	2
42	arabic3digit	3
42	arabic4digit	1
42	#allcapswords	2
42	defence	1
42	less	1
42	may	1
42	united	1
42	each	1
42	placename	3
42	made	1
42	#lines	22
42	#endwnumeral	2
42	#textlines	22
42	#commas	3
42	#endwpunct	2
42	#maxinitial	6
42	#sequentialcaps	1
42	#quotations	2
42	#stdev	737
42	#maxpair	6
42	#caplines	3
42	#periods	6
42	wordNotInVocab	45
43	all	1
43	is	7
43	shall	1
43	state	1
43	his	3
43	has	1
43	whose	2
43	of	5
43	an	1
43	whole	1
43	power	1
43	persons	1
43	who	1
43	important	1
43	be	2
43	part	1
43	and	5
43	to	3
43	the	13
43	name	1
43	under	1
43	or	2
43	not	1
43	chapter	1
43	for	1
43	by	1
43	t	1
43	far	1
43	it	1
43	servant	1
43	in	2
43	that	1
43	a	3
43	authority	1
43	must	1
43	as	1
43	action	1
43	are	1
43	he	6
43	at	1
43	powers	1
43	right	1
43	against	1
43	#allcapswords	8
43	with	1
43	most	1
43	whether	1
43	people	1
43	justice	1
43	trial	1
43	arabic2digit	1
43	public	3
43	romannumeral	1
43	being	2
43	district	2
43	respect	1
43	its	2
43	#lines	23
43	#endwnumeral	1
43	#textlines	23
43	#commas	11
43	#endwpunct	5
43	#maxinitial	5
43	#sequentialcaps	2
43	#stdev	1185
43	#maxpair	5
43	#caplines	7
43	#periods	7
43	wordNotInVocab	42
44	is	6
44	person	2
44	many	1
44	important	1
44	his	2
44	well	1
44	of	5
44	an	4
44	defence	1
44	people	1
44	they	3
44	best	1
44	who	1
44	law	2
44	judge	1
44	were	1
44	if	1
44	them	1
44	even	1
44	their	2
44	often	1
44	required	1
44	and	11
44	would	1
44	con	1
44	give	1
44	to	13
44	be	4
44	we	1
44	by	1
44	this	1
44	for	5
44	public	3
44	arabic2digit	1
44	the	13
44	play	1
44	it	4
44	no	3
44	that	6
44	such	1
44	however	2
44	note	1
44	a	2
44	cold	1
44	could	1
44	truth	1
44	work	1
44	there	3
44	makes	1
44	are	3
44	as	3
44	private	1
44	human	1
44	with	1
44	prove	1
44	or	1
44	therefore	1
44	may	2
44	cannot	1
44	administration	1
44	so	1
44	number	1
44	being	1
44	district	3
44	political	1
44	duty	1
44	#lines	29
44	#endwnumeral	1
44	#textlines	29
44	#commas	13
44	#endwpunct	2
44	#maxinitial	6
44	#sequentialcaps	1
44	#stdev	289
44	#maxpair	7
44	#caplines	3
44	#periods	5
44	wordNotInVocab	65
45	all	1
45	is	2
45	important	1
45	many	1
45	of	9
45	an	1
45	persons	2
45	they	2
45	give	1
45	law	1
45	by	1
45	the	17
45	before	1
45	even	1
45	their	1
45	men	1
45	more	1
45	would	1
45	and	5
45	to	6
45	numerous	1
45	our	2
45	however	1
45	not	1
45	open	1
45	for	1
45	or	4
45	arabic2digit	1
45	human	1
45	seek	1
45	without	1
45	in	3
45	that	7
45	moral	1
45	rich	1
45	on	1
45	a	3
45	upon	2
45	sense	1
45	poor	1
45	equal	1
45	work	1
45	authority	2
45	must	1
45	quite	1
45	judge	1
45	always	1
45	are	4
45	officers	1
45	tender	1
45	out	1
45	with	1
45	one	1
45	way	1
45	charge	1
45	justice	3
45	trial	2
45	public	1
45	us	1
45	so	1
45	district	2
45	very	1
45	#lines	29
45	#textlines	29
45	#commas	13
45	#endwpunct	2
45	#maxinitial	7
45	#quotations	4
45	#stdev	448
45	#maxpair	9
45	#caplines	1
45	#periods	4
45	wordNotInVocab	72
46	all	1
46	is	6
46	such	1
46	should	5
46	a	3
46	but	1
46	his	2
46	both	2
46	of	6
46	than	1
46	they	1
46	said	1
46	including	1
46	along	1
46	own	1
46	the	13
46	new	1
46	them	1
46	true	1
46	whose	2
46	their	2
46	often	1
46	upon	1
46	and	6
46	to	11
46	be	2
46	present	1
46	any	1
46	from	1
46	do	1
46	not	2
46	for	3
46	arabic2digit	1
46	other	2
46	it	2
46	in	1
46	example	1
46	that	2
46	personalname	1
46	however	1
46	favour	1
46	have	1
46	sense	1
46	taken	1
46	can	2
46	if	1
46	an	1
46	he	5
46	district	2
46	at	1
46	i	1
46	believe	1
46	much	2
46	#allcapswords	1
46	with	1
46	rather	2
46	defence	1
46	one	2
46	people	1
46	justice	2
46	propernoun	1
46	public	2
46	carefully	1
46	so	1
46	while	2
46	placename	1
46	duty	1
46	#lines	28
46	#endwnumeral	1
46	#textlines	28
46	#commas	10
46	#endwpunct	5
46	#maxinitial	3
46	#sequentialcaps	1
46	#quotations	2
46	#stdev	482
46	#maxpair	5
46	#caplines	3
46	#periods	8
46	wordNotInVocab	64
47	y	1
47	page	1
47	is	1
47	account	1
47	many	1
47	state	1
47	court	1
47	a	4
47	viz	1
47	of	15
47	people	1
47	against	1
47	#allcapswords	2
47	defence	1
47	law	1
47	murder	1
47	made	1
47	be	1
47	close	1
47	new	2
47	yet	1
47	proper	1
47	may	1
47	their	4
47	subject	1
47	cause	1
47	other	1
47	and	4
47	to	6
47	the	18
47	our	1
47	while	1
47	will	1
47	or	1
47	various	1
47	propernoun	1
47	arabic3digit	2
47	this	1
47	country	1
47	we	1
47	n	1
47	for	3
47	by	1
47	arabic2digit	1
47	too	1
47	among	1
47	in	7
47	review	1
47	that	1
47	such	1
47	on	3
47	found	1
47	fair	1
47	have	1
47	truth	1
47	wrote	1
47	two	1
47	are	1
47	from	1
47	duties	1
47	at	1
47	which	1
47	only	1
47	as	1
47	system	1
47	case	1
47	with	2
47	desire	1
47	charge	1
47	justice	1
47	trial	1
47	public	1
47	each	1
47	different	1
47	placename	1
47	district	1
47	serve	1
47	very	1
47	following	1
47	#lines	28
47	#textlines	28
47	#commas	14
47	#endwpunct	6
47	#maxinitial	5
47	#sequentialcaps	1
47	#quotations	1
47	#stdev	839
47	#maxpair	6
47	#caplines	3
47	#periods	8
47	wordNotInVocab	55
48	y	1
48	judgement	1
48	it	1
48	important	1
48	such	1
48	many	1
48	should	4
48	order	1
48	court	1
48	but	2
48	his	3
48	both	1
48	is	2
48	of	11
48	law	1
48	people	2
48	who	1
48	division	1
48	murder	1
48	heat	1
48	time	1
48	new	1
48	he	3
48	my	1
48	often	1
48	brother	1
48	duties	1
48	and	4
48	to	5
48	according	1
48	be	3
48	from	1
48	this	1
48	not	1
48	for	3
48	or	1
48	arabic2digit	2
48	had	1
48	in	11
48	that	2
48	i	1
48	rules	1
48	a	6
48	officers	1
48	arabic1digit	1
48	interest	1
48	wrote	1
48	district	1
48	opinion	1
48	judge	2
48	if	1
48	are	1
48	at	1
48	which	2
48	chief	1
48	run	1
48	case	2
48	#allcapswords	5
48	arabic3digit	1
48	with	1
48	manner	1
48	justice	1
48	trial	2
48	propernoun	1
48	public	1
48	so	1
48	n	1
48	the	17
48	its	1
48	duty	1
48	#lines	28
48	#endwnumeral	1
48	#textlines	28
48	#commas	15
48	#endwpunct	7
48	#maxinitial	3
48	#sequentialcaps	2
48	#quotations	4
48	#stdev	783
48	#maxpair	5
48	#caplines	4
48	#periods	11
48	wordNotInVocab	65
49	y	1
49	page	1
49	is	1
49	relating	1
49	times	1
49	good	1
49	court	2
49	but	3
49	both	1
49	judgement	1
49	of	9
49	saying	1
49	people	1
49	law	1
49	judge	1
49	aside	1
49	the	18
49	new	2
49	them	1
49	proper	1
49	may	1
49	subject	2
49	and	7
49	latter	1
49	should	1
49	to	7
49	be	4
49	we	2
49	by	1
49	however	1
49	have	3
49	for	1
49	also	1
49	strong	1
49	rule	2
49	had	1
49	in	7
49	no	1
49	that	1
49	rules	1
49	a	6
49	fair	1
49	not	4
49	upon	2
49	duty	1
49	must	1
49	did	1
49	laid	1
49	if	1
49	are	2
49	an	1
49	from	2
49	men	1
49	at	2
49	arabic1digit	1
49	which	1
49	only	1
49	as	1
49	she	1
49	case	2
49	#allcapswords	2
49	arabic3digit	1
49	with	2
49	down	1
49	set	1
49	more	1
49	grave	1
49	arabic2digit	2
49	former	1
49	justice	1
49	trial	6
49	their	1
49	public	1
49	administration	1
49	n	1
49	conduct	1
49	especially	1
49	#lines	29
49	#textlines	29
49	#commas	17
49	#endwpunct	6
49	#maxinitial	7
49	#sequentialcaps	1
49	#quotations	2
49	#stdev	714
49	#maxpair	8
49	#caplines	3
49	#periods	9
49	wordNotInVocab	63
50	does	1
50	judgement	1
50	whom	1
50	many	1
50	court	1
50	but	1
50	his	3
50	is	4
50	of	14
50	than	1
50	they	1
50	in	3
50	who	1
50	the	16
50	were	3
50	number	2
50	often	1
50	lie	1
50	subject	1
50	district	2
50	rather	1
50	part	1
50	and	5
50	to	4
50	was	2
50	our	1
50	by	4
50	do	1
50	followed	1
50	not	3
50	for	1
50	or	1
50	arabic2digit	1
50	how	1
50	been	1
50	it	2
50	had	1
50	no	1
50	sin	1
50	that	2
50	well	1
50	however	1
50	on	3
50	this	1
50	a	3
50	him	1
50	always	1
50	interest	1
50	quite	1
50	either	1
50	judge	1
50	have	1
50	he	4
50	as	2
50	against	1
50	with	1
50	remarks	1
50	therefore	1
50	trial	1
50	public	2
50	men	1
50	made	1
50	duty	1
50	#lines	29
50	#endwnumeral	1
50	#textlines	29
50	#commas	8
50	#endwpunct	5
50	#maxinitial	5
50	#quotations	5
50	#stdev	695
50	#maxpair	6
50	#caplines	2
50	#periods	9
50	wordNotInVocab	73
51	is	6
51	practice	1
51	person	1
51	and	4
51	but	1
51	his	2
51	of	11
51	through	1
51	information	1
51	saying	1
51	not	1
51	persons	1
51	they	1
51	who	1
51	law	1
51	found	1
51	the	18
51	before	1
51	some	2
51	should	1
51	generally	1
51	men	1
51	great	3
51	man	1
51	set	1
51	to	6
51	be	3
51	while	1
51	will	3
51	press	1
51	principal	1
51	this	1
51	district	2
51	for	1
51	arabic2digit	1
51	him	1
51	been	2
51	really	1
51	make	1
51	in	6
51	no	1
51	that	7
51	a	3
51	news	2
51	it	3
51	secret	1
51	number	1
51	upon	1
51	pride	1
51	there	1
51	always	1
51	makes	1
51	are	2
51	an	1
51	he	4
51	has	3
51	free	1
51	which	2
51	as	3
51	hundred	1
51	against	1
51	manner	1
51	one	3
51	take	1
51	trial	1
51	public	2
51	administration	1
51	room	1
51	fact	2
51	#lines	29
51	#textlines	29
51	#commas	10
51	#endwpunct	6
51	#maxinitial	6
51	#sequentialcaps	1
51	#stdev	998
51	#maxpair	7
51	#caplines	4
51	#periods	7
51	wordNotInVocab	55
52	is	1
52	attention	1
52	choice	1
52	court	1
52	term	1
52	but	1
52	his	4
52	of	7
52	an	1
52	over	2
52	considered	1
52	justice	1
52	person	1
52	be	3
52	them	1
52	above	1
52	may	6
52	their	1
52	time	1
52	would	2
52	and	4
52	to	10
52	until	1
52	the	11
52	another	1
52	by	3
52	do	1
52	not	3
52	for	6
52	arabic2digit	1
52	up	1
52	other	1
52	it	2
52	bring	1
52	instances	1
52	without	1
52	make	1
52	in	3
52	own	3
52	that	2
52	particular	2
52	ask	1
52	such	2
52	on	1
52	a	8
52	upon	1
52	arabic1digit	1
52	poor	1
52	effect	1
52	does	1
52	can	1
52	judge	6
52	always	1
52	able	1
52	he	5
52	him	1
52	at	2
52	which	1
52	as	1
52	case	2
52	large	1
52	desire	1
52	also	1
52	most	2
52	trial	2
52	words	1
52	public	1
52	district	2
52	called	1
52	#lines	30
52	#endwnumeral	2
52	#textlines	29
52	#commas	8
52	#endwpunct	6
52	#maxinitial	5
52	#sequentialcaps	1
52	#quotations	2
52	#questionmarks	2
52	#stdev	1053
52	#maxpair	6
52	#caplines	5
52	#periods	8
52	wordNotInVocab	56
53	which	1
53	all	1
53	is	1
53	in	1
53	and	1
53	matter	1
53	has	1
53	of	1
53	to	2
53	be	1
53	public	1
53	get	1
53	cannot	1
53	arabic2digit	1
53	the	6
53	he	1
53	means	1
53	#lines	7
53	#textlines	7
53	#commas	5
53	#endwpunct	3
53	#maxinitial	2
53	#stdev	861
53	#maxpair	2
53	#caplines	1
53	#periods	2
53	wordNotInVocab	18
54	is	1
54	that	1
54	others	1
54	to	1
54	not	1
54	of	3
54	arabic1digit	4
54	truth	1
54	be	9
54	from	1
54	office	1
54	persons	1
54	more	3
54	#allcapswords	9
54	i	1
54	and	1
54	arabic4digit	1
54	romannumeral	1
54	t	1
54	the	7
54	arabic2digit	1
54	will	11
54	public	2
54	reduced	1
54	chapter	1
54	following	1
54	among	1
54	#lines	24
54	#endwnumeral	2
54	#textlines	24
54	#commas	2
54	#endwpunct	11
54	#maxinitial	4
54	#sequentialcaps	2
54	#quotations	4
54	#questionmarks	1
54	#stdev	1276
54	#maxpair	5
54	#caplines	10
54	#startwrubric	1
54	#periods	14
54	wordNotInVocab	40
55	let	1
55	does	1
55	is	5
55	true	1
55	but	1
55	his	1
55	well	1
55	of	4
55	an	1
55	not	1
55	every	1
55	law	1
55	these	1
55	before	1
55	office	1
55	many	3
55	their	1
55	more	1
55	and	2
55	character	1
55	where	1
55	to	3
55	the	9
55	will	2
55	by	4
55	various	1
55	propernoun	1
55	under	1
55	up	1
55	for	1
55	arabic2digit	2
55	almost	1
55	it	3
55	in	3
55	observed	1
55	that	9
55	a	9
55	be	4
55	doubt	1
55	respect	1
55	there	3
55	are	3
55	men	1
55	i	1
55	as	3
55	case	1
55	#allcapswords	1
55	with	2
55	certain	2
55	beyond	1
55	public	1
55	us	1
55	point	1
55	district	1
55	made	1
55	must	2
55	#lines	27
55	#textlines	26
55	#commas	2
55	#endwpunct	4
55	#maxinitial	5
55	#sequentialcaps	1
55	#quotations	8
55	#questionmarks	1
55	#stdev	961
55	#maxpair	6
55	#caplines	5
55	#periods	5
55	wordNotInVocab	58
56	all	1
56	is	8
56	really	1
56	state	3
56	court	1
56	into	1
56	of	8
56	an	4
56	power	1
56	than	1
56	wrong	1
56	considered	1
56	these	1
56	be	1
56	before	2
56	means	1
56	brought	1
56	latter	1
56	nor	1
56	rather	1
56	great	1
56	and	1
56	where	1
56	to	3
56	the	17
56	any	1
56	under	1
56	or	3
56	this	1
56	not	2
56	held	1
56	for	3
56	by	3
56	mind	1
56	it	1
56	without	2
56	in	2
56	that	2
56	a	6
56	on	2
56	found	1
56	themselves	1
56	fact	1
56	have	2
56	there	2
56	does	1
56	necessary	1
56	are	1
56	he	6
56	at	2
56	which	2
56	hope	1
56	against	1
56	when	2
56	with	1
56	friends	1
56	trial	1
56	arabic2digit	1
56	public	1
56	description	1
56	been	1
56	placed	1
56	answer	1
56	must	6
56	#lines	29
56	#endwnumeral	1
56	#textlines	29
56	#commas	9
56	#endwpunct	2
56	#maxinitial	6
56	#sequentialcaps	1
56	#quotations	2
56	#questionmarks	1
56	#stdev	751
56	#maxpair	7
56	#caplines	3
56	#periods	8
56	wordNotInVocab	66
57	is	6
57	prove	1
57	whom	1
57	his	1
57	arabic4digit	1
57	of	5
57	an	1
57	information	1
57	than	1
57	these	1
57	the	21
57	office	4
57	quite	1
57	and	3
57	where	1
57	to	6
57	wood	1
57	followed	1
57	our	1
57	under	1
57	or	1
57	this	2
57	since	1
57	not	1
57	for	1
57	by	2
57	other	1
57	been	1
57	it	1
57	in	3
57	that	4
57	such	1
57	has	1
57	a	2
57	place	2
57	upon	2
57	am	1
57	wrote	1
57	there	1
57	did	1
57	body	1
57	personalname	1
57	los	1
57	j	1
57	are	1
57	at	1
57	i	2
57	able	1
57	better	1
57	#allcapswords	3
57	with	1
57	one	1
57	arabic2digit	1
57	public	5
57	having	1
57	district	3
57	#lines	28
57	#textlines	28
57	#commas	9
57	#endwpunct	5
57	#maxinitial	6
57	#quotations	4
57	#stdev	807
57	#maxpair	9
57	#caplines	4
57	#periods	8
57	wordNotInVocab	69
58	your	1
58	but	1
58	has	5
58	of	15
58	an	2
58	r	1
58	w	1
58	than	3
58	can	1
58	who	2
58	law	1
58	these	1
58	thus	1
58	the	16
58	certainly	1
58	office	4
58	proper	1
58	their	1
58	more	2
58	and	4
58	character	1
58	to	4
58	be	3
58	our	1
58	present	1
58	under	1
58	by	1
58	this	1
58	will	1
58	cannot	1
58	just	1
58	arabic2digit	1
58	far	1
58	you	2
58	been	3
58	it	3
58	in	1
58	own	1
58	that	5
58	which	1
58	a	5
58	have	1
58	work	1
58	as	3
58	personalname	4
58	judge	2
58	los	2
58	are	1
58	he	1
58	circumstances	1
58	fair	1
58	believe	1
58	better	1
58	system	1
58	#allcapswords	3
58	i	1
58	with	2
58	justice	1
58	public	2
58	they	1
58	administration	2
58	duty	2
58	#lines	28
58	#endwnumeral	1
58	#textlines	28
58	#commas	11
58	#endwpunct	6
58	#maxinitial	6
58	#sequentialcaps	1
58	#quotations	12
58	#stdev	1018
58	#maxpair	8
58	#caplines	5
58	#periods	6
58	wordNotInVocab	50
59	is	3
59	same	1
59	person	2
59	his	2
59	favour	1
59	of	5
59	an	1
59	people	1
59	than	1
59	defence	1
59	law	2
59	the	12
59	nature	1
59	he	2
59	nor	2
59	would	4
59	and	8
59	to	8
59	be	4
59	any	1
59	will	2
59	almost	1
59	this	1
59	not	3
59	about	1
59	or	1
59	other	1
59	human	2
59	it	2
59	in	3
59	that	3
59	servant	1
59	a	5
59	establishment	1
59	have	1
59	interest	1
59	if	1
59	able	1
59	are	3
59	which	1
59	fair	1
59	better	1
59	with	2
59	more	2
59	arabic2digit	2
59	trial	1
59	united	1
59	present	2
59	public	3
59	reduced	1
59	placename	1
59	being	2
59	#lines	26
59	#endwnumeral	1
59	#textlines	26
59	#commas	11
59	#endwpunct	6
59	#maxinitial	4
59	#sequentialcaps	1
59	#quotations	3
59	#questionmarks	1
59	#stdev	1112
59	#maxpair	7
59	#caplines	4
59	#periods	3
59	wordNotInVocab	52
60	viz	1
60	is	2
60	same	2
60	true	2
60	already	1
60	those	1
60	court	1
60	but	1
60	well	1
60	has	1
60	now	1
60	of	9
60	whole	1
60	than	1
60	they	1
60	said	1
60	become	1
60	who	1
60	considered	1
60	young	1
60	public	3
60	time	2
60	the	11
60	some	1
60	were	1
60	if	1
60	them	1
60	their	2
60	to	1
60	would	6
60	think	1
60	upon	1
60	and	8
60	romannumeral	1
60	where	1
60	present	1
60	good	1
60	be	3
60	or	4
60	various	1
60	do	1
60	honest	1
60	this	1
60	new	1
60	years	1
60	by	1
60	arabic2digit	1
60	other	1
60	been	2
60	it	2
60	had	1
60	in	6
60	i	1
60	that	5
60	general	1
60	on	1
60	a	4
60	number	1
60	not	3
60	out	1
60	have	2
60	much	1
60	personalname	1
60	judge	1
60	always	1
60	chapter	1
60	are	2
60	he	1
60	which	1
60	what	1
60	at	1
60	only	1
60	as	2
60	better	1
60	case	2
60	#allcapswords	2
60	large	1
60	trial	1
60	save	1
60	office	1
60	use	1
60	cannot	1
60	so	1
60	among	1
60	placename	1
60	duties	1
60	especially	1
60	its	1
60	#lines	29
60	#endwnumeral	1
60	#textlines	29
60	#commas	11
60	#endwpunct	6
60	#maxinitial	6
60	#sequentialcaps	2
60	#quotations	2
60	#stdev	848
60	#maxpair	6
60	#caplines	4
60	#periods	6
60	wordNotInVocab	57
61	judgement	1
61	attention	1
61	true	1
61	court	1
61	brought	1
61	but	1
61	his	2
61	arabic4digit	1
61	has	1
61	is	5
61	of	7
61	whole	1
61	saying	1
61	situation	1
61	than	3
61	defence	2
61	here	1
61	these	1
61	by	1
61	be	4
61	new	2
61	mark	1
61	yet	1
61	office	1
61	person	1
61	even	1
61	quite	1
61	more	4
61	would	3
61	year	1
61	and	4
61	to	3
61	during	1
61	the	11
61	our	1
61	any	2
61	or	4
61	this	1
61	not	4
61	civil	1
61	were	1
61	public	3
61	every	1
61	been	2
61	it	2
61	in	6
61	that	6
61	per	1
61	generally	1
61	on	2
61	a	7
61	doubt	1
61	mind	1
61	have	1
61	arabic1digit	1
61	truth	2
61	tell	1
61	are	2
61	he	1
61	able	1
61	case	1
61	other	1
61	with	1
61	whether	2
61	wide	1
61	may	1
61	trial	1
61	propernoun	1
61	so	3
61	fact	1
61	was	2
61	placename	2
61	district	2
61	called	1
61	made	1
61	reason	1
61	#lines	28
61	#textlines	28
61	#commas	9
61	#endwpunct	7
61	#maxinitial	6
61	#sequentialcaps	1
61	#quotations	6
61	#stdev	815
61	#maxpair	6
61	#caplines	6
61	#periods	7
61	wordNotInVocab	50
62	viz	1
62	is	4
62	true	1
62	part	1
62	court	1
62	but	1
62	has	1
62	los	1
62	hand	1
62	not	1
62	persons	1
62	than	2
62	they	1
62	worthy	1
62	further	1
62	the	14
62	some	1
62	latter	1
62	their	1
62	more	1
62	would	2
62	great	1
62	degree	1
62	and	2
62	many	1
62	to	7
62	care	1
62	numerous	1
62	be	3
62	our	1
62	while	1
62	any	1
62	from	1
62	of	10
62	propernoun	1
62	this	1
62	least	1
62	for	3
62	sometimes	1
62	on	1
62	rule	1
62	it	2
62	in	3
62	authority	1
62	en	1
62	that	3
62	which	4
62	general	1
62	note	1
62	a	5
62	murder	1
62	poor	1
62	there	1
62	as	1
62	opinion	1
62	personalname	2
62	judge	2
62	are	3
62	he	2
62	at	2
62	knew	1
62	able	1
62	private	1
62	#allcapswords	1
62	who	1
62	might	1
62	or	1
62	defence	2
62	therefore	1
62	may	1
62	arabic2digit	1
62	use	1
62	by	1
62	public	3
62	new	1
62	other	2
62	placename	1
62	have	1
62	very	1
62	#lines	28
62	#endwnumeral	1
62	#textlines	28
62	#commas	14
62	#endwpunct	7
62	#maxinitial	6
62	#sequentialcaps	3
62	#quotations	6
62	#stdev	828
62	#maxpair	6
62	#caplines	4
62	#periods	5
62	wordNotInVocab	54
63	is	4
63	person	1
63	should	3
63	either	1
63	has	1
63	of	7
63	an	1
63	situation	1
63	than	1
63	become	1
63	who	2
63	going	1
63	be	5
63	judgement	2
63	born	1
63	stand	1
63	more	1
63	would	4
63	reason	1
63	upon	3
63	and	3
63	character	1
63	to	10
63	the	19
63	present	1
63	any	2
63	by	2
63	do	1
63	this	2
63	not	2
63	for	1
63	what	1
63	arabic2digit	1
63	been	1
63	it	4
63	bound	2
63	in	2
63	that	6
63	such	2
63	follow	1
63	a	2
63	mind	1
63	have	1
63	asked	1
63	respect	1
63	there	1
63	if	3
63	he	9
63	which	1
63	as	1
63	him	2
63	private	3
63	when	1
63	case	1
63	with	1
63	or	1
63	neither	1
63	may	1
63	trial	2
63	public	6
63	between	1
63	so	1
63	must	1
63	duty	1
63	#lines	29
63	#textlines	29
63	#commas	6
63	#endwpunct	2
63	#maxinitial	4
63	#quotations	6
63	#questionmarks	3
63	#stdev	586
63	#maxpair	5
63	#caplines	1
63	#periods	7
63	wordNotInVocab	59
64	is	7
64	it	3
64	who	1
64	has	1
64	now	1
64	type	1
64	of	6
64	an	1
64	certainly	1
64	one	1
64	wide	1
64	than	1
64	said	1
64	given	1
64	defence	1
64	call	1
64	be	6
64	before	1
64	really	1
64	may	1
64	would	10
64	and	2
64	give	2
64	to	9
64	the	14
64	see	1
64	for	3
64	what	1
64	arabic2digit	1
64	been	1
64	practice	2
64	without	1
64	that	6
64	such	1
64	on	1
64	this	3
64	a	7
64	appear	1
64	not	5
64	does	1
64	representation	1
64	party	1
64	are	2
64	he	2
64	him	1
64	which	2
64	fair	1
64	only	1
64	often	1
64	most	1
64	less	1
64	justice	2
64	by	2
64	public	5
64	so	1
64	made	1
64	#lines	29
64	#endwnumeral	1
64	#textlines	29
64	#commas	6
64	#endwpunct	2
64	#maxinitial	5
64	#sequentialcaps	1
64	#quotations	6
64	#stdev	410
64	#maxpair	6
64	#caplines	4
64	#periods	9
64	wordNotInVocab	63
65	over	1
65	is	1
65	person	1
65	many	1
65	already	1
65	those	1
65	court	1
65	except	1
65	has	3
65	los	1
65	an	2
65	june	1
65	situation	2
65	they	2
65	said	1
65	become	1
65	law	1
65	further	1
65	thus	1
65	the	21
65	because	1
65	them	1
65	to	1
65	would	3
65	like	1
65	and	3
65	be	4
65	he	2
65	of	14
65	do	1
65	have	1
65	new	1
65	measure	1
65	by	2
65	every	1
65	also	1
65	it	1
65	sing	2
65	in	3
65	several	1
65	that	9
65	such	2
65	however	1
65	on	1
65	a	3
65	establishment	1
65	upon	1
65	published	1
65	enough	1
65	from	1
65	for	2
65	nearly	1
65	beyond	1
65	with	1
65	arabic4digit	1
65	persons	1
65	may	1
65	arabic2digit	2
65	public	6
65	fact	2
65	placename	1
65	being	1
65	called	1
65	duty	1
65	#lines	29
65	#endwnumeral	1
65	#textlines	29
65	#commas	13
65	#endwpunct	7
65	#maxinitial	5
65	#sequentialcaps	1
65	#quotations	8
65	#stdev	759
65	#maxpair	8
65	#caplines	4
65	#periods	5
65	wordNotInVocab	57
66	all	1
66	is	3
66	should	2
66	order	2
66	others	1
66	of	8
66	an	1
66	persons	1
66	can	1
66	who	1
66	law	1
66	the	18
66	were	1
66	their	1
66	necessary	1
66	question	1
66	and	5
66	would	1
66	los	1
66	are	1
66	state	1
66	to	7
66	be	3
66	our	1
66	will	2
66	this	2
66	not	2
66	civil	1
66	for	4
66	every	1
66	but	1
66	it	2
66	in	3
66	having	1
66	that	4
66	such	2
66	rich	1
66	a	5
66	have	1
66	arabic1digit	1
66	poor	1
66	even	1
66	those	1
66	there	1
66	if	2
66	which	1
66	fair	1
66	only	1
66	case	1
66	into	1
66	situation	1
66	justice	1
66	trial	1
66	arabic2digit	1
66	public	2
66	administration	1
66	#lines	27
66	#endwnumeral	2
66	#textlines	26
66	#commas	6
66	#endwpunct	4
66	#maxinitial	6
66	#sequentialcaps	2
66	#quotations	6
66	#stdev	1158
66	#maxpair	6
66	#caplines	6
66	#periods	6
66	wordNotInVocab	61
67	all	1
67	is	4
67	too	1
67	regard	1
67	attention	1
67	and	3
67	has	1
67	of	12
67	an	2
67	wit	1
67	american	1
67	than	1
67	because	2
67	said	1
67	over	1
67	long	1
67	important	1
67	the	18
67	before	1
67	new	1
67	them	2
67	president	1
67	may	1
67	more	1
67	man	2
67	many	1
67	under	1
67	city	1
67	to	5
67	present	1
67	any	1
67	will	1
67	or	1
67	this	5
67	not	2
67	we	2
67	laws	1
67	for	3
67	by	1
67	but	1
67	arabic2digit	1
67	possible	1
67	it	4
67	make	1
67	in	2
67	no	1
67	that	1
67	i	1
67	such	1
67	on	1
67	a	2
67	be	1
67	upon	2
67	they	1
67	poor	4
67	equal	1
67	#allcapswords	1
67	history	1
67	authority	1
67	must	2
67	can	1
67	necessary	1
67	are	2
67	he	1
67	him	1
67	which	1
67	as	6
67	nearly	1
67	when	1
67	society	1
67	rich	1
67	who	2
67	one	1
67	people	1
67	take	2
67	justice	2
67	argument	1
67	just	1
67	with	1
67	public	1
67	administration	1
67	so	3
67	fact	2
67	placename	1
67	what	1
67	men	1
67	have	1
67	called	1
67	made	1
67	#lines	28
67	#textlines	28
67	#commas	12
67	#endwpunct	5
67	#maxinitial	5
67	#sequentialcaps	2
67	#quotations	5
67	#stdev	703
67	#maxpair	8
67	#caplines	5
67	#periods	5
67	wordNotInVocab	44
68	common	1
68	all	1
68	is	3
68	there	1
68	coming	1
68	can	1
68	has	1
68	of	5
68	power	1
68	than	1
68	they	2
68	who	1
68	enough	1
68	be	5
68	because	1
68	some	1
68	many	1
68	proper	1
68	justice	1
68	stand	1
68	more	1
68	would	3
68	and	5
68	to	4
68	those	1
68	the	10
68	while	1
68	are	4
68	will	3
68	or	1
68	not	2
68	human	1
68	for	2
68	what	1
68	arabic2digit	2
68	at	1
68	friends	1
68	his	1
68	it	5
68	in	2
68	no	1
68	that	4
68	such	1
68	a	3
68	however	1
68	upon	3
68	arabic1digit	1
68	poor	2
68	knowledge	1
68	must	1
68	as	2
68	seek	1
68	have	1
68	from	1
68	him	1
68	which	1
68	bear	1
68	system	1
68	matter	1
68	with	2
68	rich	1
68	large	1
68	believe	1
68	most	1
68	defence	1
68	may	1
68	trial	1
68	by	1
68	public	2
68	get	2
68	man	1
68	being	1
68	men	1
68	money	1
68	#lines	28
68	#endwnumeral	3
68	#textlines	27
68	#commas	6
68	#endwpunct	5
68	#maxinitial	6
68	#sequentialcaps	2
68	#quotations	3
68	#stdev	1171
68	#maxpair	6
68	#caplines	6
68	#periods	11
68	wordNotInVocab	52
69	does	1
69	is	3
69	attention	1
69	order	1
69	called	1
69	well	1
69	has	4
69	of	6
69	an	2
69	saying	1
69	persons	1
69	than	2
69	they	1
69	in	5
69	who	1
69	be	2
69	were	1
69	if	1
69	wood	1
69	them	3
69	he	3
69	state	2
69	nor	1
69	matter	1
69	more	1
69	would	3
69	and	1
69	los	1
69	his	2
69	are	1
69	to	7
69	the	12
69	will	2
69	because	1
69	almost	1
69	this	2
69	not	2
69	about	1
69	for	1
69	by	1
69	other	1
69	been	1
69	among	1
69	it	1
69	no	1
69	that	6
69	particular	1
69	such	1
69	general	1
69	a	3
69	interest	1
69	as	2
69	opinion	1
69	from	1
69	him	1
69	arabic1digit	1
69	which	1
69	stand	1
69	with	1
69	one	1
69	arabic2digit	1
69	truth	1
69	trial	1
69	public	4
69	class	1
69	seek	1
69	duty	2
69	#lines	27
69	#endwnumeral	1
69	#textlines	26
69	#commas	3
69	#endwpunct	4
69	#maxinitial	7
69	#sequentialcaps	2
69	#quotations	5
69	#stdev	898
69	#maxpair	10
69	#caplines	3
69	#periods	7
69	wordNotInVocab	60
70	all	1
70	is	2
70	but	1
70	his	1
70	character	1
70	has	2
70	type	1
70	through	1
70	power	1
70	than	2
70	because	1
70	law	1
70	as	1
70	the	21
70	means	1
70	quite	1
70	subject	1
70	more	3
70	at	2
70	and	6
70	los	1
70	where	1
70	to	7
70	be	5
70	will	5
70	he	1
70	various	1
70	this	2
70	for	1
70	by	1
70	been	1
70	it	3
70	in	4
70	having	1
70	that	5
70	speak	1
70	a	2
70	not	2
70	could	1
70	truth	3
70	argument	1
70	lies	1
70	of	8
70	an	1
70	him	1
70	out	1
70	arabic1digit	2
70	only	1
70	able	1
70	with	1
70	also	1
70	most	2
70	would	2
70	public	5
70	once	1
70	#lines	27
70	#endwnumeral	2
70	#textlines	26
70	#commas	11
70	#endwpunct	5
70	#maxinitial	5
70	#sequentialcaps	2
70	#quotations	1
70	#stdev	909
70	#exclamationpoints	1
70	#maxpair	5
70	#caplines	4
70	#periods	7
70	wordNotInVocab	60
71	all	1
71	is	5
71	order	1
71	viz	1
71	well	1
71	has	2
71	los	1
71	an	1
71	r	1
71	again	1
71	interesting	1
71	june	1
71	law	3
71	be	1
71	if	3
71	office	3
71	justice	3
71	matter	2
71	more	1
71	added	1
71	great	1
71	and	4
71	romannumeral	1
71	to	6
71	wood	1
71	the	16
71	another	1
71	from	1
71	for	1
71	arabic2digit	1
71	been	2
71	it	2
71	standard	1
71	in	5
71	review	1
71	that	1
71	a	4
71	note	1
71	however	1
71	establishment	1
71	am	1
71	arabic1digit	1
71	b	1
71	interest	1
71	method	1
71	personalname	2
71	judge	1
71	of	12
71	real	1
71	i	1
71	fair	1
71	as	1
71	#allcapswords	2
71	with	2
71	rather	1
71	arabic4digit	1
71	most	1
71	would	2
71	than	2
71	public	4
71	administration	1
71	human	1
71	its	1
71	#lines	28
71	#textlines	28
71	#commas	7
71	#endwpunct	9
71	#maxinitial	4
71	#sequentialcaps	2
71	#quotations	4
71	#questionmarks	3
71	#stdev	1166
71	#maxpair	4
71	#caplines	4
71	#periods	5
71	wordNotInVocab	48
72	all	1
72	is	1
72	state	1
72	court	1
72	of	12
72	an	1
72	than	1
72	personalname	1
72	said	1
72	thus	1
72	time	1
72	be	4
72	new	2
72	many	1
72	more	1
72	would	2
72	question	1
72	and	5
72	to	1
72	while	1
72	will	1
72	by	6
72	this	1
72	for	1
72	both	1
72	also	1
72	arabic2digit	1
72	it	1
72	in	7
72	that	3
72	such	2
72	on	1
72	a	1
72	upon	1
72	arabic1digit	1
72	must	1
72	placename	1
72	he	1
72	which	1
72	as	1
72	trial	1
72	propernoun	1
72	public	4
72	reduced	1
72	the	20
72	#lines	26
72	#endwnumeral	2
72	#textlines	25
72	#commas	7
72	#endwpunct	4
72	#maxinitial	3
72	#sequentialcaps	3
72	#quotations	4
72	#stdev	1066
72	#maxpair	5
72	#caplines	9
72	#periods	3
72	#startwname	2
72	wordNotInVocab	70
73	does	1
73	is	5
73	bring	1
73	all	1
73	both	2
73	now	1
73	type	1
73	of	10
73	whole	1
73	favour	1
73	fear	1
73	wrong	1
73	these	1
73	be	5
73	were	1
73	their	1
73	more	1
73	would	6
73	and	5
73	character	1
73	to	6
73	how	2
73	will	1
73	by	2
73	popular	1
73	not	5
73	for	2
73	or	1
73	arabic2digit	1
73	his	1
73	it	4
73	daily	2
73	instances	1
73	without	1
73	in	3
73	that	4
73	follow	1
73	a	4
73	doubt	1
73	upon	1
73	equal	1
73	truth	1
73	respect	1
73	there	1
73	side	1
73	if	1
73	about	1
73	he	1
73	district	1
73	as	1
73	justice	1
73	public	4
73	between	2
73	each	1
73	fact	1
73	two	1
73	the	20
73	duty	2
73	might	1
73	#lines	29
73	#textlines	29
73	#commas	5
73	#endwpunct	5
73	#maxinitial	3
73	#sequentialcaps	1
73	#quotations	8
73	#questionmarks	2
73	#stdev	637
73	#maxpair	6
73	#caplines	4
73	#periods	7
73	wordNotInVocab	68
74	is	3
74	important	1
74	court	2
74	his	2
74	both	2
74	type	1
74	of	8
74	persons	1
74	they	1
74	who	1
74	law	2
74	well	1
74	yet	1
74	done	1
74	many	1
74	proper	1
74	more	1
74	would	5
74	reason	1
74	and	7
74	character	1
74	romannumeral	1
74	to	10
74	the	19
74	present	1
74	will	2
74	or	1
74	this	1
74	about	1
74	for	1
74	every	1
74	arabic2digit	2
74	other	1
74	bring	1
74	in	4
74	no	1
74	that	3
74	see	1
74	now	1
74	a	3
74	be	3
74	doubt	1
74	not	1
74	upon	2
74	mind	1
74	respect	1
74	must	1
74	as	2
74	perhaps	1
74	are	1
74	he	1
74	him	1
74	which	1
74	fair	1
74	believe	1
74	system	1
74	case	1
74	#allcapswords	1
74	society	2
74	large	1
74	valuable	1
74	justice	1
74	public	2
74	administration	1
74	great	1
74	extent	1
74	there	1
74	duty	1
74	#lines	27
74	#endwnumeral	1
74	#textlines	27
74	#commas	13
74	#endwpunct	4
74	#maxinitial	5
74	#sequentialcaps	3
74	#stdev	780
74	#maxpair	8
74	#caplines	6
74	#periods	7
74	wordNotInVocab	46
75	after	1
75	is	3
75	important	1
75	should	1
75	those	1
75	spirit	1
75	his	3
75	both	2
75	of	10
75	an	1
75	than	1
75	in	3
75	be	4
75	because	1
75	if	1
75	done	1
75	them	2
75	proper	2
75	state	2
75	matter	1
75	would	2
75	question	1
75	work	1
75	and	7
75	to	4
75	the	15
75	under	1
75	by	2
75	or	1
75	it	1
75	family	1
75	own	1
75	that	2
75	this	1
75	a	6
75	they	1
75	themselves	1
75	could	1
75	must	1
75	he	1
75	out	1
75	which	1
75	greater	1
75	only	1
75	believe	1
75	system	2
75	against	2
75	with	1
75	might	1
75	into	1
75	most	1
75	arabic2digit	1
75	society	5
75	public	1
75	history	1
75	#lines	29
75	#textlines	29
75	#commas	11
75	#endwpunct	5
75	#maxinitial	4
75	#sequentialcaps	1
75	#stdev	965
75	#maxpair	7
75	#caplines	3
75	#periods	9
75	wordNotInVocab	60
76	it	1
76	had	1
76	make	1
76	in	1
76	same	1
76	that	1
76	should	1
76	rich	1
76	a	2
76	modern	1
76	of	3
76	sense	1
76	poor	1
76	respect	1
76	law	1
76	the	6
76	he	1
76	were	1
76	which	2
76	line	1
76	fair	1
76	system	1
76	would	2
76	with	1
76	and	1
76	to	4
76	be	1
76	feel	1
76	we	2
76	public	1
76	not	2
76	arabic2digit	1
76	#lines	10
76	#endwnumeral	1
76	#textlines	9
76	#commas	2
76	#endwpunct	3
76	#maxinitial	3
76	#questionmarks	2
76	#stdev	533
76	#maxpair	3
76	#caplines	2
76	#periods	1
76	wordNotInVocab	18
77	is	5
77	true	1
77	should	2
77	order	1
77	instances	1
77	his	1
77	has	4
77	forth	1
77	of	3
77	an	3
77	whole	2
77	people	3
77	they	1
77	who	1
77	act	1
77	the	17
77	state	1
77	reason	2
77	and	1
77	romannumeral	1
77	to	1
77	numerous	1
77	by	1
77	not	3
77	law	1
77	chapter	1
77	or	3
77	also	1
77	arabic2digit	1
77	it	1
77	in	5
77	that	4
77	generally	1
77	a	3
77	however	1
77	ancient	1
77	personalname	3
77	sets	2
77	he	2
77	as	2
77	against	4
77	case	1
77	#allcapswords	8
77	society	2
77	motion	1
77	been	2
77	made	1
77	#lines	23
77	#endwnumeral	1
77	#textlines	23
77	#commas	13
77	#endwpunct	1
77	#maxinitial	5
77	#sequentialcaps	2
77	#quotations	4
77	#stdev	1084
77	#maxpair	5
77	#caplines	5
77	#startwrubric	1
77	#periods	6
77	wordNotInVocab	44
78	is	6
78	regard	1
78	person	1
78	his	1
78	well	1
78	now	1
78	of	9
78	an	2
78	people	1
78	action	1
78	interesting	1
78	law	3
78	treatise	1
78	rise	1
78	the	18
78	were	2
78	makes	1
78	often	1
78	and	1
78	by	1
78	to	6
78	such	1
78	be	1
78	we	1
78	or	3
78	this	2
78	not	2
78	civil	2
78	known	1
78	for	2
78	what	2
78	purpose	1
78	arabic2digit	1
78	it	3
78	in	4
78	that	2
78	p	1
78	particular	1
78	generally	1
78	note	1
78	a	1
78	word	1
78	truth	1
78	ancient	4
78	two	1
78	personalname	2
78	use	1
78	are	4
78	only	1
78	as	3
78	private	1
78	when	1
78	against	1
78	arabic3digit	1
78	english	1
78	sir	1
78	between	1
78	carefully	1
78	was	1
78	placename	1
78	#lines	28
78	#endwnumeral	1
78	#textlines	28
78	#commas	14
78	#endwpunct	6
78	#maxinitial	6
78	#sequentialcaps	2
78	#quotations	9
78	#stdev	784
78	#maxpair	8
78	#caplines	4
78	#periods	9
78	#startwname	1
78	wordNotInVocab	60
79	all	2
79	regard	1
79	person	1
79	mr	1
79	man	1
79	source	1
79	stood	1
79	but	1
79	his	3
79	of	9
79	an	3
79	they	1
79	these	1
79	title	1
79	law	1
79	peace	1
79	as	4
79	the	16
79	were	1
79	done	1
79	life	1
79	and	6
79	roman	1
79	rules	1
79	where	1
79	to	6
79	gave	1
79	will	1
79	he	1
79	however	1
79	this	1
79	not	1
79	laws	1
79	civil	2
79	them	1
79	for	3
79	by	3
79	every	3
79	arabic2digit	1
79	is	1
79	it	1
79	without	1
79	in	2
79	that	3
79	i	1
79	brought	1
79	on	4
79	head	1
79	few	1
79	a	4
79	be	4
79	place	1
79	out	1
79	could	2
79	seen	1
79	only	1
79	if	2
79	are	4
79	according	2
79	at	2
79	which	1
79	rise	1
79	nearly	1
79	system	1
79	valuable	1
79	with	2
79	or	4
79	was	1
79	most	1
79	arabic3digit	1
79	propernoun	1
79	public	1
79	large	1
79	being	1
79	free	1
79	we	1
79	placed	1
79	honour	1
79	money	3
79	#lines	31
79	#textlines	31
79	#commas	18
79	#endwpunct	2
79	#maxinitial	5
79	#stdev	509
79	#maxpair	7
79	#caplines	3
79	#periods	9
79	wordNotInVocab	82
80	is	2
80	person	1
80	true	1
80	state	4
80	court	1
80	but	1
80	of	12
80	an	1
80	wrong	2
80	who	1
80	author	2
80	law	3
80	same	1
80	act	2
80	be	4
80	at	1
80	earliest	1
80	them	1
80	and	4
80	roman	1
80	took	1
80	high	1
80	to	5
80	according	1
80	consequences	1
80	the	26
80	by	2
80	not	3
80	civil	1
80	carried	1
80	for	2
80	or	7
80	every	2
80	arabic2digit	1
80	it	2
80	in	2
80	that	4
80	such	1
80	on	3
80	this	2
80	a	8
80	ancient	1
80	did	1
80	if	1
80	out	2
80	against	3
80	when	1
80	with	1
80	therefore	2
80	may	1
80	form	1
80	was	3
80	received	1
80	religious	1
80	its	4
80	itself	2
80	#lines	29
80	#endwnumeral	1
80	#textlines	29
80	#commas	15
80	#endwpunct	8
80	#maxinitial	7
80	#sequentialcaps	2
80	#quotations	4
80	#stdev	875
80	#maxpair	9
80	#caplines	6
80	#periods	10
80	wordNotInVocab	65
81	all	3
81	is	1
81	regard	1
81	true	1
81	state	2
81	those	1
81	but	1
81	his	1
81	both	1
81	now	1
81	of	8
81	through	1
81	bear	1
81	law	2
81	the	15
81	p	1
81	more	2
81	reason	2
81	and	8
81	to	2
81	be	1
81	our	1
81	present	1
81	any	2
81	we	1
81	what	1
81	propernoun	1
81	not	1
81	settled	1
81	for	2
81	or	2
81	also	1
81	still	1
81	it	1
81	in	4
81	no	1
81	that	3
81	rules	1
81	on	1
81	this	1
81	a	3
81	modern	1
81	two	1
81	there	1
81	applied	1
81	lectures	1
81	personalname	1
81	are	3
81	acts	1
81	at	1
81	may	1
81	only	1
81	as	1
81	day	1
81	private	1
81	against	2
81	arabic3digit	1
81	arabic2digit	1
81	justice	1
81	trial	1
81	public	4
81	between	1
81	possible	1
81	was	4
81	itself	1
81	#lines	28
81	#textlines	28
81	#commas	9
81	#endwpunct	5
81	#maxinitial	4
81	#sequentialcaps	1
81	#quotations	8
81	#stdev	904
81	#maxpair	5
81	#caplines	3
81	#periods	14
81	#startwname	1
81	wordNotInVocab	60
82	is	5
82	same	1
82	mr	1
82	many	1
82	causes	1
82	term	1
82	his	1
82	both	1
82	has	1
82	of	9
82	an	2
82	whole	1
82	power	1
82	they	2
82	further	1
82	the	26
82	because	1
82	were	2
82	p	1
82	origin	1
82	immediately	1
82	more	1
82	reason	1
82	and	5
82	roman	2
82	to	3
82	name	2
82	say	1
82	he	3
82	any	1
82	this	1
82	not	2
82	civil	3
82	but	1
82	arabic2digit	1
82	it	1
82	in	6
82	observed	1
82	that	5
82	a	4
82	ancient	1
82	applied	1
82	party	1
82	acts	1
82	at	1
82	which	3
82	as	3
82	when	1
82	arabic3digit	1
82	with	1
82	from	3
82	or	3
82	people	2
82	called	1
82	original	1
82	by	4
82	public	2
82	between	3
82	fact	1
82	was	2
82	placename	1
82	lies	1
82	#lines	29
82	#endwnumeral	1
82	#textlines	29
82	#commas	11
82	#endwpunct	4
82	#maxinitial	7
82	#sequentialcaps	1
82	#quotations	4
82	#stdev	851
82	#maxpair	9
82	#caplines	4
82	#startwrubric	1
82	#periods	14
82	#startwname	1
82	wordNotInVocab	65
83	it	1
83	between	1
83	in	5
83	are	1
83	that	3
83	them	1
83	consequences	1
83	all	1
83	but	2
83	either	1
83	a	2
83	is	6
83	upon	2
83	an	2
83	equal	1
83	people	1
83	they	1
83	must	1
83	arabic2digit	1
83	way	1
83	law	1
83	justice	1
83	of	3
83	system	1
83	the	9
83	from	2
83	real	1
83	which	2
83	effects	1
83	their	1
83	subject	1
83	private	1
83	when	1
83	more	1
83	and	3
83	one	1
83	state	1
83	to	1
83	may	1
83	than	1
83	another	1
83	any	1
83	public	2
83	not	3
83	different	1
83	we	1
83	civil	1
83	or	1
83	historical	1
83	on	1
83	its	2
83	duty	1
83	#lines	16
83	#textlines	16
83	#commas	5
83	#endwpunct	4
83	#maxinitial	3
83	#quotations	5
83	#stdev	684
83	#maxpair	4
83	#caplines	1
83	#periods	5
83	wordNotInVocab	29
84	is	2
84	his	1
84	both	1
84	has	1
84	of	6
84	certainly	1
84	than	1
84	considered	1
84	no	2
84	murder	1
84	be	2
84	because	1
84	office	1
84	state	1
84	more	1
84	would	3
84	at	1
84	and	3
84	romannumeral	1
84	to	5
84	the	6
84	another	1
84	any	1
84	will	2
84	by	1
84	this	1
84	not	1
84	chapter	1
84	or	1
84	every	1
84	been	1
84	proposed	1
84	own	1
84	that	2
84	such	2
84	fall	1
84	a	4
84	establishment	1
84	arabic1digit	3
84	effect	1
84	must	1
84	#allcapswords	8
84	one	1
84	arabic2digit	1
84	public	3
84	having	1
84	its	1
84	there	1
84	duty	1
84	#lines	21
84	#endwnumeral	3
84	#textlines	19
84	#commas	5
84	#endwpunct	2
84	#maxinitial	4
84	#sequentialcaps	2
84	#quotations	4
84	#stdev	1553
84	#maxpair	5
84	#caplines	6
84	#periods	5
84	wordNotInVocab	40
85	viz	1
85	is	5
85	whom	2
85	many	1
85	either	1
85	has	2
85	of	6
85	an	1
85	wide	1
85	because	1
85	interesting	1
85	who	2
85	the	13
85	from	1
85	their	1
85	much	1
85	stand	1
85	more	1
85	would	2
85	and	3
85	to	9
85	until	1
85	those	1
85	be	2
85	whether	1
85	present	1
85	under	1
85	or	3
85	this	1
85	not	3
85	when	1
85	years	1
85	by	1
85	follow	2
85	been	2
85	his	2
85	it	2
85	had	1
85	without	1
85	in	2
85	own	1
85	that	3
85	knows	1
85	however	1
85	on	1
85	note	1
85	found	1
85	upon	1
85	arabic1digit	1
85	will	1
85	given	1
85	must	1
85	as	1
85	published	1
85	can	1
85	have	1
85	he	5
85	him	2
85	i	1
85	only	1
85	for	1
85	able	1
85	private	1
85	system	1
85	#allcapswords	2
85	with	1
85	manner	1
85	also	1
85	a	4
85	one	1
85	arabic2digit	1
85	trial	1
85	public	4
85	point	1
85	man	1
85	what	1
85	its	1
85	#lines	27
85	#endwnumeral	1
85	#textlines	26
85	#commas	11
85	#endwpunct	4
85	#maxinitial	3
85	#quotations	2
85	#stdev	904
85	#maxpair	5
85	#caplines	1
85	#periods	7
85	wordNotInVocab	58
86	well	1
86	is	5
86	whom	3
86	person	4
86	but	1
86	his	3
86	knows	1
86	has	2
86	of	7
86	an	1
86	considered	1
86	w	1
86	persons	1
86	said	2
86	law	2
86	rule	1
86	the	9
86	because	2
86	president	1
86	should	2
86	nor	1
86	district	1
86	often	1
86	and	3
86	roman	1
86	to	14
86	consequences	1
86	be	6
86	any	1
86	we	1
86	he	6
86	not	4
86	open	1
86	for	2
86	or	1
86	every	1
86	arabic2digit	1
86	been	2
86	among	1
86	concerning	1
86	it	2
86	in	2
86	that	3
86	both	1
86	generally	1
86	why	1
86	a	9
86	have	1
86	poor	1
86	work	1
86	does	1
86	opinion	1
86	personalname	3
86	judge	1
86	from	1
86	him	1
86	which	1
86	as	1
86	private	1
86	against	1
86	#allcapswords	2
86	with	1
86	american	1
86	remember	1
86	one	1
86	defence	3
86	former	1
86	therefore	1
86	save	1
86	use	1
86	propernoun	1
86	public	1
86	great	1
86	return	1
86	#lines	28
86	#endwnumeral	1
86	#textlines	28
86	#commas	10
86	#endwpunct	7
86	#maxinitial	7
86	#sequentialcaps	1
86	#quotations	4
86	#questionmarks	1
86	#stdev	843
86	#maxpair	9
86	#caplines	6
86	#periods	9
86	#startwname	1
86	wordNotInVocab	53
87	elements	1
87	is	4
87	if	1
87	person	2
87	true	3
87	state	1
87	part	1
87	but	2
87	bound	4
87	favour	1
87	of	7
87	an	1
87	neither	1
87	d	1
87	said	1
87	wrong	2
87	#allcapswords	6
87	the	12
87	yet	1
87	done	1
87	justice	1
87	nor	1
87	stand	2
87	means	1
87	and	2
87	to	6
87	be	3
87	our	1
87	present	1
87	what	1
87	have	1
87	not	4
87	up	2
87	or	2
87	purpose	1
87	arabic2digit	1
87	human	1
87	really	1
87	in	4
87	no	1
87	that	4
87	i	6
87	general	1
87	goes	1
87	a	3
87	seeing	1
87	live	1
87	am	4
87	argument	1
87	must	1
87	did	1
87	personalname	1
87	light	1
87	perhaps	1
87	are	2
87	he	3
87	him	2
87	which	1
87	for	1
87	with	3
87	right	2
87	system	1
87	when	2
87	society	1
87	quite	1
87	most	1
87	may	1
87	by	1
87	public	2
87	while	1
87	district	1
87	very	1
87	#lines	27
87	#textlines	27
87	#commas	9
87	#endwpunct	10
87	#maxinitial	4
87	#sequentialcaps	1
87	#quotations	4
87	#stdev	1117
87	#maxpair	7
87	#caplines	4
87	#periods	9
87	wordNotInVocab	45
88	arabic2digit	1
88	after	2
88	is	2
88	it	1
88	many	3
88	instances	2
88	but	2
88	his	1
88	has	1
88	of	11
88	an	1
88	considered	1
88	persons	1
88	sent	1
88	who	1
88	law	1
88	the	8
88	because	1
88	numerous	1
88	that	1
88	and	1
88	where	1
88	to	4
88	majesty	1
88	he	1
88	not	2
88	for	2
88	or	2
88	been	5
88	without	1
88	in	2
88	a	2
88	number	1
88	upon	2
88	arabic1digit	1
88	miss	1
88	there	1
88	does	1
88	laid	1
88	have	5
88	from	1
88	what	1
88	their	1
88	#allcapswords	1
88	rest	1
88	trial	1
88	by	4
88	public	2
88	fact	1
88	being	1
88	men	4
88	money	1
88	#lines	27
88	#endwnumeral	2
88	#textlines	26
88	#commas	8
88	#endwpunct	1
88	#maxinitial	4
88	#questionmarks	1
88	#stdev	878
88	#maxpair	7
88	#caplines	2
88	#periods	7
88	#startwname	1
88	wordNotInVocab	68
89	all	1
89	is	2
89	many	1
89	state	1
89	order	1
89	those	1
89	can	1
89	whether	1
89	of	13
89	through	1
89	ten	2
89	american	1
89	they	1
89	fear	1
89	who	1
89	the	16
89	because	2
89	them	2
89	justice	1
89	their	3
89	would	1
89	to	6
89	be	2
89	how	1
89	we	1
89	not	1
89	for	1
89	or	6
89	but	1
89	arabic2digit	1
89	it	2
89	in	3
89	that	2
89	must	1
89	a	2
89	modern	1
89	have	1
89	there	1
89	opinion	1
89	personalname	1
89	if	1
89	are	2
89	at	1
89	better	1
89	system	1
89	against	2
89	our	1
89	desire	1
89	one	1
89	trial	1
89	by	2
89	public	1
89	number	2
89	men	2
89	#lines	28
89	#textlines	28
89	#commas	9
89	#endwpunct	7
89	#maxinitial	3
89	#quotations	6
89	#stdev	994
89	#maxpair	5
89	#caplines	4
89	#periods	5
89	#startwname	1
89	wordNotInVocab	73
90	after	1
90	is	1
90	it	1
90	attention	1
90	and	5
90	state	3
90	june	1
90	book	1
90	of	12
90	an	1
90	law	1
90	personalname	1
90	sent	1
90	told	1
90	author	1
90	considered	1
90	be	2
90	at	1
90	new	3
90	were	1
90	remarkable	1
90	brought	1
90	their	1
90	great	1
90	man	1
90	society	1
90	to	3
90	such	2
90	the	19
90	under	1
90	by	2
90	held	1
90	term	1
90	years	2
90	for	4
90	also	1
90	arabic2digit	1
90	his	1
90	proposed	1
90	had	1
90	sing	2
90	in	6
90	having	1
90	that	1
90	well	1
90	a	8
90	however	1
90	mind	1
90	arabic1digit	1
90	respect	1
90	must	1
90	placename	3
90	can	1
90	known	1
90	about	1
90	city	1
90	he	1
90	board	1
90	which	1
90	may	1
90	as	1
90	case	2
90	#allcapswords	1
90	arabic3digit	1
90	with	3
90	tale	1
90	grave	1
90	arabic4digit	1
90	justice	1
90	trial	1
90	number	1
90	come	1
90	was	3
90	two	1
90	called	1
90	following	1
90	propernoun	2
90	#lines	29
90	#endwnumeral	2
90	#textlines	29
90	#commas	16
90	#endwpunct	3
90	#maxinitial	4
90	#sequentialcaps	3
90	#quotations	2
90	#stdev	879
90	#maxpair	5
90	#caplines	5
90	#periods	8
90	#startwname	2
90	wordNotInVocab	54
91	become	1
91	account	1
91	important	1
91	state	1
91	his	7
91	of	13
91	three	1
91	ten	2
91	story	1
91	told	1
91	who	2
91	june	1
91	to	7
91	new	1
91	means	1
91	many	1
91	at	1
91	reason	1
91	that	6
91	and	2
91	t	1
91	according	1
91	the	10
91	how	5
91	under	1
91	by	3
91	not	3
91	or	1
91	also	1
91	arabic2digit	2
91	been	5
91	it	1
91	arabic4digit	1
91	had	7
91	in	3
91	on	2
91	pardon	1
91	a	2
91	be	1
91	things	1
91	upon	1
91	arabic1digit	1
91	interest	1
91	able	1
91	years	2
91	an	1
91	he	4
91	him	2
91	which	1
91	against	1
91	case	1
91	#allcapswords	2
91	nothing	1
91	most	1
91	defence	1
91	persons	1
91	charge	2
91	trial	1
91	propernoun	1
91	public	1
91	history	1
91	this	1
91	was	5
91	placename	1
91	district	3
91	#lines	28
91	#textlines	28
91	#commas	12
91	#endwpunct	5
91	#maxinitial	6
91	#sequentialcaps	1
91	#quotations	4
91	#stdev	797
91	#maxpair	9
91	#caplines	4
91	#periods	5
91	#startwname	1
91	wordNotInVocab	58
92	after	2
92	is	1
92	it	1
92	order	1
92	did	1
92	but	1
92	his	1
92	whose	1
92	been	2
92	nearly	1
92	an	3
92	whole	1
92	than	1
92	who	1
92	considered	1
92	murder	1
92	the	22
92	during	1
92	done	1
92	address	1
92	great	1
92	upon	1
92	and	7
92	to	8
92	from	1
92	this	1
92	not	1
92	by	1
92	still	1
92	m	1
92	had	1
92	in	4
92	example	1
92	that	4
92	general	1
92	a	2
92	establishment	1
92	mind	1
92	could	1
92	truth	1
92	personalname	2
92	of	5
92	perhaps	1
92	press	2
92	has	1
92	him	2
92	out	1
92	which	1
92	as	1
92	for	2
92	case	2
92	against	2
92	with	1
92	more	1
92	#allcapswords	1
92	arabic2digit	1
92	fact	1
92	trial	4
92	their	2
92	public	3
92	so	1
92	class	1
92	was	8
92	placename	1
92	being	1
92	called	1
92	high	1
92	#lines	29
92	#endwnumeral	1
92	#textlines	29
92	#commas	13
92	#endwpunct	3
92	#maxinitial	5
92	#sequentialcaps	1
92	#stdev	297
92	#maxpair	8
92	#caplines	3
92	#periods	5
92	#startwname	1
92	wordNotInVocab	70
93	is	2
93	true	1
93	state	1
93	with	3
93	opinion	1
93	court	2
93	his	1
93	well	1
93	of	6
93	an	1
93	law	3
93	people	1
93	here	1
93	due	1
93	the	18
93	were	1
93	he	7
93	added	1
93	question	1
93	upon	1
93	and	4
93	where	1
93	to	9
93	use	1
93	under	1
93	or	2
93	right	1
93	not	2
93	by	3
93	whether	1
93	been	3
93	it	1
93	had	3
93	in	4
93	no	1
93	that	6
93	generally	1
93	however	2
93	a	2
93	doubt	1
93	have	2
93	original	1
93	respect	1
93	there	1
93	as	4
93	did	1
93	personalname	4
93	judge	1
93	if	2
93	necessary	1
93	him	2
93	could	1
93	which	1
93	fair	1
93	all	1
93	certainly	1
93	behind	1
93	private	1
93	from	1
93	power	1
93	certain	1
93	arabic2digit	1
93	justice	2
93	trial	1
93	united	1
93	form	1
93	public	3
93	was	6
93	placename	1
93	force	1
93	#lines	29
93	#textlines	29
93	#commas	15
93	#endwpunct	3
93	#maxinitial	5
93	#sequentialcaps	1
93	#quotations	2
93	#stdev	438
93	#maxpair	6
93	#caplines	2
93	#periods	7
93	#startwname	1
93	wordNotInVocab	56
94	is	3
94	attention	1
94	times	1
94	and	3
94	death	2
94	laws	1
94	but	1
94	of	18
94	an	2
94	persons	1
94	personalname	1
94	over	1
94	who	1
94	considered	1
94	four	1
94	public	2
94	life	1
94	be	2
94	because	1
94	new	1
94	nation	1
94	third	1
94	put	1
94	man	2
94	moment	1
94	to	4
94	the	18
94	our	2
94	while	1
94	will	2
94	by	2
94	this	1
94	country	1
94	for	1
94	what	1
94	been	3
94	his	2
94	it	2
94	in	2
94	no	1
94	that	3
94	sad	1
94	has	2
94	murder	2
94	on	1
94	a	8
94	greatest	1
94	upon	1
94	different	1
94	history	1
94	go	1
94	there	1
94	can	1
94	have	2
94	from	1
94	at	1
94	which	1
94	as	1
94	last	1
94	private	1
94	system	1
94	case	2
94	#allcapswords	1
94	large	1
94	might	2
94	into	1
94	one	1
94	arabic2digit	1
94	propernoun	3
94	cause	1
94	number	1
94	f	1
94	was	1
94	placename	1
94	question	1
94	degree	1
94	very	1
94	placed	1
94	its	1
94	#lines	29
94	#endwnumeral	1
94	#textlines	29
94	#commas	12
94	#endwpunct	1
94	#maxinitial	6
94	#sequentialcaps	1
94	#quotations	4
94	#stdev	611
94	#maxpair	7
94	#caplines	3
94	#periods	5
94	#startwname	1
94	wordNotInVocab	59
95	it	1
95	that	1
95	state	1
95	case	1
95	this	1
95	and	1
95	a	1
95	to	1
95	public	2
95	wrong	1
95	so	1
95	was	1
95	for	1
95	by	1
95	arabic2digit	1
95	the	4
95	#lines	5
95	#textlines	5
95	#maxinitial	1
95	#stdev	880
95	#maxpair	1
95	#periods	2
95	wordNotInVocab	10
96	all	1
96	is	1
96	proposed	1
96	should	3
96	of	5
96	an	2
96	persons	1
96	they	1
96	these	1
96	be	3
96	case	1
96	them	1
96	their	1
96	em	1
96	question	1
96	romannumeral	3
96	to	4
96	the	8
96	present	1
96	will	1
96	or	1
96	various	2
96	not	1
96	chapter	1
96	for	2
96	by	2
96	among	1
96	it	1
96	in	1
96	that	3
96	i	1
96	such	2
96	a	1
96	have	1
96	judge	1
96	are	1
96	three	1
96	which	1
96	as	1
96	#allcapswords	9
96	one	1
96	defence	1
96	trial	1
96	arabic2digit	1
96	public	1
96	each	1
96	other	2
96	been	1
96	#lines	23
96	#endwnumeral	1
96	#textlines	23
96	#commas	1
96	#endwpunct	6
96	#maxinitial	5
96	#sequentialcaps	3
96	#quotations	2
96	#stdev	1347
96	#maxpair	6
96	#caplines	8
96	#startwrubric	3
96	#periods	8
96	wordNotInVocab	44
97	is	3
97	those	1
97	instances	1
97	except	1
97	has	1
97	of	6
97	an	1
97	certainly	1
97	power	1
97	situation	1
97	know	1
97	they	2
97	who	3
97	time	1
97	be	1
97	some	1
97	them	2
97	even	1
97	their	1
97	and	6
97	his	1
97	to	8
97	care	1
97	the	13
97	course	1
97	any	1
97	however	1
97	do	1
97	this	1
97	not	5
97	for	2
97	public	1
97	arabic2digit	1
97	service	1
97	been	1
97	answer	1
97	it	2
97	in	6
97	that	3
97	such	2
97	why	1
97	a	4
97	have	4
97	could	1
97	list	1
97	proper	1
97	#allcapswords	1
97	work	1
97	if	1
97	chapter	1
97	are	1
97	out	1
97	i	1
97	as	1
97	system	1
97	justice	1
97	by	1
97	cannot	1
97	though	1
97	administration	1
97	was	1
97	very	1
97	court	2
97	#lines	27
97	#textlines	27
97	#commas	11
97	#endwpunct	4
97	#maxinitial	8
97	#sequentialcaps	1
97	#questionmarks	2
97	#stdev	989
97	#maxpair	8
97	#caplines	2
97	#startwrubric	1
97	#periods	5
97	wordNotInVocab	63
98	is	3
98	person	1
98	should	3
98	well	1
98	has	1
98	of	5
98	an	1
98	they	1
98	who	1
98	justice	1
98	first	1
98	aside	1
98	the	8
98	done	1
98	he	1
98	their	1
98	matter	2
98	more	1
98	and	5
98	romannumeral	1
98	to	5
98	generally	1
98	be	4
98	how	1
98	while	1
98	any	1
98	will	2
98	by	3
98	not	2
98	for	4
98	arabic2digit	1
98	other	1
98	been	1
98	his	1
98	without	1
98	no	1
98	that	1
98	such	1
98	however	1
98	this	1
98	a	8
98	establishment	1
98	have	2
98	argument	1
98	work	1
98	there	1
98	as	5
98	upon	1
98	are	1
98	from	1
98	nor	1
98	private	1
98	right	1
98	#allcapswords	1
98	or	2
98	power	1
98	neither	1
98	defence	1
98	would	1
98	form	1
98	present	1
98	public	4
98	duty	1
98	#lines	28
98	#endwnumeral	1
98	#textlines	28
98	#commas	13
98	#endwpunct	3
98	#maxinitial	4
98	#sequentialcaps	1
98	#stdev	966
98	#maxpair	7
98	#caplines	3
98	#startwrubric	1
98	#periods	8
98	wordNotInVocab	59
99	proposed	1
99	is	2
99	without	1
99	it	1
99	example	1
99	that	1
99	a	3
99	most	1
99	than	1
99	in	2
99	of	5
99	thus	1
99	the	10
99	from	1
99	which	1
99	greater	1
99	third	1
99	system	1
99	#allcapswords	1
99	would	2
99	trial	1
99	and	1
99	show	1
99	certain	1
99	romannumeral	1
99	arabic2digit	1
99	to	8
99	such	2
99	be	1
99	form	1
99	under	1
99	public	2
99	civil	1
99	open	1
99	for	1
99	by	1
99	also	1
99	possible	1
99	making	1
99	#lines	17
99	#textlines	17
99	#commas	5
99	#endwpunct	3
99	#maxinitial	4
99	#sequentialcaps	1
99	#quotations	2
99	#stdev	1019
99	#maxpair	5
99	#caplines	3
99	#startwrubric	1
99	#periods	4
99	wordNotInVocab	39
100	march	2
100	arabic4digit	2
100	is	1
100	in	3
100	important	1
100	during	1
100	state	3
100	office	1
100	year	1
100	generally	1
100	a	2
100	his	2
100	now	1
100	not	1
100	type	1
100	of	10
100	arabic1digit	1
100	romannumeral	1
100	h	1
100	people	2
100	personalname	2
100	being	1
100	the	17
100	he	1
100	were	1
100	for	1
100	dr	1
100	as	3
100	#allcapswords	9
100	from	2
100	and	4
100	los	1
100	valuable	1
100	arabic2digit	1
100	to	1
100	therefore	1
100	n	1
100	then	1
100	duties	1
100	present	1
100	united	1
100	general	1
100	public	4
100	miss	1
100	different	1
100	was	1
100	placename	1
100	chapter	1
100	by	2
100	propernoun	1
100	#lines	23
100	#endwnumeral	1
100	#textlines	23
100	#commas	7
100	#endwpunct	2
100	#maxinitial	3
100	#sequentialcaps	1
100	#quotations	4
100	#stdev	1107
100	#maxpair	5
100	#caplines	6
100	#periods	6
100	#startwname	1
100	wordNotInVocab	40
101	all	1
101	march	1
101	shall	1
101	mr	1
101	order	1
101	court	2
101	j	1
101	his	1
101	has	2
101	type	1
101	los	1
101	through	1
101	persons	1
101	who	1
101	june	2
101	the	19
101	robinson	1
101	during	1
101	council	1
101	office	1
101	great	1
101	hon	1
101	and	4
101	city	1
101	to	2
101	wood	1
101	such	1
101	united	1
101	any	1
101	by	1
101	for	5
101	or	2
101	arabic2digit	1
101	other	2
101	it	1
101	without	1
101	in	6
101	them	1
101	generally	1
101	a	5
101	on	1
101	things	1
101	upon	2
101	arabic1digit	1
101	became	1
101	personalname	2
101	of	9
101	are	1
101	he	1
101	at	1
101	which	1
101	#allcapswords	2
101	with	2
101	conduct	1
101	arabic4digit	5
101	one	1
101	may	1
101	public	8
101	among	1
101	was	4
101	placename	6
101	its	1
101	#lines	28
101	#endwnumeral	1
101	#textlines	28
101	#commas	22
101	#endwpunct	10
101	#maxinitial	4
101	#sequentialcaps	1
101	#quotations	2
101	#stdev	790
101	#maxpair	5
101	#caplines	7
101	#periods	11
101	wordNotInVocab	54
102	all	1
102	is	1
102	it	1
102	mr	3
102	many	1
102	state	1
102	others	1
102	court	1
102	of	12
102	an	1
102	h	1
102	december	1
102	become	1
102	these	1
102	act	1
102	the	15
102	that	3
102	council	1
102	office	2
102	their	1
102	temple	1
102	and	4
102	to	2
102	gave	1
102	will	1
102	by	2
102	j	1
102	for	1
102	other	1
102	march	1
102	in	5
102	s	1
102	on	1
102	a	2
102	have	3
102	passed	1
102	became	1
102	personalname	6
102	practical	1
102	city	4
102	at	2
102	i	1
102	hope	1
102	as	1
102	#allcapswords	4
102	with	1
102	arabic4digit	5
102	arabic2digit	1
102	public	6
102	was	3
102	placename	4
102	religious	1
102	#lines	29
102	#endwnumeral	2
102	#textlines	29
102	#commas	28
102	#endwpunct	10
102	#maxinitial	5
102	#sequentialcaps	2
102	#stdev	992
102	#maxpair	9
102	#caplines	14
102	#startwrubric	3
102	#periods	15
102	#startwname	3
102	wordNotInVocab	57
103	all	1
103	is	4
103	proposed	1
103	state	1
103	year	1
103	within	1
103	has	1
103	of	11
103	people	1
103	further	1
103	the	23
103	were	1
103	done	1
103	and	5
103	lives	1
103	should	2
103	to	6
103	generally	1
103	our	3
103	we	2
103	or	1
103	various	1
103	country	1
103	about	1
103	during	1
103	public	4
103	arabic2digit	2
103	play	1
103	it	4
103	bring	1
103	without	1
103	make	1
103	in	3
103	no	2
103	that	1
103	them	1
103	general	1
103	note	1
103	a	1
103	fair	2
103	not	1
103	fancy	1
103	sense	1
103	there	1
103	are	1
103	from	3
103	force	1
103	as	2
103	day	1
103	system	2
103	american	1
103	desire	1
103	arabic4digit	1
103	social	1
103	so	2
103	placename	2
103	be	2
103	being	1
103	must	1
103	manner	1
103	#lines	29
103	#textlines	29
103	#commas	6
103	#endwpunct	2
103	#maxinitial	4
103	#sequentialcaps	1
103	#quotations	6
103	#stdev	663
103	#maxpair	6
103	#caplines	4
103	#periods	11
103	wordNotInVocab	64
104	march	1
104	all	1
104	is	2
104	that	1
104	a	3
104	it	1
104	thought	1
104	establishment	1
104	of	5
104	an	1
104	power	1
104	people	1
104	in	1
104	opinion	1
104	the	7
104	when	1
104	with	1
104	and	1
104	justice	1
104	will	1
104	administration	1
104	not	1
104	we	1
104	force	1
104	public	2
104	arabic2digit	1
104	principles	1
104	#lines	9
104	#endwnumeral	1
104	#textlines	9
104	#commas	4
104	#endwpunct	2
104	#maxinitial	2
104	#questionmarks	1
104	#stdev	653
104	#maxpair	3
104	#caplines	2
104	#periods	2
104	wordNotInVocab	17
105	#textlines	0
106	in	3
106	office	2
106	court	1
106	j	2
106	on	1
106	both	1
106	a	1
106	appendix	1
106	of	7
106	passed	1
106	december	1
106	became	1
106	personalname	3
106	los	3
106	address	1
106	first	1
106	city	1
106	the	1
106	before	1
106	council	1
106	at	2
106	i	1
106	as	1
106	state	2
106	to	3
106	took	1
106	#allcapswords	12
106	united	1
106	and	2
106	arabic4digit	2
106	arabic1digit	2
106	wood	2
106	arabic3digit	1
106	by	5
106	placename	5
106	public	9
106	hon	1
106	arabic2digit	3
106	#lines	36
106	#endwnumeral	6
106	#textlines	36
106	#commas	4
106	#endwpunct	12
106	#maxinitial	5
106	#sequentialcaps	5
106	#quotations	6
106	#stdev	1539
106	#maxpair	6
106	#caplines	28
106	#startwrubric	1
106	#periods	12
106	#startwname	1
106	wordNotInVocab	63
107	y	1
107	times	1
107	court	1
107	arabic4digit	2
107	appendix	1
107	los	2
107	w	1
107	h	2
107	personalname	6
107	december	1
107	author	1
107	law	1
107	the	4
107	before	1
107	new	6
107	council	1
107	subject	1
107	address	1
107	and	1
107	romannumeral	2
107	state	1
107	to	1
107	by	4
107	for	2
107	arabic2digit	1
107	various	1
107	april	1
107	in	5
107	on	1
107	arabic1digit	1
107	published	1
107	judge	1
107	of	14
107	city	3
107	at	1
107	#allcapswords	11
107	passed	1
107	pope	1
107	justice	1
107	propernoun	2
107	public	10
107	f	1
107	placename	10
107	n	2
107	made	1
107	#lines	45
107	#endwnumeral	3
107	#textlines	45
107	#commas	5
107	#endwpunct	14
107	#maxinitial	6
107	#sequentialcaps	5
107	#quotations	4
107	#stdev	1505
107	#maxpair	8
107	#caplines	32
107	#periods	20
107	#startwname	1
107	wordNotInVocab	80
108	march	1
108	in	1
108	no	1
108	town	1
108	state	2
108	court	1
108	library	1
108	on	1
108	arabic4digit	1
108	church	2
108	appendix	1
108	of	6
108	officers	1
108	people	1
108	december	1
108	april	1
108	placename	11
108	june	1
108	personalname	1
108	public	14
108	address	2
108	city	7
108	the	3
108	before	7
108	new	7
108	at	2
108	i	1
108	justice	1
108	#allcapswords	5
108	temple	3
108	and	1
108	romannumeral	1
108	arabic2digit	1
108	to	2
108	may	1
108	women	1
108	social	1
108	propernoun	3
108	union	1
108	f	1
108	by	4
108	#lines	40
108	#endwnumeral	2
108	#textlines	40
108	#commas	11
108	#endwpunct	17
108	#maxinitial	5
108	#sequentialcaps	5
108	#quotations	7
108	#stdev	1593
108	#maxpair	7
108	#caplines	28
108	#startwrubric	2
108	#periods	16
108	#startwname	2
108	wordNotInVocab	71
109	march	1
109	in	5
109	robinson	1
109	and	1
109	state	2
109	court	1
109	j	1
109	on	1
109	appendix	1
109	of	3
109	an	1
109	arabic1digit	2
109	became	1
109	personalname	10
109	party	1
109	city	3
109	passed	1
109	before	2
109	council	1
109	april	1
109	s	1
109	st	1
109	#allcapswords	7
109	arabic3digit	1
109	arabic4digit	5
109	office	1
109	propernoun	4
109	public	12
109	new	3
109	placename	11
109	for	4
109	by	5
109	made	1
109	#lines	44
109	#endwnumeral	8
109	#textlines	44
109	#commas	8
109	#endwpunct	13
109	#maxinitial	9
109	#sequentialcaps	3
109	#stdev	1669
109	#maxpair	12
109	#caplines	27
109	#periods	15
109	#startwname	5
109	wordNotInVocab	53
110	proposed	1
110	and	1
110	state	2
110	court	1
110	j	2
110	arabic4digit	5
110	appendix	1
110	of	14
110	h	3
110	december	1
110	june	1
110	reading	1
110	the	4
110	office	1
110	president	1
110	meeting	1
110	temple	1
110	romannumeral	2
110	until	1
110	be	1
110	by	6
110	propernoun	2
110	march	2
110	in	3
110	s	1
110	prof	1
110	u	1
110	on	1
110	a	1
110	could	1
110	personalname	11
110	judge	2
110	home	1
110	at	3
110	#allcapswords	15
110	arabic3digit	1
110	arabic2digit	1
110	may	1
110	united	1
110	public	11
110	f	2
110	placename	12
110	district	1
110	#lines	37
110	#endwnumeral	6
110	#textlines	37
110	#commas	17
110	#endwpunct	12
110	#maxinitial	6
110	#sequentialcaps	2
110	#quotations	3
110	#stdev	1605
110	#maxpair	8
110	#caplines	22
110	#startwrubric	4
110	#periods	24
110	#startwname	2
110	wordNotInVocab	62
111	after	1
111	in	2
111	p	1
111	a	3
111	appendix	1
111	of	9
111	r	1
111	december	1
111	june	1
111	personalname	7
111	m	1
111	city	1
111	passed	1
111	at	1
111	new	1
111	district	1
111	re	1
111	#allcapswords	11
111	and	1
111	arabic4digit	7
111	arabic2digit	1
111	state	2
111	d	1
111	the	2
111	propernoun	2
111	by	7
111	meeting	1
111	placename	8
111	for	1
111	public	10
111	both	1
111	made	1
111	#lines	36
111	#endwnumeral	7
111	#textlines	36
111	#commas	7
111	#endwpunct	12
111	#maxinitial	6
111	#sequentialcaps	4
111	#stdev	1750
111	#maxpair	8
111	#caplines	22
111	#startwrubric	2
111	#periods	17
111	#startwname	3
111	wordNotInVocab	70
112	march	1
112	in	5
112	prof	1
112	state	3
112	j	1
112	on	1
112	a	2
112	be	1
112	appendix	1
112	of	10
112	board	1
112	w	1
112	december	1
112	h	2
112	e	4
112	law	1
112	personalname	2
112	city	4
112	the	2
112	before	1
112	university	1
112	#allcapswords	13
112	that	1
112	and	1
112	arabic4digit	6
112	romannumeral	1
112	arabic2digit	1
112	to	1
112	charge	1
112	propernoun	2
112	by	6
112	placename	11
112	free	1
112	public	10
112	rev	1
112	#lines	43
112	#endwnumeral	7
112	#textlines	43
112	#commas	6
112	#endwpunct	12
112	#maxinitial	9
112	#sequentialcaps	3
112	#quotations	6
112	#stdev	1608
112	#maxpair	9
112	#caplines	27
112	#startwrubric	3
112	#periods	21
112	#startwname	2
112	wordNotInVocab	57
113	state	3
113	court	3
113	appendix	1
113	of	11
113	w	1
113	h	2
113	april	1
113	g	1
113	law	1
113	the	4
113	before	3
113	council	1
113	and	3
113	romannumeral	1
113	to	2
113	by	7
113	arabic4digit	4
113	for	1
113	public	9
113	arabic2digit	1
113	march	1
113	in	2
113	prof	1
113	on	1
113	passed	1
113	e	1
113	personalname	5
113	house	1
113	city	1
113	n	2
113	chief	3
113	#allcapswords	11
113	justice	3
113	made	1
113	propernoun	1
113	f	1
113	placename	9
113	university	1
113	journal	1
113	#lines	44
113	#endwnumeral	5
113	#textlines	44
113	#commas	9
113	#endwpunct	11
113	#maxinitial	8
113	#sequentialcaps	3
113	#quotations	8
113	#stdev	1628
113	#maxpair	10
113	#caplines	27
113	#startwrubric	3
113	#periods	16
113	#startwname	1
113	wordNotInVocab	70
114	march	3
114	in	2
114	particular	1
114	arabic4digit	6
114	a	1
114	appendix	1
114	of	5
114	h	1
114	interest	1
114	e	1
114	personalname	5
114	city	1
114	passed	1
114	before	1
114	district	2
114	at	2
114	as	1
114	#allcapswords	8
114	arabic3digit	1
114	mrs	1
114	king	2
114	senate	1
114	romannumeral	1
114	arabic2digit	1
114	state	2
114	to	1
114	women	1
114	the	1
114	public	10
114	various	1
114	propernoun	1
114	placename	3
114	for	2
114	by	8
114	#lines	43
114	#endwnumeral	8
114	#textlines	43
114	#commas	5
114	#endwpunct	11
114	#maxinitial	11
114	#sequentialcaps	3
114	#stdev	1643
114	#maxpair	11
114	#caplines	27
114	#startwrubric	1
114	#periods	15
114	#startwname	1
114	wordNotInVocab	67
115	march	1
115	state	2
115	arabic4digit	9
115	a	2
115	appendix	1
115	of	6
115	passed	1
115	december	1
115	in	2
115	past	1
115	personalname	4
115	m	1
115	office	1
115	west	1
115	#allcapswords	13
115	north	3
115	to	2
115	propernoun	1
115	by	9
115	h	2
115	placename	6
115	for	1
115	public	9
115	#lines	43
115	#endwnumeral	9
115	#textlines	43
115	#commas	6
115	#endwpunct	10
115	#maxinitial	8
115	#sequentialcaps	2
115	#stdev	1578
115	#maxpair	10
115	#caplines	28
115	#startwrubric	2
115	#periods	14
115	#startwname	2
115	wordNotInVocab	54
116	march	3
116	north	1
116	state	2
116	#allcapswords	8
116	and	2
116	arabic4digit	3
116	appendix	1
116	arabic2digit	1
116	of	1
116	to	1
116	passed	1
116	b	1
116	personalname	2
116	public	5
116	law	1
116	under	1
116	placename	9
116	for	4
116	by	2
116	made	1
116	new	2
116	#lines	25
116	#endwnumeral	4
116	#textlines	24
116	#commas	3
116	#endwpunct	7
116	#maxinitial	6
116	#sequentialcaps	4
116	#quotations	2
116	#stdev	1514
116	#maxpair	6
116	#caplines	18
116	#periods	5
116	#startwname	1
116	wordNotInVocab	23
117	union	1
117	in	3
117	congress	1
117	state	1
117	published	1
117	a	1
117	appendix	1
117	of	7
117	law	1
117	american	1
117	december	2
117	annual	1
117	june	1
117	personalname	4
117	public	6
117	act	1
117	r	1
117	sir	2
117	the	3
117	new	3
117	district	1
117	april	1
117	president	1
117	trade	1
117	#allcapswords	10
117	with	1
117	at	1
117	arabic4digit	5
117	society	1
117	brother	1
117	arabic2digit	1
117	to	2
117	propernoun	2
117	and	2
117	meeting	1
117	hall	1
117	placename	9
117	j	2
117	for	1
117	by	4
117	series	1
117	world	1
117	#lines	31
117	#endwnumeral	5
117	#textlines	31
117	#commas	7
117	#endwpunct	8
117	#maxinitial	3
117	#sequentialcaps	2
117	#quotations	5
117	#stdev	1712
117	#maxpair	5
117	#caplines	15
117	#startwrubric	1
117	#periods	12
117	wordNotInVocab	51
118	#textlines	0
119	#textlines	0
120	#textlines	0
121	#textlines	0
122	arabic3digit	1
122	arabic2digit	1
122	#allcapswords	1
122	#lines	5
122	#endwnumeral	2
122	#textlines	2
122	#maxinitial	1
122	#stdev	100
122	#maxpair	1
122	#caplines	1
122	#startwname	1
123	u	3
123	i	1
123	#allcapswords	22
123	arabic3digit	1
123	arabic5+digit	3
123	a	1
123	romannumeral	6
123	o	1
123	m	2
123	the	1
123	d	1
123	b	1
123	propernoun	1
123	arabicprice	1
123	of	1
123	e	2
123	w	1
123	placename	1
123	university	1
123	necessary	1
123	z	1
123	#lines	33
123	#endwnumeral	3
123	#textlines	19
123	#commas	1
123	#endwpunct	3
123	#maxinitial	4
123	#sequentialcaps	2
123	#quotations	1
123	#stdev	1007
123	#maxpair	5
123	#caplines	16
123	#periods	4
123	#startwname	4
123	wordNotInVocab	15
