0	i	1
0	h	1
0	a	1
0	#allcapswords	8
0	he	1
0	#sequentialcaps	1
0	#lines	4
0	#maxinitial	1
0	#caplines	4
0	#startwname	2
0	#stdev	363
0	#maxpair	2
0	#textlines	4
0	wordNotInVocab	5
1	c	1
1	arabic2digit	1
1	#allcapswords	1
1	#lines	2
1	#maxinitial	1
1	#quotations	1
1	#caplines	1
1	#startwname	1
1	#maxpair	1
1	#textlines	1
1	wordNotInVocab	1
2	#textlines	0
3	#lines	1
3	#textlines	0
4	arabic1digit	1
4	co	1
4	the	2
4	s	1
4	in	1
4	personalname	1
4	and	1
4	arabic3digit	1
4	arabic4digit	1
4	of	1
4	used	1
4	#allcapswords	16
4	new	2
4	romannumeral	1
4	church	1
4	placename	2
4	#sequentialcaps	2
4	#lines	8
4	#maxinitial	3
4	#caplines	6
4	#periods	6
4	#stdev	966
4	#maxpair	3
4	#startwrubric	1
4	#commas	1
4	#endwpunct	5
4	#textlines	7
4	#endwnumeral	2
4	wordNotInVocab	4
5	the	3
5	s	1
5	personalname	1
5	court	1
5	clerk	1
5	entered	1
5	according	1
5	romannumeral	2
5	district	1
5	office	1
5	a	1
5	university	1
5	by	1
5	of	3
5	co	1
5	year	1
5	an	1
5	h	1
5	in	2
5	propernoun	1
5	arabic4digit	1
5	congress	1
5	i	1
5	#allcapswords	8
5	u	1
5	to	1
5	act	1
5	#sequentialcaps	1
5	#lines	9
5	#maxinitial	1
5	#caplines	4
5	#periods	15
5	#stdev	2037
5	#maxpair	2
5	#startwrubric	1
5	#commas	4
5	#endwpunct	2
5	#textlines	9
5	wordNotInVocab	3
6	with	2
6	us	4
6	our	3
6	him	2
6	lord	5
6	strength	2
6	also	1
6	a	2
6	above	1
6	sheep	1
6	made	1
6	ourselves	1
6	i	1
6	people	1
6	are	2
6	great	2
6	gods	1
6	in	5
6	earth	2
6	land	1
6	arabic2digit	1
6	we	1
6	all	1
6	service	1
6	o	3
6	whole	1
6	let	5
6	king	1
6	is	4
6	beauty	1
6	the	14
6	fall	1
6	unto	1
6	for	2
6	introductory	1
6	down	1
6	sing	1
6	he	2
6	morning	1
6	sea	1
6	par	1
6	of	7
6	worship	2
6	stand	1
6	show	1
6	come	3
6	it	1
6	and	9
6	hand	2
6	hands	1
6	#allcapswords	8
6	god	2
6	before	2
6	his	7
6	#sequentialcaps	2
6	#lines	20
6	#maxinitial	4
6	#caplines	11
6	#periods	11
6	#stdev	1696
6	#maxpair	7
6	#commas	3
6	#endwpunct	11
6	#textlines	20
6	#endwnumeral	1
6	wordNotInVocab	21
7	arabic1digit	2
7	holy	4
7	truth	1
7	jesus	2
7	world	2
7	praise	4
7	people	1
7	majesty	2
7	e	1
7	all	6
7	service	1
7	morning	1
7	king	1
7	with	1
7	heaven	1
7	glorious	1
7	powers	1
7	through	1
7	christ	1
7	an	1
7	and	12
7	#allcapswords	2
7	god	4
7	to	6
7	church	1
7	his	1
7	the	23
7	our	1
7	army	1
7	lord	2
7	be	2
7	a	1
7	now	1
7	only	1
7	due	1
7	are	2
7	thy	1
7	earth	3
7	we	2
7	judge	2
7	father	3
7	unto	1
7	for	3
7	doth	2
7	men	2
7	he	2
7	honour	1
7	full	1
7	eternal	1
7	of	10
7	worship	1
7	thee	11
7	from	1
7	glory	2
7	noble	1
7	company	1
7	do	1
7	#sequentialcaps	9
7	#lines	28
7	#maxinitial	15
7	#caplines	19
7	#periods	16
7	#stdev	1551
7	#maxpair	15
7	#commas	19
7	#endwpunct	21
7	#exclamationpoints	1
7	#textlines	28
7	wordNotInVocab	41
8	arabic1digit	3
8	through	1
8	us	5
8	arabic2digit	1
8	world	2
8	never	1
8	should	1
8	most	1
8	have	3
8	of	6
8	all	1
8	into	1
8	service	1
8	o	4
8	make	1
8	morning	1
8	had	1
8	hath	1
8	sin	1
8	with	1
8	therefore	1
8	man	1
8	end	1
8	lord	6
8	ever	2
8	born	1
8	hast	1
8	as	1
8	upon	3
8	and	4
8	i	1
8	blood	1
8	thine	1
8	hand	1
8	that	2
8	shall	1
8	without	2
8	save	1
8	#allcapswords	6
8	god	2
8	to	5
8	day	3
8	his	1
8	st	1
8	the	7
8	our	2
8	him	1
8	up	1
8	be	5
8	a	1
8	let	2
8	by	1
8	mercy	3
8	death	1
8	whom	1
8	in	4
8	at	1
8	we	6
8	blessed	1
8	judge	1
8	believe	1
8	is	1
8	father	1
8	pleased	1
8	heaven	1
8	for	3
8	personalname	1
8	this	1
8	thou	2
8	keep	1
8	he	6
8	son	1
8	thy	6
8	them	3
8	worship	1
8	thee	5
8	people	2
8	come	1
8	it	1
8	glory	2
8	right	1
8	name	1
8	pray	1
8	placename	1
8	kingdom	1
8	when	2
8	#sequentialcaps	2
8	#lines	28
8	#maxinitial	5
8	#caplines	18
8	#periods	18
8	#stdev	1766
8	#maxpair	7
8	#startwrubric	2
8	#commas	18
8	#endwpunct	17
8	#textlines	28
8	#endwnumeral	3
8	wordNotInVocab	30
9	arabic1digit	2
9	holy	1
9	truth	1
9	the	13
9	world	1
9	we	3
9	since	1
9	serve	1
9	have	1
9	e	2
9	of	5
9	all	2
9	into	2
9	service	1
9	should	1
9	morning	1
9	king	2
9	hath	2
9	with	3
9	house	1
9	up	1
9	o	1
9	arabic3digit	1
9	jesus	2
9	through	2
9	as	1
9	and	12
9	your	1
9	hand	1
9	that	3
9	#allcapswords	3
9	god	3
9	praise	1
9	his	10
9	us	3
9	our	1
9	him	1
9	lord	4
9	be	6
9	sheep	1
9	a	4
9	by	1
9	lie	1
9	ourselves	1
9	only	2
9	men	2
9	made	1
9	song	1
9	in	2
9	which	1
9	ye	2
9	now	2
9	began	1
9	j	1
9	is	4
9	not	1
9	mighty	1
9	unto	3
9	for	4
9	way	1
9	are	1
9	he	2
9	go	1
9	honour	2
9	been	1
9	sure	1
9	eternal	2
9	people	1
9	to	1
9	speak	1
9	good	1
9	come	1
9	it	1
9	from	3
9	glory	2
9	name	1
9	servant	1
9	before	1
9	mercy	1
9	#sequentialcaps	2
9	#lines	28
9	#maxinitial	4
9	#quotations	1
9	#caplines	12
9	#startwname	1
9	#periods	12
9	#stdev	1407
9	#maxpair	6
9	#commas	17
9	#endwpunct	14
9	#textlines	28
9	#endwnumeral	1
9	wordNotInVocab	39
10	arabic1digit	1
10	the	8
10	no	1
10	our	2
10	holy	3
10	lord	8
10	through	1
10	us	3
10	shall	1
10	might	1
10	art	2
10	mercy	3
10	man	1
10	are	1
10	high	1
10	thy	5
10	in	6
10	earth	1
10	sight	1
10	love	1
10	all	3
10	into	1
10	be	2
10	majesty	1
10	o	2
10	is	1
10	not	1
10	with	1
10	heaven	1
10	unto	1
10	for	5
10	author	1
10	praise	1
10	enter	1
10	thou	2
10	keep	1
10	romannumeral	2
10	most	1
10	same	1
10	living	1
10	ever	2
10	full	1
10	great	1
10	jesus	1
10	of	7
10	thee	1
10	christ	1
10	good	2
10	give	1
10	to	1
10	that	2
10	hearts	1
10	things	1
10	and	4
10	glory	2
10	religion	1
10	his	2
10	judgement	1
10	#allcapswords	7
10	god	1
10	servant	1
10	true	1
10	power	1
10	name	1
10	#sequentialcaps	3
10	#lines	19
10	#maxinitial	3
10	#caplines	10
10	#startwname	2
10	#periods	11
10	#stdev	2023
10	#maxpair	6
10	#startwrubric	3
10	#commas	11
10	#endwpunct	12
10	#exclamationpoints	4
10	#textlines	19
10	wordNotInVocab	14
11	arabic1digit	3
11	holy	1
11	jesus	1
11	any	1
11	shalt	1
11	serve	1
11	cast	1
11	all	2
11	o	2
11	make	2
11	morning	1
11	king	1
11	with	2
11	their	1
11	up	1
11	people	1
11	romannumeral	1
11	my	10
11	give	1
11	turn	1
11	christ	1
11	hast	1
11	spirit	2
11	and	8
11	pleasure	1
11	i	2
11	shall	1
11	within	1
11	#allcapswords	9
11	god	3
11	not	2
11	through	1
11	no	1
11	our	1
11	words	1
11	take	1
11	lord	4
11	neither	1
11	be	1
11	a	4
11	art	1
11	look	1
11	heart	1
11	thy	4
11	me	4
11	in	2
11	they	1
11	we	1
11	may	1
11	hear	1
11	face	1
11	ear	1
11	the	2
11	peace	1
11	unto	4
11	for	2
11	away	1
11	thou	3
11	mind	1
11	out	1
11	early	1
11	put	1
11	prayer	2
11	of	1
11	thee	5
11	to	1
11	who	1
11	that	1
11	voice	2
11	from	4
11	will	3
11	right	1
11	pardon	1
11	#sequentialcaps	2
11	#lines	22
11	#maxinitial	4
11	#caplines	9
11	#periods	13
11	#stdev	1953
11	#maxpair	4
11	#startwrubric	2
11	#commas	14
11	#endwpunct	11
11	#exclamationpoints	1
11	#textlines	22
11	#endwnumeral	1
11	wordNotInVocab	26
12	arabic1digit	3
12	holy	1
12	our	1
12	mine	1
12	strength	1
12	but	1
12	world	1
12	put	1
12	plain	1
12	shalt	1
12	i	3
12	both	1
12	upon	1
12	sight	1
12	love	1
12	all	3
12	into	1
12	o	1
12	make	1
12	let	1
12	with	2
12	before	1
12	man	1
12	house	1
12	their	1
12	wilt	2
12	my	1
12	give	1
12	ever	1
12	hast	3
12	stand	1
12	as	3
12	work	2
12	and	6
12	very	1
12	who	5
12	a	1
12	way	1
12	name	2
12	excellent	1
12	the	12
12	those	3
12	him	1
12	thine	1
12	lord	4
12	even	2
12	be	3
12	will	3
12	shall	3
12	above	1
12	set	1
12	because	3
12	mercy	1
12	thy	14
12	me	2
12	in	6
12	they	2
12	of	7
12	fear	1
12	temple	1
12	such	1
12	face	1
12	is	1
12	not	1
12	unto	1
12	for	3
12	how	1
12	#allcapswords	5
12	thou	9
12	out	1
12	moon	1
12	enemy	1
12	them	1
12	worship	1
12	thee	2
12	speak	1
12	still	1
12	come	1
12	that	1
12	glory	1
12	which	1
12	stars	1
12	when	1
12	#sequentialcaps	2
12	#lines	28
12	#maxinitial	6
12	#caplines	11
12	#startwname	1
12	#periods	9
12	#stdev	1842
12	#maxpair	8
12	#startwrubric	1
12	#commas	12
12	#endwpunct	11
12	#exclamationpoints	2
12	#textlines	28
12	#endwnumeral	2
12	wordNotInVocab	40
13	holy	1
13	truth	1
13	what	1
13	sea	1
13	but	1
13	have	1
13	world	1
13	hill	1
13	our	1
13	never	1
13	all	3
13	life	1
13	upon	2
13	arabic2digit	2
13	son	1
13	given	1
13	fall	1
13	these	1
13	o	1
13	hath	2
13	with	1
13	man	2
13	not	2
13	hast	2
13	against	1
13	it	1
13	through	1
13	nor	3
13	an	1
13	tongue	1
13	and	11
13	things	2
13	his	8
13	who	8
13	shall	3
13	than	1
13	thing	1
13	name	1
13	excellent	1
13	the	16
13	no	1
13	sheep	1
13	air	1
13	him	6
13	under	1
13	lord	3
13	even	1
13	art	1
13	a	3
13	or	1
13	taken	1
13	thy	4
13	works	1
13	in	3
13	hands	1
13	person	1
13	fear	1
13	heart	1
13	money	1
13	is	3
13	rest	1
13	over	1
13	field	1
13	were	1
13	unto	1
13	those	1
13	thou	5
13	he	5
13	honour	1
13	used	1
13	little	1
13	done	1
13	of	7
13	to	3
13	own	1
13	that	2
13	#allcapswords	2
13	from	1
13	glory	1
13	which	1
13	right	1
13	though	1
13	feet	1
13	put	1
13	how	1
13	#sequentialcaps	5
13	#lines	28
13	#maxinitial	7
13	#caplines	14
13	#startwname	1
13	#periods	10
13	#stdev	1546
13	#maxpair	9
13	#commas	17
13	#endwpunct	15
13	#questionmarks	4
13	#exclamationpoints	1
13	#textlines	28
13	#endwnumeral	1
13	wordNotInVocab	43
14	also	1
14	world	1
14	great	1
14	where	1
14	arabic2digit	2
14	there	3
14	of	12
14	all	1
14	into	1
14	forth	2
14	hath	1
14	end	1
14	gold	2
14	their	3
14	heaven	1
14	speech	2
14	heard	1
14	be	1
14	ever	1
14	nor	1
14	as	2
14	an	1
14	work	1
14	much	1
14	and	12
14	more	1
14	who	1
14	language	1
14	again	1
14	#allcapswords	1
14	god	1
14	to	2
14	day	2
14	his	5
14	the	26
14	words	1
14	lord	6
14	heat	1
14	a	3
14	set	1
14	by	1
14	pure	1
14	heart	1
14	for	2
14	eyes	1
14	are	4
14	thy	1
14	in	2
14	voice	1
14	gone	1
14	fear	1
14	light	1
14	nothing	1
14	they	1
14	knowledge	1
14	run	1
14	law	2
14	is	10
14	than	3
14	not	1
14	unto	6
14	he	2
14	out	2
14	part	1
14	fine	1
14	sure	1
14	them	3
14	night	2
14	course	1
14	sun	1
14	it	1
14	no	1
14	from	2
14	glory	1
14	soul	1
14	right	1
14	servant	1
14	true	1
14	#sequentialcaps	3
14	#lines	30
14	#maxinitial	10
14	#caplines	13
14	#periods	13
14	#stdev	1620
14	#maxpair	11
14	#startwrubric	1
14	#commas	13
14	#endwpunct	13
14	#textlines	30
14	#endwnumeral	2
14	wordNotInVocab	46
15	arabic1digit	2
15	who	1
15	but	2
15	some	2
15	strength	2
15	also	1
15	get	1
15	his	3
15	holy	1
15	sight	1
15	arabic2digit	2
15	desire	1
15	remember	1
15	all	2
15	let	1
15	even	1
15	with	1
15	so	1
15	their	1
15	heaven	1
15	will	3
15	great	1
15	stand	1
15	know	1
15	and	10
15	always	1
15	help	1
15	secret	1
15	#allcapswords	3
15	god	3
15	send	1
15	day	1
15	the	16
15	our	2
15	words	1
15	him	1
15	lord	6
15	be	2
15	hand	1
15	oft	1
15	shall	1
15	now	1
15	heart	2
15	are	2
15	thy	6
15	me	2
15	in	6
15	i	2
15	brought	1
15	we	3
15	hear	2
15	j	1
15	over	1
15	tell	1
15	personalname	1
15	down	1
15	thou	1
15	keep	1
15	mind	1
15	out	1
15	of	9
15	can	1
15	thee	5
15	he	1
15	my	5
15	that	1
15	they	2
15	from	5
15	right	1
15	name	3
15	put	1
15	servant	1
15	how	1
15	#sequentialcaps	3
15	#lines	27
15	#maxinitial	4
15	#caplines	12
15	#periods	8
15	#stdev	1714
15	#maxpair	6
15	#startwrubric	1
15	#commas	16
15	#endwpunct	12
15	#questionmarks	1
15	#textlines	27
15	#endwnumeral	1
15	wordNotInVocab	37
16	arabic1digit	1
16	mine	1
16	holy	1
16	through	1
16	world	1
16	or	1
16	hill	1
16	life	1
16	upon	3
16	call	1
16	arabic2digit	3
16	all	2
16	into	1
16	forth	1
16	green	1
16	king	1
16	hath	1
16	follow	1
16	with	2
16	therefore	1
16	house	1
16	up	1
16	o	1
16	heaven	1
16	and	9
16	my	5
16	will	2
16	still	1
16	i	4
16	shall	3
16	over	1
16	save	1
16	#allcapswords	6
16	to	1
16	name	1
16	us	1
16	it	2
16	lord	4
16	a	1
16	art	1
16	lie	1
16	mercy	1
16	thy	3
16	me	7
16	in	5
16	earth	1
16	rise	1
16	fear	1
16	head	1
16	we	1
16	hear	1
16	nothing	1
16	they	1
16	days	1
16	is	3
16	the	16
16	for	3
16	down	1
16	thou	3
16	he	4
16	death	1
16	of	8
16	can	1
16	thee	1
16	place	1
16	who	3
16	that	1
16	no	1
16	soul	1
16	though	1
16	his	2
16	table	1
16	before	1
16	when	1
16	#sequentialcaps	2
16	#lines	27
16	#maxinitial	4
16	#caplines	13
16	#periods	12
16	#stdev	1723
16	#maxpair	6
16	#startwrubric	1
16	#commas	14
16	#endwpunct	12
16	#questionmarks	2
16	#textlines	26
16	#endwnumeral	4
16	wordNotInVocab	44
17	who	7
17	mine	1
17	but	1
17	i	2
17	have	1
17	all	1
17	o	6
17	let	2
17	hath	2
17	lord	6
17	my	3
17	will	1
17	without	1
17	nor	1
17	as	1
17	king	5
17	and	9
17	thee	3
17	it	1
17	a	3
17	#allcapswords	9
17	god	2
17	to	1
17	his	2
17	the	11
17	those	2
17	him	1
17	this	1
17	up	6
17	even	4
17	be	5
17	shall	5
17	battle	1
17	pure	1
17	your	2
17	heart	1
17	thy	3
17	me	4
17	in	5
17	soul	1
17	ye	6
17	arabic2digit	2
17	such	1
17	face	1
17	strong	1
17	is	5
17	over	1
17	not	3
17	mighty	2
17	unto	2
17	for	1
17	personalname	1
17	cause	1
17	seek	2
17	mind	1
17	show	1
17	of	9
17	he	3
17	come	2
17	neither	1
17	they	1
17	from	2
17	glory	5
17	hands	1
17	put	2
17	hope	1
17	#sequentialcaps	2
17	#lines	27
17	#maxinitial	3
17	#caplines	12
17	#periods	12
17	#stdev	1900
17	#maxpair	5
17	#commas	21
17	#endwpunct	18
17	#questionmarks	2
17	#exclamationpoints	1
17	#textlines	27
17	#endwnumeral	1
17	wordNotInVocab	36
18	arabic1digit	1
18	truth	2
18	mine	1
18	bring	1
18	what	1
18	but	1
18	tender	1
18	looking	1
18	i	1
18	upon	2
18	call	1
18	have	2
18	remember	1
18	all	2
18	o	4
18	hath	1
18	sin	1
18	therefore	1
18	man	1
18	forth	1
18	show	1
18	and	10
18	my	7
18	will	2
18	according	1
18	ever	2
18	think	1
18	great	1
18	turn	1
18	as	1
18	gentle	1
18	who	3
18	a	1
18	judgement	1
18	way	3
18	god	1
18	to	2
18	day	1
18	that	1
18	name	1
18	the	15
18	those	2
18	him	2
18	am	1
18	lord	8
18	be	1
18	fear	1
18	shall	7
18	secret	1
18	art	1
18	guide	1
18	mercy	3
18	heart	1
18	are	5
18	thy	6
18	me	6
18	in	6
18	soul	1
18	eyes	1
18	of	8
18	among	1
18	arabic2digit	1
18	propernoun	1
18	net	1
18	youth	1
18	such	2
18	is	4
18	not	1
18	unto	4
18	for	6
18	land	1
18	old	1
18	#allcapswords	6
18	thou	3
18	keep	1
18	he	8
18	out	2
18	long	1
18	feet	1
18	been	2
18	them	2
18	thee	2
18	it	1
18	at	1
18	which	1
18	enlarged	1
18	his	6
18	hope	1
18	#sequentialcaps	2
18	#lines	30
18	#maxinitial	5
18	#caplines	13
18	#periods	15
18	#stdev	1454
18	#maxpair	8
18	#startwrubric	1
18	#commas	14
18	#endwpunct	17
18	#questionmarks	1
18	#textlines	30
18	#endwnumeral	1
18	wordNotInVocab	36
19	arabic1digit	1
19	truth	1
19	mine	1
19	have	6
19	also	1
19	i	11
19	upon	1
19	where	1
19	arabic2digit	1
19	all	3
19	fall	1
19	o	5
19	let	2
19	thee	2
19	hath	2
19	sin	1
19	with	2
19	so	1
19	therefore	1
19	among	1
19	may	1
19	show	1
19	will	5
19	hope	1
19	ever	1
19	house	1
19	congregation	1
19	and	11
19	thine	2
19	sit	1
19	#allcapswords	17
19	god	1
19	to	1
19	loved	1
19	that	1
19	his	1
19	placename	1
19	the	8
19	vain	1
19	prove	1
19	lord	5
19	tell	1
19	shall	1
19	look	1
19	heart	1
19	thy	4
19	persons	1
19	in	5
19	hands	1
19	judge	1
19	is	1
19	not	4
19	for	4
19	eyes	1
19	thou	1
19	keep	1
19	place	1
19	out	1
19	honour	1
19	been	2
19	of	5
19	me	6
19	my	10
19	neither	1
19	voice	1
19	works	1
19	soul	1
19	be	2
19	put	1
19	go	1
19	before	1
19	#sequentialcaps	6
19	#lines	26
19	#maxinitial	3
19	#caplines	13
19	#startwname	1
19	#periods	13
19	#stdev	1498
19	#maxpair	4
19	#commas	14
19	#endwpunct	16
19	#textlines	26
19	#endwnumeral	1
19	wordNotInVocab	36
20	arabic1digit	1
20	holy	1
20	strength	3
20	but	2
20	become	1
20	i	8
20	people	1
20	life	1
20	silent	1
20	joy	1
20	arabic2digit	1
20	them	2
20	into	1
20	make	1
20	song	1
20	with	3
20	therefore	1
20	their	3
20	lord	5
20	o	5
20	heard	1
20	my	13
20	will	4
20	be	3
20	ever	1
20	w	1
20	nor	1
20	as	2
20	give	1
20	and	9
20	thine	1
20	hand	1
20	who	2
20	soul	1
20	hath	1
20	save	1
20	#allcapswords	15
20	to	2
20	his	1
20	the	13
20	those	1
20	him	2
20	am	1
20	up	3
20	set	1
20	mercy	1
20	heart	2
20	thy	3
20	me	6
20	in	5
20	temple	1
20	hear	1
20	hold	1
20	is	5
20	not	3
20	unto	4
20	for	4
20	down	1
20	away	1
20	praise	2
20	thou	2
20	net	1
20	he	2
20	defence	1
20	full	1
20	of	5
20	thee	2
20	speak	1
20	blood	1
20	neither	1
20	hearts	1
20	voice	2
20	foot	1
20	hands	2
20	right	2
20	though	1
20	if	1
20	like	1
20	go	1
20	whose	1
20	when	2
20	#sequentialcaps	4
20	#lines	29
20	#maxinitial	3
20	#caplines	13
20	#periods	11
20	#stdev	1637
20	#maxpair	6
20	#commas	15
20	#endwpunct	12
20	#textlines	29
20	#endwnumeral	2
20	wordNotInVocab	43
21	holy	1
21	the	39
21	due	1
21	above	1
21	lord	18
21	strength	2
21	arabic2digit	3
21	fire	1
21	will	2
21	for	1
21	water	1
21	upon	1
21	blessed	1
21	in	1
21	voice	9
21	ye	1
21	temple	1
21	king	1
21	o	1
21	is	6
21	over	1
21	peace	1
21	with	1
21	mighty	2
21	unto	4
21	man	1
21	doth	1
21	people	2
21	he	1
21	glorious	2
21	honour	2
21	give	5
21	ever	1
21	sin	1
21	great	1
21	of	13
21	worship	2
21	every	1
21	speak	1
21	and	4
21	glory	1
21	whose	2
21	a	2
21	name	1
21	#allcapswords	2
21	god	1
21	to	1
21	his	5
21	placename	1
21	#sequentialcaps	5
21	#lines	27
21	#maxinitial	10
21	#caplines	15
21	#startwname	3
21	#periods	13
21	#stdev	1585
21	#maxpair	11
21	#commas	7
21	#endwpunct	18
21	#textlines	26
21	#endwnumeral	2
21	wordNotInVocab	33
22	arabic1digit	1
22	mine	2
22	through	1
22	but	1
22	arabic2digit	1
22	time	1
22	held	2
22	i	7
22	upon	2
22	have	2
22	there	1
22	all	1
22	into	1
22	while	1
22	fall	1
22	make	1
22	thee	6
22	sin	3
22	summer	1
22	man	1
22	eye	1
22	must	1
22	my	7
22	will	4
22	said	1
22	one	1
22	prayer	1
22	great	2
22	every	2
22	true	1
22	mercy	1
22	tongue	1
22	spirit	1
22	and	12
22	hand	1
22	who	2
22	a	2
22	#allcapswords	8
22	horse	1
22	not	3
22	his	2
22	with	3
22	the	10
22	songs	1
22	him	2
22	this	1
22	blessed	1
22	lord	4
22	so	1
22	be	5
22	shall	2
22	was	2
22	art	1
22	guide	1
22	heart	1
22	are	1
22	water	1
22	thy	1
22	whom	1
22	in	7
22	they	2
22	side	1
22	shalt	3
22	is	3
22	unto	4
22	for	4
22	away	1
22	way	1
22	thou	6
22	turned	1
22	of	4
22	night	1
22	me	4
22	place	1
22	to	2
22	ye	3
22	come	1
22	found	1
22	day	1
22	no	3
22	from	1
22	about	1
22	which	1
22	daily	1
22	like	1
22	go	1
22	on	1
22	whose	2
22	when	1
22	#sequentialcaps	4
22	#lines	30
22	#maxinitial	4
22	#caplines	12
22	#periods	12
22	#stdev	1653
22	#maxpair	8
22	#startwrubric	1
22	#commas	11
22	#endwpunct	14
22	#textlines	30
22	#endwnumeral	1
22	wordNotInVocab	45
23	arabic1digit	2
23	manner	1
23	what	1
23	us	1
23	but	1
23	would	1
23	i	2
23	to	1
23	arabic2digit	2
23	of	5
23	all	2
23	o	2
23	make	1
23	let	1
23	with	1
23	man	2
23	do	1
23	their	1
23	heard	1
23	my	3
23	will	2
23	ever	1
23	angel	1
23	poor	1
23	round	1
23	tongue	1
23	and	13
23	always	1
23	who	6
23	#allcapswords	5
23	her	1
23	his	4
23	the	16
23	those	2
23	him	6
23	blessed	1
23	lord	10
23	give	1
23	you	1
23	shall	4
23	for	1
23	are	1
23	thy	2
23	me	4
23	in	3
23	they	3
23	ye	2
23	fear	5
23	hear	1
23	nothing	1
23	days	1
23	is	4
23	live	1
23	not	1
23	lips	1
23	were	2
23	unto	3
23	want	1
23	together	1
23	thing	1
23	seek	1
23	children	1
23	keep	1
23	he	3
23	out	2
23	them	1
23	praise	2
23	speak	1
23	good	2
23	come	1
23	that	2
23	no	2
23	from	1
23	about	1
23	soul	1
23	looked	1
23	name	1
23	be	2
23	how	1
23	see	2
23	#sequentialcaps	2
23	#lines	29
23	#maxinitial	5
23	#caplines	12
23	#periods	14
23	#stdev	1545
23	#maxpair	9
23	#commas	17
23	#endwpunct	16
23	#questionmarks	1
23	#textlines	29
23	#endwnumeral	1
23	wordNotInVocab	38
24	brought	1
24	but	2
24	also	1
24	open	1
24	against	1
24	upon	1
24	him	2
24	arabic2digit	2
24	of	12
24	all	4
24	new	1
24	so	1
24	their	3
24	heard	1
24	my	4
24	will	1
24	one	1
24	prayer	1
24	great	1
24	as	1
24	an	1
24	spirit	1
24	souls	1
24	i	1
24	shall	3
24	hath	1
24	save	1
24	and	15
24	god	1
24	peace	1
24	that	1
24	his	3
24	the	21
24	those	2
24	lord	7
24	even	1
24	be	2
24	a	3
24	set	1
24	heart	1
24	eyes	1
24	are	5
24	me	2
24	in	2
24	earth	1
24	our	1
24	such	1
24	is	3
24	over	1
24	not	2
24	unto	4
24	for	1
24	#allcapswords	2
24	seek	1
24	he	4
24	out	5
24	them	5
24	song	1
24	to	1
24	good	1
24	who	4
24	it	1
24	they	2
24	from	2
24	feet	1
24	put	2
24	do	2
24	#sequentialcaps	4
24	#lines	28
24	#maxinitial	7
24	#caplines	14
24	#periods	14
24	#stdev	1724
24	#maxpair	8
24	#startwrubric	1
24	#commas	13
24	#endwpunct	13
24	#textlines	28
24	#endwnumeral	2
24	wordNotInVocab	48
25	written	1
25	truth	3
25	mine	1
25	us	1
25	but	1
25	have	5
25	would	1
25	great	2
25	upon	1
25	arabic2digit	1
25	them	2
25	should	2
25	o	4
25	required	1
25	volume	1
25	hath	2
25	sin	1
25	with	1
25	talk	1
25	man	1
25	their	1
25	kept	1
25	my	7
25	said	1
25	hope	1
25	let	1
25	hast	3
25	congregation	2
25	as	1
25	book	1
25	many	2
25	and	12
25	always	1
25	i	11
25	within	2
25	#allcapswords	16
25	god	2
25	to	3
25	that	3
25	his	1
25	the	9
25	set	1
25	am	3
25	blessed	1
25	lord	5
25	be	2
25	shall	2
25	able	2
25	mercy	2
25	heart	2
25	more	1
25	lips	1
25	are	3
25	me	5
25	done	1
25	works	1
25	in	4
25	who	1
25	fear	1
25	such	2
25	law	1
25	is	3
25	than	1
25	not	8
25	unto	1
25	for	2
25	been	1
25	hold	1
25	thy	11
25	thou	6
25	turned	1
25	see	1
25	thoughts	1
25	put	1
25	then	1
25	taken	1
25	of	5
25	thee	1
25	speak	1
25	come	2
25	it	3
25	proud	1
25	they	2
25	from	2
25	will	1
25	back	1
25	about	2
25	which	2
25	lies	1
25	if	1
25	cannot	1
25	go	1
25	do	1
25	#sequentialcaps	5
25	#lines	29
25	#maxinitial	7
25	#caplines	13
25	#startwname	1
25	#periods	12
25	#stdev	1345
25	#maxpair	7
25	#commas	21
25	#endwpunct	14
25	#textlines	29
25	wordNotInVocab	37
26	arabic1digit	1
26	holy	1
26	strength	1
26	but	1
26	same	1
26	our	1
26	river	1
26	high	1
26	most	1
26	arabic2digit	2
26	there	1
26	of	7
26	all	1
26	into	1
26	carried	1
26	make	3
26	let	3
26	very	1
26	hath	1
26	city	1
26	therefore	2
26	more	1
26	o	2
26	sea	1
26	my	4
26	will	1
26	at	1
26	her	2
26	poor	1
26	as	2
26	early	1
26	love	1
26	and	10
26	always	1
26	help	3
26	i	1
26	shall	3
26	#allcapswords	4
26	god	5
26	to	3
26	that	1
26	the	17
26	no	1
26	those	1
26	am	1
26	present	1
26	lord	4
26	be	5
26	who	1
26	a	2
26	art	1
26	look	1
26	heart	1
26	are	1
26	thy	2
26	me	5
26	in	4
26	earth	1
26	fear	1
26	head	1
26	we	1
26	such	1
26	is	3
26	pleasure	1
26	than	1
26	not	2
26	for	2
26	seek	1
26	thou	1
26	place	1
26	she	1
26	long	1
26	op	1
26	thee	2
26	number	1
26	it	1
26	they	1
26	right	1
26	though	4
26	say	1
26	hope	1
26	#sequentialcaps	3
26	#lines	26
26	#maxinitial	11
26	#caplines	13
26	#startwname	1
26	#periods	10
26	#stdev	1936
26	#maxpair	12
26	#startwrubric	1
26	#commas	15
26	#endwpunct	12
26	#textlines	26
26	#endwnumeral	2
26	wordNotInVocab	34
27	arabic1digit	3
27	brought	1
27	what	1
27	us	4
27	but	1
27	fire	1
27	world	1
27	then	1
27	high	1
27	arabic2digit	2
27	all	3
27	sing	5
27	king	2
27	hath	1
27	with	5
27	among	1
27	up	1
27	o	2
27	will	2
27	be	4
27	great	1
27	behold	1
27	an	1
27	know	1
27	is	7
27	whom	1
27	i	3
27	and	10
27	a	1
27	over	1
27	still	1
27	god	7
27	to	2
27	his	1
27	the	27
27	our	5
27	am	1
27	under	2
27	lord	5
27	even	1
27	shall	2
27	your	1
27	works	1
27	in	4
27	voice	2
27	hither	1
27	gone	1
27	ye	1
27	sound	1
27	earth	4
27	were	1
27	unto	3
27	for	2
27	personalname	3
27	together	1
27	away	1
27	#allcapswords	6
27	he	7
27	out	1
27	upon	1
27	of	8
27	wars	1
27	people	2
27	come	1
27	that	1
27	loved	1
27	hands	1
27	feet	1
27	#sequentialcaps	2
27	#lines	28
27	#maxinitial	4
27	#caplines	12
27	#periods	14
27	#stdev	1604
27	#maxpair	6
27	#commas	16
27	#endwpunct	16
27	#textlines	28
27	#endwnumeral	1
27	wordNotInVocab	39
28	who	1
28	holy	1
28	truth	1
28	mine	1
28	ye	1
28	according	1
28	have	2
28	me	8
28	especially	1
28	shalt	4
28	high	1
28	upon	2
28	sight	1
28	clear	1
28	joy	1
28	arabic2digit	2
28	all	1
28	o	1
28	make	2
28	king	1
28	very	1
28	hear	1
28	sin	2
28	with	3
28	princes	1
28	may	1
28	sing	1
28	my	4
28	be	4
28	ever	1
28	hast	1
28	against	1
28	great	1
28	as	2
28	and	8
28	i	3
28	than	1
28	#allcapswords	5
28	god	6
28	that	2
28	his	1
28	the	11
28	this	1
28	understand	1
28	which	1
28	a	1
28	parts	1
28	mercy	1
28	are	1
28	done	1
28	doth	1
28	in	3
28	earth	2
28	t	1
28	arabic1digit	1
28	shall	2
28	is	3
28	over	1
28	were	1
28	unto	1
28	for	3
28	personalname	1
28	away	1
28	thou	7
28	throne	1
28	thy	4
28	of	6
28	thee	1
28	people	2
28	do	1
28	it	1
28	to	2
28	from	2
28	after	1
28	before	1
28	when	1
28	#sequentialcaps	3
28	#lines	28
28	#maxinitial	5
28	#caplines	12
28	#periods	12
28	#stdev	1862
28	#maxpair	9
28	#startwrubric	1
28	#commas	11
28	#endwpunct	11
28	#textlines	27
28	#endwnumeral	3
28	wordNotInVocab	41
29	arabic1digit	3
29	holy	2
29	but	1
29	would	1
29	shalt	2
29	whom	1
29	arabic2digit	2
29	cast	1
29	all	1
29	o	4
29	make	1
29	with	2
29	man	1
29	court	1
29	be	4
29	open	1
29	prayer	1
29	turn	1
29	spirit	4
29	and	10
29	help	1
29	who	1
29	shall	7
29	within	1
29	else	1
29	#allcapswords	7
29	god	4
29	praise	1
29	against	1
29	the	6
29	our	1
29	take	1
29	lord	1
29	even	1
29	give	2
29	a	5
29	come	1
29	art	1
29	heart	2
29	lips	1
29	thy	10
29	me	7
29	in	3
29	i	2
29	house	1
29	temple	1
29	blessed	1
29	face	1
29	is	2
29	again	1
29	not	4
29	unto	6
29	for	1
29	away	1
29	thou	8
29	he	1
29	out	1
29	then	1
29	of	4
29	thee	5
29	show	1
29	my	5
29	it	1
29	no	1
29	from	3
29	right	1
29	free	1
29	performed	1
29	#sequentialcaps	2
29	#lines	28
29	#maxinitial	7
29	#caplines	12
29	#periods	14
29	#stdev	1721
29	#maxpair	12
29	#commas	18
29	#endwpunct	14
29	#textlines	28
29	#endwnumeral	1
29	wordNotInVocab	40
30	arabic1digit	1
30	sheep	1
30	that	1
30	waves	1
30	strength	1
30	also	2
30	corn	2
30	shalt	1
30	all	1
30	upon	2
30	arabic2digit	1
30	of	14
30	river	1
30	into	1
30	sing	1
30	morning	1
30	stand	1
30	very	1
30	with	5
30	so	2
30	their	1
30	show	1
30	sea	2
30	be	2
30	side	1
30	every	1
30	and	10
30	things	1
30	at	1
30	soft	1
30	who	6
30	#allcapswords	1
30	god	2
30	praise	1
30	us	1
30	our	1
30	clouds	1
30	shall	6
30	parts	1
30	art	2
30	year	1
30	are	1
30	water	1
30	thy	5
30	in	3
30	they	3
30	off	1
30	is	1
30	the	26
30	for	2
30	its	1
30	thou	11
30	those	1
30	little	2
30	full	1
30	thee	1
30	people	1
30	to	1
30	it	4
30	earth	4
30	about	1
30	evening	1
30	on	1
30	power	1
30	her	1
30	hope	1
30	#sequentialcaps	6
30	#lines	27
30	#maxinitial	11
30	#caplines	11
30	#periods	8
30	#stdev	1557
30	#maxpair	11
30	#startwrubric	1
30	#commas	9
30	#endwpunct	11
30	#textlines	27
30	#endwnumeral	1
30	wordNotInVocab	51
31	holy	1
31	but	2
31	also	1
31	fire	1
31	thine	1
31	shalt	1
31	upon	2
31	arabic2digit	2
31	them	2
31	sing	2
31	let	5
31	so	2
31	published	1
31	their	1
31	lord	1
31	o	4
31	people	1
31	word	1
31	great	1
31	through	1
31	poor	1
31	as	2
31	and	9
31	who	3
31	a	3
31	#allcapswords	5
31	god	12
31	to	1
31	name	2
31	placename	2
31	the	24
31	those	2
31	him	5
31	itself	1
31	even	2
31	be	2
31	shall	1
31	was	3
31	thy	2
31	in	4
31	at	4
31	they	1
31	is	1
31	earth	1
31	father	1
31	unto	2
31	for	2
31	forth	1
31	away	1
31	thou	5
31	he	1
31	out	1
31	gave	1
31	cause	1
31	of	10
31	praise	1
31	it	3
31	march	1
31	his	4
31	like	2
31	company	1
31	before	4
31	land	1
31	when	3
31	#sequentialcaps	4
31	#lines	29
31	#maxinitial	8
31	#caplines	13
31	#periods	12
31	#stdev	1405
31	#maxpair	9
31	#commas	18
31	#endwpunct	16
31	#textlines	29
31	#endwnumeral	1
31	wordNotInVocab	62
32	who	3
32	holy	2
32	mine	1
32	bring	2
32	us	2
32	voice	2
32	once	1
32	are	1
32	high	1
32	upon	1
32	deep	1
32	arabic2digit	1
32	of	7
32	all	1
32	sing	2
32	out	1
32	hath	1
32	with	1
32	among	3
32	their	1
32	lord	6
32	places	1
32	o	3
32	sea	1
32	will	3
32	said	1
32	own	1
32	hast	1
32	received	1
32	as	3
32	give	1
32	and	7
32	thine	1
32	clouds	1
32	i	4
32	again	2
32	#allcapswords	8
32	she	1
32	send	1
32	his	5
32	placename	4
32	the	19
32	our	1
32	strength	2
32	blessed	1
32	up	1
32	even	4
32	be	2
32	a	1
32	might	1
32	by	1
32	art	2
32	unto	3
32	men	1
32	did	3
32	in	4
32	at	1
32	gone	1
32	ye	2
32	arabic1digit	1
32	we	1
32	is	5
32	over	2
32	mighty	1
32	were	1
32	doth	1
32	thousand	1
32	thy	1
32	thou	3
32	place	1
32	god	11
32	death	1
32	them	2
32	home	1
32	whom	2
32	he	2
32	people	2
32	to	1
32	led	1
32	my	1
32	that	2
32	earth	1
32	from	4
32	daily	1
32	power	2
32	on	1
32	#sequentialcaps	2
32	#lines	28
32	#maxinitial	4
32	#caplines	14
32	#periods	10
32	#stdev	1548
32	#maxpair	7
32	#startwrubric	1
32	#commas	19
32	#endwpunct	11
32	#textlines	28
32	#endwnumeral	2
32	wordNotInVocab	35
33	arabic1digit	2
33	but	1
33	personalname	1
33	strength	2
33	according	1
33	time	1
33	voice	2
33	bear	1
33	arabic2digit	3
33	there	1
33	them	2
33	all	2
33	with	3
33	so	1
33	lord	1
33	my	2
33	will	4
33	said	1
33	ever	1
33	one	1
33	nor	2
33	as	1
33	would	1
33	and	10
33	hand	1
33	neither	1
33	shall	2
33	a	2
33	god	5
33	same	1
33	to	2
33	that	2
33	name	1
33	the	18
33	him	1
33	up	2
33	even	1
33	give	2
33	east	1
33	your	2
33	me	1
33	thy	2
33	works	1
33	in	1
33	i	6
33	land	1
33	wine	1
33	we	2
33	judge	2
33	yet	1
33	west	1
33	is	6
33	not	4
33	unto	6
33	for	5
33	down	1
33	why	1
33	#allcapswords	7
33	he	3
33	out	2
33	another	1
33	full	1
33	of	7
33	thee	2
33	south	1
33	praise	1
33	speak	1
33	red	1
33	it	2
33	earth	1
33	from	3
33	right	1
33	do	3
33	when	1
33	#sequentialcaps	2
33	#lines	28
33	#maxinitial	3
33	#caplines	15
33	#periods	15
33	#stdev	1836
33	#maxpair	5
33	#commas	16
33	#endwpunct	16
33	#questionmarks	1
33	#textlines	28
33	#endwnumeral	2
33	wordNotInVocab	39
34	sons	1
34	high	1
34	mine	2
34	holy	1
34	also	1
34	upon	1
34	himself	1
34	call	2
34	arabic2digit	1
34	remember	3
34	all	2
34	o	1
34	past	1
34	hath	1
34	with	1
34	talk	1
34	more	1
34	end	1
34	as	1
34	lord	3
34	people	2
34	even	1
34	my	7
34	will	8
34	said	1
34	ever	2
34	hast	2
34	think	2
34	who	2
34	an	1
34	is	6
34	spirit	1
34	dost	1
34	hand	1
34	that	1
34	great	1
34	soul	1
34	a	1
34	and	10
34	god	6
34	time	2
34	to	5
34	his	3
34	the	15
34	our	1
34	him	1
34	am	1
34	art	1
34	up	1
34	so	1
34	be	3
34	shall	1
34	out	2
34	mercy	1
34	mind	1
34	heart	2
34	years	2
34	song	1
34	in	4
34	i	12
34	gone	1
34	among	1
34	days	1
34	way	1
34	for	3
34	personalname	2
34	old	2
34	#allcapswords	14
34	are	1
34	thou	2
34	he	2
34	long	1
34	most	1
34	thy	6
34	of	9
34	night	2
34	works	2
34	come	1
34	it	1
34	no	1
34	hands	1
34	right	1
34	when	2
34	power	1
34	own	2
34	#sequentialcaps	5
34	#lines	29
34	#maxinitial	6
34	#caplines	14
34	#periods	10
34	#stdev	1520
34	#maxpair	8
34	#startwrubric	1
34	#commas	11
34	#endwpunct	14
34	#questionmarks	7
34	#textlines	29
34	#endwnumeral	1
34	wordNotInVocab	32
35	arabic1digit	2
35	sea	1
35	also	1
35	ground	1
35	time	1
35	those	1
35	i	4
35	all	1
35	upon	4
35	call	3
35	arabic2digit	2
35	o	2
35	known	1
35	up	1
35	heard	1
35	my	7
35	will	2
35	went	1
35	prayer	1
35	great	2
35	poor	1
35	daily	1
35	round	1
35	give	1
35	and	11
35	thine	2
35	clouds	1
35	who	2
35	save	1
35	#allcapswords	7
35	god	2
35	his	1
35	the	15
35	air	1
35	am	1
35	lord	5
35	hand	1
35	a	1
35	was	2
35	by	1
35	art	2
35	mercy	1
35	are	1
35	water	1
35	thy	7
35	me	3
35	in	5
35	voice	2
35	hear	1
35	is	1
35	ear	2
35	not	1
35	were	2
35	unto	4
35	for	6
35	personalname	2
35	down	1
35	way	1
35	thou	5
35	out	1
35	of	6
35	thee	7
35	people	1
35	good	1
35	earth	1
35	about	1
35	soul	3
35	saw	2
35	be	1
35	like	1
35	servant	2
35	do	1
35	hope	1
35	#sequentialcaps	4
35	#lines	28
35	#maxinitial	9
35	#caplines	15
35	#startwname	2
35	#periods	14
35	#stdev	1673
35	#maxpair	10
35	#commas	23
35	#endwpunct	16
35	#textlines	28
35	#endwnumeral	1
35	wordNotInVocab	36
36	arabic1digit	4
36	who	2
36	truth	2
36	but	1
36	arabic2digit	1
36	long	1
36	g	1
36	son	1
36	upon	2
36	then	1
36	have	3
36	there	2
36	all	2
36	can	1
36	o	5
36	thee	6
36	some	1
36	with	1
36	among	1
36	may	2
36	show	1
36	and	14
36	my	4
36	will	3
36	be	1
36	one	2
36	hast	4
36	against	1
36	great	2
36	it	1
36	to	1
36	alone	1
36	as	1
36	another	1
36	gods	1
36	things	1
36	dost	2
36	help	1
36	i	3
36	#allcapswords	11
36	god	4
36	praise	1
36	name	3
36	the	5
36	our	1
36	strength	1
36	thine	1
36	lord	7
36	give	1
36	held	1
36	shall	2
36	set	1
36	art	3
36	because	1
36	heart	2
36	eyes	1
36	men	1
36	made	1
36	thy	8
36	whom	1
36	in	2
36	death	1
36	fear	1
36	thank	1
36	they	1
36	is	2
36	not	2
36	unto	4
36	for	4
36	been	1
36	its	1
36	turn	1
36	way	1
36	are	1
36	thou	8
36	see	1
36	full	1
36	of	4
36	worship	1
36	me	9
36	do	1
36	good	1
36	come	1
36	that	2
36	proud	1
36	none	1
36	from	2
36	soul	2
36	like	1
36	servant	1
36	before	1
36	mercy	3
36	#sequentialcaps	3
36	#lines	28
36	#maxinitial	5
36	#caplines	12
36	#startwname	2
36	#periods	13
36	#stdev	1607
36	#maxpair	6
36	#startwrubric	1
36	#commas	26
36	#endwpunct	16
36	#textlines	28
36	#endwnumeral	1
36	wordNotInVocab	29
37	who	1
37	brought	1
37	bring	1
37	ten	1
37	strength	1
37	but	4
37	sorrow	1
37	world	1
37	soon	2
37	sight	1
37	then	1
37	arabic2digit	1
37	of	4
37	all	1
37	forth	1
37	morning	1
37	green	1
37	from	1
37	us	1
37	so	3
37	man	1
37	end	1
37	and	12
37	lord	1
37	at	2
37	ever	1
37	past	1
37	as	6
37	an	1
37	turn	1
37	number	1
37	secret	1
37	again	1
37	#allcapswords	1
37	god	1
37	to	5
37	that	3
37	the	11
37	our	7
37	or	3
37	men	2
37	up	2
37	even	2
37	be	2
37	a	4
37	set	1
37	art	2
37	yet	1
37	strong	1
37	are	6
37	hearts	1
37	thy	7
37	in	6
37	they	2
37	gone	2
37	ye	1
37	fear	1
37	arabic1digit	1
37	we	4
37	their	1
37	light	1
37	days	3
37	is	5
37	hast	1
37	cut	1
37	were	2
37	unto	2
37	for	3
37	thousand	1
37	down	1
37	away	3
37	thou	6
37	children	1
37	he	1
37	may	1
37	years	4
37	tale	1
37	them	1
37	night	1
37	thee	2
37	last	1
37	return	1
37	told	1
37	come	1
37	it	5
37	earth	1
37	ought	1
37	evening	1
37	sleep	1
37	though	1
37	like	1
37	before	2
37	power	1
37	age	1
37	when	2
37	#sequentialcaps	2
37	#lines	29
37	#maxinitial	7
37	#caplines	12
37	#periods	12
37	#stdev	1350
37	#maxpair	11
37	#commas	19
37	#endwpunct	14
37	#questionmarks	2
37	#textlines	29
37	wordNotInVocab	40
38	truth	1
38	us	5
38	but	1
38	have	1
38	thine	2
38	time	1
38	then	1
38	soon	1
38	life	1
38	majesty	1
38	deep	1
38	arabic2digit	2
38	all	2
38	sing	1
38	morning	1
38	very	1
38	with	1
38	so	1
38	man	1
38	do	1
38	their	1
38	fool	1
38	o	5
38	and	10
38	glorious	2
38	will	1
38	ever	1
38	hast	2
38	green	1
38	through	1
38	as	1
38	an	1
38	work	3
38	give	1
38	thing	1
38	years	1
38	days	1
38	that	2
38	a	2
38	again	1
38	god	1
38	praise	1
38	name	1
38	the	14
38	our	4
38	this	1
38	lord	6
38	be	3
38	shall	3
38	glory	1
38	art	1
38	mercy	1
38	now	1
38	are	3
38	made	1
38	thy	11
38	me	1
38	in	3
38	i	1
38	we	2
38	is	1
38	not	2
38	tell	1
38	unto	2
38	for	6
38	doth	2
38	#allcapswords	7
38	thou	5
38	children	1
38	destroyed	1
38	high	2
38	early	1
38	thoughts	1
38	upon	2
38	of	7
38	night	1
38	works	2
38	show	1
38	to	3
38	good	1
38	it	2
38	they	1
38	understand	1
38	hands	2
38	after	1
38	most	2
38	how	1
38	when	2
38	#sequentialcaps	2
38	#lines	28
38	#maxinitial	7
38	#caplines	15
38	#periods	10
38	#stdev	1720
38	#maxpair	7
38	#startwrubric	1
38	#commas	18
38	#endwpunct	13
38	#exclamationpoints	2
38	#textlines	28
38	#endwnumeral	2
38	wordNotInVocab	35
39	holy	1
39	bring	1
39	strength	1
39	those	1
39	life	2
39	arabic2digit	1
39	there	1
39	all	6
39	things	1
39	morning	1
39	sin	1
39	with	2
39	house	2
39	may	1
39	forth	1
39	arabic3digit	1
39	and	14
39	my	3
39	o	2
39	great	1
39	good	1
39	as	1
39	thine	1
39	in	5
39	who	4
39	a	2
39	within	1
39	judgement	1
39	#allcapswords	3
39	god	1
39	praise	3
39	name	1
39	placename	2
39	the	14
39	our	1
39	him	1
39	personalname	1
39	lord	6
39	even	1
39	be	2
39	shall	6
39	mercy	2
39	are	2
39	tree	1
39	me	1
39	de	1
39	they	2
39	their	1
39	youth	1
39	such	1
39	j	1
39	is	4
39	not	1
39	unto	2
39	for	1
39	way	1
39	children	1
39	he	1
39	long	1
39	thy	4
39	full	2
39	of	9
39	thee	1
39	show	1
39	how	1
39	that	3
39	works	1
39	no	1
39	from	1
39	soul	2
39	his	4
39	like	3
39	true	1
39	age	1
39	#sequentialcaps	5
39	#lines	28
39	#maxinitial	6
39	#caplines	13
39	#periods	13
39	#stdev	1591
39	#maxpair	10
39	#commas	11
39	#endwpunct	17
39	#textlines	28
39	#endwnumeral	1
39	wordNotInVocab	39
40	arabic1digit	2
40	but	3
40	the	15
40	those	3
40	praise	2
40	voice	1
40	high	1
40	upon	4
40	words	1
40	arabic2digit	1
40	them	1
40	all	2
40	throne	1
40	hath	3
40	with	1
40	so	3
40	man	1
40	do	2
40	heaven	2
40	wind	1
40	will	1
40	according	1
40	ever	3
40	think	1
40	great	1
40	nor	1
40	as	7
40	know	1
40	always	1
40	neither	1
40	far	2
40	shall	1
40	and	7
40	not	2
40	that	1
40	his	14
40	us	3
40	our	4
40	strength	1
40	him	3
40	lord	5
40	even	2
40	be	1
40	east	1
40	a	2
40	above	1
40	mercy	1
40	o	1
40	more	1
40	are	2
40	in	2
40	earth	1
40	gone	1
40	ye	5
40	fear	3
40	we	1
40	such	1
40	days	1
40	west	1
40	is	4
40	pleasure	1
40	over	2
40	father	1
40	field	1
40	unto	1
40	for	5
40	#allcapswords	2
40	keep	1
40	children	3
40	he	7
40	of	6
40	to	2
40	place	1
40	who	6
40	it	3
40	no	1
40	from	2
40	like	1
40	after	1
40	flower	1
40	kingdom	1
40	own	1
40	#sequentialcaps	2
40	#lines	30
40	#maxinitial	6
40	#caplines	13
40	#periods	13
40	#stdev	1353
40	#maxpair	8
40	#startwrubric	1
40	#commas	12
40	#endwpunct	13
40	#textlines	29
40	#endwnumeral	2
40	wordNotInVocab	37
41	place	1
41	their	1
41	again	1
41	never	1
41	all	2
41	winds	1
41	upon	1
41	majesty	1
41	deep	1
41	arabic2digit	1
41	them	2
41	should	1
41	into	1
41	o	4
41	wind	1
41	neither	1
41	with	5
41	arabic3digit	1
41	stood	1
41	my	3
41	beneath	1
41	be	1
41	hast	1
41	to	2
41	turn	1
41	as	2
41	and	4
41	clouds	1
41	who	2
41	shall	1
41	#allcapswords	5
41	god	1
41	praise	3
41	that	1
41	his	6
41	the	24
41	set	1
41	lord	4
41	even	1
41	a	3
41	above	1
41	art	2
41	unto	1
41	which	3
41	for	1
41	thy	2
41	works	1
41	in	2
41	voice	1
41	ye	1
41	light	1
41	run	1
41	earth	2
41	not	1
41	were	1
41	wings	1
41	places	1
41	down	1
41	away	1
41	thou	8
41	he	1
41	out	2
41	honour	1
41	of	6
41	laid	1
41	glorious	1
41	it	3
41	they	4
41	from	1
41	cover	1
41	soul	2
41	like	1
41	at	2
41	#sequentialcaps	4
41	#lines	27
41	#maxinitial	10
41	#caplines	12
41	#periods	12
41	#stdev	1748
41	#maxpair	10
41	#commas	15
41	#endwpunct	16
41	#textlines	27
41	#endwnumeral	1
41	wordNotInVocab	45
42	bring	1
42	have	1
42	also	1
42	get	1
42	are	3
42	high	1
42	cattle	1
42	certain	1
42	arabic2digit	1
42	them	3
42	all	2
42	sing	1
42	make	2
42	service	1
42	green	1
42	hath	1
42	with	1
42	man	3
42	among	1
42	may	1
42	forth	2
42	wild	2
42	going	1
42	work	1
42	it	1
42	a	3
42	and	13
42	god	1
42	to	4
42	seek	1
42	his	3
42	placename	1
42	the	28
42	air	1
42	him	1
42	together	1
42	even	1
42	shall	1
42	heart	2
42	men	1
42	thy	2
42	works	1
42	in	1
42	earth	2
42	wine	1
42	their	6
42	down	2
42	is	2
42	field	1
42	for	6
42	away	1
42	#allcapswords	1
42	thou	2
42	he	4
42	out	1
42	moon	1
42	then	1
42	evening	1
42	of	8
42	night	1
42	lay	1
42	sun	2
42	that	2
42	they	1
42	from	2
42	which	1
42	after	1
42	until	1
42	do	2
42	darkness	1
42	#sequentialcaps	4
42	#lines	29
42	#maxinitial	11
42	#caplines	15
42	#periods	12
42	#stdev	1469
42	#maxpair	12
42	#startwrubric	1
42	#commas	13
42	#endwpunct	13
42	#textlines	29
42	#endwnumeral	1
42	wordNotInVocab	61
43	arabic1digit	3
43	due	1
43	breath	1
43	sea	1
43	also	1
43	come	1
43	i	3
43	these	1
43	upon	1
43	majesty	1
43	joy	1
43	arabic2digit	1
43	there	2
43	them	3
43	all	2
43	while	1
43	turned	1
43	forth	1
43	with	1
43	so	2
43	end	1
43	their	3
43	sing	1
43	glorious	1
43	will	2
43	have	1
43	ever	1
43	hast	2
43	great	2
43	die	1
43	good	1
43	as	3
43	an	1
43	spirit	1
43	and	9
43	hand	1
43	that	1
43	soul	1
43	again	1
43	#allcapswords	4
43	god	1
43	his	2
43	wide	1
43	the	17
43	words	1
43	him	1
43	lord	7
43	give	1
43	shall	6
43	live	1
43	made	2
43	are	5
43	thy	5
43	works	2
43	in	4
43	earth	4
43	he	2
43	face	2
43	is	2
43	unto	1
43	for	2
43	on	1
43	away	1
43	praise	3
43	thou	10
43	out	1
43	long	1
43	please	1
43	full	1
43	of	4
43	thee	1
43	to	3
43	my	5
43	it	3
43	small	1
43	they	7
43	take	1
43	which	1
43	being	1
43	be	2
43	both	1
43	go	1
43	how	1
43	#sequentialcaps	6
43	#lines	28
43	#maxinitial	12
43	#caplines	10
43	#periods	14
43	#stdev	1441
43	#maxpair	13
43	#commas	18
43	#endwpunct	13
43	#exclamationpoints	1
43	#textlines	28
43	wordNotInVocab	38
44	arabic1digit	2
44	through	1
44	ever	1
44	brought	1
44	would	1
44	there	1
44	was	1
44	bound	1
44	high	1
44	darkness	1
44	arabic2digit	1
44	east	1
44	them	7
44	forth	1
44	let	1
44	hath	1
44	with	1
44	city	2
44	so	2
44	therefore	1
44	their	6
44	o	1
44	arabic3digit	1
44	south	1
44	against	1
44	as	1
44	an	1
44	and	15
44	hand	1
44	that	3
44	sit	1
44	way	2
44	praise	1
44	his	2
44	the	23
44	none	1
44	enemy	1
44	words	1
44	help	1
44	fell	1
44	lord	6
44	give	2
44	a	1
44	might	1
44	by	1
44	because	1
44	mercy	1
44	heart	1
44	men	2
44	death	1
44	whom	1
44	in	9
44	they	6
44	cried	2
44	such	1
44	west	1
44	is	1
44	unto	3
44	for	6
44	down	2
44	#allcapswords	2
44	children	1
44	he	7
44	out	2
44	most	1
44	of	7
44	to	3
44	led	1
44	found	1
44	no	1
44	from	6
44	soul	3
44	right	1
44	being	1
44	go	1
44	north	1
44	#sequentialcaps	2
44	#lines	29
44	#maxinitial	6
44	#caplines	14
44	#periods	10
44	#stdev	1404
44	#maxpair	7
44	#startwrubric	1
44	#commas	18
44	#endwpunct	19
44	#exclamationpoints	1
44	#textlines	29
44	#endwnumeral	3
44	wordNotInVocab	41
45	brought	1
45	waves	1
45	word	2
45	would	3
45	these	1
45	deep	1
45	darkness	1
45	arabic2digit	1
45	them	3
45	all	1
45	o	2
45	manner	1
45	hath	1
45	with	1
45	so	1
45	therefore	2
45	their	8
45	heaven	1
45	sea	1
45	wind	1
45	great	1
45	and	14
45	who	1
45	#allcapswords	3
45	to	2
45	his	6
45	the	19
45	him	1
45	up	2
45	lord	4
45	even	1
45	sent	1
45	a	1
45	because	1
45	which	1
45	are	3
45	death	2
45	works	2
45	in	6
45	they	6
45	cried	1
45	door	1
45	business	1
45	tell	1
45	were	1
45	unto	2
45	for	10
45	down	2
45	men	6
45	children	2
45	he	6
45	out	4
45	see	1
45	of	12
45	praise	2
45	that	5
45	at	2
45	from	1
45	soul	1
45	go	1
45	carried	1
45	#sequentialcaps	4
45	#lines	28
45	#maxinitial	9
45	#caplines	13
45	#periods	9
45	#stdev	1261
45	#maxpair	12
45	#commas	14
45	#endwpunct	13
45	#exclamationpoints	3
45	#textlines	28
45	wordNotInVocab	42
46	arabic1digit	1
46	low	1
46	waves	1
46	brought	1
46	also	1
46	would	3
46	ground	2
46	to	6
46	where	1
46	arabic2digit	1
46	there	1
46	of	7
46	into	2
46	f	1
46	city	1
46	so	3
46	therefore	1
46	their	5
46	congregation	1
46	and	12
46	who	1
46	a	5
46	again	2
46	still	1
46	his	1
46	the	16
46	those	1
46	him	2
46	lord	2
46	be	2
46	or	1
46	because	2
46	through	2
46	are	3
46	water	2
46	in	4
46	they	9
46	land	2
46	any	1
46	may	2
46	rest	1
46	not	1
46	unto	2
46	for	4
46	away	1
46	#allcapswords	2
46	cattle	1
46	men	2
46	children	1
46	he	9
46	out	1
46	then	1
46	them	5
46	people	1
46	praise	2
46	that	6
46	at	1
46	soul	1
46	when	1
46	#sequentialcaps	3
46	#lines	29
46	#maxinitial	8
46	#caplines	12
46	#periods	10
46	#stdev	1354
46	#maxpair	10
46	#startwrubric	1
46	#commas	13
46	#endwpunct	15
46	#exclamationpoints	2
46	#textlines	29
46	#endwnumeral	1
46	wordNotInVocab	57
47	through	1
47	not	1
47	any	1
47	never	1
47	shall	7
47	upon	1
47	darkness	1
47	arabic2digit	1
47	there	1
47	of	6
47	all	1
47	given	1
47	let	1
47	had	1
47	hath	2
47	with	2
47	man	2
47	house	1
47	lord	3
47	arabic3digit	1
47	will	4
47	ever	2
47	great	1
47	wise	1
47	poor	2
47	and	14
47	things	1
47	in	6
47	who	2
47	way	1
47	to	2
47	his	8
47	the	16
47	him	1
47	this	1
47	blessed	2
47	up	1
47	be	9
47	a	2
47	guide	1
47	heart	1
47	earth	1
47	delight	1
47	these	1
47	light	1
47	is	4
47	mighty	1
47	unto	1
47	for	3
47	yet	1
47	#allcapswords	2
47	he	6
47	out	2
47	them	2
47	good	1
47	understand	1
47	honour	1
47	though	1
47	like	1
47	#sequentialcaps	3
47	#lines	28
47	#maxinitial	9
47	#caplines	13
47	#periods	13
47	#stdev	1406
47	#maxpair	9
47	#commas	9
47	#endwpunct	15
47	#textlines	28
47	#endwnumeral	1
47	wordNotInVocab	58
48	mine	1
48	what	1
48	but	1
48	that	1
48	are	1
48	done	1
48	grave	1
48	upon	4
48	sight	1
48	call	2
48	dear	1
48	arabic2digit	1
48	of	10
48	all	3
48	tears	1
48	false	1
48	o	2
48	hath	3
48	with	1
48	therefore	2
48	hold	1
48	arabic3digit	1
48	people	1
48	heard	1
48	my	7
48	will	5
48	thy	1
48	living	1
48	hast	1
48	prayer	1
48	turn	1
48	as	2
48	round	1
48	is	3
48	his	3
48	rest	1
48	i	15
48	again	1
48	and	7
48	god	1
48	name	2
48	the	23
48	our	1
48	live	1
48	him	1
48	lord	10
48	shall	1
48	was	2
48	because	1
48	look	1
48	eyes	1
48	men	1
48	death	3
48	me	5
48	in	5
48	voice	1
48	now	1
48	ear	1
48	unto	4
48	for	3
48	land	1
48	#allcapswords	18
48	thou	1
48	he	4
48	out	1
48	long	1
48	then	2
48	love	1
48	thee	2
48	called	1
48	found	1
48	from	3
48	about	1
48	soul	3
48	right	1
48	said	1
48	feet	1
48	before	1
48	speak	1
48	#sequentialcaps	3
48	#lines	29
48	#maxinitial	7
48	#caplines	16
48	#startwname	1
48	#periods	14
48	#stdev	1679
48	#maxpair	8
48	#startwrubric	1
48	#commas	11
48	#endwpunct	16
48	#questionmarks	1
48	#textlines	29
48	#endwnumeral	2
48	wordNotInVocab	36
49	arabic1digit	1
49	us	1
49	according	1
49	all	1
49	upon	1
49	to	4
49	sight	1
49	call	1
49	arabic2digit	1
49	there	1
49	love	1
49	son	1
49	into	1
49	o	3
49	let	1
49	wish	1
49	city	1
49	house	4
49	lord	9
49	arabic3digit	1
49	my	3
49	will	5
49	said	1
49	give	1
49	hast	1
49	behold	1
49	stand	1
49	as	1
49	and	4
49	thine	1
49	his	1
49	i	7
49	a	1
49	within	2
49	judgement	1
49	#allcapswords	11
49	god	1
49	praise	1
49	name	2
49	placename	5
49	the	24
49	our	2
49	am	2
49	up	1
49	even	3
49	shall	2
49	was	1
49	because	1
49	me	1
49	in	6
49	they	2
49	do	1
49	law	1
49	is	3
49	peace	2
49	unto	3
49	for	4
49	personalname	1
49	seek	1
49	throne	1
49	thou	1
49	pray	1
49	thy	5
49	of	16
49	thee	5
49	people	1
49	good	1
49	who	1
49	that	1
49	servant	2
49	at	1
49	itself	1
49	feet	1
49	be	1
49	go	2
49	when	1
49	#sequentialcaps	3
49	#lines	27
49	#maxinitial	5
49	#caplines	14
49	#startwname	1
49	#periods	15
49	#stdev	1729
49	#maxpair	6
49	#commas	20
49	#endwpunct	15
49	#textlines	27
49	#endwnumeral	1
49	wordNotInVocab	31
50	arabic1digit	3
50	mine	1
50	word	1
50	but	2
50	also	2
50	grave	1
50	too	1
50	upon	1
50	well	1
50	darkness	4
50	arabic2digit	1
50	there	4
50	all	1
50	into	1
50	light	2
50	morning	1
50	known	1
50	with	1
50	up	1
50	heaven	1
50	arabic3digit	1
50	sea	1
50	be	1
50	hast	1
50	as	2
50	knowledge	1
50	tongue	1
50	give	1
50	spirit	1
50	cannot	1
50	thine	1
50	hand	3
50	i	8
50	shall	6
50	and	12
50	to	2
50	day	1
50	that	1
50	works	1
50	excellent	1
50	the	11
50	no	1
50	#allcapswords	9
50	am	1
50	take	1
50	lord	2
50	even	2
50	a	1
50	or	1
50	parts	1
50	art	3
50	unto	2
50	made	1
50	are	2
50	behind	1
50	thy	5
50	me	9
50	in	2
50	dost	1
50	bed	1
50	off	1
50	such	1
50	j	1
50	is	4
50	hold	1
50	not	1
50	cover	1
50	wings	1
50	for	3
50	down	1
50	thou	8
50	clear	1
50	out	1
50	thoughts	1
50	then	1
50	of	2
50	night	2
50	thee	3
50	my	7
50	it	2
50	from	2
50	will	1
50	about	3
50	soul	1
50	right	2
50	if	4
50	both	1
50	go	2
50	before	1
50	say	1
50	lay	1
50	#sequentialcaps	2
50	#lines	29
50	#maxinitial	4
50	#caplines	12
50	#periods	12
50	#stdev	1381
50	#maxpair	6
50	#startwrubric	1
50	#commas	18
50	#endwpunct	15
50	#questionmarks	2
50	#textlines	29
50	#endwnumeral	2
50	wordNotInVocab	34
51	written	1
51	arabic1digit	1
51	cried	1
51	no	1
51	prove	1
51	have	1
51	also	1
51	would	1
51	ground	1
51	saw	1
51	all	1
51	upon	2
51	well	1
51	him	2
51	arabic2digit	1
51	there	3
51	them	4
51	should	1
51	count	1
51	o	2
51	make	1
51	book	1
51	with	1
51	more	1
51	lord	2
51	arabic3digit	1
51	and	7
51	my	12
51	beneath	1
51	thee	1
51	great	1
51	laid	1
51	as	1
51	spirit	1
51	know	1
51	still	1
51	thine	1
51	hand	1
51	i	10
51	way	3
51	god	2
51	day	2
51	the	8
51	none	1
51	dear	1
51	am	1
51	who	1
51	up	1
51	even	1
51	be	1
51	a	1
51	was	4
51	by	1
51	look	1
51	made	1
51	heart	1
51	man	1
51	eyes	1
51	are	2
51	thy	2
51	me	7
51	in	7
51	earth	1
51	rise	1
51	any	1
51	j	1
51	looked	1
51	is	1
51	than	1
51	not	1
51	were	3
51	unto	3
51	for	1
51	yet	2
51	#allcapswords	13
51	seek	1
51	thou	1
51	out	1
51	see	1
51	thoughts	2
51	did	2
51	of	5
51	before	1
51	voice	1
51	number	1
51	they	2
51	from	1
51	which	1
51	right	1
51	being	1
51	if	2
51	how	2
51	when	4
51	#sequentialcaps	2
51	#lines	26
51	#maxinitial	5
51	#caplines	12
51	#periods	11
51	#stdev	1552
51	#maxpair	6
51	#commas	13
51	#endwpunct	14
51	#exclamationpoints	1
51	#textlines	26
51	#endwnumeral	1
51	wordNotInVocab	31
52	arabic1digit	4
52	brought	1
52	bring	1
52	low	1
52	ground	1
52	our	3
52	arabic2digit	1
52	of	4
52	all	1
52	sing	3
52	had	1
52	with	2
52	so	1
52	man	1
52	very	1
52	may	1
52	lord	6
52	o	1
52	arabic3digit	1
52	them	1
52	said	1
52	living	1
52	hast	1
52	great	2
52	who	1
52	thing	2
52	number	1
52	i	5
52	a	2
52	and	10
52	god	2
52	praise	1
52	that	1
52	name	1
52	placename	2
52	the	14
52	#allcapswords	7
52	am	1
52	up	3
52	give	1
52	shall	1
52	by	1
52	art	1
52	heart	1
52	are	2
52	thy	1
52	me	3
52	in	2
52	they	1
52	cried	1
52	names	1
52	their	2
52	he	2
52	than	1
52	unto	6
52	for	4
52	doth	1
52	land	1
52	together	1
52	down	1
52	is	5
52	thou	2
52	place	1
52	out	1
52	those	1
52	upon	1
52	thee	1
52	to	4
52	good	1
52	my	6
52	it	2
52	no	2
52	from	1
52	about	1
52	soul	2
52	stars	1
52	his	2
52	be	1
52	when	1
52	power	1
52	hope	1
52	#sequentialcaps	2
52	#lines	28
52	#maxinitial	4
52	#caplines	12
52	#periods	13
52	#stdev	1735
52	#maxpair	8
52	#startwrubric	1
52	#commas	10
52	#endwpunct	14
52	#textlines	27
52	#endwnumeral	3
52	wordNotInVocab	40
53	arabic1digit	2
53	strength	1
53	but	1
53	fear	1
53	not	1
53	horse	1
53	upon	2
53	clouds	1
53	them	1
53	made	1
53	forth	2
53	wind	1
53	hath	5
53	with	4
53	before	1
53	man	1
53	their	1
53	heaven	1
53	word	3
53	laws	1
53	nation	1
53	stand	1
53	and	10
53	who	5
53	within	1
53	#allcapswords	2
53	god	1
53	praise	3
53	placename	2
53	the	18
53	no	1
53	those	1
53	him	1
53	blessed	1
53	lord	3
53	so	1
53	young	1
53	mercy	1
53	force	1
53	cold	1
53	thy	4
53	personalname	1
53	in	5
53	earth	2
53	ye	1
53	delight	1
53	knowledge	1
53	is	2
53	pleasure	1
53	peace	1
53	unto	3
53	for	2
53	cattle	1
53	children	1
53	he	12
53	out	1
53	of	5
53	can	1
53	thee	2
53	to	1
53	neither	2
53	his	10
53	like	3
53	any	1
53	put	1
53	m	1
53	#sequentialcaps	7
53	#lines	28
53	#maxinitial	10
53	#caplines	15
53	#startwname	1
53	#periods	13
53	#stdev	1608
53	#maxpair	10
53	#startwrubric	1
53	#commas	8
53	#endwpunct	15
53	#questionmarks	1
53	#textlines	28
53	#endwnumeral	1
53	wordNotInVocab	47
54	word	1
54	arabic2digit	1
54	fire	1
54	world	1
54	upon	1
54	of	9
54	all	10
54	given	1
54	wind	1
54	let	1
54	alone	1
54	hath	2
54	princes	1
54	heaven	1
54	arabic3digit	1
54	ever	2
54	and	19
54	things	1
54	young	1
54	shall	3
54	skies	1
54	#allcapswords	1
54	praise	13
54	his	7
54	placename	1
54	excellent	1
54	the	16
54	him	8
54	lord	6
54	even	2
54	be	1
54	a	1
54	above	1
54	made	1
54	men	2
54	in	1
54	they	1
54	ye	8
54	propernoun	1
54	light	1
54	law	1
54	is	2
54	earth	3
54	not	1
54	were	1
54	for	3
54	old	1
54	cattle	1
54	children	2
54	he	4
54	sun	1
54	moon	1
54	them	3
54	people	3
54	that	1
54	from	1
54	glory	1
54	which	1
54	stars	1
54	name	3
54	#sequentialcaps	5
54	#lines	28
54	#maxinitial	8
54	#caplines	15
54	#startwname	1
54	#periods	11
54	#stdev	1808
54	#maxpair	8
54	#startwrubric	1
54	#commas	19
54	#endwpunct	15
54	#textlines	28
54	#endwnumeral	2
54	wordNotInVocab	35
55	holy	1
55	the	12
55	our	1
55	seen	1
55	lord	5
55	truth	1
55	have	1
55	also	1
55	a	2
55	world	1
55	new	1
55	mercy	1
55	done	1
55	song	1
55	evening	1
55	sight	1
55	placename	1
55	ye	1
55	arabic2digit	1
55	all	2
55	service	1
55	sing	3
55	j	1
55	king	1
55	introductory	1
55	hath	4
55	with	4
55	before	1
55	unto	2
55	for	1
55	house	1
55	o	2
55	he	4
55	of	4
55	give	1
55	show	2
55	praise	1
55	in	1
55	upon	1
55	and	4
55	hand	1
55	himself	1
55	right	1
55	#allcapswords	6
55	god	1
55	to	2
55	his	4
55	own	1
55	#sequentialcaps	2
55	#lines	19
55	#maxinitial	4
55	#quotations	1
55	#caplines	10
55	#periods	11
55	#stdev	1636
55	#maxpair	5
55	#commas	8
55	#endwpunct	10
55	#textlines	19
55	#endwnumeral	1
55	wordNotInVocab	32
56	arabic1digit	3
56	holy	1
56	sea	1
56	world	2
56	voice	1
56	life	1
56	arabic2digit	1
56	e	2
56	of	5
56	all	8
56	service	1
56	o	4
56	make	1
56	let	3
56	king	1
56	sin	1
56	with	2
56	word	1
56	do	1
56	their	1
56	jesus	1
56	my	2
56	speak	1
56	through	1
56	hands	1
56	round	1
56	thine	1
56	who	2
56	shall	1
56	within	1
56	and	11
56	god	1
56	praise	5
56	his	9
56	the	14
56	strength	1
56	lord	6
56	be	1
56	a	1
56	mercy	1
56	now	1
56	only	1
56	works	1
56	thy	2
56	me	1
56	in	2
56	they	1
56	ye	6
56	judge	2
56	j	1
56	is	1
56	pleasure	1
56	unto	2
56	for	2
56	together	1
56	#allcapswords	6
56	he	3
56	honour	1
56	evening	1
56	thee	1
56	arabic3digit	1
56	people	1
56	to	1
56	good	1
56	that	6
56	earth	1
56	from	1
56	glory	1
56	soul	2
56	before	1
56	#sequentialcaps	5
56	#lines	29
56	#maxinitial	4
56	#caplines	13
56	#periods	13
56	#stdev	1707
56	#maxpair	6
56	#commas	23
56	#endwpunct	13
56	#textlines	29
56	#endwnumeral	3
56	wordNotInVocab	39
57	arabic1digit	2
57	forth	1
57	the	16
57	bring	1
57	lord	1
57	jesus	2
57	be	6
57	fear	1
57	judge	1
57	shall	4
57	let	5
57	then	1
57	now	2
57	for	3
57	people	4
57	thy	2
57	evening	1
57	all	3
57	him	1
57	arabic2digit	2
57	e	1
57	shalt	1
57	light	1
57	service	1
57	j	1
57	us	6
57	known	1
57	only	2
57	o	2
57	unto	3
57	places	1
57	world	1
57	among	1
57	may	1
57	#allcapswords	4
57	thou	2
57	even	1
57	our	1
57	my	1
57	honour	2
57	ever	1
57	upon	2
57	eternal	1
57	of	3
57	through	2
57	thee	4
57	show	1
57	king	2
57	give	1
57	that	1
57	and	10
57	earth	1
57	glory	2
57	soul	1
57	way	1
57	god	8
57	her	1
57	praise	2
57	his	3
57	own	1
57	#sequentialcaps	2
57	#lines	29
57	#maxinitial	6
57	#quotations	2
57	#caplines	13
57	#periods	13
57	#stdev	1507
57	#maxpair	8
57	#commas	26
57	#endwpunct	16
57	#textlines	28
57	#endwnumeral	1
57	wordNotInVocab	33
58	arabic1digit	2
58	holy	1
58	us	2
58	but	4
58	also	1
58	upon	2
58	them	1
58	all	3
58	night	1
58	forth	1
58	thee	1
58	so	1
58	man	1
58	do	1
58	o	3
58	romannumeral	1
58	my	6
58	ever	1
58	hast	1
58	prayer	1
58	great	1
58	away	1
58	as	2
58	is	1
58	comes	1
58	i	3
58	far	1
58	and	8
58	god	3
58	ocean	1
58	not	3
58	his	3
58	placename	1
58	the	14
58	our	1
58	words	1
58	him	1
58	from	3
58	lord	5
58	a	1
58	art	1
58	look	1
58	mercy	1
58	guide	1
58	are	1
58	works	1
58	in	3
58	earth	1
58	ye	1
58	fear	1
58	we	1
58	days	1
58	beautiful	1
58	rest	1
58	field	1
58	for	1
58	thus	1
58	why	1
58	#allcapswords	9
58	making	1
58	thou	4
58	he	1
58	sun	1
58	long	1
58	full	1
58	of	11
58	worship	1
58	me	2
58	praise	2
58	speak	1
58	good	1
58	that	1
58	no	1
58	take	1
58	soul	2
58	flower	1
58	when	1
58	#sequentialcaps	2
58	#lines	23
58	#maxinitial	4
58	#caplines	8
58	#periods	13
58	#stdev	1888
58	#maxpair	5
58	#startwrubric	1
58	#commas	18
58	#endwpunct	14
58	#questionmarks	1
58	#textlines	23
58	wordNotInVocab	30
59	arabic1digit	2
59	us	3
59	same	1
59	voice	1
59	are	1
59	himself	1
59	call	5
59	arabic2digit	1
59	all	2
59	forth	1
59	its	1
59	hath	1
59	with	1
59	so	1
59	lord	13
59	o	6
59	romannumeral	3
59	my	6
59	will	8
59	give	1
59	going	1
59	prayer	2
59	behold	1
59	i'll	1
59	and	7
59	things	1
59	thine	1
59	i	5
59	#allcapswords	14
59	god	5
59	praise	4
59	his	3
59	the	17
59	songs	1
59	our	2
59	this	1
59	blessed	1
59	present	1
59	up	1
59	be	3
59	to	5
59	above	2
59	guide	1
59	heart	2
59	thank	2
59	thy	1
59	me	2
59	in	2
59	earth	2
59	ye	1
59	hear	1
59	seems	1
59	tis	1
59	is	4
59	ear	2
59	over	1
59	bright	1
59	heaven	1
59	unto	3
59	for	6
59	down	2
59	thou	1
59	sun	1
59	high	2
59	then	1
59	yet	1
59	of	7
59	thee	6
59	show	1
59	who	2
59	that	2
59	from	2
59	glory	1
59	name	4
59	daily	3
59	like	1
59	when	1
59	on	4
59	#sequentialcaps	3
59	#lines	29
59	#maxinitial	3
59	#caplines	16
59	#periods	12
59	#stdev	1767
59	#maxpair	5
59	#startwrubric	2
59	#commas	34
59	#endwpunct	18
59	#textlines	29
59	wordNotInVocab	34
60	sons	1
60	holy	1
60	due	1
60	jesus	1
60	propernoun	1
60	voice	3
60	high	1
60	darkness	1
60	arabic2digit	1
60	of	4
60	home	1
60	sing	1
60	king	1
60	hath	2
60	with	1
60	more	1
60	court	1
60	lord	10
60	sea	1
60	glorious	2
60	ever	1
60	christ	3
60	work	1
60	and	5
60	that	3
60	a	2
60	skies	1
60	#allcapswords	1
60	god	1
60	to	2
60	day	1
60	name	1
60	above	1
60	the	27
60	him	3
60	vain	2
60	up	1
60	give	1
60	hell	1
60	your	1
60	men	1
60	water	1
60	done	1
60	in	2
60	earth	2
60	rise	1
60	ye	1
60	welcome	1
60	is	8
60	over	1
60	father	1
60	mighty	1
60	unto	1
60	for	1
60	he	1
60	honour	1
60	death	1
60	love	1
60	worship	2
60	it	3
60	joys	1
60	no	1
60	his	2
60	#sequentialcaps	3
60	#lines	28
60	#maxinitial	4
60	#caplines	23
60	#startwname	1
60	#periods	12
60	#stdev	1207
60	#maxpair	6
60	#startwrubric	1
60	#commas	14
60	#endwpunct	22
60	#textlines	28
60	#endwnumeral	1
60	wordNotInVocab	44
61	prince	1
61	the	16
61	us	2
61	thine	1
61	daughter	2
61	to	2
61	where	1
61	arabic2digit	2
61	son	2
61	given	1
61	o	3
61	let	1
61	king	2
61	so	1
61	name	2
61	house	1
61	may	1
61	child	1
61	my	5
61	will	1
61	give	2
61	living	1
61	born	1
61	she	1
61	behold	1
61	as	1
61	an	1
61	and	5
61	at	1
61	young	1
61	a	3
61	#allcapswords	7
61	god	4
61	her	1
61	father	1
61	day	1
61	his	3
61	placename	1
61	strength	1
61	arabic1digit	1
61	men	1
61	blessed	1
61	lord	6
61	even	1
61	shall	3
61	are	1
61	thy	2
61	me	1
61	in	3
61	earth	1
61	heart	1
61	is	3
61	peace	3
61	lay	1
61	unto	4
61	for	3
61	personalname	1
61	mighty	1
61	thou	1
61	he	1
61	out	1
61	of	9
61	thee	1
61	people	2
61	called	1
61	good	1
61	that	1
61	glory	1
61	soul	1
61	towards	1
61	be	1
61	how	1
61	on	1
61	#sequentialcaps	2
61	#lines	26
61	#maxinitial	4
61	#caplines	13
61	#startwname	3
61	#periods	16
61	#stdev	1977
61	#maxpair	5
61	#startwrubric	3
61	#commas	22
61	#endwpunct	10
61	#exclamationpoints	1
61	#textlines	25
61	#endwnumeral	1
61	wordNotInVocab	40
62	arabic1digit	3
62	our	1
62	the	11
62	me	1
62	tell	1
62	life	1
62	upon	1
62	arabic2digit	2
62	them	2
62	hear	1
62	o	3
62	morning	1
62	had	1
62	from	2
62	hath	1
62	with	1
62	house	2
62	sing	1
62	and	7
62	my	2
62	will	3
62	give	2
62	one	1
62	hast	1
62	prayer	1
62	behold	1
62	through	1
62	grace	1
62	early	1
62	thing	2
62	always	1
62	thine	1
62	who	3
62	a	4
62	#allcapswords	4
62	god	7
62	to	5
62	day	1
62	his	1
62	strength	3
62	blessed	3
62	lord	6
62	be	2
62	truth	1
62	shall	1
62	live	1
62	look	1
62	made	1
62	heart	1
62	men	1
62	thy	7
62	in	10
62	they	4
62	most	1
62	light	1
62	face	1
62	u	1
62	rather	1
62	is	5
62	than	2
62	unto	2
62	for	4
62	personalname	1
62	thousand	1
62	better	1
62	are	4
62	thou	1
62	he	1
62	defence	1
62	those	1
62	high	1
62	of	10
62	night	1
62	thee	3
62	good	2
62	it	1
62	no	1
62	glory	1
62	till	1
62	name	1
62	go	1
62	before	1
62	whose	2
62	#sequentialcaps	3
62	#lines	28
62	#maxinitial	4
62	#caplines	15
62	#periods	15
62	#stdev	1537
62	#maxpair	6
62	#startwrubric	1
62	#commas	13
62	#endwpunct	16
62	#textlines	28
62	#endwnumeral	3
62	wordNotInVocab	37
63	bring	1
63	tree	1
63	strength	1
63	but	1
63	understand	1
63	that	2
63	high	1
63	deep	1
63	r	2
63	arabic2digit	1
63	there	1
63	all	2
63	is	2
63	forth	1
63	green	1
63	very	1
63	man	1
63	house	2
63	their	1
63	fool	1
63	o	2
63	show	1
63	glorious	1
63	will	1
63	ever	1
63	thine	2
63	as	2
63	an	1
63	true	1
63	and	8
63	i	4
63	shall	8
63	god	1
63	praise	1
63	placename	1
63	the	12
63	our	1
63	him	1
63	this	1
63	lord	5
63	even	1
63	be	3
63	a	3
63	art	1
63	s	1
63	are	4
63	thy	3
63	works	2
63	in	6
63	they	3
63	may	1
63	such	1
63	not	2
63	for	4
63	doth	2
63	#allcapswords	5
63	thou	1
63	most	1
63	thoughts	1
63	then	1
63	full	1
63	of	7
63	how	2
63	my	1
63	it	2
63	no	1
63	hands	1
63	like	2
63	destroyed	2
63	do	1
63	age	1
63	when	2
63	#sequentialcaps	3
63	#lines	27
63	#maxinitial	5
63	#quotations	2
63	#caplines	10
63	#periods	24
63	#stdev	1826
63	#maxpair	10
63	#commas	12
63	#endwpunct	12
63	#exclamationpoints	8
63	#textlines	26
63	wordNotInVocab	37
64	#textlines	0
65	#textlines	0
66	#textlines	0
67	#textlines	0
68	#lines	1
68	#textlines	0
69	#lines	1
69	#textlines	0
