0	co	1
0	arabic1digit	1
0	h	1
0	it	1
0	w	1
0	arabic3digit	1
0	i	1
0	p	1
0	#allcapswords	8
0	s	1
0	#sequentialcaps	1
0	#lines	9
0	#maxinitial	2
0	#caplines	5
0	#startwname	2
0	#periods	1
0	#stdev	400
0	#maxpair	4
0	#startwrubric	1
0	#textlines	7
0	#endwnumeral	2
0	wordNotInVocab	5
1	the	1
1	personalname	2
1	college	1
1	#allcapswords	7
1	from	1
1	of	1
1	#sequentialcaps	1
1	#lines	4
1	#maxinitial	1
1	#caplines	3
1	#startwname	1
1	#stdev	188
1	#maxpair	1
1	#textlines	3
1	wordNotInVocab	3
2	the	1
2	of	1
2	age	1
2	#allcapswords	4
2	#lines	1
2	#maxinitial	1
2	#caplines	1
2	#periods	1
2	#maxpair	1
2	#endwpunct	1
2	#textlines	1
2	wordNotInVocab	1
3	a	1
3	printed	1
3	#allcapswords	5
3	by	1
3	placename	1
3	#lines	1
3	#maxinitial	1
3	#caplines	1
3	#periods	2
3	#maxpair	1
3	#endwpunct	1
3	#textlines	1
3	wordNotInVocab	1
4	arabic1digit	1
4	the	2
4	arabic2digit	1
4	german	1
4	w	1
4	by	1
4	n	1
4	a	1
4	spanish	1
4	et	1
4	at	1
4	and	2
4	placename	1
4	english	1
4	propernoun	1
4	of	1
4	age	1
4	#allcapswords	29
4	french	1
4	library	1
4	published	1
4	#sequentialcaps	3
4	#lines	10
4	#maxinitial	2
4	#quotations	2
4	#caplines	7
4	#startwname	2
4	#periods	7
4	#stdev	1836
4	#maxpair	2
4	#startwrubric	1
4	#commas	7
4	#endwpunct	8
4	#textlines	9
4	#endwnumeral	1
4	wordNotInVocab	12
5	university	1
5	arabic5+digit	1
5	#allcapswords	4
5	mar	1
5	library	1
5	#sequentialcaps	1
5	#lines	4
5	#maxinitial	2
5	#quotations	1
5	#caplines	3
5	#startwname	1
5	#stdev	187
5	#maxpair	2
5	#commas	2
5	#endwpunct	1
5	#textlines	4
5	#endwnumeral	1
5	wordNotInVocab	1
6	the	1
6	et	1
6	personalname	1
6	propernoun	2
6	#allcapswords	10
6	of	1
6	age	1
6	#lines	3
6	#maxinitial	1
6	#quotations	2
6	#caplines	2
6	#startwname	1
6	#periods	2
6	#stdev	939
6	#maxpair	1
6	#endwpunct	2
6	#textlines	3
6	wordNotInVocab	6
7	#textlines	0
8	the	4
8	times	2
8	those	1
8	what	1
8	present	1
8	be	1
8	would	1
8	enough	1
8	a	2
8	might	1
8	want	1
8	are	3
8	high	1
8	still	1
8	gone	1
8	have	2
8	all	1
8	given	1
8	before	1
8	know	1
8	is	1
8	again	1
8	not	1
8	field	1
8	heaven	1
8	for	1
8	their	2
8	old	2
8	men	1
8	will	1
8	but	2
8	little	1
8	great	1
8	of	2
8	i	2
8	good	2
8	greater	1
8	been	1
8	and	2
8	things	1
8	they	1
8	play	1
8	who	1
8	if	2
8	#allcapswords	7
8	to	2
8	age	1
8	when	1
8	#sequentialcaps	2
8	#lines	10
8	#maxinitial	3
8	#quotations	4
8	#caplines	9
8	#periods	4
8	#stdev	1541
8	#maxpair	3
8	#commas	7
8	#endwpunct	6
8	#questionmarks	1
8	#textlines	10
8	wordNotInVocab	11
9	arabic1digit	2
9	form	1
9	seen	1
9	shore	1
9	sea	2
9	but	3
9	have	1
9	time	1
9	world	1
9	reader	1
9	grave	1
9	deep	1
9	where	1
9	arabic2digit	2
9	remember	1
9	all	5
9	below	1
9	its	4
9	very	1
9	with	1
9	so	1
9	half	1
9	may	1
9	will	1
9	race	1
9	stand	1
9	as	1
9	much	1
9	and	3
9	between	1
9	#allcapswords	4
9	she	1
9	to	2
9	few	1
9	his	1
9	above	1
9	the	15
9	him	1
9	from	1
9	be	1
9	each	1
9	a	4
9	over	1
9	was	1
9	or	2
9	almost	1
9	cold	1
9	are	1
9	n	1
9	they	1
9	we	2
9	wave	1
9	such	1
9	face	2
9	is	3
9	not	3
9	empire	1
9	personalname	3
9	old	1
9	thou	1
9	free	1
9	then	1
9	tale	1
9	of	6
9	good	1
9	still	2
9	it	1
9	earth	1
9	which	4
9	though	1
9	feet	1
9	if	1
9	like	1
9	winds	1
9	how	2
9	age	1
9	when	1
9	#sequentialcaps	3
9	#lines	24
9	#maxinitial	5
9	#quotations	2
9	#caplines	22
9	#periods	10
9	#stdev	954
9	#maxpair	6
9	#commas	15
9	#endwpunct	12
9	#questionmarks	1
9	#exclamationpoints	2
9	#textlines	24
9	#endwnumeral	3
9	wordNotInVocab	51
10	arabic1digit	3
10	knows	1
10	but	2
10	never	2
10	state	1
10	where	2
10	all	2
10	while	1
10	wish	1
10	hath	1
10	with	2
10	human	1
10	yes	1
10	child	1
10	romannumeral	1
10	wild	1
10	over	1
10	born	1
10	great	1
10	knew	1
10	wise	1
10	native	1
10	and	6
10	modern	1
10	king	1
10	who	2
10	far	1
10	appear	1
10	save	1
10	#allcapswords	5
10	to	5
10	peace	1
10	his	6
10	placename	1
10	the	14
10	game	1
10	vain	2
10	even	1
10	be	1
10	a	1
10	was	1
10	or	3
10	new	1
10	made	1
10	death	1
10	at	1
10	themselves	1
10	they	1
10	believe	1
10	is	2
10	earth	2
10	than	1
10	not	2
10	were	2
10	wings	1
10	for	2
10	personalname	1
10	length	1
10	its	1
10	throne	1
10	he	7
10	little	1
10	of	5
10	birth	1
10	half	1
10	show	1
10	that	1
10	no	1
10	from	1
10	late	1
10	which	2
10	though	2
10	name	1
10	table	1
10	how	2
10	whose	5
10	age	1
10	on	1
10	#sequentialcaps	2
10	#lines	24
10	#maxinitial	5
10	#quotations	2
10	#caplines	22
10	#periods	5
10	#stdev	1013
10	#maxpair	5
10	#startwrubric	1
10	#commas	20
10	#endwpunct	13
10	#questionmarks	4
10	#exclamationpoints	3
10	#textlines	24
10	#endwnumeral	3
10	wordNotInVocab	50
11	arabic1digit	1
11	low	1
11	what	1
11	world	1
11	great	2
11	upon	1
11	bear	1
11	where	1
11	arabic2digit	2
11	all	1
11	this	3
11	earl	1
11	book	1
11	had	2
11	wines	1
11	smile	2
11	man	1
11	lord	1
11	kept	1
11	my	1
11	fortune	1
11	behold	3
11	as	2
11	an	1
11	and	6
11	things	1
11	between	1
11	who	2
11	vain	1
11	indeed	1
11	#allcapswords	6
11	to	5
11	few	1
11	his	6
11	the	14
11	him	2
11	could	2
11	were	1
11	a	6
11	was	1
11	or	3
11	now	2
11	with	1
11	thy	1
11	in	3
11	sleep	1
11	wine	1
11	nature	1
11	state	1
11	is	2
11	over	4
11	for	1
11	been	1
11	he	3
11	little	1
11	feel	1
11	of	5
11	can	1
11	reduced	1
11	still	2
11	out	1
11	at	1
11	which	1
11	yon	1
11	daily	1
11	how	3
11	age	1
11	#sequentialcaps	3
11	#lines	25
11	#maxinitial	3
11	#caplines	24
11	#periods	3
11	#stdev	566
11	#maxpair	6
11	#commas	16
11	#endwpunct	17
11	#questionmarks	2
11	#exclamationpoints	2
11	#textlines	25
11	#endwnumeral	2
11	wordNotInVocab	66
12	low	1
12	what	1
12	but	1
12	would	1
12	world	1
12	looking	1
12	empire	2
12	never	2
12	bound	1
12	arabic2digit	2
12	all	1
12	this	1
12	boy	1
12	hath	1
12	smile	3
12	so	1
12	name	1
12	their	2
12	romannumeral	1
12	stand	1
12	first	1
12	spirit	1
12	and	8
12	save	1
12	who	1
12	shall	1
12	again	1
12	#allcapswords	6
12	to	3
12	few	1
12	his	10
12	the	9
12	reign	1
12	vain	1
12	even	1
12	be	3
12	a	5
12	was	3
12	by	1
12	art	1
12	heart	1
12	are	1
12	found	1
12	in	3
12	still	1
12	bed	1
12	he	3
12	its	1
12	face	1
12	must	1
12	than	2
12	late	1
12	for	1
12	cause	1
12	down	1
12	place	1
12	lost	1
12	long	1
12	see	1
12	little	1
12	of	5
12	with	1
12	mind	1
12	doubt	1
12	that	3
12	none	1
12	from	2
12	friends	1
12	glory	1
12	which	1
12	free	1
12	though	7
12	fair	1
12	if	1
12	how	2
12	age	1
12	on	1
12	#sequentialcaps	3
12	#lines	24
12	#maxinitial	6
12	#quotations	1
12	#caplines	24
12	#startwname	1
12	#periods	4
12	#stdev	1018
12	#maxpair	8
12	#startwrubric	1
12	#commas	20
12	#endwpunct	13
12	#exclamationpoints	1
12	#textlines	24
12	#endwnumeral	2
12	wordNotInVocab	51
13	arabic1digit	1
13	crown	1
13	what	3
13	shore	1
13	sea	2
13	but	2
13	held	1
13	these	1
13	mark	1
13	too	1
13	eastern	1
13	all	2
13	poor	1
13	hath	1
13	smile	2
13	more	2
13	do	1
13	their	2
13	arabic3digit	1
13	must	1
13	will	1
13	one	1
13	nor	1
13	care	1
13	turn	1
13	as	1
13	spirit	1
13	and	3
13	his	5
13	who	1
13	than	1
13	skies	1
13	#allcapswords	5
13	to	5
13	that	4
13	name	1
13	placename	4
13	the	19
13	or	3
13	him	3
13	home	1
13	could	1
13	a	2
13	date	1
13	glory	1
13	along	1
13	death	1
13	found	1
13	in	2
13	still	1
13	rise	1
13	shall	4
13	wave	1
13	hear	1
13	yon	1
13	over	1
13	seeing	1
13	mighty	1
13	are	1
13	save	1
13	shade	1
13	better	1
13	grave	1
13	keep	1
13	he	4
13	of	4
13	can	1
13	birth	1
13	last	1
13	how	1
13	it	2
13	small	1
13	no	1
13	from	1
13	line	1
13	on	1
13	nature	1
13	though	1
13	age	1
13	if	3
13	like	2
13	before	1
13	when	1
13	#sequentialcaps	2
13	#lines	25
13	#maxinitial	6
13	#caplines	24
13	#periods	3
13	#stdev	595
13	#maxpair	10
13	#commas	14
13	#endwpunct	15
13	#questionmarks	2
13	#exclamationpoints	1
13	#textlines	25
13	#endwnumeral	1
13	wordNotInVocab	59
14	arabic1digit	1
14	brought	1
14	form	1
14	died	1
14	carried	1
14	but	2
14	time	1
14	oh	2
14	battle	1
14	siege	1
14	want	1
14	too	1
14	upon	1
14	hundred	1
14	with	1
14	appear	1
14	might	1
14	city	1
14	so	2
14	man	1
14	may	1
14	heaven	1
14	well	1
14	romannumeral	1
14	alas	1
14	it	3
14	as	1
14	an	1
14	last	1
14	is	1
14	his	6
14	i	1
14	fame	1
14	#allcapswords	6
14	faith	1
14	her	2
14	to	5
14	name	1
14	above	1
14	the	12
14	him	1
14	this	2
14	who	1
14	a	4
14	shall	2
14	was	2
14	or	1
14	were	1
14	feel	1
14	in	3
14	earth	1
14	ye	1
14	during	1
14	propernoun	1
14	not	1
14	passed	1
14	caesar	1
14	arabic3digit	2
14	why	1
14	like	2
14	thou	2
14	he	4
14	honour	1
14	thy	1
14	of	8
14	place	1
14	laid	1
14	come	1
14	that	2
14	and	5
14	long	1
14	which	3
14	though	1
14	be	2
14	noble	1
14	placename	2
14	power	1
14	age	1
14	#sequentialcaps	4
14	#lines	23
14	#maxinitial	8
14	#caplines	20
14	#periods	5
14	#stdev	1172
14	#maxpair	8
14	#startwrubric	1
14	#commas	19
14	#endwpunct	16
14	#questionmarks	2
14	#exclamationpoints	6
14	#textlines	23
14	#endwnumeral	3
14	wordNotInVocab	50
15	arabic1digit	2
15	but	3
15	except	1
15	arabic2digit	1
15	angel	1
15	all	3
15	while	1
15	fall	1
15	follow	1
15	with	1
15	where	1
15	their	3
15	passed	1
15	stood	1
15	dark	1
15	race	1
15	first	1
15	as	2
15	still	2
15	who	3
15	fame	1
15	within	1
15	over	1
15	#allcapswords	6
15	to	5
15	name	2
15	placename	6
15	the	10
15	or	1
15	fell	1
15	rose	1
15	moment	1
15	be	1
15	a	3
15	re	1
15	hell	1
15	new	1
15	taken	1
15	thy	4
15	in	2
15	at	2
15	ye	2
15	propernoun	2
15	hear	1
15	by	1
15	ear	1
15	personalname	3
15	land	1
15	yet	1
15	like	1
15	he	1
15	long	1
15	left	1
15	of	6
15	thee	2
15	people	1
15	found	1
15	and	4
15	from	4
15	which	3
15	saw	1
15	his	3
15	whose	1
15	age	1
15	#sequentialcaps	2
15	#lines	25
15	#maxinitial	4
15	#caplines	24
15	#periods	1
15	#stdev	520
15	#maxpair	7
15	#commas	15
15	#endwpunct	14
15	#exclamationpoints	8
15	#textlines	25
15	#endwnumeral	2
15	wordNotInVocab	61
16	alone	1
16	prince	1
16	sets	1
16	but	1
16	foe	1
16	fire	2
16	sound	1
16	war	1
16	will	1
16	other	1
16	sight	1
16	all	1
16	this	3
16	till	2
16	had	1
16	with	2
16	more	1
16	their	1
16	thou	3
16	arabic3digit	2
16	romannumeral	1
16	not	1
16	one	1
16	each	1
16	as	1
16	an	1
16	and	5
16	thine	1
16	flame	1
16	over	1
16	hall	1
16	to	7
16	his	8
16	placename	3
16	the	12
16	vain	1
16	a	3
16	was	1
16	strong	1
16	thy	2
16	in	4
16	shall	1
16	fell	1
16	tis	1
16	ear	1
16	for	4
16	personalname	1
16	#allcapswords	5
16	common	1
16	he	1
16	sun	2
16	long	2
16	see	1
16	of	7
16	thee	1
16	half	1
16	before	1
16	come	1
16	that	3
16	no	1
16	from	1
16	gave	1
16	which	2
16	saw	1
16	how	1
16	whose	1
16	age	1
16	on	3
16	#sequentialcaps	5
16	#lines	26
16	#maxinitial	14
16	#caplines	25
16	#periods	3
16	#stdev	954
16	#maxpair	15
16	#commas	16
16	#endwpunct	15
16	#questionmarks	1
16	#exclamationpoints	6
16	#textlines	26
16	#endwnumeral	2
16	wordNotInVocab	68
17	personalname	1
17	but	3
17	war	1
17	silent	1
17	arabic2digit	1
17	all	1
17	what	1
17	there	1
17	youth	1
17	wines	1
17	with	1
17	more	1
17	human	1
17	their	3
17	leaves	1
17	arabic3digit	3
17	once	1
17	will	1
17	three	1
17	fortune	1
17	die	1
17	turn	1
17	as	1
17	side	1
17	and	6
17	blood	1
17	i	1
17	shall	3
17	again	1
17	#allcapswords	5
17	her	4
17	to	2
17	placename	5
17	romannumeral	1
17	the	16
17	guide	1
17	him	1
17	vain	4
17	up	1
17	a	1
17	or	1
17	look	1
17	now	1
17	heart	1
17	are	1
17	thy	1
17	in	6
17	fell	1
17	its	1
17	than	1
17	not	2
17	field	1
17	for	1
17	yet	1
17	along	1
17	did	1
17	fly	1
17	of	6
17	return	1
17	before	2
17	alas	1
17	bear	1
17	sun	1
17	no	1
17	from	1
17	beneath	1
17	till	1
17	his	3
17	how	1
17	where	1
17	age	1
17	on	1
17	#sequentialcaps	2
17	#lines	26
17	#maxinitial	5
17	#caplines	24
17	#periods	4
17	#stdev	992
17	#maxpair	7
17	#commas	15
17	#endwpunct	14
17	#questionmarks	1
17	#exclamationpoints	4
17	#textlines	26
17	#endwnumeral	3
17	wordNotInVocab	68
18	alone	1
18	through	1
18	wrong	1
18	have	1
18	ground	1
18	when	1
18	oh	5
18	his	6
18	shall	1
18	reader	1
18	too	1
18	sea	1
18	glory	1
18	arabic2digit	1
18	them	1
18	all	3
18	address	1
18	before	1
18	with	1
18	name	1
18	their	1
18	arabic3digit	2
18	and	6
18	one	1
18	fortune	1
18	first	1
18	as	2
18	smile	1
18	still	1
18	i	1
18	who	2
18	danger	1
18	#allcapswords	6
18	ocean	1
18	to	3
18	that	1
18	placename	4
18	the	7
18	no	1
18	air	1
18	hill	1
18	up	1
18	so	3
18	each	1
18	oft	1
18	a	2
18	was	1
18	or	1
18	by	6
18	only	1
18	year	1
18	thy	3
18	till	2
18	ye	1
18	may	1
18	hear	3
18	felt	1
18	down	1
18	pride	1
18	is	1
18	over	1
18	personalname	1
18	left	1
18	yet	2
18	thou	2
18	he	2
18	long	3
18	most	1
18	feel	1
18	eternal	1
18	of	5
18	half	2
18	do	1
18	found	1
18	earth	1
18	from	3
18	march	1
18	foot	2
18	power	1
18	which	2
18	looked	1
18	fair	1
18	how	1
18	whose	1
18	age	1
18	#sequentialcaps	3
18	#lines	24
18	#maxinitial	6
18	#caplines	20
18	#periods	2
18	#stdev	785
18	#maxpair	7
18	#commas	26
18	#endwpunct	11
18	#exclamationpoints	9
18	#textlines	24
18	#endwnumeral	3
18	wordNotInVocab	51
19	wrong	1
19	war	1
19	alas	1
19	never	1
19	winds	1
19	into	2
19	there	1
19	all	1
19	given	1
19	while	4
19	fall	1
19	has	1
19	o	1
19	without	1
19	birth	1
19	had	2
19	hath	1
19	man	1
19	memory	1
19	heaven	2
19	herself	1
19	romannumeral	1
19	fortune	1
19	left	1
19	as	1
19	an	1
19	king	1
19	and	4
19	page	1
19	fame	2
19	#allcapswords	7
19	god	1
19	same	1
19	less	1
19	his	3
19	placename	4
19	the	16
19	gold	1
19	or	2
19	this	1
19	even	2
19	a	7
19	by	1
19	made	1
19	why	1
19	country	1
19	dignity	1
19	shall	1
19	right	1
19	propernoun	1
19	wave	1
19	their	1
19	such	1
19	earth	1
19	peace	1
19	for	1
19	personalname	1
19	thousand	1
19	yet	2
19	better	1
19	grave	1
19	he	2
19	out	1
19	must	1
19	of	10
19	to	6
19	ten	1
19	that	1
19	history	1
19	no	1
19	from	1
19	which	3
19	name	1
19	air	1
19	doubt	1
19	age	1
19	on	1
19	#sequentialcaps	3
19	#lines	24
19	#maxinitial	5
19	#caplines	23
19	#periods	3
19	#stdev	640
19	#maxpair	5
19	#commas	9
19	#endwpunct	13
19	#exclamationpoints	2
19	#textlines	24
19	#endwnumeral	2
19	wordNotInVocab	51
20	arabic1digit	1
20	through	2
20	but	1
20	one	2
20	world	2
20	either	1
20	high	1
20	makes	1
20	persian	1
20	where	4
20	sword	1
20	arabic2digit	1
20	same	1
20	very	1
20	shore	1
20	with	1
20	more	1
20	arabic3digit	2
20	romannumeral	1
20	once	2
20	own	1
20	as	1
20	spirit	1
20	souls	1
20	between	1
20	who	1
20	within	1
20	again	1
20	and	6
20	she	1
20	her	1
20	to	3
20	name	1
20	placename	4
20	the	17
20	or	1
20	lord	1
20	former	1
20	east	1
20	a	2
20	was	2
20	standard	1
20	new	1
20	in	1
20	eight	1
20	cause	1
20	chief	1
20	such	1
20	tis	1
20	west	1
20	is	1
20	over	1
20	not	1
20	old	1
20	#allcapswords	4
20	throne	1
20	common	1
20	of	7
20	breast	1
20	still	1
20	that	1
20	no	1
20	from	1
20	long	1
20	back	1
20	which	2
20	his	4
20	be	1
20	age	1
20	on	2
20	#sequentialcaps	3
20	#lines	24
20	#maxinitial	11
20	#quotations	2
20	#caplines	23
20	#startwname	1
20	#periods	4
20	#stdev	950
20	#maxpair	13
20	#startwrubric	1
20	#commas	8
20	#endwpunct	17
20	#questionmarks	2
20	#exclamationpoints	2
20	#textlines	24
20	#endwnumeral	3
20	wordNotInVocab	58
21	arabic1digit	1
21	knows	1
21	shore	1
21	waves	1
21	through	1
21	but	3
21	make	1
21	would	1
21	of	8
21	either	1
21	break	1
21	himself	1
21	there	2
21	th	1
21	should	2
21	false	1
21	with	1
21	more	1
21	their	2
21	arabic3digit	2
21	show	1
21	well	1
21	king	1
21	and	4
21	young	1
21	shall	1
21	than	1
21	#allcapswords	4
21	to	4
21	day	1
21	peace	1
21	his	1
21	placename	4
21	the	23
21	this	1
21	by	3
21	tell	1
21	be	2
21	each	1
21	a	2
21	set	1
21	cold	1
21	christians	1
21	whom	1
21	in	2
21	they	1
21	greek	1
21	propernoun	1
21	these	2
21	hope	1
21	old	1
21	foe	1
21	only	1
21	is	1
21	over	2
21	not	3
21	mighty	1
21	unto	1
21	for	1
21	land	1
21	yet	1
21	friend	1
21	lost	1
21	free	2
21	tale	1
21	can	1
21	half	1
21	how	1
21	once	1
21	from	2
21	gave	1
21	on	1
21	age	1
21	#sequentialcaps	3
21	#lines	25
21	#maxinitial	8
21	#caplines	24
21	#periods	4
21	#stdev	652
21	#maxpair	10
21	#commas	24
21	#endwpunct	18
21	#questionmarks	1
21	#textlines	25
21	#endwnumeral	2
21	wordNotInVocab	66
22	meet	1
22	but	2
22	never	1
22	both	1
22	bear	1
22	prove	1
22	serve	1
22	arabic2digit	2
22	while	1
22	nor	1
22	with	1
22	human	1
22	as	2
22	their	2
22	own	1
22	first	1
22	alone	2
22	and	2
22	within	1
22	again	1
22	still	2
22	time	1
22	her	3
22	to	3
22	his	1
22	placename	2
22	the	16
22	or	1
22	even	1
22	a	6
22	live	1
22	by	2
22	now	2
22	in	2
22	propernoun	1
22	roman	1
22	io	1
22	than	3
22	not	4
22	for	3
22	sword	1
22	better	3
22	#allcapswords	5
22	of	5
22	night	1
22	birth	1
22	back	1
22	that	1
22	from	1
22	regard	1
22	sleep	1
22	before	1
22	where	2
22	age	1
22	#sequentialcaps	2
22	#lines	24
22	#maxinitial	4
22	#caplines	23
22	#periods	4
22	#stdev	932
22	#maxpair	7
22	#commas	17
22	#endwpunct	16
22	#textlines	24
22	#endwnumeral	2
22	wordNotInVocab	65
23	arabic1digit	1
23	shore	1
23	but	2
23	propernoun	3
23	both	1
23	arabic2digit	2
23	remember	1
23	while	1
23	has	1
23	with	3
23	more	2
23	memory	1
23	as	1
23	their	3
23	eye	1
23	sat	1
23	pride	1
23	one	1
23	nor	1
23	and	4
23	page	1
23	that	3
23	poet	1
23	left	1
23	her	1
23	to	2
23	his	2
23	the	23
23	oft	1
23	a	1
23	was	1
23	or	3
23	by	1
23	which	1
23	are	1
23	years	1
23	song	1
23	in	1
23	they	2
23	gone	1
23	mountain	1
23	these	1
23	old	1
23	is	1
23	than	1
23	thousand	1
23	yet	1
23	#allcapswords	4
23	long	2
23	faith	2
23	of	4
23	red	1
23	less	1
23	once	2
23	proud	1
23	from	1
23	back	1
23	noble	1
23	placename	1
23	human	1
23	whose	1
23	age	1
23	on	2
23	#sequentialcaps	3
23	#lines	25
23	#maxinitial	12
23	#quotations	2
23	#caplines	24
23	#periods	4
23	#stdev	702
23	#maxpair	13
23	#commas	17
23	#endwpunct	17
23	#exclamationpoints	1
23	#textlines	25
23	#endwnumeral	2
23	wordNotInVocab	66
24	st	1
24	shore	1
24	but	1
24	spanish	1
24	war	2
24	plain	1
24	arabic2digit	3
24	its	1
24	fall	1
24	maid	1
24	without	1
24	known	1
24	very	1
24	which	1
24	with	4
24	man	1
24	their	2
24	close	3
24	yes	1
24	once	1
24	wild	1
24	it	1
24	nor	1
24	every	1
24	round	1
24	spirit	1
24	and	5
24	more	1
24	who	1
24	language	1
24	a	2
24	again	2
24	#allcapswords	4
24	she	1
24	to	2
24	that	1
24	his	1
24	placename	4
24	the	18
24	vain	1
24	up	2
24	be	1
24	shall	1
24	might	1
24	was	2
24	or	1
24	new	1
24	your	1
24	feel	1
24	in	2
24	propernoun	2
24	these	2
24	felt	1
24	such	2
24	is	1
24	than	1
24	not	2
24	save	2
24	personalname	1
24	old	2
24	of	5
24	home	2
24	for	1
24	found	1
24	soul	1
24	age	1
24	like	1
24	her	4
24	on	2
24	#sequentialcaps	3
24	#lines	24
24	#maxinitial	10
24	#quotations	4
24	#caplines	23
24	#startwname	1
24	#periods	6
24	#stdev	643
24	#maxpair	11
24	#commas	16
24	#endwpunct	13
24	#exclamationpoints	8
24	#textlines	24
24	#endwnumeral	3
24	wordNotInVocab	54
25	arabic1digit	1
25	what	1
25	but	2
25	have	1
25	propernoun	1
25	his	1
25	shade	2
25	arabic2digit	1
25	congress	1
25	o	1
25	make	1
25	with	1
25	may	1
25	us	1
25	break	1
25	hope	1
25	born	1
25	former	1
25	hand	1
25	spirit	1
25	and	6
25	thine	1
25	young	1
25	that	1
25	far	1
25	shall	1
25	#allcapswords	5
25	same	1
25	to	3
25	placename	9
25	the	21
25	bid	1
25	or	1
25	be	1
25	each	1
25	a	2
25	heart	1
25	eyes	1
25	are	2
25	wars	1
25	in	5
25	which	2
25	sound	1
25	we	1
25	these	1
25	such	3
25	not	1
25	for	2
25	personalname	5
25	old	1
25	use	1
25	it	1
25	romannumeral	1
25	of	10
25	steel	1
25	this	1
25	been	1
25	from	1
25	name	1
25	like	1
25	french	1
25	whose	1
25	age	1
25	own	1
25	#sequentialcaps	4
25	#lines	24
25	#maxinitial	7
25	#caplines	21
25	#startwname	1
25	#periods	5
25	#stdev	1098
25	#maxpair	8
25	#startwrubric	1
25	#commas	18
25	#endwpunct	17
25	#questionmarks	2
25	#exclamationpoints	3
25	#textlines	24
25	#endwnumeral	1
25	wordNotInVocab	50
26	holy	1
26	knew	1
26	but	2
26	have	1
26	little	2
26	than	1
26	held	1
26	all	2
26	call	1
26	arabic2digit	1
26	should	1
26	much	1
26	blessed	1
26	with	2
26	so	1
26	man	1
26	as	1
26	their	4
26	ah	1
26	heaven	1
26	arabic3digit	1
26	three	2
26	at	1
26	one	1
26	an	1
26	work	1
26	many	1
26	and	6
26	who	1
26	4to	1
26	#allcapswords	5
26	to	9
26	few	1
26	name	1
26	placename	1
26	the	9
26	this	2
26	more	1
26	a	3
26	or	1
26	by	1
26	purpose	1
26	which	2
26	now	2
26	are	2
26	gods	1
26	they	1
26	we	1
26	these	2
26	must	1
26	is	1
26	were	3
26	unto	1
26	for	1
26	personalname	1
26	why	1
26	good	1
26	of	3
26	leave	1
26	in	2
26	that	2
26	says	1
26	till	1
26	something	1
26	senate	1
26	go	1
26	how	1
26	power	1
26	age	1
26	own	1
26	#sequentialcaps	4
26	#lines	23
26	#maxinitial	9
26	#caplines	23
26	#periods	5
26	#stdev	627
26	#maxpair	10
26	#commas	15
26	#endwpunct	12
26	#questionmarks	3
26	#exclamationpoints	4
26	#textlines	23
26	#endwnumeral	2
26	wordNotInVocab	57
27	holy	1
27	what	1
27	through	1
27	would	1
27	get	1
27	world	2
27	held	1
27	i	1
27	since	1
27	too	1
27	upon	2
27	where	1
27	him	1
27	arabic2digit	2
27	them	1
27	all	2
27	is	3
27	comedy	1
27	o	1
27	with	2
27	so	1
27	man	2
27	their	1
27	sat	1
27	stage	1
27	theatre	1
27	three	1
27	tell	1
27	great	1
27	knew	1
27	nor	1
27	as	1
27	thine	1
27	that	2
27	far	1
27	within	1
27	and	2
27	poet	1
27	to	6
27	the	13
27	blessed	1
27	shame	1
27	ay	1
27	were	1
27	was	2
27	by	2
27	rich	1
27	new	1
27	thy	7
27	in	2
27	country	1
27	propernoun	1
27	these	1
27	never	1
27	romans	1
27	not	1
27	imperial	1
27	royal	1
27	for	1
27	personalname	3
27	old	3
27	#allcapswords	6
27	out	1
27	then	1
27	romannumeral	1
27	of	4
27	can	1
27	thee	1
27	show	1
27	good	1
27	it	2
27	about	1
27	which	1
27	dog	1
27	stars	1
27	age	1
27	like	1
27	whose	2
27	on	1
27	#sequentialcaps	4
27	#lines	23
27	#maxinitial	11
27	#quotations	6
27	#caplines	20
27	#periods	3
27	#stdev	947
27	#maxpair	11
27	#startwrubric	1
27	#commas	11
27	#endwpunct	16
27	#questionmarks	1
27	#exclamationpoints	5
27	#textlines	23
27	#endwnumeral	1
27	wordNotInVocab	40
28	knows	1
28	but	1
28	would	3
28	except	1
28	world	1
28	war	1
28	that	1
28	i	1
28	wit	1
28	sight	1
28	arabic2digit	2
28	all	1
28	long	1
28	o	1
28	make	1
28	morning	1
28	beauty	1
28	with	3
28	their	1
28	south	1
28	well	1
28	romannumeral	1
28	told	1
28	just	1
28	behold	1
28	as	4
28	spirit	1
28	much	1
28	still	1
28	kind	1
28	and	3
28	#allcapswords	8
28	her	1
28	to	4
28	peace	1
28	his	2
28	placename	5
28	the	11
28	fit	1
28	be	2
28	friends	1
28	having	1
28	a	6
28	or	1
28	by	1
28	now	1
28	are	1
28	thy	2
28	in	1
28	person	1
28	propernoun	1
28	off	1
28	liberty	1
28	not	1
28	imperial	1
28	for	4
28	thus	1
28	he	2
28	gave	1
28	free	3
28	then	1
28	of	4
28	half	1
28	show	1
28	true	1
28	it	1
28	proud	1
28	no	1
28	from	1
28	back	2
28	hands	1
28	send	1
28	if	1
28	how	5
28	age	1
28	#sequentialcaps	4
28	#lines	24
28	#maxinitial	6
28	#caplines	24
28	#periods	5
28	#stdev	990
28	#maxpair	7
28	#startwrubric	1
28	#commas	18
28	#endwpunct	20
28	#exclamationpoints	5
28	#textlines	24
28	#endwnumeral	3
28	wordNotInVocab	52
29	shore	1
29	but	2
29	when	1
29	not	1
29	propernoun	1
29	was	1
29	son	1
29	too	2
29	upon	1
29	river	1
29	arabic2digit	2
29	should	1
29	into	1
29	laws	1
29	hath	1
29	follow	1
29	with	2
29	may	1
29	la	1
29	arabic3digit	1
29	woman	1
29	hast	1
29	think	1
29	great	2
29	an	1
29	many	1
29	and	6
29	thine	2
29	skies	1
29	#allcapswords	4
29	turn	1
29	her	2
29	to	6
29	his	1
29	placename	2
29	the	12
29	him	1
29	find	1
29	be	1
29	were	1
29	by	2
29	are	2
29	thy	7
29	in	1
29	youth	1
29	yet	1
29	foe	1
29	is	1
29	than	1
29	personalname	5
29	old	1
29	better	1
29	thou	4
29	she	1
29	of	6
29	thee	2
29	called	1
29	bear	1
29	that	1
29	no	3
29	from	1
29	long	1
29	goths	1
29	which	1
29	whose	1
29	age	1
29	on	4
29	#sequentialcaps	3
29	#lines	24
29	#maxinitial	8
29	#caplines	21
29	#periods	6
29	#stdev	750
29	#maxpair	9
29	#commas	21
29	#endwpunct	17
29	#questionmarks	1
29	#exclamationpoints	1
29	#textlines	24
29	#endwnumeral	2
29	wordNotInVocab	64
30	arabic1digit	1
30	mine	1
30	next	1
30	what	1
30	master	1
30	but	3
30	honest	1
30	first	1
30	arabic2digit	1
30	of	5
30	all	1
30	hear	1
30	had	1
30	hath	2
30	with	1
30	must	1
30	man	1
30	their	3
30	hold	1
30	speech	1
30	an	2
30	wilt	1
30	stand	1
30	round	1
30	tongue	1
30	many	1
30	still	1
30	between	1
30	ear	1
30	who	2
30	shall	1
30	and	8
30	her	1
30	to	5
30	day	1
30	his	4
30	placename	1
30	the	5
30	it	1
30	our	1
30	father	1
30	am	1
30	up	1
30	even	1
30	be	2
30	each	1
30	a	5
30	lie	1
30	more	1
30	senate	1
30	personalname	2
30	i	2
30	such	1
30	face	1
30	tis	1
30	rather	2
30	than	4
30	not	2
30	were	2
30	for	2
30	doth	1
30	land	1
30	#allcapswords	8
30	thou	2
30	he	2
30	sun	1
30	free	1
30	little	1
30	go	1
30	them	1
30	this	1
30	true	1
30	alas	1
30	found	1
30	voice	1
30	will	2
30	which	1
30	though	1
30	sometimes	1
30	british	1
30	romannumeral	1
30	before	1
30	answer	1
30	age	1
30	when	1
30	#sequentialcaps	4
30	#lines	25
30	#maxinitial	6
30	#quotations	4
30	#caplines	24
30	#periods	6
30	#stdev	1229
30	#maxpair	10
30	#startwrubric	1
30	#commas	15
30	#endwpunct	13
30	#questionmarks	3
30	#exclamationpoints	2
30	#textlines	24
30	#endwnumeral	2
30	wordNotInVocab	50
31	what	1
31	but	1
31	arabic2digit	1
31	enough	1
31	people	1
31	where	1
31	have	4
31	action	2
31	love	1
31	all	1
31	has	1
31	green	1
31	hath	1
31	read	1
31	ah	1
31	romannumeral	1
31	beneath	1
31	much	1
31	and	4
31	i	1
31	than	1
31	#allcapswords	6
31	why	1
31	her	1
31	to	5
31	placename	1
31	the	8
31	when	1
31	this	1
31	looks	1
31	troops	1
31	be	3
31	each	2
31	will	1
31	a	3
31	was	1
31	or	3
31	thy	1
31	in	3
31	who	1
31	propernoun	1
31	io	1
31	saying	1
31	old	1
31	rather	1
31	is	2
31	over	1
31	not	4
31	royal	1
31	s	2
31	ode	1
31	rule	1
31	yet	1
31	method	1
31	thou	2
31	turned	1
31	long	1
31	of	3
31	leave	1
31	he	1
31	course	1
31	good	1
31	it	1
31	say	1
31	no	1
31	though	1
31	followed	1
31	table	1
31	age	1
31	#sequentialcaps	2
31	#lines	24
31	#maxinitial	3
31	#quotations	4
31	#caplines	23
31	#startwname	1
31	#periods	2
31	#stdev	1004
31	#maxpair	5
31	#startwrubric	1
31	#commas	12
31	#endwpunct	19
31	#questionmarks	11
31	#exclamationpoints	4
31	#textlines	24
31	wordNotInVocab	53
32	white	1
32	invasion	1
32	but	1
32	enough	1
32	world	1
32	held	1
32	wit	1
32	where	1
32	all	2
32	thee	2
32	best	1
32	with	1
32	talk	1
32	may	1
32	ah	1
32	arabic3digit	1
32	romannumeral	1
32	without	1
32	one	2
32	as	1
32	kind	1
32	know	1
32	and	9
32	always	1
32	thine	1
32	it	1
32	shall	1
32	#allcapswords	8
32	her	1
32	praise	1
32	letters	1
32	his	1
32	placename	1
32	the	10
32	be	1
32	a	7
32	was	3
32	or	2
32	by	1
32	art	1
32	now	1
32	heart	1
32	subjects	1
32	in	1
32	at	1
32	far	1
32	roman	1
32	j	1
32	gentle	1
32	not	2
32	placed	1
32	for	2
32	personalname	2
32	better	1
32	proud	1
32	he	1
32	poet	1
32	free	1
32	arms	1
32	then	1
32	so	1
32	of	2
32	half	1
32	to	6
32	good	1
32	who	1
32	that	2
32	happy	1
32	from	1
32	glory	1
32	noble	1
32	table	1
32	age	1
32	when	1
32	#sequentialcaps	4
32	#lines	24
32	#maxinitial	6
32	#quotations	3
32	#caplines	20
32	#periods	7
32	#stdev	1288
32	#maxpair	7
32	#startwrubric	1
32	#commas	13
32	#endwpunct	11
32	#questionmarks	1
32	#exclamationpoints	3
32	#textlines	23
32	#endwnumeral	1
32	wordNotInVocab	51
33	volumes	1
33	what	1
33	do	1
33	but	2
33	enough	1
33	any	1
33	never	2
33	wit	1
33	every	1
33	arabic2digit	2
33	there	1
33	them	3
33	should	1
33	much	1
33	sing	1
33	best	1
33	follow	1
33	with	2
33	occasion	1
33	so	3
33	more	2
33	house	1
33	may	2
33	man	1
33	will	2
33	have	1
33	born	1
33	love	1
33	here	1
33	it	1
33	you	1
33	an	1
33	spirit	1
33	many	1
33	still	2
33	i	1
33	reason	1
33	far	1
33	flame	1
33	and	9
33	last	1
33	to	3
33	day	1
33	that	1
33	name	1
33	the	4
33	less	1
33	our	3
33	game	1
33	nay	1
33	this	1
33	thine	1
33	find	1
33	even	4
33	oft	1
33	a	4
33	was	1
33	or	1
33	because	1
33	only	1
33	are	1
33	thy	2
33	in	2
33	who	2
33	of	3
33	placename	2
33	prose	1
33	we	1
33	these	1
33	their	3
33	he	1
33	they	1
33	is	1
33	than	1
33	not	6
33	for	3
33	t	1
33	thus	1
33	yet	2
33	#allcapswords	6
33	trade	1
33	can	1
33	thee	2
33	near	1
33	praise	1
33	found	1
33	no	3
33	where	1
33	something	1
33	before	1
33	whose	1
33	age	1
33	own	1
33	#sequentialcaps	3
33	#lines	25
33	#maxinitial	6
33	#quotations	1
33	#caplines	23
33	#periods	4
33	#stdev	643
33	#maxpair	7
33	#commas	27
33	#endwpunct	16
33	#exclamationpoints	2
33	#textlines	25
33	#endwnumeral	2
33	wordNotInVocab	52
34	white	1
34	what	2
34	quite	1
34	but	3
34	would	2
34	horse	1
34	sure	1
34	corn	2
34	arabic2digit	3
34	all	2
34	fall	2
34	make	1
34	with	2
34	must	2
34	four	1
34	arabic3digit	1
34	romannumeral	1
34	born	1
34	great	2
34	first	1
34	nor	1
34	every	3
34	tongue	1
34	last	2
34	and	8
34	price	1
34	reign	1
34	far	1
34	shall	1
34	#allcapswords	6
34	her	1
34	less	1
34	peace	1
34	his	2
34	the	12
34	bid	1
34	lord	1
34	were	1
34	you	1
34	a	2
34	was	1
34	or	1
34	your	2
34	now	2
34	are	1
34	thy	1
34	in	1
34	at	1
34	these	1
34	ye	1
34	old	1
34	is	1
34	ear	1
34	than	1
34	not	1
34	royal	1
34	for	1
34	yet	1
34	gentlemen	1
34	he	2
34	thing	1
34	high	1
34	most	1
34	then	1
34	of	7
34	to	5
34	alas	1
34	still	1
34	blood	1
34	that	1
34	age	1
34	mortal	1
34	back	1
34	country	2
34	feet	1
34	like	1
34	destroyed	1
34	how	1
34	#sequentialcaps	3
34	#lines	24
34	#maxinitial	8
34	#caplines	24
34	#startwname	1
34	#periods	7
34	#stdev	969
34	#maxpair	8
34	#startwrubric	1
34	#commas	15
34	#endwpunct	14
34	#questionmarks	6
34	#exclamationpoints	1
34	#textlines	24
34	#endwnumeral	4
34	wordNotInVocab	53
35	arabic1digit	1
35	what	2
35	ye	1
35	shore	2
35	but	3
35	lose	1
35	never	2
35	high	1
35	upon	2
35	interest	1
35	bear	1
35	where	1
35	should	1
35	known	1
35	poor	1
35	so	2
35	more	1
35	may	2
35	arabic3digit	1
35	will	2
35	hope	1
35	an	1
35	much	2
35	and	4
35	price	1
35	hand	1
35	that	2
35	else	1
35	again	1
35	way	1
35	left	1
35	her	1
35	to	5
35	day	1
35	his	2
35	placename	1
35	the	25
35	him	1
35	vain	2
35	from	1
35	up	2
35	you	2
35	was	3
35	or	1
35	worth	1
35	now	1
35	man	1
35	your	1
35	did	2
35	fear	1
35	their	2
35	such	1
35	is	1
35	better	1
35	peace	1
35	were	1
35	for	1
35	land	3
35	yet	1
35	why	2
35	#allcapswords	4
35	throne	1
35	out	1
35	most	1
35	notes	1
35	of	3
35	age	1
35	told	1
35	in	2
35	blood	1
35	proud	1
35	understand	1
35	which	1
35	yon	1
35	go	1
35	true	1
35	on	3
35	#sequentialcaps	6
35	#lines	25
35	#maxinitial	10
35	#caplines	24
35	#periods	4
35	#stdev	543
35	#maxpair	11
35	#commas	12
35	#endwpunct	21
35	#questionmarks	9
35	#exclamationpoints	3
35	#textlines	25
35	#endwnumeral	1
35	wordNotInVocab	61
36	let	1
36	sword	1
36	one	1
36	then	1
36	war	2
36	virtue	1
36	all	2
36	other	1
36	high	2
36	arabic2digit	1
36	love	1
36	has	1
36	had	1
36	so	2
36	country	1
36	their	9
36	ah	1
36	once	1
36	fortune	1
36	own	1
36	turn	2
36	hands	1
36	and	7
36	general	1
36	die	1
36	who	1
36	peace	1
36	still	1
36	ocean	1
36	spent	1
36	battle	1
36	placename	2
36	the	8
36	be	1
36	sent	1
36	was	2
36	live	1
36	by	2
36	made	1
36	now	1
36	year	2
36	are	2
36	in	2
36	they	8
36	gone	1
36	these	3
36	themselves	1
36	why	3
36	not	2
36	equal	1
36	for	5
36	personalname	1
36	its	1
36	out	1
36	see	1
36	of	7
36	arabic3digit	2
36	to	3
36	blood	1
36	#allcapswords	4
36	from	1
36	will	1
36	about	1
36	which	1
36	how	1
36	after	1
36	age	1
36	#sequentialcaps	3
36	#lines	25
36	#maxinitial	9
36	#quotations	2
36	#caplines	24
36	#periods	5
36	#stdev	970
36	#maxpair	11
36	#commas	18
36	#endwpunct	18
36	#questionmarks	5
36	#exclamationpoints	6
36	#textlines	25
36	#endwnumeral	3
36	wordNotInVocab	61
37	what	1
37	but	1
37	would	1
37	ill	1
37	paper	1
37	war	1
37	hast	1
37	these	1
37	where	1
37	have	2
37	of	3
37	all	1
37	while	1
37	fall	1
37	so	1
37	more	1
37	end	1
37	may	1
37	arabic3digit	1
37	dark	1
37	nation	1
37	state	1
37	one	1
37	good	1
37	another	1
37	placename	2
37	and	10
37	hill	1
37	#allcapswords	4
37	her	2
37	less	1
37	with	3
37	the	8
37	bid	2
37	up	1
37	even	1
37	you	1
37	a	3
37	was	1
37	or	2
37	by	1
37	your	1
37	now	1
37	for	2
37	are	1
37	thy	3
37	in	2
37	they	1
37	mother	1
37	rise	1
37	arabic2digit	3
37	propernoun	1
37	everything	1
37	such	1
37	joy	1
37	their	3
37	over	2
37	land	1
37	down	1
37	why	1
37	thou	3
37	common	1
37	gone	1
37	religion	2
37	to	3
37	blood	1
37	found	1
37	says	1
37	proud	1
37	at	1
37	church	2
37	on	1
37	being	1
37	like	1
37	go	1
37	no	1
37	age	1
37	when	1
37	#sequentialcaps	3
37	#lines	25
37	#maxinitial	8
37	#caplines	24
37	#periods	5
37	#stdev	951
37	#maxpair	9
37	#commas	38
37	#endwpunct	20
37	#questionmarks	4
37	#exclamationpoints	4
37	#textlines	25
37	#endwnumeral	3
37	wordNotInVocab	66
38	no	1
38	shore	1
38	through	1
38	but	1
38	lose	1
38	would	1
38	bid	1
38	world	1
38	paper	2
38	corn	1
38	justice	1
38	was	1
38	high	1
38	where	1
38	arabic2digit	1
38	there	1
38	all	2
38	wish	1
38	had	1
38	wines	1
38	so	1
38	more	1
38	their	3
38	us	1
38	arabic3digit	2
38	christian	1
38	fortune	1
38	not	2
38	while	1
38	ever	2
38	nor	1
38	behold	1
38	wise	1
38	turn	1
38	ready	1
38	peace	1
38	and	5
38	price	1
38	save	1
38	between	1
38	who	1
38	again	1
38	#allcapswords	5
38	her	2
38	to	6
38	that	1
38	his	1
38	placename	3
38	the	9
38	those	1
38	real	1
38	be	1
38	each	1
38	truth	1
38	might	1
38	let	1
38	or	6
38	rich	2
38	new	1
38	made	1
38	feel	1
38	in	4
38	till	1
38	propernoun	1
38	these	1
38	pride	1
38	is	1
38	than	1
38	were	1
38	indeed	1
38	land	2
38	thou	1
38	pray	1
38	full	1
38	romannumeral	1
38	of	9
38	break	1
38	it	1
38	gold	1
38	from	1
38	which	1
38	money	1
38	plays	1
38	go	1
38	how	1
38	age	1
38	own	1
38	#sequentialcaps	2
38	#lines	24
38	#maxinitial	7
38	#quotations	2
38	#caplines	23
38	#periods	5
38	#stdev	964
38	#maxpair	7
38	#startwrubric	1
38	#commas	20
38	#endwpunct	19
38	#questionmarks	2
38	#exclamationpoints	1
38	#textlines	24
38	#endwnumeral	3
38	wordNotInVocab	45
39	who	1
39	holy	1
39	alone	1
39	what	1
39	but	1
39	world	1
39	oh	1
39	two	3
39	congress	1
39	sight	1
39	where	1
39	arabic2digit	1
39	them	1
39	all	4
39	without	1
39	king	1
39	follow	1
39	with	3
39	more	1
39	arabic3digit	2
39	per	1
39	command	1
39	nor	1
39	every	1
39	spirit	1
39	and	5
39	things	1
39	dost	1
39	#allcapswords	5
39	her	1
39	less	1
39	placename	5
39	the	10
39	no	1
39	those	1
39	romans	1
39	each	1
39	a	3
39	new	1
39	your	1
39	thy	1
39	in	2
39	they	2
39	land	1
39	ye	1
39	these	3
39	their	6
39	old	1
39	now	1
39	tis	1
39	earth	1
39	than	1
39	not	4
39	royal	1
39	personalname	3
39	down	1
39	is	1
39	thou	1
39	keep	1
39	see	1
39	both	1
39	of	4
39	can	2
39	steel	1
39	people	1
39	to	5
39	good	1
39	that	1
39	gold	1
39	from	2
39	march	1
39	on	1
39	age	1
39	own	1
39	#sequentialcaps	5
39	#lines	25
39	#maxinitial	9
39	#quotations	6
39	#caplines	23
39	#periods	6
39	#stdev	595
39	#maxpair	9
39	#commas	17
39	#endwpunct	17
39	#questionmarks	2
39	#exclamationpoints	2
39	#textlines	25
39	#endwnumeral	2
39	wordNotInVocab	61
40	pope	1
40	moment	1
40	but	2
40	arabic2digit	1
40	while	1
40	oh	1
40	congress	1
40	received	1
40	sight	1
40	where	1
40	have	1
40	there	3
40	them	2
40	all	2
40	some	1
40	has	3
40	shore	1
40	with	1
40	more	1
40	their	2
40	ah	1
40	arabic3digit	2
40	romannumeral	2
40	at	2
40	ever	1
40	against	1
40	behold	1
40	stand	1
40	as	2
40	who	5
40	#allcapswords	8
40	to	5
40	strange	1
40	that	4
40	his	1
40	placename	1
40	the	10
40	those	1
40	written	1
40	him	1
40	this	1
40	could	2
40	you	1
40	a	4
40	or	1
40	books	1
40	new	1
40	now	1
40	are	1
40	thy	1
40	in	1
40	i	1
40	author	2
40	propernoun	1
40	said	1
40	is	2
40	than	1
40	not	3
40	cut	1
40	for	1
40	personalname	1
40	common	1
40	honour	1
40	of	8
40	show	1
40	authors	1
40	speak	1
40	favour	1
40	it	3
40	hearts	1
40	from	2
40	something	1
40	literary	1
40	power	1
40	age	1
40	on	1
40	#sequentialcaps	5
40	#lines	25
40	#maxinitial	5
40	#quotations	6
40	#caplines	18
40	#periods	7
40	#stdev	1166
40	#maxpair	7
40	#startwrubric	1
40	#commas	17
40	#endwpunct	15
40	#questionmarks	4
40	#exclamationpoints	3
40	#textlines	25
40	#endwnumeral	3
40	wordNotInVocab	63
41	what	1
41	quite	1
41	muse	1
41	war	1
41	that	1
41	daughter	2
41	sight	1
41	certain	1
41	did	1
41	arabic2digit	1
41	there	2
41	has	1
41	seen	1
41	hath	1
41	so	2
41	more	1
41	arabic3digit	2
41	eye	1
41	romannumeral	1
41	hope	1
41	ever	1
41	great	1
41	as	3
41	an	1
41	and	2
41	modern	1
41	young	1
41	worth	1
41	indeed	1
41	#allcapswords	6
41	she	1
41	enough	1
41	not	2
41	peace	1
41	placename	4
41	the	19
41	this	1
41	oh	1
41	could	2
41	be	1
41	a	3
41	or	1
41	queen	1
41	for	2
41	in	1
41	still	1
41	mother	1
41	rise	1
41	propernoun	1
41	boy	1
41	pride	1
41	foe	1
41	perhaps	1
41	imperial	3
41	again	1
41	thus	1
41	yet	2
41	he	2
41	hour	1
41	see	1
41	power	1
41	sure	1
41	of	11
41	can	1
41	to	5
41	alas	1
41	earth	1
41	almost	1
41	his	2
41	how	1
41	pale	1
41	age	1
41	pity	1
41	#sequentialcaps	7
41	#lines	24
41	#maxinitial	11
41	#quotations	6
41	#caplines	22
41	#periods	6
41	#stdev	848
41	#maxpair	12
41	#startwrubric	1
41	#commas	14
41	#endwpunct	18
41	#questionmarks	4
41	#exclamationpoints	2
41	#textlines	24
41	#endwnumeral	2
41	wordNotInVocab	43
42	what	1
42	appears	1
42	through	2
42	but	4
42	soon	1
42	was	1
42	these	1
42	grave	2
42	less	1
42	where	1
42	have	1
42	all	1
42	while	1
42	can	1
42	note	1
42	rules	1
42	new	1
42	had	1
42	more	2
42	court	1
42	their	2
42	hold	1
42	arabic3digit	3
42	yes	1
42	must	2
42	will	1
42	nor	1
42	is	2
42	and	4
42	still	2
42	time	1
42	her	9
42	to	3
42	his	1
42	placename	2
42	the	9
42	reign	1
42	those	1
42	or	1
42	vain	1
42	lord	1
42	a	3
42	st	1
42	by	2
42	only	1
42	eyes	1
42	red	1
42	in	4
42	wave	1
42	cold	1
42	he	1
42	hundred	1
42	comes	1
42	not	2
42	cut	1
42	personalname	4
42	southern	1
42	yet	3
42	#allcapswords	5
42	throne	1
42	place	1
42	she	6
42	of	5
42	could	1
42	half	1
42	that	1
42	no	3
42	from	2
42	whose	1
42	which	2
42	ere	2
42	though	1
42	if	1
42	right	1
42	do	1
42	husband	1
42	age	1
42	on	1
42	#sequentialcaps	2
42	#lines	25
42	#maxinitial	4
42	#caplines	24
42	#periods	5
42	#stdev	675
42	#maxpair	5
42	#commas	12
42	#endwpunct	13
42	#questionmarks	2
42	#exclamationpoints	7
42	#textlines	25
42	#endwnumeral	3
42	wordNotInVocab	55
43	but	2
43	have	1
43	muse	1
43	dream	1
43	reader	1
43	here	1
43	into	1
43	there	1
43	all	1
43	much	1
43	while	2
43	brother	1
43	with	1
43	city	1
43	so	2
43	human	1
43	their	2
43	s	1
43	arabic3digit	1
43	eye	1
43	romannumeral	1
43	my	1
43	own	1
43	propernoun	1
43	first	1
43	it	1
43	turn	1
43	every	1
43	as	2
43	and	4
43	i	3
43	wife	1
43	a	7
43	she	2
43	her	2
43	to	3
43	second	1
43	the	8
43	council	1
43	sir	1
43	was	2
43	are	1
43	end	1
43	in	3
43	we	1
43	perhaps	1
43	royal	1
43	for	1
43	personalname	3
43	yet	1
43	why	1
43	#allcapswords	9
43	men	1
43	common	1
43	you'll	1
43	see	1
43	of	4
43	home	1
43	this	1
43	come	1
43	that	1
43	proud	1
43	no	3
43	will	1
43	ere	1
43	if	1
43	age	1
43	when	1
43	#sequentialcaps	3
43	#lines	23
43	#maxinitial	5
43	#quotations	4
43	#caplines	20
43	#periods	7
43	#stdev	1570
43	#maxpair	9
43	#startwrubric	1
43	#commas	20
43	#endwpunct	17
43	#questionmarks	1
43	#exclamationpoints	7
43	#textlines	22
43	#endwnumeral	1
43	wordNotInVocab	55
44	#lines	1
44	#textlines	0
45	#lines	1
45	#textlines	0
