0	arabic1digit	1
0	p	1
0	#allcapswords	1
0	#lines	8
0	#quotations	1
0	#stdev	43
0	#endwpunct	1
0	#textlines	4
0	#endwnumeral	1
0	wordNotInVocab	1
1	congress	1
1	united	1
1	library	1
1	#allcapswords	8
1	j	1
1	placename	2
1	of	2
1	#sequentialcaps	2
1	#lines	37
1	#maxinitial	5
1	#caplines	4
1	#startwname	2
1	#periods	3
1	#stdev	628
1	#maxpair	7
1	#endwpunct	2
1	#textlines	16
1	wordNotInVocab	14
2	arabic1digit	1
2	s	1
2	propernoun	1
2	i	2
2	#allcapswords	3
2	romannumeral	2
2	w	1
2	#sequentialcaps	2
2	#lines	32
2	#maxinitial	4
2	#quotations	1
2	#caplines	5
2	#startwname	5
2	#periods	1
2	#stdev	1146
2	#maxpair	4
2	#commas	3
2	#endwpunct	1
2	#questionmarks	1
2	#exclamationpoints	2
2	#textlines	13
2	wordNotInVocab	13
3	#textlines	0
4	#textlines	0
5	#textlines	0
6	#textlines	0
7	#textlines	0
8	arabic1digit	1
8	the	1
8	for	1
8	north	1
8	from	1
8	arabic3digit	4
8	essays	1
8	practical	1
8	by	2
8	street	1
8	w	2
8	them	1
8	co	1
8	how	1
8	placename	2
8	#allcapswords	32
8	propernoun	1
8	fifth	1
8	and	4
8	edited	1
8	to	1
8	published	1
8	#sequentialcaps	3
8	#lines	30
8	#maxinitial	2
8	#caplines	14
8	#startwname	1
8	#periods	10
8	#stdev	1277
8	#maxpair	3
8	#startwrubric	6
8	#commas	6
8	#endwpunct	8
8	#textlines	15
8	#endwnumeral	1
8	wordNotInVocab	16
9	co	2
9	s	1
9	personalname	1
9	fell	1
9	#allcapswords	10
9	press	1
9	f	1
9	arabic4digit	1
9	arabic5+digit	1
9	by	1
9	w	1
9	of	1
9	placename	1
9	#sequentialcaps	1
9	#lines	13
9	#maxinitial	2
9	#caplines	5
9	#startwname	1
9	#periods	9
9	#stdev	704
9	#maxpair	2
9	#startwrubric	1
9	#commas	4
9	#endwpunct	7
9	#textlines	7
9	#endwnumeral	1
9	wordNotInVocab	6
10	arabic1digit	1
10	the	9
10	different	1
10	etc	2
10	contents	3
10	or	2
10	y	1
10	large	3
10	preface	1
10	red	2
10	in	3
10	arabic2digit	24
10	propernoun	4
10	of	11
10	heart	1
10	over	1
10	with	1
10	for	2
10	half	2
10	cattle	2
10	system	1
10	long	5
10	winter	1
10	them	1
10	garden	1
10	to	3
10	white	2
10	and	4
10	#allcapswords	2
10	ground	1
10	page	1
10	relative	1
10	romannumeral	1
10	how	3
10	#sequentialcaps	7
10	#lines	60
10	#maxinitial	6
10	#caplines	29
10	#startwname	2
10	#periods	45
10	#stdev	1764
10	#maxpair	7
10	#startwrubric	1
10	#commas	36
10	#endwpunct	1
10	#textlines	32
10	#endwnumeral	25
10	wordNotInVocab	69
11	white	2
11	crown	1
11	large	3
11	contents	3
11	or	3
11	new	1
11	golden	1
11	red	3
11	arabic2digit	32
11	propernoun	9
11	extra	1
11	imperial	2
11	for	2
11	personalname	1
11	romannumeral	1
11	long	4
11	early	1
11	op	2
11	of	4
11	half	1
11	lane	1
11	blood	1
11	and	1
11	page	1
11	#allcapswords	3
11	#sequentialcaps	3
11	#lines	67
11	#maxinitial	7
11	#caplines	34
11	#startwname	6
11	#periods	78
11	#stdev	1105
11	#maxpair	8
11	#commas	35
11	#endwpunct	1
11	#textlines	34
11	#endwnumeral	32
11	wordNotInVocab	64
12	white	6
12	golden	1
12	the	3
12	contents	3
12	romannumeral	1
12	long	1
12	early	1
12	or	2
12	red	2
12	page	1
12	arabic2digit	15
12	propernoun	1
12	german	1
12	#allcapswords	3
12	sweet	1
12	to	1
12	placename	1
12	#sequentialcaps	3
12	#lines	34
12	#maxinitial	4
12	#caplines	17
12	#startwname	1
12	#periods	10
12	#stdev	1028
12	#maxpair	7
12	#startwrubric	1
12	#commas	17
12	#textlines	17
12	#endwnumeral	15
12	wordNotInVocab	27
13	#textlines	0
14	essays	4
14	form	1
14	prince	1
14	but	2
14	also	1
14	cover	1
14	h	1
14	hence	1
14	them	2
14	all	1
14	f	1
14	while	1
14	is	2
14	fact	1
14	best	3
14	with	1
14	published	1
14	subjects	1
14	their	1
14	romannumeral	1
14	original	1
14	one	1
14	first	1
14	series	1
14	good	1
14	placename	4
14	and	9
14	annual	1
14	it	1
14	mr	2
14	#allcapswords	5
14	treatise	1
14	to	5
14	known	1
14	was	2
14	the	8
14	our	2
14	as	2
14	this	3
14	a	2
14	second	2
14	subject	2
14	preface	1
14	only	1
14	object	1
14	did	1
14	in	8
14	they	1
14	among	1
14	propernoun	2
14	we	3
14	these	4
14	d	1
14	four	1
14	information	1
14	hundred	1
14	not	2
14	were	2
14	for	5
14	personalname	2
14	are	1
14	e	1
14	little	2
14	practical	1
14	of	5
14	garden	1
14	received	1
14	that	1
14	arabic4digit	1
14	both	2
14	how	2
14	on	3
14	#sequentialcaps	1
14	#lines	28
14	#maxinitial	6
14	#quotations	2
14	#caplines	6
14	#startwname	1
14	#periods	11
14	#stdev	1199
14	#maxpair	6
14	#commas	15
14	#endwpunct	3
14	#textlines	24
14	wordNotInVocab	47
15	essays	2
15	our	2
15	different	1
15	this	1
15	other	1
15	the	5
15	be	1
15	also	1
15	readers	1
15	arabic4digit	1
15	subject	1
15	new	1
15	preface	1
15	are	1
15	w	1
15	in	1
15	list	1
15	books	1
15	have	1
15	propernoun	2
15	we	1
15	all	1
15	added	1
15	has	1
15	book	1
15	with	1
15	subjects	1
15	together	1
15	for	1
15	notes	1
15	carefully	1
15	important	1
15	will	1
15	little	1
15	of	4
15	as	2
15	an	1
15	however	1
15	placename	1
15	been	1
15	and	2
15	#allcapswords	2
15	foot	1
15	those	1
15	many	1
15	illustrated	1
15	to	1
15	arabic2digit	1
15	information	1
15	on	2
15	#sequentialcaps	1
15	#lines	15
15	#maxinitial	2
15	#caplines	3
15	#startwname	1
15	#periods	7
15	#stdev	1386
15	#maxpair	4
15	#startwrubric	1
15	#commas	10
15	#endwpunct	4
15	#textlines	12
15	#endwnumeral	1
15	wordNotInVocab	17
16	arabic1digit	1
16	but	1
16	cheap	1
16	low	1
16	eastern	3
16	also	1
16	where	1
16	have	2
16	of	11
16	with	1
16	new	1
16	without	1
16	so	1
16	more	1
16	their	1
16	once	1
16	will	1
16	per	3
16	while	1
16	required	1
16	one	2
16	ten	1
16	it	1
16	longer	1
16	placename	3
16	many	1
16	and	9
16	price	1
16	been	1
16	shall	1
16	#allcapswords	10
16	to	7
16	having	1
16	the	22
16	our	1
16	be	2
16	natural	1
16	a	6
16	years	1
16	in	6
16	at	2
16	west	1
16	is	1
16	than	1
16	for	2
16	land	3
16	thus	1
16	away	1
16	clear	1
16	them	2
16	can	1
16	return	1
16	reduced	1
16	that	2
16	no	1
16	from	2
16	which	1
16	being	1
16	most	1
16	how	1
16	on	4
16	#sequentialcaps	2
16	#lines	31
16	#maxinitial	3
16	#caplines	6
16	#periods	4
16	#stdev	1372
16	#maxpair	6
16	#startwrubric	1
16	#commas	13
16	#endwpunct	5
16	#textlines	25
16	#endwnumeral	1
16	wordNotInVocab	75
17	form	1
17	what	1
17	seen	1
17	would	1
17	various	1
17	attention	2
17	since	1
17	call	1
17	arabic2digit	1
17	all	1
17	has	2
17	forth	1
17	works	1
17	green	1
17	papers	1
17	subjects	1
17	their	3
17	return	1
17	and	11
17	will	1
17	per	4
17	one	3
17	last	1
17	cannot	1
17	worth	1
17	it	4
17	a	2
17	small	1
17	treatise	1
17	to	13
17	that	3
17	placename	2
17	the	21
17	our	3
17	or	1
17	system	2
17	this	4
17	by	3
17	be	4
17	set	1
17	standard	1
17	new	1
17	six	1
17	object	1
17	are	2
17	years	1
17	greatest	1
17	in	4
17	who	1
17	we	2
17	believe	2
17	hundred	1
17	over	1
17	for	3
17	land	3
17	is	3
17	cattle	1
17	important	1
17	long	1
17	winter	1
17	most	1
17	account	1
17	same	1
17	of	16
17	interest	1
17	means	1
17	course	1
17	still	1
17	been	1
17	#allcapswords	11
17	from	1
17	arabic4digit	1
17	money	1
17	how	1
17	on	3
17	#sequentialcaps	1
17	#lines	35
17	#maxinitial	8
17	#caplines	3
17	#periods	5
17	#stdev	1152
17	#maxpair	10
17	#startwrubric	1
17	#commas	14
17	#endwpunct	5
17	#textlines	31
17	wordNotInVocab	77
18	next	1
18	etc	1
18	same	1
18	condition	1
18	against	1
18	these	1
18	too	1
18	arabic2digit	1
18	action	1
18	of	15
18	given	1
18	while	1
18	with	4
18	so	1
18	as	3
18	their	2
18	winter	1
18	will	1
18	one	1
18	compared	1
18	alone	2
18	much	2
18	and	9
18	number	2
18	general	1
18	many	1
18	#allcapswords	14
18	use	1
18	to	5
18	the	24
18	less	1
18	this	1
18	be	4
18	each	1
18	natural	1
18	returned	1
18	a	4
18	or	2
18	rich	1
18	year	1
18	are	3
18	in	6
18	they	2
18	per	3
18	state	1
18	is	5
18	than	2
18	not	1
18	five	1
18	for	1
18	thus	2
18	kept	1
18	better	1
18	cattle	3
18	keep	1
18	free	1
18	argument	1
18	them	1
18	can	4
18	appearance	1
18	good	1
18	that	5
18	take	1
18	about	1
18	on	4
18	three	1
18	until	1
18	when	4
18	#sequentialcaps	1
18	#lines	36
18	#maxinitial	6
18	#quotations	2
18	#caplines	5
18	#periods	8
18	#stdev	960
18	#maxpair	8
18	#commas	17
18	#endwpunct	5
18	#textlines	31
18	#endwnumeral	1
18	wordNotInVocab	96
19	low	1
19	what	1
19	seen	1
19	etc	1
19	but	2
19	when	1
19	also	1
19	ground	1
19	makes	1
19	possible	3
19	only	1
19	these	1
19	large	2
19	arabic2digit	1
19	of	19
19	given	1
19	while	1
19	garden	3
19	has	1
19	known	1
19	best	1
19	with	2
19	various	1
19	as	3
19	well	1
19	will	1
19	an	1
19	believe	1
19	and	6
19	been	1
19	#allcapswords	25
19	to	7
19	that	2
19	the	22
19	him	1
19	this	2
19	be	3
19	a	3
19	second	1
19	or	1
19	by	1
19	rich	1
19	are	1
19	years	1
19	in	8
19	at	1
19	we	1
19	cents	1
19	such	1
19	within	1
19	is	2
19	not	1
19	five	1
19	for	2
19	on	3
19	cattle	4
19	keep	1
19	both	1
19	them	2
19	can	3
19	number	2
19	it	2
19	from	2
19	about	1
19	which	2
19	how	2
19	per	2
19	#sequentialcaps	3
19	#lines	39
19	#maxinitial	5
19	#caplines	7
19	#periods	6
19	#stdev	1248
19	#maxpair	5
19	#startwrubric	1
19	#commas	18
19	#endwpunct	6
19	#textlines	31
19	wordNotInVocab	92
20	some	2
20	large	1
20	etc	1
20	but	1
20	arabic2digit	1
20	ground	2
20	time	1
20	condition	2
20	especially	1
20	i	1
20	attention	1
20	upon	1
20	have	2
20	action	1
20	them	4
20	all	2
20	while	2
20	take	1
20	nearly	2
20	very	1
20	best	2
20	with	2
20	their	2
20	must	1
20	own	1
20	one	1
20	quite	1
20	who	1
20	an	1
20	and	7
20	been	1
20	#allcapswords	21
20	to	8
20	that	3
20	m	2
20	the	26
20	present	1
20	be	2
20	a	4
20	or	2
20	by	3
20	new	1
20	because	1
20	practice	1
20	are	4
20	rather	1
20	in	6
20	which	1
20	from	1
20	they	1
20	only	1
20	is	6
20	not	3
20	equal	1
20	for	5
20	land	1
20	cattle	1
20	deep	1
20	carefully	1
20	he	1
20	important	1
20	free	1
20	most	3
20	left	1
20	fine	2
20	of	18
20	garden	1
20	do	1
20	it	1
20	at	1
20	respect	1
20	union	1
20	if	1
20	flower	1
20	#sequentialcaps	2
20	#lines	37
20	#maxinitial	9
20	#caplines	5
20	#periods	9
20	#stdev	1099
20	#maxpair	9
20	#commas	23
20	#endwpunct	4
20	#textlines	33
20	#endwnumeral	1
20	wordNotInVocab	94
21	different	1
21	only	1
21	large	4
21	prove	1
21	arabic2digit	1
21	also	1
21	possible	1
21	rule	1
21	think	1
21	thus	1
21	never	1
21	other	2
21	low	1
21	into	1
21	if	1
21	where	2
21	have	2
21	them	1
21	given	1
21	seen	1
21	same	1
21	wish	1
21	cheaper	1
21	well	1
21	winter	1
21	taking	1
21	will	2
21	but	2
21	as	5
21	applied	1
21	would	3
21	and	7
21	price	2
21	it	5
21	#allcapswords	3
21	kinds	1
21	to	14
21	with	4
21	the	26
21	those	1
21	when	1
21	often	1
21	by	2
21	so	1
21	be	5
21	compared	1
21	thought	1
21	a	5
21	second	1
21	subject	1
21	taken	1
21	are	3
21	in	2
21	who	1
21	per	2
21	we	5
21	cow	1
21	such	1
21	you	2
21	is	9
21	than	1
21	not	2
21	matter	1
21	for	3
21	land	2
21	account	1
21	of	15
21	can	3
21	half	1
21	this	1
21	how	1
21	moral	1
21	good	2
21	favour	1
21	that	6
21	no	1
21	from	1
21	being	1
21	two	1
21	doubt	1
21	on	2
21	#lines	35
21	#maxinitial	7
21	#caplines	1
21	#periods	5
21	#stdev	778
21	#maxpair	9
21	#commas	24
21	#endwpunct	3
21	#textlines	32
21	wordNotInVocab	86
22	how	1
22	manner	1
22	also	1
22	same	1
22	have	1
22	than	2
22	any	1
22	should	1
22	if	1
22	arabic2digit	1
22	there	1
22	all	1
22	some	1
22	cow	1
22	green	2
22	best	2
22	with	2
22	must	1
22	more	1
22	especially	1
22	well	3
22	winter	1
22	them	2
22	but	2
22	required	1
22	think	1
22	first	2
22	known	1
22	alone	2
22	as	4
22	give	1
22	much	1
22	and	8
22	it	1
22	a	2
22	over	1
22	#allcapswords	11
22	use	1
22	to	6
22	the	26
22	this	2
22	many	1
22	even	1
22	be	5
22	natural	1
22	or	1
22	by	4
22	rich	3
22	she	1
22	done	1
22	in	6
22	they	3
22	we	2
22	off	1
22	such	2
22	state	2
22	only	1
22	is	5
22	better	1
22	not	3
22	for	2
22	land	1
22	kept	1
22	keep	1
22	place	1
22	free	1
22	most	1
22	so	2
22	of	8
22	can	3
22	that	4
22	from	1
22	which	1
22	on	2
22	added	1
22	an	1
22	do	2
22	when	1
22	#sequentialcaps	1
22	#lines	35
22	#maxinitial	5
22	#quotations	2
22	#caplines	5
22	#periods	9
22	#stdev	521
22	#maxpair	8
22	#commas	22
22	#endwpunct	4
22	#questionmarks	1
22	#textlines	30
22	#endwnumeral	1
22	wordNotInVocab	89
23	but	1
23	large	1
23	same	1
23	when	2
23	also	1
23	greater	1
23	have	1
23	time	1
23	condition	1
23	we	1
23	corn	1
23	interest	2
23	arabic2digit	1
23	while	2
23	some	1
23	very	1
23	with	1
23	so	1
23	more	3
23	winter	2
23	manner	1
23	will	2
23	think	1
23	just	1
23	as	1
23	many	2
23	and	9
23	that	1
23	to	6
23	his	2
23	the	26
23	our	1
23	this	3
23	be	4
23	each	1
23	a	3
23	or	2
23	by	2
23	purpose	1
23	engaged	1
23	only	1
23	are	1
23	much	1
23	they	1
23	right	1
23	these	1
23	felt	1
23	applied	1
23	is	4
23	again	1
23	than	1
23	not	1
23	for	5
23	land	2
23	together	1
23	he	1
23	part	2
23	use	3
23	must	2
23	of	14
23	can	1
23	less	1
23	in	7
23	it	2
23	small	1
23	#allcapswords	4
23	from	2
23	which	2
23	on	3
23	money	2
23	daily	1
23	how	1
23	her	1
23	own	1
23	#sequentialcaps	1
23	#lines	34
23	#maxinitial	5
23	#caplines	3
23	#periods	6
23	#stdev	1019
23	#maxpair	8
23	#commas	16
23	#endwpunct	5
23	#questionmarks	1
23	#textlines	30
23	wordNotInVocab	81
24	different	4
24	but	1
24	arabic2digit	7
24	ground	1
24	time	1
24	desire	1
24	until	1
24	soon	1
24	point	1
24	keep	1
24	should	1
24	if	2
24	have	2
24	there	1
24	all	1
24	while	1
24	fall	1
24	some	1
24	before	1
24	green	1
24	with	1
24	third	1
24	so	2
24	question	1
24	as	3
24	may	1
24	up	1
24	kept	1
24	ready	1
24	once	1
24	will	1
24	one	1
24	first	1
24	destroyed	1
24	and	7
24	worth	3
24	it	4
24	#allcapswords	15
24	relative	1
24	kinds	1
24	to	8
24	the	25
24	our	1
24	best	1
24	find	1
24	government	1
24	be	2
24	each	1
24	a	3
24	above	1
24	or	2
24	by	1
24	ourselves	1
24	are	6
24	in	5
24	at	3
24	valuable	1
24	we	1
24	spring	1
24	being	1
24	hundred	1
24	not	3
24	for	5
24	been	1
24	left	1
24	together	1
24	why	1
24	cattle	1
24	others	1
24	carefully	1
24	practical	1
24	most	1
24	winter	1
24	of	11
24	condition	3
24	good	3
24	taking	1
24	that	2
24	they	1
24	from	3
24	particular	1
24	is	2
24	second	1
24	several	1
24	early	1
24	when	1
24	use	1
24	per	2
24	#sequentialcaps	2
24	#lines	41
24	#maxinitial	5
24	#quotations	6
24	#caplines	9
24	#startwname	1
24	#periods	7
24	#stdev	839
24	#maxpair	9
24	#commas	22
24	#endwpunct	9
24	#questionmarks	1
24	#textlines	32
24	#endwnumeral	1
24	wordNotInVocab	76
25	only	1
25	what	1
25	large	1
25	but	2
25	arabic2digit	1
25	would	2
25	ground	4
25	time	1
25	possible	1
25	should	4
25	high	1
25	have	1
25	there	1
25	all	1
25	fall	1
25	has	2
25	required	1
25	nearly	1
25	with	1
25	so	2
25	hold	1
25	well	1
25	will	4
25	same	3
25	state	1
25	it	3
25	preparation	1
25	as	2
25	when	1
25	much	1
25	and	5
25	proper	1
25	number	1
25	young	2
25	danger	1
25	a	4
25	#allcapswords	10
25	enough	1
25	to	6
25	the	31
25	this	1
25	up	1
25	be	13
25	might	1
25	or	3
25	by	2
25	more	2
25	are	1
25	years	2
25	in	5
25	at	2
25	valuable	1
25	bed	1
25	is	3
25	than	1
25	not	2
25	for	5
25	land	1
25	kept	1
25	better	2
25	way	1
25	out	1
25	free	1
25	been	2
25	of	11
25	can	3
25	less	1
25	that	5
25	no	1
25	from	1
25	which	2
25	though	1
25	if	1
25	several	1
25	an	1
25	how	2
25	on	3
25	#sequentialcaps	2
25	#lines	36
25	#maxinitial	8
25	#caplines	3
25	#periods	7
25	#stdev	1049
25	#maxpair	8
25	#commas	11
25	#endwpunct	3
25	#textlines	31
25	wordNotInVocab	72
26	large	1
26	us	1
26	would	3
26	ground	2
26	horse	1
26	condition	2
26	possible	1
26	two	1
26	other	1
26	too	2
26	where	2
26	arabic2digit	1
26	there	1
26	all	1
26	fall	1
26	judgement	1
26	should	2
26	without	1
26	turn	1
26	very	1
26	some	1
26	summer	1
26	more	1
26	their	1
26	must	1
26	once	1
26	will	2
26	per	2
26	while	2
26	over	1
26	as	4
26	an	1
26	and	9
26	to	9
26	late	1
26	placename	1
26	with	4
26	the	20
26	this	2
26	even	1
26	be	6
26	each	1
26	a	5
26	or	4
26	rich	2
26	are	3
26	years	1
26	in	10
26	any	1
26	rule	1
26	applied	3
26	is	5
26	better	1
26	than	1
26	not	1
26	for	2
26	land	2
26	thus	2
26	good	3
26	carefully	1
26	long	1
26	then	1
26	of	16
26	ten	1
26	longer	1
26	it	3
26	#allcapswords	5
26	about	1
26	if	2
26	true	1
26	on	2
26	#sequentialcaps	3
26	#lines	37
26	#maxinitial	5
26	#caplines	5
26	#periods	6
26	#stdev	976
26	#maxpair	6
26	#commas	20
26	#endwpunct	6
26	#textlines	32
26	#endwnumeral	1
26	wordNotInVocab	94
27	further	1
27	bring	1
27	large	1
27	have	1
27	ground	3
27	when	1
27	time	1
27	condition	3
27	possible	2
27	either	1
27	should	3
27	too	2
27	break	1
27	arabic2digit	1
27	all	1
27	can	1
27	has	1
27	manner	1
27	best	1
27	with	2
27	do	1
27	their	1
27	well	1
27	ready	1
27	will	4
27	state	1
27	one	1
27	just	1
27	good	1
27	as	5
27	and	7
27	proper	1
27	new	1
27	without	1
27	#allcapswords	3
27	that	2
27	the	30
27	effect	1
27	this	2
27	from	1
27	up	2
27	be	11
27	a	7
27	or	4
27	by	1
27	rich	1
27	almost	1
27	now	1
27	strong	1
27	are	1
27	in	8
27	at	3
27	thousand	1
27	these	1
27	may	1
27	bed	1
27	four	1
27	applied	1
27	is	10
27	over	3
27	not	2
27	five	1
27	for	2
27	land	1
27	better	1
27	young	1
27	early	1
27	fine	1
27	of	6
27	garden	1
27	to	12
27	once	3
27	it	9
27	which	1
27	right	2
27	being	1
27	if	5
27	gone	1
27	until	2
27	how	1
27	hand	2
27	on	2
27	#sequentialcaps	2
27	#lines	36
27	#maxinitial	8
27	#caplines	4
27	#periods	6
27	#stdev	954
27	#maxpair	11
27	#commas	14
27	#endwpunct	4
27	#textlines	32
27	wordNotInVocab	78
28	bring	1
28	become	1
28	large	2
28	same	1
28	ground	2
28	condition	1
28	put	1
28	two	1
28	not	2
28	first	2
28	arabic2digit	1
28	should	5
28	into	2
28	enough	1
28	manner	1
28	best	1
28	with	1
28	so	1
28	may	3
28	well	2
28	must	1
28	will	3
28	three	2
28	case	1
28	kept	1
28	as	2
28	still	1
28	that	3
28	far	1
28	and	10
28	use	1
28	to	10
28	late	1
28	was	1
28	the	24
28	under	2
28	be	14
28	returned	1
28	a	3
28	second	1
28	or	3
28	taken	1
28	six	2
28	for	5
28	are	2
28	made	1
28	deep	1
28	in	12
28	they	2
28	eight	1
28	time	2
28	any	1
28	these	1
28	their	1
28	such	1
28	four	1
28	is	3
28	over	1
28	five	1
28	placed	1
28	proper	1
28	land	2
28	early	1
28	#allcapswords	5
28	out	1
28	used	2
28	account	1
28	then	2
28	of	7
28	can	2
28	once	1
28	it	6
28	where	2
28	from	2
28	which	1
28	though	1
28	if	2
28	until	3
28	#sequentialcaps	2
28	#lines	37
28	#maxinitial	7
28	#caplines	4
28	#periods	7
28	#stdev	757
28	#maxpair	7
28	#commas	14
28	#endwpunct	7
28	#textlines	32
28	#endwnumeral	1
28	wordNotInVocab	81
29	who	1
29	but	1
29	bring	1
29	least	1
29	how	1
29	cheaper	1
29	large	1
29	etc	1
29	arabic2digit	1
29	enough	1
29	get	1
29	time	1
29	only	2
29	two	1
29	order	1
29	should	5
29	much	2
29	fall	1
29	has	1
29	out	1
29	with	3
29	so	2
29	more	1
29	as	3
29	well	1
29	an	2
29	will	1
29	break	1
29	per	2
29	one	2
29	first	2
29	run	1
29	every	1
29	returned	1
29	is	5
29	ground	1
29	it	4
29	save	1
29	and	11
29	use	2
29	have	1
29	style	1
29	the	26
29	row	2
29	this	1
29	up	1
29	could	1
29	be	6
29	elements	1
29	a	8
29	second	1
29	or	2
29	by	3
29	purpose	1
29	about	1
29	for	1
29	line	1
29	works	1
29	in	7
29	at	1
29	plain	1
29	off	1
29	these	1
29	they	1
29	spring	1
29	its	2
29	state	1
29	applied	3
29	hundred	2
29	over	2
29	not	4
29	proper	1
29	thousand	1
29	down	1
29	#allcapswords	10
29	early	1
29	used	1
29	of	8
29	can	1
29	half	1
29	to	12
29	that	2
29	small	1
29	long	1
29	if	1
29	both	1
29	when	2
29	three	1
29	#lines	35
29	#maxinitial	6
29	#caplines	3
29	#periods	7
29	#stdev	941
29	#maxpair	11
29	#commas	15
29	#endwpunct	6
29	#textlines	31
29	wordNotInVocab	79
30	who	1
30	but	2
30	take	1
30	when	2
30	would	4
30	whole	1
30	time	1
30	horse	1
30	two	2
30	other	1
30	just	1
30	where	2
30	arabic2digit	1
30	should	2
30	while	1
30	some	1
30	has	1
30	nearly	1
30	one	2
30	with	3
30	so	1
30	will	1
30	any	1
30	open	1
30	following	1
30	think	1
30	great	1
30	run	1
30	along	1
30	i	1
30	as	5
30	an	1
30	much	1
30	and	8
30	proper	2
30	reason	1
30	hand	3
30	save	1
30	way	1
30	to	8
30	that	4
30	having	1
30	the	22
30	row	2
30	or	6
30	this	1
30	even	2
30	be	13
30	each	2
30	distance	1
30	a	6
30	by	3
30	made	1
30	for	4
30	are	3
30	done	2
30	in	10
30	at	3
30	far	1
30	per	2
30	we	1
30	four	1
30	only	1
30	is	6
30	not	2
30	five	1
30	places	1
30	been	1
30	its	1
30	better	1
30	#allcapswords	5
30	place	2
30	long	1
30	feet	1
30	can	4
30	used	1
30	of	7
30	garden	1
30	could	1
30	half	1
30	good	1
30	it	2
30	small	1
30	no	1
30	foot	1
30	line	1
30	on	2
30	arabic1digit	4
30	see	1
30	#sequentialcaps	3
30	#lines	39
30	#maxinitial	7
30	#quotations	6
30	#caplines	6
30	#periods	9
30	#stdev	992
30	#maxpair	12
30	#commas	15
30	#endwpunct	7
30	#textlines	33
30	#endwnumeral	1
30	wordNotInVocab	83
31	large	3
31	but	2
31	arabic2digit	1
31	enough	1
31	time	1
31	does	1
31	those	1
31	contains	1
31	soon	1
31	where	3
31	should	4
31	given	1
31	down	1
31	while	1
31	room	1
31	has	1
31	seen	1
31	required	1
31	nearly	2
31	best	1
31	with	3
31	so	1
31	more	2
31	except	1
31	hold	1
31	well	1
31	must	2
31	will	1
31	into	1
31	one	2
31	run	1
31	stand	1
31	first	1
31	as	9
31	much	1
31	and	10
31	done	1
31	young	1
31	it	3
31	a	3
31	#allcapswords	4
31	kinds	2
31	to	11
31	that	2
31	five	1
31	the	24
31	row	2
31	air	1
31	take	1
31	would	1
31	up	2
31	be	12
31	hand	1
31	greater	1
31	by	1
31	purpose	1
31	taken	1
31	six	1
31	are	3
31	possible	1
31	fine	1
31	in	3
31	they	3
31	gone	1
31	eight	1
31	valuable	1
31	we	1
31	off	1
31	four	1
31	is	5
31	over	1
31	not	2
31	for	5
31	kept	1
31	practical	1
31	account	1
31	of	5
31	can	3
31	third	1
31	been	1
31	small	2
31	from	1
31	about	3
31	if	2
31	until	1
31	how	1
31	deep	1
31	three	1
31	#sequentialcaps	1
31	#lines	36
31	#maxinitial	6
31	#caplines	3
31	#periods	7
31	#stdev	1129
31	#maxpair	7
31	#startwrubric	1
31	#commas	15
31	#endwpunct	3
31	#textlines	32
31	wordNotInVocab	80
32	ground	1
32	but	2
32	enough	1
32	horse	2
32	two	1
32	all	1
32	too	1
32	cast	1
32	another	1
32	arabic2digit	1
32	them	3
32	should	2
32	made	1
32	some	1
32	has	1
32	where	1
32	best	2
32	with	2
32	so	1
32	more	1
32	well	2
32	could	3
32	once	1
32	without	1
32	one	4
32	side	1
32	fourth	1
32	as	6
32	much	1
32	cannot	1
32	young	4
32	sometimes	1
32	and	6
32	danger	1
32	#allcapswords	6
32	to	4
32	that	4
32	have	1
32	the	22
32	when	1
32	this	4
32	by	3
32	up	1
32	be	8
32	hand	2
32	a	4
32	was	7
32	or	2
32	out	1
32	almost	1
32	done	2
32	in	7
32	they	3
32	situation	1
32	soon	1
32	only	1
32	is	3
32	method	1
32	than	1
32	were	6
32	for	3
32	together	1
32	away	1
32	place	1
32	several	1
32	left	1
32	little	1
32	years	1
32	must	1
32	of	5
32	third	1
32	it	1
32	at	1
32	from	2
32	long	1
32	late	1
32	which	1
32	if	1
32	until	1
32	on	2
32	power	1
32	#sequentialcaps	3
32	#lines	36
32	#maxinitial	5
32	#caplines	4
32	#periods	7
32	#stdev	821
32	#maxpair	9
32	#startwrubric	1
32	#commas	14
32	#endwpunct	3
32	#textlines	31
32	#endwnumeral	1
32	wordNotInVocab	78
33	crown	1
33	them	1
33	off	1
33	seen	1
33	but	1
33	would	1
33	especially	1
33	very	1
33	other	2
33	high	1
33	less	1
33	where	2
33	arabic2digit	1
33	make	1
33	without	1
33	green	1
33	best	1
33	manner	1
33	with	1
33	so	1
33	more	1
33	among	1
33	well	3
33	winter	1
33	will	5
33	great	1
33	first	1
33	kept	1
33	as	1
33	many	1
33	and	9
33	proper	1
33	greatest	1
33	that	4
33	save	1
33	#allcapswords	4
33	left	1
33	use	1
33	to	8
33	the	23
33	when	3
33	this	1
33	from	2
33	be	4
33	hand	2
33	distance	1
33	a	6
33	date	1
33	or	3
33	by	1
33	rich	1
33	now	1
33	only	1
33	in	5
33	they	8
33	valuable	1
33	we	1
33	these	1
33	state	2
33	not	2
33	cut	1
33	for	4
33	better	1
33	are	6
33	keep	3
33	out	1
33	most	1
33	of	8
33	can	2
33	cannot	1
33	how	1
33	it	4
33	at	1
33	which	3
33	is	3
33	if	2
33	after	1
33	until	1
33	do	3
33	on	3
33	#sequentialcaps	1
33	#lines	35
33	#maxinitial	4
33	#caplines	3
33	#periods	8
33	#stdev	1058
33	#maxpair	7
33	#startwrubric	1
33	#commas	13
33	#endwpunct	4
33	#textlines	31
33	wordNotInVocab	78
34	large	2
34	but	2
34	arabic2digit	1
34	would	3
34	ground	1
34	become	1
34	row	1
34	we	3
34	other	1
34	too	2
34	where	1
34	while	1
34	nearly	1
34	case	1
34	so	2
34	four	1
34	well	1
34	original	1
34	any	1
34	against	1
34	first	1
34	preparation	1
34	and	6
34	that	2
34	#allcapswords	5
34	use	1
34	to	4
34	the	15
34	our	1
34	when	1
34	this	1
34	even	1
34	be	2
34	each	1
34	a	3
34	above	1
34	rich	1
34	in	3
34	soon	1
34	light	1
34	is	3
34	not	3
34	five	1
34	matter	1
34	for	8
34	together	1
34	its	1
34	out	1
34	early	2
34	kinds	2
34	of	6
34	can	2
34	it	3
34	small	2
34	june	1
34	almost	1
34	three	1
34	until	1
34	before	1
34	own	1
34	#lines	23
34	#maxinitial	6
34	#caplines	2
34	#periods	4
34	#stdev	1049
34	#maxpair	6
34	#commas	13
34	#endwpunct	4
34	#textlines	20
34	#endwnumeral	1
34	wordNotInVocab	51
35	the	3
35	#allcapswords	16
35	and	2
35	long	2
35	a	1
35	early	1
35	fine	1
35	of	2
35	half	1
35	are	1
35	arabic2digit	1
35	this	1
35	is	2
35	both	1
35	foe	1
35	very	1
35	#sequentialcaps	3
35	#lines	14
35	#maxinitial	3
35	#caplines	6
35	#periods	5
35	#stdev	1920
35	#maxpair	3
35	#startwrubric	1
35	#commas	4
35	#endwpunct	5
35	#questionmarks	1
35	#textlines	8
35	#endwnumeral	1
35	wordNotInVocab	20
36	form	1
36	large	2
36	also	1
36	two	1
36	times	1
36	well	1
36	arabic2digit	1
36	has	1
36	without	1
36	length	4
36	very	3
36	coloured	1
36	one	1
36	old	2
36	as	1
36	much	1
36	and	8
36	always	1
36	young	1
36	#allcapswords	12
36	use	2
36	sort	1
36	excellent	2
36	the	15
36	this	2
36	though	1
36	up	1
36	a	10
36	or	1
36	rich	2
36	new	1
36	six	1
36	red	1
36	in	4
36	generally	1
36	state	1
36	only	1
36	is	8
36	than	1
36	field	1
36	by	1
36	for	6
36	land	1
36	its	3
36	long	3
36	early	1
36	fine	1
36	of	14
36	to	5
36	good	2
36	it	8
36	from	2
36	about	2
36	which	1
36	being	3
36	three	1
36	table	2
36	on	1
36	#sequentialcaps	2
36	#lines	36
36	#maxinitial	6
36	#caplines	7
36	#startwname	1
36	#periods	14
36	#stdev	1186
36	#maxpair	7
36	#commas	16
36	#endwpunct	9
36	#textlines	30
36	#endwnumeral	1
36	wordNotInVocab	87
37	form	1
37	large	2
37	same	1
37	also	1
37	makes	1
37	does	1
37	condition	1
37	especially	1
37	arabic2digit	1
37	bright	1
37	known	1
37	length	1
37	very	1
37	with	1
37	under	1
37	among	1
37	well	2
37	will	1
37	source	1
37	as	2
37	an	1
37	kind	1
37	and	7
37	who	1
37	#allcapswords	19
37	considered	1
37	that	2
37	his	1
37	the	15
37	this	4
37	a	2
37	dark	1
37	by	1
37	rich	2
37	which	1
37	now	1
37	but	1
37	popular	1
37	in	4
37	greatest	1
37	valuable	1
37	their	1
37	its	1
37	is	9
37	not	1
37	s	1
37	personalname	1
37	long	4
37	of	11
37	red	2
37	any	1
37	half	2
37	to	5
37	it	4
37	from	2
37	name	1
37	short	1
37	per	2
37	#sequentialcaps	3
37	#lines	55
37	#maxinitial	5
37	#quotations	2
37	#caplines	13
37	#startwname	6
37	#periods	10
37	#stdev	1281
37	#maxpair	6
37	#startwrubric	1
37	#commas	15
37	#endwpunct	6
37	#textlines	41
37	#endwnumeral	1
37	wordNotInVocab	75
38	white	4
38	large	3
38	but	3
38	arabic2digit	1
38	does	1
38	especially	1
38	two	1
38	break	1
38	deep	3
38	while	1
38	below	1
38	length	3
38	very	4
38	more	1
38	well	1
38	beneath	1
38	same	1
38	one	1
38	great	2
38	also	1
38	kind	1
38	and	4
38	#allcapswords	10
38	use	1
38	to	5
38	that	2
38	above	1
38	the	15
38	it	4
38	as	3
38	this	3
38	pure	1
38	a	7
38	or	1
38	rich	2
38	point	1
38	are	1
38	in	7
38	at	1
38	eight	1
38	four	1
38	is	9
38	not	2
38	five	1
38	equal	1
38	for	4
38	its	1
38	fine	1
38	winter	1
38	of	4
38	good	1
38	sometimes	1
38	from	2
38	about	2
38	which	1
38	table	1
38	when	1
38	#sequentialcaps	2
38	#lines	40
38	#maxinitial	7
38	#caplines	6
38	#startwname	1
38	#periods	11
38	#stdev	1283
38	#maxpair	8
38	#commas	19
38	#endwpunct	6
38	#textlines	32
38	#endwnumeral	1
38	wordNotInVocab	67
39	white	3
39	large	3
39	arabic2digit	1
39	especially	1
39	soon	1
39	other	1
39	upon	2
39	deep	1
39	there	1
39	while	2
39	below	1
39	make	1
39	green	2
39	length	3
39	more	1
39	close	1
39	will	1
39	respect	1
39	one	4
39	an	1
39	kind	1
39	and	5
39	it	3
39	#allcapswords	9
39	to	4
39	the	15
39	row	1
39	this	5
39	be	1
39	hand	1
39	a	9
39	above	3
39	or	1
39	by	1
39	in	3
39	any	1
39	light	1
39	excellent	1
39	only	1
39	is	11
39	than	1
39	not	1
39	for	1
39	leaves	1
39	its	5
39	cattle	1
39	long	1
39	of	9
39	can	1
39	third	1
39	side	1
39	good	1
39	that	2
39	from	1
39	about	2
39	which	3
39	if	2
39	placename	1
39	french	1
39	pale	1
39	#sequentialcaps	1
39	#lines	42
39	#maxinitial	4
39	#caplines	8
39	#periods	10
39	#stdev	1051
39	#maxpair	6
39	#startwrubric	1
39	#commas	15
39	#endwpunct	5
39	#textlines	35
39	#endwnumeral	1
39	wordNotInVocab	72
40	arabic1digit	1
40	large	2
40	arabic2digit	1
40	there	1
40	them	1
40	should	1
40	often	1
40	seen	1
40	length	2
40	very	3
40	with	1
40	four	2
40	well	1
40	leaves	1
40	will	3
40	three	1
40	as	3
40	danger	1
40	and	6
40	to	1
40	few	1
40	placename	1
40	the	9
40	this	2
40	be	2
40	each	1
40	a	7
40	or	4
40	new	1
40	six	1
40	heart	1
40	are	1
40	in	3
40	at	2
40	light	2
40	is	7
40	comes	1
40	five	2
40	for	3
40	its	1
40	#allcapswords	9
40	fine	1
40	of	5
40	it	4
40	small	1
40	from	2
40	which	1
40	before	1
40	when	3
40	#sequentialcaps	2
40	#lines	30
40	#maxinitial	4
40	#caplines	4
40	#startwname	2
40	#periods	9
40	#stdev	1681
40	#maxpair	5
40	#commas	11
40	#endwpunct	4
40	#textlines	21
40	#endwnumeral	2
40	wordNotInVocab	59
41	large	1
41	but	1
41	tender	2
41	also	1
41	two	1
41	all	1
41	sweet	1
41	very	5
41	leaves	1
41	three	1
41	great	1
41	as	1
41	length	2
41	kind	1
41	and	8
41	#allcapswords	9
41	use	1
41	to	5
41	few	1
41	excellent	1
41	the	15
41	row	1
41	this	1
41	be	1
41	a	2
41	rich	1
41	only	1
41	are	3
41	red	1
41	in	3
41	at	2
41	arabic2digit	1
41	valuable	1
41	is	5
41	not	1
41	for	5
41	its	2
41	free	1
41	fine	1
41	of	7
41	ten	1
41	good	1
41	it	2
41	small	2
41	they	2
41	from	3
41	appearance	1
41	being	2
41	table	1
41	on	1
41	#sequentialcaps	2
41	#lines	36
41	#maxinitial	7
41	#caplines	4
41	#periods	10
41	#stdev	1164
41	#maxpair	11
41	#commas	13
41	#endwpunct	5
41	#textlines	29
41	#endwnumeral	1
41	wordNotInVocab	47
42	white	1
42	what	1
42	large	2
42	us	1
42	also	1
42	whole	1
42	either	1
42	attention	1
42	call	1
42	there	1
42	of	14
42	into	1
42	some	1
42	has	3
42	seen	1
42	without	1
42	nearly	2
42	very	2
42	best	1
42	with	1
42	question	1
42	their	1
42	taking	1
42	will	1
42	#allcapswords	10
42	per	1
42	wish	1
42	known	1
42	poor	1
42	as	1
42	length	1
42	much	1
42	between	1
42	that	3
42	and	7
42	kinds	1
42	to	4
42	name	1
42	the	26
42	this	1
42	under	3
42	be	4
42	a	4
42	or	2
42	by	2
42	rich	1
42	which	5
42	only	1
42	are	2
42	in	2
42	asked	1
42	arabic2digit	1
42	valuable	1
42	we	1
42	these	3
42	light	1
42	they	4
42	is	7
42	than	1
42	for	5
42	object	1
42	its	1
42	making	1
42	most	1
42	them	1
42	can	2
42	been	1
42	no	1
42	from	1
42	doubt	1
42	#sequentialcaps	2
42	#lines	36
42	#maxinitial	7
42	#quotations	3
42	#caplines	7
42	#startwname	1
42	#periods	6
42	#stdev	1034
42	#maxpair	10
42	#startwrubric	1
42	#commas	14
42	#endwpunct	5
42	#questionmarks	1
42	#textlines	31
42	#endwnumeral	1
42	wordNotInVocab	91
43	form	1
43	what	1
43	large	3
43	same	1
43	have	1
43	ground	1
43	time	1
43	does	1
43	condition	1
43	rule	1
43	never	1
43	upon	1
43	where	1
43	arabic2digit	1
43	there	1
43	should	3
43	while	1
43	has	1
43	distance	1
43	known	1
43	very	1
43	best	1
43	with	2
43	more	1
43	close	1
43	must	1
43	them	1
43	three	1
43	one	1
43	think	2
43	but	2
43	as	6
43	its	1
43	would	2
43	much	2
43	and	7
43	kind	1
43	between	1
43	been	1
43	#allcapswords	2
43	to	3
43	that	2
43	having	1
43	the	28
43	our	1
43	this	2
43	be	9
43	each	1
43	will	1
43	a	2
43	above	1
43	or	1
43	by	2
43	rich	1
43	taken	1
43	only	1
43	are	2
43	made	2
43	done	1
43	in	6
43	they	2
43	we	6
43	these	1
43	together	1
43	spring	1
43	such	1
43	is	3
43	not	4
43	general	1
43	for	1
43	thus	1
43	early	3
43	least	1
43	of	15
43	can	4
43	course	1
43	longer	1
43	it	3
43	at	1
43	from	1
43	june	1
43	which	5
43	clear	1
43	if	2
43	own	1
43	table	1
43	do	2
43	say	1
43	per	2
43	#sequentialcaps	1
43	#lines	34
43	#maxinitial	5
43	#caplines	2
43	#periods	5
43	#stdev	611
43	#maxpair	9
43	#commas	16
43	#endwpunct	3
43	#textlines	32
43	wordNotInVocab	90
44	quite	1
44	fine	1
44	ground	1
44	remarkable	1
44	too	1
44	where	1
44	arabic2digit	1
44	should	2
44	large	2
44	manner	1
44	length	1
44	more	1
44	their	1
44	and	6
44	winter	1
44	first	1
44	selected	1
44	as	3
44	an	2
44	much	1
44	young	1
44	it	1
44	#allcapswords	19
44	considered	1
44	to	2
44	day	1
44	late	2
44	excellent	1
44	the	15
44	row	1
44	when	2
44	this	2
44	be	5
44	a	5
44	above	1
44	taken	1
44	are	3
44	done	2
44	in	3
44	care	1
44	is	8
44	than	1
44	not	2
44	for	6
44	its	1
44	cattle	1
44	carefully	1
44	out	1
44	early	2
44	of	7
44	can	2
44	good	2
44	blood	3
44	that	1
44	small	1
44	from	2
44	long	2
44	which	1
44	free	1
44	being	1
44	if	2
44	both	1
44	table	2
44	before	1
44	on	1
44	#sequentialcaps	4
44	#lines	44
44	#maxinitial	6
44	#caplines	9
44	#startwname	1
44	#periods	11
44	#stdev	1366
44	#maxpair	7
44	#startwrubric	1
44	#commas	12
44	#endwpunct	11
44	#textlines	35
44	#endwnumeral	1
44	wordNotInVocab	69
45	white	2
45	ten	1
45	large	4
45	same	1
45	tender	1
45	all	1
45	deep	2
45	arabic2digit	1
45	should	1
45	while	1
45	earliest	1
45	make	1
45	length	1
45	very	3
45	summer	1
45	so	1
45	various	1
45	well	1
45	ready	1
45	sweet	1
45	will	2
45	have	1
45	as	2
45	and	5
45	#allcapswords	16
45	to	2
45	second	1
45	with	1
45	the	18
45	when	1
45	this	1
45	from	2
45	be	3
45	a	5
45	or	1
45	rich	1
45	june	1
45	for	1
45	red	2
45	almost	1
45	valuable	1
45	these	1
45	is	5
45	than	2
45	not	1
45	s	1
45	been	1
45	keep	1
45	long	2
45	carefully	1
45	kinds	1
45	fine	1
45	winter	2
45	of	9
45	can	1
45	half	2
45	in	1
45	blood	2
45	it	3
45	small	1
45	about	3
45	which	1
45	being	1
45	if	1
45	original	1
45	table	1
45	do	1
45	use	1
45	#sequentialcaps	3
45	#lines	39
45	#maxinitial	6
45	#caplines	9
45	#startwname	2
45	#periods	12
45	#stdev	1263
45	#maxpair	9
45	#commas	15
45	#endwpunct	10
45	#textlines	32
45	#endwnumeral	1
45	wordNotInVocab	62
46	white	1
46	what	1
46	same	1
46	form	1
46	high	1
46	while	2
46	rose	1
46	nearly	2
46	very	1
46	coloured	1
46	so	2
46	containing	1
46	close	1
46	four	1
46	and	6
46	will	1
46	per	1
46	known	1
46	as	5
46	would	2
46	much	1
46	it	1
46	st	1
46	small	1
46	relative	1
46	kinds	1
46	to	3
46	placename	1
46	the	16
46	this	3
46	under	2
46	be	1
46	a	5
46	or	1
46	point	1
46	taken	1
46	red	1
46	in	9
46	they	1
46	arabic2digit	1
46	propernoun	1
46	being	1
46	is	9
46	not	1
46	for	2
46	#allcapswords	8
46	of	9
46	can	1
46	ten	1
46	good	1
46	lost	1
46	that	4
46	at	1
46	from	1
46	about	4
46	do	1
46	three	2
46	#sequentialcaps	1
46	#lines	39
46	#maxinitial	8
46	#caplines	6
46	#startwname	1
46	#periods	11
46	#stdev	1125
46	#maxpair	11
46	#startwrubric	1
46	#commas	16
46	#endwpunct	6
46	#textlines	34
46	#endwnumeral	1
46	wordNotInVocab	89
47	imperial	1
47	equal	1
47	for	1
47	this	1
47	#allcapswords	18
47	the	4
47	will	1
47	most	2
47	new	1
47	of	4
47	golden	1
47	as	2
47	popular	1
47	lane	2
47	it	1
47	and	2
47	arabic2digit	1
47	in	1
47	while	1
47	to	1
47	is	1
47	best	1
47	#sequentialcaps	1
47	#lines	16
47	#maxinitial	2
47	#caplines	6
47	#periods	3
47	#stdev	1413
47	#maxpair	3
47	#commas	2
47	#endwpunct	3
47	#textlines	10
47	wordNotInVocab	24
48	white	1
48	large	2
48	but	1
48	tender	1
48	able	1
48	sheep	1
48	contains	1
48	other	2
48	high	2
48	deep	1
48	where	1
48	arabic2digit	1
48	has	1
48	sweet	1
48	chapter	1
48	per	3
48	one	1
48	as	5
48	also	1
48	much	1
48	very	3
48	price	1
48	page	1
48	considered	1
48	and	9
48	kinds	1
48	to	5
48	that	2
48	placename	1
48	the	10
48	our	1
48	when	1
48	this	5
48	condition	1
48	a	8
48	by	2
48	rich	2
48	new	1
48	are	3
48	water	1
48	in	3
48	at	1
48	list	1
48	eight	1
48	far	1
48	any	1
48	cents	1
48	state	1
48	only	1
48	is	9
48	than	3
48	not	1
48	five	1
48	golden	3
48	for	5
48	its	2
48	better	2
48	#allcapswords	14
48	important	1
48	free	1
48	most	1
48	see	2
48	fine	1
48	of	14
48	arabic3digit	1
48	it	3
48	small	1
48	they	1
48	from	3
48	appearance	1
48	arabic4digit	2
48	which	1
48	if	1
48	on	6
48	#sequentialcaps	2
48	#lines	35
48	#maxinitial	4
48	#caplines	6
48	#periods	13
48	#stdev	523
48	#maxpair	7
48	#commas	15
48	#endwpunct	7
48	#exclamationpoints	1
48	#textlines	31
48	#endwnumeral	1
48	wordNotInVocab	95
49	seen	1
49	greater	1
49	row	1
49	where	1
49	arabic2digit	1
49	of	12
49	has	1
49	very	2
49	summer	1
49	every	1
49	an	2
49	will	2
49	per	1
49	great	1
49	as	5
49	number	1
49	that	1
49	and	5
49	left	1
49	to	2
49	far	1
49	placename	2
49	with	1
49	the	13
49	times	1
49	sheep	1
49	this	2
49	be	3
49	a	2
49	or	1
49	new	2
49	others	1
49	in	4
49	is	6
49	close	1
49	than	1
49	bright	1
49	together	1
49	its	2
49	#allcapswords	13
49	other	1
49	most	1
49	account	1
49	fine	1
49	them	1
49	can	2
49	out	1
49	it	8
49	says	1
49	at	2
49	from	1
49	which	1
49	therefore	1
49	before	1
49	on	1
49	#sequentialcaps	1
49	#lines	39
49	#maxinitial	4
49	#quotations	1
49	#caplines	7
49	#periods	8
49	#stdev	1429
49	#maxpair	5
49	#commas	15
49	#endwpunct	4
49	#textlines	32
49	#endwnumeral	1
49	wordNotInVocab	75
50	having	1
50	the	2
50	this	2
50	under	1
50	be	1
50	would	1
50	by	1
50	only	1
50	many	1
50	high	1
50	years	1
50	description	1
50	where	1
50	large	2
50	arabic2digit	1
50	from	1
50	we	1
50	all	1
50	has	2
50	four	1
50	very	2
50	best	1
50	for	3
50	its	1
50	#allcapswords	13
50	per	2
50	one	1
50	of	4
50	can	1
50	good	1
50	been	3
50	and	2
50	in	1
50	it	4
50	is	2
50	both	1
50	to	1
50	that	2
50	placename	1
50	#sequentialcaps	1
50	#lines	20
50	#maxinitial	3
50	#quotations	1
50	#caplines	5
50	#periods	6
50	#stdev	1338
50	#maxpair	3
50	#commas	3
50	#endwpunct	5
50	#textlines	13
50	#endwnumeral	1
50	wordNotInVocab	35
51	white	1
51	seen	1
51	but	3
51	would	1
51	does	1
51	remarkable	1
51	different	1
51	where	1
51	arabic2digit	1
51	them	1
51	all	1
51	can	1
51	large	3
51	make	1
51	green	2
51	length	2
51	very	5
51	with	3
51	so	1
51	easy	1
51	their	1
51	well	1
51	will	2
51	one	1
51	leaves	1
51	as	7
51	an	2
51	many	1
51	and	9
51	bright	1
51	#allcapswords	11
51	use	1
51	to	4
51	excellent	1
51	the	17
51	this	2
51	from	1
51	be	2
51	a	5
51	above	1
51	or	2
51	by	2
51	man	1
51	are	5
51	red	1
51	in	4
51	mode	1
51	per	1
51	light	1
51	generally	1
51	is	11
51	over	1
51	not	3
51	adapted	1
51	matter	1
51	for	2
51	together	1
51	cattle	2
51	long	1
51	most	2
51	account	1
51	winter	1
51	of	10
51	its	2
51	good	1
51	it	5
51	they	4
51	though	1
51	on	1
51	eight	1
51	when	1
51	#sequentialcaps	1
51	#lines	37
51	#maxinitial	7
51	#caplines	4
51	#periods	10
51	#stdev	1068
51	#maxpair	8
51	#commas	15
51	#endwpunct	8
51	#textlines	31
51	wordNotInVocab	85
52	white	1
52	same	2
52	ground	1
52	time	1
52	two	1
52	arabic2digit	1
52	them	1
52	all	1
52	while	1
52	has	1
52	fact	1
52	length	1
52	very	3
52	with	1
52	so	1
52	an	2
52	will	1
52	at	1
52	as	2
52	much	1
52	and	4
52	that	4
52	#allcapswords	11
52	to	1
52	excellent	1
52	the	13
52	this	4
52	be	3
52	a	5
52	second	1
52	by	1
52	rich	2
52	taken	1
52	in	2
52	per	1
52	is	7
52	for	2
52	its	1
52	of	8
52	can	3
52	good	2
52	it	5
52	they	3
52	from	1
52	which	1
52	if	1
52	above	1
52	on	2
52	#sequentialcaps	2
52	#lines	39
52	#maxinitial	6
52	#caplines	6
52	#periods	9
52	#stdev	1225
52	#maxpair	6
52	#commas	7
52	#endwpunct	7
52	#textlines	33
52	#endwnumeral	1
52	wordNotInVocab	64
53	fine	2
53	remarkable	1
53	arabic2digit	1
53	has	1
53	without	1
53	very	1
53	per	1
53	one	1
53	great	1
53	angel	1
53	an	1
53	and	5
53	always	1
53	red	1
53	#allcapswords	6
53	to	4
53	that	1
53	placename	1
53	the	7
53	this	3
53	each	2
53	by	1
53	in	2
53	at	1
53	valuable	1
53	is	5
53	were	1
53	for	2
53	its	1
53	cattle	2
53	long	2
53	most	1
53	of	8
53	show	1
53	good	1
53	it	2
53	from	2
53	#sequentialcaps	2
53	#lines	39
53	#maxinitial	4
53	#caplines	6
53	#startwname	2
53	#periods	8
53	#stdev	635
53	#maxpair	7
53	#startwrubric	1
53	#commas	7
53	#endwpunct	4
53	#textlines	34
53	#endwnumeral	1
53	wordNotInVocab	58
54	but	2
54	fine	1
54	ground	2
54	does	1
54	especially	1
54	arabic2digit	1
54	all	1
54	while	1
54	green	1
54	summer	1
54	end	1
54	their	1
54	well	1
54	winter	2
54	will	1
54	known	1
54	as	5
54	kind	1
54	and	7
54	between	1
54	i	1
54	continued	1
54	p	1
54	#allcapswords	16
54	left	1
54	use	1
54	to	2
54	placename	1
54	the	17
54	this	2
54	be	2
54	purpose	2
54	a	4
54	by	1
54	rich	1
54	new	1
54	are	1
54	n	1
54	years	1
54	in	6
54	they	1
54	valuable	1
54	we	1
54	these	1
54	spring	3
54	four	1
54	is	3
54	over	1
54	for	4
54	its	1
54	cattle	1
54	early	1
54	little	1
54	of	9
54	can	2
54	from	2
54	which	1
54	table	1
54	when	2
54	#sequentialcaps	2
54	#lines	39
54	#maxinitial	6
54	#caplines	8
54	#periods	9
54	#stdev	1171
54	#maxpair	8
54	#startwrubric	1
54	#commas	7
54	#endwpunct	6
54	#textlines	32
54	#endwnumeral	1
54	wordNotInVocab	64
55	excellent	1
55	large	1
55	but	3
55	tender	1
55	we	2
55	just	1
55	arabic2digit	1
55	of	8
55	all	1
55	at	1
55	while	2
55	very	2
55	so	1
55	more	1
55	among	1
55	their	1
55	will	1
55	per	1
55	one	1
55	great	2
55	as	5
55	an	1
55	greater	2
55	much	2
55	and	7
55	small	1
55	to	1
55	crown	2
55	having	1
55	the	12
55	choice	1
55	our	1
55	this	3
55	a	3
55	or	2
55	rich	1
55	only	1
55	are	6
55	whom	1
55	in	6
55	any	1
55	these	1
55	generally	1
55	is	6
55	than	1
55	not	3
55	five	1
55	were	1
55	for	3
55	on	1
55	#allcapswords	8
55	long	1
55	free	2
55	most	1
55	trial	1
55	fine	1
55	them	1
55	longer	1
55	it	3
55	they	2
55	from	2
55	which	2
55	do	1
55	#sequentialcaps	1
55	#lines	37
55	#maxinitial	6
55	#caplines	6
55	#periods	8
55	#stdev	1106
55	#maxpair	8
55	#commas	15
55	#endwpunct	6
55	#textlines	30
55	#endwnumeral	1
55	wordNotInVocab	72
56	white	1
56	large	1
56	arabic2digit	1
56	ground	1
56	especially	1
56	remarkable	1
56	all	1
56	other	1
56	chapter	1
56	have	3
56	should	3
56	while	1
56	manner	1
56	form	1
56	very	1
56	spring	1
56	their	1
56	kept	2
56	must	1
56	sweet	1
56	will	2
56	same	2
56	great	1
56	as	2
56	and	15
56	it	4
56	to	10
56	late	2
56	m	1
56	the	20
56	when	1
56	both	1
56	this	2
56	reason	1
56	be	4
56	rich	1
56	a	6
56	or	2
56	purpose	1
56	taken	1
56	hard	2
56	strong	1
56	are	1
56	in	5
56	they	4
56	gone	1
56	from	1
56	its	2
56	is	6
56	than	1
56	general	1
56	for	11
56	about	1
56	long	2
56	cheap	1
56	until	1
56	of	8
56	been	1
56	#allcapswords	12
56	june	1
56	which	1
56	care	1
56	table	1
56	before	1
56	use	2
56	#sequentialcaps	4
56	#lines	37
56	#maxinitial	7
56	#caplines	8
56	#startwname	1
56	#periods	13
56	#stdev	966
56	#maxpair	7
56	#commas	18
56	#endwpunct	10
56	#textlines	31
56	#endwnumeral	1
56	wordNotInVocab	93
57	large	1
57	round	1
57	especially	1
57	other	2
57	arabic2digit	1
57	of	8
57	all	1
57	with	1
57	very	1
57	hard	1
57	per	1
57	kind	1
57	i	1
57	and	8
57	to	1
57	having	1
57	the	14
57	this	3
57	by	1
57	a	5
57	above	1
57	rich	1
57	red	1
57	in	2
57	sound	1
57	spring	1
57	table	1
57	is	10
57	for	1
57	its	1
57	free	2
57	early	1
57	until	1
57	good	3
57	leaves	1
57	it	4
57	small	1
57	#allcapswords	18
57	from	3
57	late	1
57	almost	1
57	being	3
57	most	2
57	#sequentialcaps	1
57	#lines	42
57	#maxinitial	5
57	#caplines	10
57	#startwname	2
57	#periods	11
57	#stdev	1420
57	#maxpair	7
57	#commas	13
57	#endwpunct	12
57	#textlines	34
57	#endwnumeral	1
57	wordNotInVocab	76
58	only	1
58	large	3
58	arabic2digit	1
58	would	1
58	immediately	1
58	serve	1
58	time	1
58	corn	1
58	other	2
58	first	1
58	certain	1
58	while	2
58	some	1
58	has	4
58	sweet	1
58	very	1
58	follow	1
58	with	1
58	among	1
58	hard	1
58	well	1
58	leaves	1
58	will	1
58	as	4
58	also	1
58	last	1
58	always	1
58	been	2
58	and	4
58	to	3
58	second	2
58	crown	1
58	the	13
58	above	1
58	by	1
58	be	2
58	a	13
58	or	1
58	rich	1
58	which	1
58	strong	1
58	are	2
58	in	3
58	at	2
58	any	1
58	these	1
58	such	1
58	applied	1
58	is	6
58	not	2
58	imperial	1
58	for	3
58	thus	1
58	#allcapswords	14
58	free	1
58	early	1
58	fine	1
58	used	1
58	of	4
58	can	2
58	it	3
58	small	2
58	they	2
58	from	1
58	almost	1
58	being	1
58	after	2
58	where	2
58	on	1
58	#sequentialcaps	1
58	#lines	37
58	#maxinitial	7
58	#caplines	6
58	#periods	10
58	#stdev	1408
58	#maxpair	8
58	#startwrubric	1
58	#commas	11
58	#endwpunct	8
58	#textlines	30
58	#endwnumeral	1
58	wordNotInVocab	67
59	further	1
59	large	1
59	same	1
59	would	1
59	time	2
59	any	1
59	two	1
59	keep	1
59	other	1
59	where	1
59	arabic2digit	1
59	there	1
59	them	1
59	country	1
59	has	1
59	without	1
59	nearly	1
59	with	6
59	so	1
59	more	1
59	kept	1
59	winter	1
59	will	2
59	be	2
59	just	1
59	nor	1
59	first	1
59	as	7
59	work	1
59	help	1
59	that	1
59	than	1
59	and	11
59	use	1
59	to	4
59	while	2
59	the	20
59	those	1
59	this	1
59	give	1
59	compared	1
59	a	7
59	might	1
59	or	1
59	by	1
59	ground	1
59	are	3
59	hundred	1
59	in	3
59	they	2
59	do	2
59	per	1
59	already	1
59	these	2
59	their	1
59	light	1
59	generally	1
59	spring	1
59	is	3
59	over	1
59	not	3
59	for	6
59	been	1
59	land	1
59	thus	1
59	well	3
59	#allcapswords	2
59	early	2
59	of	7
59	can	1
59	appearance	1
59	good	1
59	come	1
59	it	3
59	small	1
59	at	2
59	which	3
59	three	1
59	both	1
59	before	1
59	when	1
59	#sequentialcaps	1
59	#lines	36
59	#maxinitial	4
59	#caplines	4
59	#periods	6
59	#stdev	1011
59	#maxpair	6
59	#commas	19
59	#endwpunct	6
59	#textlines	32
59	wordNotInVocab	91
60	further	1
60	large	2
60	same	1
60	have	2
60	ground	3
60	time	1
60	become	1
60	possible	1
60	corn	1
60	soon	1
60	should	1
60	well	1
60	where	2
60	arabic2digit	1
60	order	1
60	all	2
60	into	1
60	while	1
60	room	2
60	has	1
60	case	1
60	had	1
60	with	3
60	so	1
60	more	2
60	may	1
60	kept	1
60	ready	1
60	taking	1
60	think	1
60	first	1
60	stand	1
60	killed	1
60	as	9
60	an	1
60	much	2
60	and	10
60	young	1
60	been	1
60	condition	1
60	way	1
60	to	7
60	that	3
60	the	27
60	no	2
60	year	1
60	this	2
60	until	1
60	be	5
60	each	1
60	a	5
60	or	1
60	attention	1
60	made	1
60	only	1
60	are	2
60	in	9
60	they	5
60	we	1
60	such	1
60	is	10
60	late	1
60	by	1
60	for	4
60	left	1
60	#allcapswords	4
60	out	1
60	early	1
60	account	1
60	fine	2
60	then	2
60	of	9
60	third	1
60	less	1
60	good	1
60	it	3
60	at	2
60	from	1
60	can	2
60	which	2
60	being	1
60	if	1
60	after	1
60	both	1
60	when	1
60	#lines	34
60	#maxinitial	9
60	#caplines	1
60	#periods	6
60	#stdev	407
60	#maxpair	13
60	#commas	20
60	#textlines	32
60	#endwnumeral	1
60	wordNotInVocab	97
61	two	1
61	white	1
61	quite	1
61	latter	2
61	would	2
61	ground	1
61	morning	1
61	should	2
61	has	1
61	arabic2digit	1
61	all	1
61	into	1
61	while	3
61	earliest	1
61	make	1
61	nearly	1
61	been	1
61	very	2
61	with	1
61	more	1
61	hard	1
61	well	1
61	ready	1
61	black	1
61	will	2
61	without	1
61	first	2
61	being	2
61	case	1
61	as	1
61	much	1
61	and	5
61	kind	1
61	young	3
61	it	5
61	a	2
61	appear	1
61	than	1
61	#allcapswords	13
61	extra	1
61	enough	1
61	to	5
61	excellent	1
61	the	27
61	air	1
61	this	3
61	take	1
61	up	1
61	be	5
61	cover	1
61	or	5
61	new	1
61	made	1
61	are	2
61	taken	1
61	personalname	2
61	in	7
61	they	2
61	pure	1
61	any	1
61	around	1
61	state	1
61	is	8
61	over	1
61	not	1
61	were	1
61	for	2
61	leaves	1
61	land	1
61	rule	1
61	early	3
61	then	1
61	fly	1
61	must	1
61	of	8
61	appearance	1
61	good	2
61	still	1
61	that	2
61	care	1
61	if	2
61	followed	1
61	most	1
61	table	1
61	when	1
61	#sequentialcaps	1
61	#lines	36
61	#maxinitial	5
61	#quotations	2
61	#caplines	5
61	#startwname	1
61	#periods	9
61	#stdev	946
61	#maxpair	6
61	#commas	13
61	#endwpunct	6
61	#textlines	31
61	wordNotInVocab	87
62	the	8
62	this	1
62	large	2
62	us	1
62	arabic2digit	1
62	a	2
62	or	2
62	any	1
62	all	1
62	popular	1
62	in	1
62	have	1
62	we	1
62	southern	1
62	rich	1
62	while	1
62	has	1
62	very	1
62	best	1
62	with	1
62	for	1
62	personalname	1
62	#allcapswords	19
62	keep	1
62	winter	1
62	early	1
62	of	2
62	past	1
62	that	1
62	and	4
62	arabic4digit	1
62	one	1
62	extra	1
62	table	2
62	to	1
62	placename	1
62	#sequentialcaps	2
62	#lines	24
62	#maxinitial	5
62	#caplines	7
62	#startwname	2
62	#periods	8
62	#stdev	1582
62	#maxpair	5
62	#startwrubric	2
62	#commas	4
62	#endwpunct	5
62	#textlines	14
62	#endwnumeral	1
62	wordNotInVocab	31
63	excellent	4
63	the	5
63	form	1
63	this	3
63	quite	1
63	also	1
63	fine	3
63	a	2
63	or	1
63	condition	1
63	rich	1
63	golden	1
63	popular	1
63	in	3
63	arabic2digit	1
63	is	12
63	spring	1
63	sweet	2
63	strong	1
63	very	2
63	white	2
63	with	2
63	for	5
63	#allcapswords	18
63	are	1
63	leaves	1
63	fo	1
63	most	1
63	use	2
63	until	1
63	one	1
63	of	8
63	an	2
63	round	1
63	kind	1
63	it	6
63	and	8
63	late	2
63	table	2
63	pale	1
63	#sequentialcaps	2
63	#lines	30
63	#maxinitial	4
63	#caplines	8
63	#startwname	2
63	#periods	15
63	#stdev	1309
63	#maxpair	5
63	#commas	11
63	#endwpunct	9
63	#textlines	20
63	wordNotInVocab	49
64	white	3
64	time	2
64	condition	1
64	other	2
64	arabic2digit	1
64	some	2
64	without	1
64	very	5
64	kept	1
64	winter	1
64	will	1
64	one	3
64	it	3
64	as	2
64	much	1
64	and	7
64	bright	1
64	#allcapswords	16
64	kinds	1
64	to	5
64	that	2
64	above	1
64	the	12
64	this	1
64	be	1
64	each	1
64	a	6
64	or	1
64	pure	1
64	are	1
64	red	3
64	in	9
64	spring	1
64	four	1
64	only	1
64	is	8
64	than	1
64	not	1
64	five	1
64	for	3
64	its	1
64	early	4
64	of	4
64	can	1
64	half	1
64	less	1
64	appearance	1
64	good	1
64	from	1
64	late	1
64	which	1
64	being	1
64	like	1
64	most	1
64	when	1
64	#sequentialcaps	2
64	#lines	40
64	#maxinitial	9
64	#caplines	9
64	#periods	12
64	#stdev	1539
64	#maxpair	10
64	#commas	11
64	#endwpunct	11
64	#textlines	33
64	#endwnumeral	1
64	wordNotInVocab	59
65	white	5
65	also	1
65	become	1
65	other	1
65	most	1
65	arabic2digit	1
65	all	1
65	into	1
65	has	1
65	large	1
65	green	1
65	very	3
65	best	1
65	with	1
65	sweet	2
65	one	2
65	as	2
65	an	1
65	round	1
65	kind	1
65	and	12
65	bright	1
65	#allcapswords	12
65	to	1
65	excellent	1
65	the	17
65	this	2
65	a	3
65	or	1
65	by	1
65	pure	1
65	new	1
65	six	1
65	for	2
65	are	4
65	popular	1
65	in	5
65	valuable	1
65	is	11
65	five	1
65	leaves	1
65	clear	1
65	early	3
65	fine	1
65	ready	1
65	of	12
65	red	2
65	stage	1
65	it	3
65	at	1
65	about	1
65	being	1
65	pale	1
65	#sequentialcaps	1
65	#lines	39
65	#maxinitial	5
65	#caplines	6
65	#startwname	1
65	#periods	14
65	#stdev	1502
65	#maxpair	8
65	#commas	14
65	#endwpunct	5
65	#textlines	32
65	#endwnumeral	1
65	wordNotInVocab	73
66	for	1
66	arabic2digit	1
66	early	1
66	#allcapswords	10
66	#sequentialcaps	1
66	#lines	8
66	#maxinitial	1
66	#caplines	3
66	#startwname	1
66	#periods	5
66	#stdev	1251
66	#maxpair	2
66	#endwpunct	3
66	#exclamationpoints	1
66	#textlines	4
66	#endwnumeral	1
66	wordNotInVocab	12
67	white	3
67	but	1
67	tender	1
67	greater	1
67	condition	1
67	two	3
67	too	1
67	arabic2digit	1
67	while	1
67	nearly	1
67	short	1
67	very	3
67	end	1
67	numerous	1
67	winter	1
67	leaves	1
67	one	1
67	green	1
67	as	1
67	an	2
67	length	1
67	and	7
67	than	2
67	#allcapswords	12
67	use	1
67	to	3
67	late	1
67	placename	1
67	excellent	2
67	the	14
67	or	1
67	this	2
67	become	1
67	a	5
67	dark	1
67	pure	1
67	are	3
67	in	5
67	is	8
67	for	2
67	early	1
67	of	2
67	third	1
67	good	3
67	it	1
67	at	3
67	from	1
67	about	2
67	part	1
67	being	1
67	if	1
67	after	1
67	#sequentialcaps	3
67	#lines	45
67	#maxinitial	6
67	#caplines	8
67	#startwname	4
67	#periods	14
67	#stdev	761
67	#maxpair	8
67	#commas	12
67	#endwpunct	6
67	#textlines	35
67	#endwnumeral	1
67	wordNotInVocab	56
68	white	4
68	but	1
68	arabic2digit	1
68	two	2
68	while	1
68	manner	1
68	green	1
68	length	1
68	very	3
68	coloured	1
68	their	1
68	hard	2
68	must	1
68	sweet	1
68	beneath	1
68	three	2
68	an	1
68	much	2
68	and	5
68	sometimes	1
68	#allcapswords	13
68	to	4
68	name	1
68	the	13
68	or	4
68	this	3
68	even	1
68	be	2
68	a	2
68	above	1
68	by	1
68	point	1
68	six	1
68	are	4
68	in	6
68	at	1
68	eight	1
68	they	1
68	is	5
68	than	1
68	bright	1
68	for	1
68	german	1
68	like	1
68	often	1
68	winter	1
68	early	1
68	of	5
68	it	2
68	from	2
68	long	3
68	about	1
68	nature	1
68	after	1
68	#sequentialcaps	2
68	#lines	35
68	#maxinitial	8
68	#caplines	8
68	#startwname	2
68	#periods	12
68	#stdev	1259
68	#maxpair	10
68	#startwrubric	1
68	#commas	8
68	#endwpunct	9
68	#textlines	28
68	#endwnumeral	1
68	wordNotInVocab	52
69	arabic1digit	1
69	latter	1
69	but	2
69	also	1
69	would	1
69	period	1
69	make	1
69	fact	1
69	best	1
69	with	1
69	must	2
69	will	4
69	same	1
69	one	2
69	think	1
69	great	1
69	much	2
69	is	4
69	between	1
69	greatest	1
69	that	3
69	and	7
69	use	1
69	to	9
69	the	24
69	those	1
69	this	1
69	could	1
69	be	4
69	a	2
69	or	2
69	by	1
69	in	6
69	at	1
69	we	4
69	these	2
69	generally	2
69	state	1
69	only	2
69	than	2
69	not	2
69	for	4
69	#allcapswords	6
69	important	1
69	fine	2
69	strong	1
69	of	7
69	can	1
69	return	1
69	speak	2
69	it	2
69	choice	1
69	which	1
69	most	2
69	table	1
69	when	2
69	on	1
69	#sequentialcaps	2
69	#lines	31
69	#maxinitial	4
69	#caplines	4
69	#startwname	1
69	#periods	7
69	#stdev	1107
69	#maxpair	6
69	#commas	8
69	#endwpunct	2
69	#textlines	27
69	#endwnumeral	1
69	wordNotInVocab	83
70	what	1
70	seen	1
70	but	2
70	would	4
70	longer	1
70	sheep	2
70	any	1
70	two	1
70	other	2
70	too	2
70	where	2
70	arabic2digit	1
70	in	4
70	same	1
70	best	1
70	so	2
70	various	1
70	end	1
70	as	1
70	even	1
70	will	3
70	one	1
70	think	1
70	here	1
70	command	1
70	good	4
70	give	1
70	many	1
70	still	1
70	price	2
70	reason	1
70	between	1
70	worth	1
70	much	3
70	within	1
70	and	7
70	left	1
70	use	3
70	to	9
70	that	3
70	his	1
70	the	34
70	our	1
70	him	1
70	more	1
70	could	1
70	be	5
70	a	11
70	above	1
70	or	3
70	by	2
70	because	2
70	only	2
70	they	1
70	valuable	1
70	we	1
70	is	8
70	than	1
70	not	3
70	kind	1
70	were	1
70	matter	1
70	for	7
70	#allcapswords	6
70	cattle	2
70	are	2
70	he	1
70	period	1
70	kinds	2
70	fine	1
70	of	14
70	can	1
70	show	1
70	it	4
70	at	4
70	from	1
70	friends	1
70	if	1
70	table	2
70	per	2
70	#sequentialcaps	1
70	#lines	35
70	#maxinitial	4
70	#caplines	2
70	#periods	5
70	#stdev	790
70	#maxpair	6
70	#commas	11
70	#endwpunct	4
70	#textlines	32
70	#endwnumeral	1
70	wordNotInVocab	83
71	least	1
71	other	2
71	but	2
71	have	2
71	ground	1
71	whole	1
71	time	1
71	held	1
71	we	1
71	should	1
71	into	1
71	where	2
71	arabic2digit	1
71	all	1
71	while	1
71	case	1
71	has	1
71	sweet	1
71	very	1
71	best	1
71	off	1
71	with	3
71	so	3
71	question	1
71	may	1
71	for	2
71	must	2
71	leaves	1
71	will	2
71	one	1
71	great	1
71	stand	1
71	as	3
71	would	2
71	and	9
71	hand	2
71	that	4
71	a	1
71	to	3
71	having	1
71	the	33
71	row	1
71	this	3
71	whether	1
71	by	1
71	be	8
71	each	1
71	shall	1
71	or	3
71	rich	1
71	they	1
71	only	2
71	are	4
71	done	1
71	in	8
71	hands	1
71	generally	1
71	is	1
71	not	4
71	degree	1
71	been	2
71	along	1
71	carefully	1
71	he	1
71	out	1
71	free	1
71	until	1
71	ready	1
71	of	8
71	can	3
71	afterwards	1
71	were	1
71	still	1
71	it	5
71	#allcapswords	2
71	from	1
71	line	1
71	which	3
71	if	1
71	both	1
71	before	4
71	serve	1
71	on	2
71	#sequentialcaps	1
71	#lines	35
71	#maxinitial	6
71	#caplines	3
71	#periods	7
71	#stdev	1012
71	#maxpair	9
71	#startwrubric	1
71	#commas	18
71	#endwpunct	5
71	#textlines	31
71	wordNotInVocab	81
72	different	2
72	having	1
72	large	1
72	latter	1
72	but	1
72	arabic2digit	1
72	would	1
72	those	1
72	all	1
72	chapter	1
72	where	2
72	of	10
72	should	3
72	much	1
72	while	1
72	quite	1
72	manner	1
72	length	2
72	very	1
72	more	1
72	half	1
72	their	1
72	close	1
72	kept	1
72	must	1
72	leaves	3
72	will	1
72	into	2
72	as	3
72	and	11
72	hand	2
72	it	2
72	#allcapswords	1
72	kinds	1
72	use	2
72	to	7
72	crown	2
72	the	24
72	row	1
72	this	2
72	described	1
72	be	7
72	each	3
72	a	10
72	above	2
72	or	3
72	by	3
72	taken	1
72	only	1
72	are	7
72	done	1
72	in	8
72	they	6
72	eight	1
72	we	1
72	off	1
72	used	1
72	is	5
72	one	4
72	cut	2
72	small	1
72	for	4
72	on	1
72	thus	2
72	method	1
72	along	1
72	then	2
72	them	1
72	can	3
72	course	1
72	ten	1
72	that	2
72	at	1
72	from	3
72	which	2
72	care	1
72	if	2
72	after	1
72	put	1
72	when	2
72	#lines	35
72	#maxinitial	9
72	#caplines	2
72	#periods	7
72	#stdev	708
72	#maxpair	11
72	#startwrubric	1
72	#commas	19
72	#endwpunct	6
72	#textlines	32
72	#endwnumeral	1
72	wordNotInVocab	89
73	would	1
73	ground	2
73	time	1
73	condition	1
73	possible	1
73	should	1
73	too	1
73	deep	1
73	where	1
73	arabic2digit	1
73	there	2
73	of	8
73	all	1
73	while	2
73	without	1
73	with	1
73	more	2
73	hard	1
73	such	1
73	kept	1
73	must	1
73	will	6
73	good	1
73	as	5
73	much	2
73	and	14
73	that	3
73	danger	2
73	#allcapswords	4
73	to	3
73	the	27
73	row	1
73	until	2
73	be	10
73	a	1
73	above	1
73	or	2
73	by	3
73	are	3
73	in	4
73	they	3
73	placename	1
73	we	3
73	light	1
73	generally	1
73	off	1
73	being	1
73	run	1
73	is	4
73	method	1
73	not	1
73	for	5
73	yet	1
73	better	1
73	keep	1
73	out	1
73	early	1
73	left	1
73	then	2
73	winter	1
73	them	4
73	can	5
73	come	1
73	it	2
73	at	1
73	about	1
73	which	1
73	second	1
73	if	1
73	both	1
73	before	2
73	necessary	1
73	when	2
73	#lines	36
73	#maxinitial	5
73	#caplines	3
73	#periods	8
73	#stdev	1023
73	#maxpair	7
73	#commas	16
73	#endwpunct	4
73	#textlines	31
73	wordNotInVocab	81
74	form	1
74	carried	1
74	same	1
74	have	2
74	ground	1
74	readers	1
74	any	1
74	two	2
74	if	1
74	arabic2digit	1
74	should	1
74	manner	1
74	without	1
74	had	1
74	from	1
74	off	1
74	with	3
74	more	1
74	for	1
74	four	1
74	well	1
74	and	7
74	will	3
74	three	1
74	one	1
74	it	1
74	selected	1
74	as	1
74	an	1
74	is	6
74	help	1
74	#allcapswords	4
74	to	2
74	that	1
74	the	14
74	or	1
74	this	4
74	up	1
74	be	2
74	heat	1
74	a	4
74	above	1
74	by	1
74	made	2
74	six	2
74	are	1
74	in	7
74	at	2
74	time	1
74	we	2
74	bed	1
74	d	1
74	s	1
74	together	1
74	method	2
74	keep	1
74	out	1
74	used	1
74	then	3
74	of	9
74	can	1
74	circle	1
74	no	1
74	understand	1
74	foot	1
74	about	2
74	which	2
74	feet	1
74	added	1
74	until	1
74	on	2
74	#sequentialcaps	2
74	#lines	30
74	#maxinitial	5
74	#caplines	4
74	#periods	7
74	#stdev	1414
74	#maxpair	8
74	#startwrubric	1
74	#commas	12
74	#endwpunct	7
74	#textlines	24
74	#endwnumeral	1
74	wordNotInVocab	66
75	quite	1
75	least	1
75	contents	1
75	the	19
75	but	1
75	have	3
75	would	1
75	ground	1
75	whole	1
75	condition	1
75	their	1
75	any	2
75	never	1
75	set	1
75	into	1
75	then	1
75	arabic2digit	1
75	there	1
75	should	1
75	some	1
75	has	2
75	before	1
75	manner	2
75	nearly	1
75	act	1
75	with	2
75	so	1
75	necessary	1
75	containing	1
75	may	1
75	hard	1
75	must	2
75	up	1
75	cold	2
75	here	1
75	along	1
75	every	1
75	as	6
75	round	1
75	and	8
75	always	1
75	it	5
75	danger	1
75	#allcapswords	1
75	use	2
75	to	9
75	that	3
75	our	1
75	or	4
75	this	7
75	described	1
75	be	3
75	each	1
75	complete	1
75	a	6
75	above	1
75	by	1
75	six	1
75	are	2
75	water	1
75	in	8
75	at	1
75	we	3
75	these	1
75	thus	1
75	off	1
75	four	1
75	is	8
75	causes	1
75	not	1
75	five	1
75	cover	1
75	for	1
75	cause	1
75	its	1
75	method	1
75	common	1
75	lost	1
75	long	2
75	used	1
75	account	1
75	another	1
75	taken	1
75	of	10
75	good	1
75	favour	1
75	been	3
75	from	2
75	foot	1
75	however	1
75	which	1
75	practice	1
75	feet	3
75	three	1
75	until	2
75	when	3
75	on	3
75	#sequentialcaps	1
75	#lines	35
75	#maxinitial	8
75	#caplines	3
75	#periods	7
75	#stdev	791
75	#maxpair	9
75	#commas	25
75	#endwpunct	6
75	#textlines	32
75	wordNotInVocab	82
76	seen	1
76	but	2
76	situation	1
76	would	1
76	ground	1
76	time	1
76	any	1
76	either	2
76	all	1
76	too	1
76	where	2
76	arabic2digit	1
76	them	1
76	should	4
76	into	3
76	while	1
76	under	1
76	before	1
76	manner	1
76	required	1
76	nearly	3
76	once	2
76	little	1
76	so	1
76	kept	1
76	winter	1
76	will	1
76	wide	1
76	performed	1
76	one	2
76	think	1
76	green	2
76	as	9
76	length	1
76	many	1
76	and	7
76	more	1
76	that	1
76	#allcapswords	5
76	same	2
76	to	5
76	with	1
76	the	29
76	this	2
76	described	1
76	be	12
76	a	4
76	above	1
76	or	3
76	are	3
76	in	6
76	they	1
76	valuable	1
76	we	2
76	may	2
76	themselves	1
76	state	1
76	is	3
76	not	2
76	five	1
76	equal	1
76	for	5
76	leaves	2
76	well	1
76	method	1
76	other	1
76	system	1
76	often	1
76	used	1
76	of	14
76	can	4
76	third	1
76	do	1
76	it	1
76	foot	1
76	at	3
76	long	1
76	being	1
76	feet	1
76	if	1
76	go	1
76	on	1
76	#sequentialcaps	2
76	#lines	36
76	#maxinitial	6
76	#caplines	5
76	#periods	9
76	#stdev	975
76	#maxpair	9
76	#startwrubric	1
76	#commas	17
76	#endwpunct	4
76	#textlines	31
76	#endwnumeral	1
76	wordNotInVocab	80
77	brought	1
77	what	1
77	latter	1
77	but	2
77	would	2
77	whole	1
77	or	2
77	another	1
77	we	2
77	arabic2digit	1
77	of	17
77	should	5
77	into	1
77	question	1
77	green	1
77	with	2
77	third	1
77	so	1
77	more	1
77	must	1
77	leaves	3
77	will	5
77	at	2
77	one	4
77	each	1
77	as	3
77	soon	1
77	greatest	1
77	it	1
77	and	12
77	to	5
77	his	2
77	the	27
77	fit	1
77	square	1
77	be	10
77	you	1
77	complete	1
77	a	2
77	brown	1
77	by	3
77	six	1
77	winter	1
77	in	5
77	they	3
77	two	3
77	their	1
77	cow	1
77	is	3
77	over	1
77	not	2
77	cover	2
77	for	5
77	thus	1
77	down	2
77	#allcapswords	2
77	early	1
77	then	3
77	them	3
77	can	1
77	show	1
77	less	1
77	laid	1
77	that	2
77	earth	1
77	from	1
77	about	1
77	added	1
77	followed	1
77	on	2
77	where	1
77	when	1
77	#sequentialcaps	2
77	#lines	36
77	#maxinitial	4
77	#caplines	3
77	#periods	10
77	#stdev	1206
77	#maxpair	7
77	#startwrubric	1
77	#commas	17
77	#endwpunct	4
77	#textlines	32
77	wordNotInVocab	87
78	seen	1
78	but	1
78	arabic2digit	1
78	possible	1
78	corn	1
78	soon	1
78	circumstances	1
78	have	2
78	of	13
78	all	1
78	given	3
78	according	1
78	spring	1
78	night	1
78	large	2
78	generally	1
78	known	1
78	best	2
78	with	1
78	necessary	1
78	their	2
78	chapter	1
78	per	2
78	while	1
78	morning	1
78	one	2
78	first	1
78	it	1
78	as	9
78	an	1
78	four	1
78	is	3
78	hour	1
78	coming	1
78	that	3
78	within	1
78	over	1
78	and	6
78	relative	1
78	to	9
78	day	2
78	the	21
78	or	2
78	this	2
78	under	1
78	described	1
78	be	7
78	each	1
78	a	4
78	second	1
78	live	1
78	by	1
78	only	2
78	are	4
78	found	1
78	in	6
78	they	1
78	should	2
78	we	2
78	these	1
78	may	1
78	cow	2
78	such	2
78	hundred	2
78	method	1
78	not	3
78	matter	1
78	for	3
78	on	2
78	well	1
78	#allcapswords	1
78	cattle	1
78	lost	1
78	high	1
78	then	1
78	same	1
78	them	1
78	can	4
78	give	1
78	however	1
78	good	2
78	been	1
78	no	1
78	about	1
78	which	2
78	practice	1
78	two	1
78	if	2
78	after	2
78	do	1
78	her	1
78	three	1
78	#lines	34
78	#maxinitial	4
78	#caplines	1
78	#periods	9
78	#stdev	727
78	#maxpair	6
78	#startwrubric	1
78	#commas	25
78	#endwpunct	4
78	#textlines	32
78	#endwnumeral	1
78	wordNotInVocab	86
79	brought	1
79	them	2
79	thing	1
79	large	1
79	latter	1
79	but	1
79	then	2
79	whole	2
79	any	2
79	only	1
79	where	2
79	arabic2digit	1
79	there	2
79	should	1
79	often	1
79	while	2
79	can	1
79	very	1
79	with	2
79	must	1
79	once	1
79	will	3
79	have	1
79	one	3
79	think	1
79	small	1
79	stand	1
79	as	2
79	much	1
79	and	6
79	hand	1
79	it	2
79	danger	2
79	over	1
79	#allcapswords	2
79	use	1
79	less	1
79	the	23
79	this	2
79	described	1
79	be	7
79	a	6
79	might	1
79	above	1
79	or	3
79	by	2
79	are	3
79	in	10
79	at	2
79	we	3
79	together	1
79	cow	2
79	such	2
79	rather	1
79	is	4
79	than	2
79	not	2
79	cut	3
79	were	2
79	placed	1
79	thus	1
79	yet	1
79	better	1
79	way	1
79	strong	1
79	of	10
79	half	1
79	course	1
79	to	3
79	that	1
79	no	1
79	which	1
79	though	1
79	if	4
79	several	1
79	before	1
79	on	1
79	#sequentialcaps	1
79	#lines	32
79	#maxinitial	6
79	#caplines	2
79	#periods	5
79	#stdev	810
79	#maxpair	8
79	#commas	17
79	#endwpunct	5
79	#textlines	28
79	wordNotInVocab	79
80	different	1
80	what	2
80	prove	1
80	valuable	1
80	paper	1
80	their	1
80	plain	1
80	d	1
80	other	1
80	w	2
80	most	2
80	arabic2digit	2
80	e	1
80	all	2
80	into	1
80	read	1
80	edited	1
80	new	2
80	same	1
80	out	1
80	book	3
80	very	1
80	best	3
80	so	4
80	has	1
80	among	1
80	for	2
80	romannumeral	1
80	make	1
80	will	2
80	contents	1
80	propernoun	1
80	one	1
80	just	1
80	every	1
80	upon	1
80	price	2
80	publishers	1
80	who	1
80	and	17
80	to	7
80	that	3
80	placename	2
80	the	17
80	management	1
80	this	2
80	m	1
80	even	1
80	be	1
80	each	1
80	sent	1
80	complete	1
80	a	2
80	second	1
80	by	5
80	engaged	1
80	subjects	1
80	garden	3
80	year	1
80	in	5
80	sound	1
80	ourselves	1
80	manner	1
80	cold	1
80	is	2
80	not	1
80	co	1
80	cloth	1
80	various	1
80	its	1
80	#allcapswords	33
80	making	1
80	practical	2
80	illustrated	2
80	often	1
80	been	1
80	notes	1
80	winter	3
80	of	17
80	can	1
80	how	2
80	description	1
80	authors	1
80	it	5
80	small	3
80	arabic4digit	1
80	care	4
80	use	1
80	published	1
80	land	1
80	on	3
80	#sequentialcaps	3
80	#lines	45
80	#maxinitial	6
80	#quotations	1
80	#caplines	17
80	#periods	17
80	#stdev	1719
80	#maxpair	9
80	#startwrubric	1
80	#commas	19
80	#endwpunct	8
80	#questionmarks	1
80	#exclamationpoints	1
80	#textlines	35
80	wordNotInVocab	95
81	written	1
81	essays	1
81	ground	1
81	does	1
81	use	1
81	g	1
81	h	1
81	upon	1
81	interest	1
81	majesty	1
81	if	1
81	books	1
81	arabic2digit	1
81	family	1
81	bed	1
81	can	1
81	has	1
81	edited	1
81	lady	1
81	known	1
81	book	3
81	had	1
81	best	1
81	with	2
81	published	2
81	well	1
81	an	1
81	numerous	1
81	romannumeral	1
81	treatise	1
81	will	2
81	ever	1
81	one	1
81	w	1
81	as	2
81	king	1
81	much	1
81	and	14
81	price	2
81	publishers	1
81	i	1
81	mr	1
81	#allcapswords	22
81	that	4
81	his	1
81	placename	6
81	the	15
81	our	1
81	this	3
81	by	6
81	be	3
81	friends	1
81	sent	1
81	appendix	1
81	complete	1
81	a	2
81	or	1
81	open	1
81	are	2
81	in	3
81	propernoun	7
81	these	3
81	chief	1
81	cents	1
81	j	2
81	is	3
81	than	1
81	not	1
81	co	1
81	earliest	1
81	for	5
81	personalname	1
81	land	1
81	making	1
81	carefully	1
81	important	1
81	long	1
81	too	1
81	most	3
81	keep	1
81	few	1
81	full	1
81	winter	1
81	of	12
81	garden	1
81	any	1
81	to	8
81	it	2
81	late	1
81	added	1
81	early	1
81	how	3
81	say	1
81	on	3
81	#sequentialcaps	3
81	#lines	43
81	#maxinitial	3
81	#quotations	2
81	#caplines	19
81	#startwname	3
81	#periods	22
81	#stdev	1786
81	#maxpair	5
81	#startwrubric	3
81	#commas	30
81	#endwpunct	10
81	#textlines	32
81	wordNotInVocab	91
82	what	1
82	sets	2
82	also	1
82	n	1
82	plain	1
82	never	1
82	other	1
82	h	1
82	upon	1
82	interest	1
82	have	1
82	all	1
82	while	1
82	can	1
82	o	1
82	find	1
82	address	2
82	with	4
82	so	1
82	subjects	1
82	may	1
82	edited	1
82	an	2
82	winter	1
82	manner	1
82	any	1
82	w	2
82	preparation	1
82	following	1
82	and	3
82	price	2
82	mr	1
82	#allcapswords	21
82	kinds	2
82	treatise	1
82	to	4
82	that	1
82	placename	2
82	the	8
82	general	1
82	on	3
82	even	1
82	hand	1
82	sent	1
82	essay	1
82	complete	1
82	a	1
82	remarks	1
82	above	1
82	subject	1
82	by	6
82	title	1
82	co	1
82	personalname	2
82	in	2
82	arabic2digit	1
82	propernoun	3
82	useful	1
82	cents	1
82	j	1
82	is	1
82	matter	1
82	for	2
82	t	1
82	notes	2
82	carefully	1
82	practical	1
82	most	1
82	full	1
82	of	8
82	each	1
82	before	1
82	american	1
82	who	1
82	it	1
82	view	1
82	illustrated	1
82	how	3
82	including	1
82	when	1
82	#sequentialcaps	2
82	#lines	35
82	#maxinitial	7
82	#caplines	16
82	#startwname	1
82	#periods	17
82	#stdev	1737
82	#maxpair	10
82	#startwrubric	2
82	#commas	26
82	#endwpunct	11
82	#textlines	26
82	wordNotInVocab	70
83	essays	3
83	large	1
83	arabic2digit	1
83	when	1
83	readers	1
83	e	1
83	or	1
83	n	1
83	upon	1
83	esq	1
83	have	1
83	order	1
83	manner	1
83	had	1
83	best	1
83	papers	1
83	with	1
83	romannumeral	2
83	will	2
83	own	1
83	think	1
83	w	1
83	every	1
83	fifth	1
83	and	10
83	price	2
83	publishers	1
83	that	1
83	mr	2
83	#allcapswords	20
83	treatise	1
83	to	8
83	placename	3
83	the	7
83	our	3
83	north	1
83	this	1
83	present	1
83	be	3
83	sent	1
83	street	1
83	a	1
83	subject	2
83	by	5
83	for	5
83	co	1
83	t	1
83	we	1
83	these	1
83	may	1
83	cents	1
83	j	2
83	information	1
83	were	1
83	s	1
83	personalname	3
83	arabic3digit	4
83	notes	1
83	extra	1
83	most	1
83	use	2
83	full	1
83	of	13
83	in	2
83	it	1
83	from	1
83	late	1
83	illustrated	1
83	both	1
83	how	5
83	on	3
83	#sequentialcaps	3
83	#lines	34
83	#maxinitial	5
83	#quotations	3
83	#caplines	14
83	#startwname	3
83	#periods	20
83	#stdev	1940
83	#maxpair	7
83	#startwrubric	4
83	#commas	30
83	#endwpunct	9
83	#textlines	24
83	wordNotInVocab	64
84	arabic1digit	1
84	fancy	1
84	illustrations	1
84	what	1
84	large	1
84	etc	2
84	edition	1
84	also	2
84	e	1
84	paper	1
84	contains	2
84	bound	1
84	chapter	1
84	arabic2digit	2
84	of	7
84	all	1
84	given	1
84	with	1
84	and	9
84	propernoun	1
84	w	2
84	an	1
84	price	2
84	management	1
84	general	1
84	publishers	1
84	st	1
84	#allcapswords	20
84	to	4
84	placename	3
84	the	5
84	or	1
84	sent	2
84	above	1
84	by	3
84	new	2
84	co	1
84	water	1
84	in	2
84	is	1
84	cloth	1
84	for	2
84	land	1
84	upon	1
84	full	1
84	romannumeral	1
84	th	1
84	good	1
84	it	2
84	at	1
84	arabic4digit	1
84	free	1
84	care	1
84	illustrated	3
84	how	3
84	on	3
84	#sequentialcaps	3
84	#lines	33
84	#maxinitial	5
84	#quotations	1
84	#caplines	14
84	#startwname	2
84	#periods	16
84	#stdev	1885
84	#maxpair	5
84	#startwrubric	1
84	#commas	28
84	#endwpunct	11
84	#textlines	23
84	wordNotInVocab	55
85	#textlines	0
86	north	1
86	the	1
86	published	1
86	fifth	1
86	from	1
86	arabic3digit	4
86	essays	1
86	practical	1
86	street	1
86	w	2
86	them	1
86	co	1
86	how	1
86	placename	2
86	price	1
86	#allcapswords	36
86	arabic2digit	1
86	arabic4digit	1
86	i	3
86	by	2
86	cents	1
86	and	4
86	j	1
86	edited	1
86	to	1
86	#sequentialcaps	3
86	#lines	41
86	#maxinitial	3
86	#caplines	16
86	#startwname	2
86	#periods	11
86	#stdev	1218
86	#maxpair	4
86	#startwrubric	5
86	#commas	7
86	#endwpunct	10
86	#textlines	20
86	#endwnumeral	1
86	wordNotInVocab	21
87	#textlines	0
88	#textlines	0
89	#textlines	0
90	#textlines	0
91	#textlines	0
92	#textlines	0
93	e	1
93	#sequentialcaps	1
93	#lines	37
93	#maxinitial	3
93	#quotations	1
93	#caplines	2
93	#startwname	2
93	#periods	4
93	#stdev	694
93	#maxpair	4
93	#endwpunct	4
93	#exclamationpoints	1
93	#textlines	16
93	wordNotInVocab	17
94	arabic1digit	1
94	il	1
94	ca	1
94	#allcapswords	3
94	n	1
94	#sequentialcaps	1
94	#lines	31
94	#maxinitial	2
94	#caplines	3
94	#startwname	3
94	#periods	8
94	#stdev	802
94	#maxpair	2
94	#commas	3
94	#endwpunct	6
94	#exclamationpoints	1
94	#textlines	12
94	wordNotInVocab	13
95	congress	1
95	library	1
95	#allcapswords	3
95	n	1
95	of	1
95	romannumeral	2
95	#lines	8
95	#maxinitial	2
95	#caplines	1
95	#periods	1
95	#stdev	696
95	#maxpair	2
95	#textlines	3
95	wordNotInVocab	1
