0	for	1
0	personalname	3
0	the	2
0	ll.d.	1
0	romannumeral	1
0	hon	1
0	history	1
0	held	1
0	of	2
0	historical	1
0	arabic4digit	1
0	#allcapswords	23
0	state	1
0	to	1
0	north	1
0	#sequentialcaps	2
0	#lines	19
0	#maxinitial	3
0	#caplines	8
0	#startwname	2
0	#periods	8
0	#stdev	1256
0	#maxpair	3
0	#startwrubric	2
0	#commas	2
0	#endwpunct	5
0	#textlines	10
0	#endwnumeral	1
0	wordNotInVocab	8
1	hi	1
1	f	1
1	#allcapswords	1
1	book	1
1	class	1
1	#sequentialcaps	1
1	#lines	12
1	#maxinitial	1
1	#quotations	1
1	#caplines	3
1	#periods	1
1	#stdev	191
1	#maxpair	2
1	#startwrubric	1
1	#endwpunct	1
1	#textlines	5
1	wordNotInVocab	1
2	#textlines	0
3	#textlines	0
4	for	1
4	personalname	3
4	the	2
4	ll.d.	1
4	romannumeral	1
4	hon	1
4	y	2
4	held	1
4	of	2
4	to	1
4	historical	1
4	arabic4digit	1
4	i	2
4	#allcapswords	26
4	state	1
4	history	1
4	north	1
4	#sequentialcaps	1
4	#lines	23
4	#maxinitial	3
4	#caplines	8
4	#startwname	2
4	#periods	7
4	#stdev	1235
4	#maxpair	4
4	#startwrubric	2
4	#commas	4
4	#endwpunct	7
4	#textlines	12
4	#endwnumeral	1
4	wordNotInVocab	8
5	#lines	1
5	#textlines	0
6	written	1
6	truth	1
6	lie	1
6	other	1
6	same	1
6	either	1
6	well	1
6	have	1
6	order	1
6	all	1
6	given	1
6	case	1
6	had	1
6	story	1
6	papers	1
6	with	2
6	necessary	1
6	end	1
6	may	3
6	arabic3digit	1
6	series	1
6	past	1
6	as	1
6	placename	1
6	last	1
6	and	10
6	general	2
6	#allcapswords	2
6	public	1
6	to	10
6	his	1
6	the	54
6	it	1
6	our	3
6	north	1
6	under	2
6	up	1
6	be	5
6	office	1
6	a	3
6	was	1
6	or	1
6	by	3
6	collection	1
6	made	2
6	whom	1
6	in	7
6	historical	3
6	shall	1
6	valuable	1
6	state	4
6	information	2
6	is	1
6	not	1
6	placed	1
6	for	3
6	copies	1
6	part	2
6	duties	1
6	so	1
6	of	28
6	progress	1
6	told	1
6	out	1
6	that	8
6	history	4
6	from	1
6	letters	1
6	hands	1
6	resolved	1
6	do	3
6	sister	1
6	on	2
6	#sequentialcaps	2
6	#lines	38
6	#maxinitial	9
6	#quotations	2
6	#caplines	7
6	#periods	4
6	#stdev	989
6	#maxpair	12
6	#startwrubric	1
6	#commas	26
6	#endwpunct	7
6	#textlines	32
6	#endwnumeral	1
6	wordNotInVocab	91
7	general	3
7	what	2
7	seen	1
7	those	1
7	i	2
7	circumstances	1
7	upon	1
7	where	1
7	honourable	1
7	has	2
7	forth	1
7	book	1
7	very	1
7	from	2
7	country	1
7	may	2
7	well	1
7	body	1
7	romannumeral	2
7	said	1
7	as	5
7	an	1
7	and	4
7	been	2
7	#allcapswords	8
7	public	1
7	to	9
7	his	1
7	placename	2
7	with	1
7	the	26
7	our	1
7	set	1
7	him	1
7	this	1
7	letter	1
7	be	1
7	authority	1
7	you	1
7	office	1
7	a	3
7	was	2
7	subject	1
7	by	1
7	your	2
7	object	1
7	in	2
7	at	2
7	historical	1
7	propernoun	1
7	any	1
7	such	1
7	state	2
7	information	1
7	is	1
7	period	1
7	proper	1
7	personalname	4
7	virtue	1
7	other	1
7	early	1
7	duties	1
7	done	1
7	of	17
7	it	2
7	history	1
7	will	1
7	sister	1
7	which	2
7	hon	1
7	mother	1
7	north	1
7	#sequentialcaps	3
7	#lines	36
7	#maxinitial	8
7	#quotations	2
7	#caplines	9
7	#startwname	2
7	#periods	11
7	#stdev	1793
7	#maxpair	10
7	#startwrubric	1
7	#commas	14
7	#endwpunct	11
7	#exclamationpoints	1
7	#textlines	26
7	wordNotInVocab	57
8	arabic1digit	1
8	arabicprice	1
8	have	1
8	also	1
8	kind	1
8	university	1
8	or	2
8	hill	1
8	since	1
8	great	1
8	upon	1
8	progress	1
8	esq	2
8	arabic2digit	2
8	order	1
8	all	1
8	there	1
8	book	3
8	had	3
8	papers	1
8	with	2
8	extent	1
8	so	1
8	country	1
8	has	1
8	romannumeral	1
8	may	3
8	ll.d.	1
8	my	6
8	at	2
8	one	1
8	w	1
8	command	1
8	it	1
8	sent	1
8	an	1
8	i	6
8	general	1
8	last	1
8	mr	1
8	and	6
8	to	17
8	late	1
8	placename	3
8	the	28
8	our	2
8	subject	1
8	north	1
8	this	4
8	sir	1
8	letter	5
8	under	2
8	be	2
8	you	1
8	a	3
8	attention	2
8	by	1
8	your	1
8	light	1
8	are	2
8	for	3
8	made	1
8	me	1
8	in	11
8	propernoun	1
8	they	1
8	state	2
8	information	1
8	is	3
8	pleasure	1
8	whether	1
8	not	1
8	proper	1
8	personalname	4
8	#allcapswords	10
8	other	1
8	myself	2
8	taken	1
8	of	15
8	home	1
8	chapel	1
8	course	1
8	important	1
8	been	1
8	history	2
8	no	1
8	from	2
8	arabic4digit	3
8	few	2
8	which	3
8	mother	1
8	on	1
8	power	1
8	necessary	1
8	#sequentialcaps	3
8	#lines	39
8	#maxinitial	5
8	#quotations	1
8	#caplines	9
8	#startwname	1
8	#periods	17
8	#stdev	1220
8	#maxpair	8
8	#startwrubric	2
8	#commas	31
8	#endwpunct	7
8	#textlines	32
8	#endwnumeral	1
8	wordNotInVocab	83
9	president	1
9	latter	1
9	time	2
9	propernoun	7
9	especially	1
9	serve	1
9	all	3
9	has	1
9	nearly	1
9	character	1
9	their	2
9	consequences	1
9	great	1
9	as	3
9	general	2
9	p	1
9	his	2
9	placename	2
9	council	2
9	our	2
9	him	1
9	am	1
9	present	1
9	letter	1
9	government	2
9	former	1
9	you	2
9	a	5
9	was	3
9	me	1
9	in	9
9	these	1
9	period	1
9	notes	1
9	its	1
9	#allcapswords	5
9	most	1
9	society	1
9	south	1
9	port	1
9	that	1
9	history	2
9	no	1
9	which	2
9	arabic1digit	1
9	volumes	1
9	large	1
9	clerk	1
9	but	2
9	have	3
9	possible	1
9	two	1
9	state	1
9	too	1
9	given	1
9	interesting	1
9	esq	2
9	e	1
9	them	3
9	some	1
9	book	1
9	best	1
9	with	3
9	civil	1
9	containing	1
9	court	4
9	show	1
9	will	1
9	one	2
9	work	1
9	and	15
9	i	3
9	to	12
9	able	1
9	through	1
9	be	1
9	arabic4digit	5
9	are	3
9	years	1
9	at	4
9	historical	2
9	head	1
9	four	1
9	information	1
9	the	37
9	not	1
9	for	4
9	personalname	4
9	better	1
9	thou	1
9	he	2
9	lords	1
9	duties	1
9	of	33
9	return	1
9	during	2
9	laid	1
9	from	3
9	authority	1
9	both	1
9	however	1
9	on	1
9	#sequentialcaps	3
9	#lines	43
9	#maxinitial	9
9	#caplines	8
9	#startwname	2
9	#periods	13
9	#stdev	1163
9	#maxpair	11
9	#startwrubric	1
9	#commas	41
9	#endwpunct	6
9	#textlines	37
9	#endwnumeral	1
9	wordNotInVocab	96
10	further	1
10	due	1
10	b	1
10	dr	2
10	time	2
10	province	1
10	soon	1
10	since	1
10	century	1
10	into	1
10	necessary	1
10	for	2
10	body	1
10	ready	1
10	my	1
10	rev	2
10	series	1
10	law	1
10	general	1
10	whole	1
10	#allcapswords	5
10	perhaps	1
10	library	2
10	placename	5
10	our	2
10	itself	1
10	each	1
10	you	1
10	a	10
10	made	1
10	in	13
10	opinion	1
10	copies	2
10	part	2
10	then	1
10	progress	1
10	third	1
10	south	1
10	that	2
10	no	1
10	long	1
10	arabic4digit	1
10	which	4
10	like	1
10	until	1
10	when	1
10	clerk	1
10	the	28
10	university	1
10	two	2
10	mr	1
10	interesting	1
10	esq	1
10	have	1
10	order	1
10	there	1
10	earliest	1
10	very	1
10	with	1
10	revised	1
10	court	2
10	may	1
10	enter	1
10	will	4
10	respect	1
10	three	2
10	one	1
10	it	4
10	work	1
10	and	14
10	between	2
10	i	3
10	public	1
10	to	12
10	was	4
10	this	2
10	be	3
10	office	3
10	or	1
10	by	3
10	attention	2
10	your	1
10	force	1
10	years	2
10	historical	2
10	state	4
10	information	1
10	is	4
10	were	2
10	proper	1
10	personalname	1
10	about	1
10	of	22
10	during	1
10	american	1
10	country	1
10	on	2
10	north	1
10	#sequentialcaps	3
10	#lines	45
10	#maxinitial	8
10	#caplines	8
10	#periods	17
10	#stdev	1405
10	#maxpair	9
10	#startwrubric	1
10	#commas	30
10	#endwpunct	8
10	#textlines	38
10	wordNotInVocab	99
11	arabic1digit	1
11	further	3
11	moment	1
11	open	1
11	time	2
11	we	1
11	d	2
11	friend	1
11	duties	1
11	interesting	1
11	have	2
11	am	1
11	sir	1
11	very	1
11	character	1
11	with	2
11	country	1
11	more	1
11	duty	1
11	may	1
11	romannumeral	4
11	my	4
11	will	2
11	hon	1
11	great	1
11	first	1
11	it	1
11	as	3
11	just	1
11	and	8
11	proper	1
11	help	1
11	i	6
11	shall	1
11	#allcapswords	17
11	quite	1
11	to	11
11	his	1
11	placename	2
11	the	19
11	our	1
11	indeed	1
11	dear	1
11	this	2
11	present	2
11	letter	1
11	under	2
11	be	3
11	former	1
11	you	3
11	a	4
11	arabic4digit	1
11	subject	1
11	by	4
11	engaged	1
11	mr	2
11	for	1
11	are	3
11	your	2
11	personalname	2
11	in	5
11	at	2
11	mother	1
11	from	1
11	propernoun	1
11	know	1
11	is	1
11	not	1
11	political	1
11	general	3
11	matter	1
11	well	1
11	december	1
11	myself	1
11	he	1
11	honour	1
11	high	1
11	most	1
11	of	9
11	means	1
11	course	1
11	good	1
11	who	1
11	been	1
11	which	2
11	though	1
11	if	1
11	servant	1
11	sister	1
11	on	1
11	#sequentialcaps	3
11	#lines	44
11	#maxinitial	6
11	#caplines	10
11	#periods	21
11	#stdev	1749
11	#maxpair	7
11	#startwrubric	1
11	#commas	22
11	#endwpunct	13
11	#textlines	31
11	#endwnumeral	2
11	wordNotInVocab	75
12	arabic1digit	1
12	what	1
12	but	4
12	arabic2digit	1
12	get	1
12	war	1
12	we	2
12	d	1
12	friend	2
12	high	1
12	hill	1
12	if	1
12	him	2
12	honour	1
12	have	1
12	all	1
12	address	1
12	has	1
12	present	1
12	find	1
12	with	3
12	conduct	1
12	hon	2
12	country	1
12	hope	1
12	limp	1
12	romannumeral	4
12	my	2
12	will	1
12	respect	1
12	same	2
12	just	1
12	it	5
12	note	1
12	from	1
12	and	8
12	i	4
12	peace	1
12	a	3
12	she	3
12	her	4
12	to	8
12	that	2
12	his	1
12	doubt	1
12	the	6
12	our	5
12	dear	1
12	am	1
12	sir	2
12	letter	1
12	m	2
12	be	4
12	particular	1
12	you	3
12	march	1
12	which	1
12	shall	1
12	might	1
12	was	2
12	subject	1
12	attention	1
12	your	4
12	now	1
12	for	2
12	are	4
12	did	1
12	in	4
12	at	1
12	treaty	1
12	placename	2
12	propernoun	1
12	any	1
12	may	1
12	mr	3
12	nothing	1
12	j	2
12	law	1
12	is	3
12	not	4
12	equal	1
12	personalname	1
12	wrong	2
12	#allcapswords	22
12	pride	1
12	he	3
12	settled	1
12	want	1
12	little	1
12	of	7
12	can	1
12	chapel	1
12	favour	1
12	no	2
12	arabic4digit	3
12	german	1
12	right	1
12	proper	1
12	servant	1
12	do	1
12	necessary	1
12	introduction	1
12	#sequentialcaps	2
12	#lines	41
12	#maxinitial	4
12	#quotations	1
12	#caplines	13
12	#startwname	1
12	#periods	30
12	#stdev	1692
12	#maxpair	5
12	#startwrubric	2
12	#commas	19
12	#endwpunct	14
12	#textlines	30
12	#endwnumeral	2
12	wordNotInVocab	60
13	paper	1
13	serve	1
13	arabic2digit	7
13	all	4
13	earl	1
13	volume	2
13	more	1
13	great	1
13	first	1
13	as	2
13	general	1
13	last	1
13	revolution	1
13	#allcapswords	3
13	relative	1
13	ocean	1
13	that	3
13	his	1
13	placename	10
13	our	1
13	present	2
13	under	1
13	government	2
13	you	3
13	was	5
13	title	2
13	me	1
13	in	10
13	these	1
13	mr	1
13	period	1
13	copies	1
13	part	1
13	most	1
13	them	1
13	south	2
13	it	2
13	take	1
13	march	1
13	june	1
13	which	2
13	right	1
13	the	52
13	southern	2
13	upon	1
13	board	1
13	have	2
13	given	1
13	address	1
13	wish	1
13	with	3
13	will	1
13	occasion	1
13	distance	1
13	early	1
13	duke	1
13	many	1
13	and	15
13	between	2
13	i	3
13	a	5
13	history	1
13	to	14
13	second	1
13	crown	1
13	through	1
13	this	1
13	sir	3
13	until	1
13	lord	5
13	be	1
13	authority	1
13	office	3
13	east	2
13	might	2
13	arabic4digit	6
13	or	1
13	by	2
13	purpose	2
13	about	1
13	six	1
13	are	2
13	years	2
13	at	2
13	propernoun	1
13	any	1
13	such	1
13	state	3
13	west	2
13	for	2
13	personalname	6
13	on	8
13	he	1
13	trade	1
13	duties	1
13	view	1
13	of	26
13	during	1
13	american	2
13	from	2
13	line	1
13	nature	1
13	north	3
13	#sequentialcaps	2
13	#lines	44
13	#maxinitial	9
13	#quotations	2
13	#caplines	10
13	#startwname	3
13	#periods	11
13	#stdev	1186
13	#maxpair	12
13	#startwrubric	1
13	#commas	43
13	#endwpunct	10
13	#textlines	39
13	#endwnumeral	1
13	wordNotInVocab	84
14	further	1
14	ground	1
14	war	2
14	n	1
14	that	5
14	these	1
14	century	1
14	arabic2digit	1
14	earl	1
14	nor	1
14	had	2
14	political	1
14	s	1
14	passed	1
14	arabic3digit	1
14	my	1
14	vol	2
14	u	1
14	against	1
14	great	1
14	an	1
14	information	2
14	reason	1
14	many	1
14	revolution	1
14	p	2
14	copies	1
14	his	5
14	placename	6
14	our	3
14	letter	1
14	government	4
14	was	2
14	for	4
14	personalname	3
14	principal	1
14	period	1
14	american	1
14	royal	1
14	#allcapswords	6
14	early	2
14	see	1
14	little	2
14	show	1
14	it	3
14	history	2
14	no	1
14	take	1
14	arabic4digit	3
14	late	1
14	which	3
14	until	1
14	before	2
14	arabic1digit	7
14	ready	1
14	pages	1
14	board	2
14	where	1
14	have	4
14	desire	1
14	make	1
14	known	1
14	been	1
14	scenes	1
14	with	2
14	therefore	1
14	united	2
14	court	2
14	may	1
14	must	1
14	library	1
14	former	1
14	good	1
14	much	1
14	and	5
14	command	1
14	i	2
14	mr	1
14	public	1
14	during	1
14	to	18
14	lord	1
14	neither	1
14	be	4
14	office	1
14	shall	1
14	might	1
14	by	3
14	about	2
14	necessary	1
14	papers	2
14	are	2
14	death	1
14	among	1
14	propernoun	1
14	seems	2
14	such	1
14	state	1
14	applied	1
14	is	1
14	the	39
14	proper	1
14	he	2
14	trade	2
14	years	1
14	romannumeral	2
14	of	25
14	in	9
14	found	3
14	at	2
14	from	6
14	hands	1
14	if	1
14	however	1
14	on	1
14	#sequentialcaps	2
14	#lines	46
14	#maxinitial	6
14	#quotations	4
14	#caplines	10
14	#startwname	1
14	#periods	22
14	#stdev	959
14	#maxpair	7
14	#startwrubric	1
14	#commas	39
14	#endwpunct	6
14	#textlines	39
14	#endwnumeral	1
14	wordNotInVocab	92
15	latter	2
15	prove	1
15	time	1
15	province	1
15	war	2
15	any	1
15	narrative	1
15	since	1
15	majesty	1
15	serve	1
15	arabic2digit	1
15	into	1
15	act	1
15	their	1
15	as	7
15	an	1
15	copies	1
15	his	3
15	placename	4
15	council	1
15	our	2
15	college	1
15	letter	2
15	under	1
15	a	6
15	was	6
15	many	1
15	me	1
15	in	9
15	who	3
15	these	1
15	revolution	2
15	royal	1
15	thus	1
15	yet	1
15	#allcapswords	3
15	important	1
15	early	1
15	gentleman	1
15	favour	1
15	that	2
15	no	1
15	arabic4digit	7
15	june	1
15	noble	1
15	the	36
15	but	1
15	held	1
15	upon	1
15	have	2
15	there	1
15	period	1
15	some	2
15	book	2
15	papers	2
15	with	4
15	so	1
15	may	2
15	well	3
15	will	1
15	original	1
15	own	1
15	source	1
15	invasion	1
15	and	6
15	i	3
15	mr	3
15	history	3
15	to	13
15	through	1
15	subject	1
15	this	2
15	sir	1
15	whether	1
15	lord	4
15	be	2
15	office	1
15	shall	1
15	second	1
15	or	1
15	by	3
15	took	1
15	years	1
15	at	3
15	mother	1
15	propernoun	2
15	such	2
15	not	2
15	were	1
15	for	3
15	personalname	7
15	administration	1
15	enter	1
15	he	4
15	until	1
15	full	1
15	of	23
15	last	1
15	during	2
15	american	1
15	been	2
15	they	2
15	from	3
15	country	1
15	if	1
15	#sequentialcaps	2
15	#lines	43
15	#maxinitial	7
15	#caplines	10
15	#periods	14
15	#stdev	1051
15	#maxpair	11
15	#startwrubric	1
15	#commas	38
15	#endwpunct	8
15	#textlines	39
15	#endwnumeral	1
15	wordNotInVocab	100
16	especially	1
16	soon	1
16	d	1
16	high	1
16	arabic2digit	2
16	without	1
16	nearly	1
16	extent	1
16	necessary	1
16	romannumeral	3
16	my	2
16	hon	2
16	every	1
16	as	6
16	following	1
16	general	1
16	#allcapswords	18
16	less	1
16	his	3
16	placename	3
16	our	2
16	visit	1
16	present	1
16	letter	1
16	under	1
16	a	3
16	was	1
16	made	2
16	year	1
16	n	1
16	in	8
16	these	1
16	j	1
16	gentlemen	1
16	making	1
16	important	1
16	those	1
16	which	1
16	to	11
16	that	2
16	honour	1
16	arabic4digit	3
16	be	8
16	until	1
16	servant	1
16	do	1
16	arabic1digit	1
16	another	1
16	two	1
16	interesting	1
16	have	2
16	there	1
16	some	1
16	wish	1
16	best	1
16	with	4
16	may	6
16	burke	1
16	will	2
16	respect	1
16	own	1
16	yourself	1
16	here	1
16	wise	1
16	and	9
16	i	5
16	papers	1
16	m	1
16	the	16
16	dear	1
16	sir	1
16	give	1
16	shall	1
16	by	3
16	point	1
16	your	3
16	feel	1
16	they	1
16	nature	1
16	such	1
16	state	2
16	is	3
16	private	1
16	than	2
16	not	3
16	were	1
16	for	3
16	personalname	1
16	myself	1
16	of	14
16	can	2
16	me	2
16	american	1
16	found	1
16	ask	1
16	country	1
16	if	1
16	go	1
16	power	1
16	north	1
16	#sequentialcaps	3
16	#lines	41
16	#maxinitial	3
16	#quotations	2
16	#caplines	10
16	#startwname	1
16	#periods	23
16	#stdev	1644
16	#maxpair	6
16	#startwrubric	1
16	#commas	31
16	#endwpunct	13
16	#textlines	33
16	#endwnumeral	2
16	wordNotInVocab	82
17	same	2
17	would	1
17	paper	2
17	already	2
17	since	1
17	himself	1
17	arabic2digit	2
17	all	2
17	into	1
17	has	1
17	volume	1
17	had	2
17	romannumeral	2
17	my	2
17	hon	1
17	great	1
17	as	3
17	an	3
17	general	1
17	who	1
17	again	1
17	copies	1
17	that	5
17	placename	5
17	him	1
17	under	2
17	could	2
17	sent	1
17	a	3
17	was	2
17	object	1
17	me	2
17	american	1
17	these	1
17	j	1
17	british	1
17	#allcapswords	9
17	early	2
17	gentleman	1
17	he	2
17	it	1
17	history	1
17	arabic4digit	3
17	say	1
17	arabic1digit	3
17	arabicprice	1
17	meet	1
17	but	1
17	enough	1
17	g	1
17	other	1
17	if	2
17	dear	1
17	have	1
17	there	1
17	congress	1
17	some	2
17	known	1
17	papers	4
17	with	3
17	south	1
17	well	1
17	once	1
17	one	1
17	here	2
17	you	1
17	kind	1
17	many	1
17	and	9
17	always	1
17	yours	1
17	i	1
17	mr	3
17	to	11
17	day	1
17	m	1
17	the	16
17	certainly	1
17	sir	1
17	whether	1
17	coming	1
17	be	3
17	office	2
17	shall	1
17	or	1
17	by	2
17	engaged	1
17	are	1
17	at	4
17	propernoun	3
17	hear	1
17	such	1
17	state	3
17	applied	1
17	is	2
17	pleasure	1
17	not	1
17	were	2
17	placed	1
17	for	1
17	of	12
17	can	1
17	in	4
17	from	2
17	however	1
17	whose	1
17	north	2
17	#sequentialcaps	4
17	#lines	45
17	#maxinitial	4
17	#quotations	2
17	#caplines	8
17	#startwname	1
17	#periods	24
17	#stdev	1935
17	#maxpair	6
17	#startwrubric	4
17	#commas	33
17	#endwpunct	12
17	#textlines	35
17	#endwnumeral	3
17	wordNotInVocab	74
18	may	1
18	arabicprice	1
18	duties	1
18	latter	1
18	through	1
18	but	1
18	arabic2digit	2
18	get	1
18	time	1
18	does	1
18	hill	1
18	especially	1
18	g	1
18	d	2
18	other	1
18	c	1
18	dear	1
18	have	2
18	of	12
18	all	1
18	this	1
18	honourable	1
18	hear	1
18	note	2
18	sir	1
18	very	2
18	with	2
18	more	1
18	as	1
18	lord	2
18	romannumeral	6
18	j	3
18	will	1
18	hon	1
18	original	1
18	hope	2
18	my	1
18	here	1
18	an	1
18	when	1
18	know	1
18	and	14
18	yours	1
18	between	1
18	i	6
18	copies	2
18	to	13
18	his	1
18	m	1
18	the	21
18	effect	1
18	am	2
18	take	2
18	whether	1
18	government	1
18	could	1
18	be	1
18	you	2
18	office	1
18	a	4
18	was	1
18	arabic5+digit	1
18	by	2
18	mean	1
18	attention	1
18	your	6
18	him	2
18	subjects	1
18	me	1
18	in	9
18	fate	1
18	among	1
18	these	1
18	mr	7
18	now	1
18	state	1
18	not	1
18	were	1
18	personalname	2
18	object	1
18	its	2
18	#allcapswords	25
18	friend	1
18	myself	1
18	he	1
18	public	1
18	lords	1
18	upon	1
18	chapel	1
18	return	2
18	principal	1
18	that	2
18	servant	1
18	from	5
18	friends	2
18	arabic4digit	2
18	which	1
18	like	1
18	placename	3
18	#sequentialcaps	2
18	#lines	48
18	#maxinitial	7
18	#caplines	15
18	#startwname	2
18	#periods	36
18	#stdev	1815
18	#maxpair	8
18	#startwrubric	5
18	#commas	25
18	#endwpunct	16
18	#textlines	35
18	#endwnumeral	2
18	wordNotInVocab	70
19	brought	1
19	also	1
19	whole	1
19	paper	2
19	d	1
19	since	1
19	chapter	1
19	arabic2digit	2
19	remember	1
19	all	1
19	nearly	1
19	passed	1
19	ll.d.	1
19	romannumeral	2
19	my	1
19	first	2
19	as	2
19	information	1
19	know	1
19	cannot	1
19	#allcapswords	19
19	time	2
19	not	1
19	few	1
19	his	6
19	placename	8
19	times	1
19	those	1
19	am	1
19	letter	1
19	under	1
19	government	1
19	country	2
19	you	2
19	a	4
19	was	1
19	new	1
19	because	1
19	north	1
19	personalname	2
19	in	14
19	already	1
19	these	2
19	trade	3
19	december	1
19	bound	1
19	long	1
19	been	3
19	them	1
19	perhaps	1
19	important	1
19	that	5
19	history	1
19	no	1
19	arabic4digit	1
19	yon	1
19	several	1
19	do	1
19	arabic1digit	1
19	volumes	4
19	two	2
19	should	2
19	other	1
19	board	4
19	where	1
19	have	3
19	there	2
19	family	1
19	some	2
19	make	1
19	papers	5
19	with	1
19	containing	1
19	may	1
19	will	3
19	give	1
19	concerning	1
19	it	1
19	relating	2
19	office	3
19	and	7
19	i	10
19	mr	2
19	an	1
19	index	1
19	public	1
19	to	12
19	j	1
19	having	1
19	the	19
19	subject	1
19	dear	1
19	this	2
19	sir	1
19	find	1
19	be	4
19	complete	1
19	or	1
19	by	4
19	your	1
19	sold	1
19	now	1
19	years	1
19	at	2
19	six	1
19	person	1
19	any	2
19	light	1
19	they	4
19	such	1
19	state	2
19	seeing	1
19	were	1
19	for	1
19	are	4
19	he	3
19	sure	1
19	used	1
19	of	15
19	american	1
19	found	1
19	from	2
19	regard	1
19	hands	1
19	being	1
19	if	1
19	after	1
19	however	1
19	on	2
19	#sequentialcaps	3
19	#lines	44
19	#maxinitial	5
19	#quotations	6
19	#caplines	11
19	#startwname	4
19	#periods	24
19	#stdev	1167
19	#maxpair	10
19	#startwrubric	1
19	#commas	35
19	#endwpunct	9
19	#textlines	37
19	#endwnumeral	2
19	wordNotInVocab	77
20	what	1
20	appears	1
20	ground	1
20	whole	1
20	paper	1
20	any	2
20	d	1
20	interest	1
20	should	1
20	into	1
20	while	1
20	service	1
20	volume	1
20	character	1
20	act	1
20	every	1
20	political	1
20	their	1
20	romannumeral	2
20	my	1
20	hon	2
20	president	1
20	as	1
20	cannot	1
20	#allcapswords	18
20	time	2
20	his	3
20	placename	3
20	our	2
20	him	1
20	am	1
20	present	1
20	letter	2
20	former	1
20	you	4
20	a	6
20	date	1
20	new	1
20	made	1
20	only	1
20	in	9
20	mode	1
20	fear	1
20	these	1
20	j	1
20	yet	1
20	important	2
20	high	2
20	most	1
20	little	1
20	them	1
20	received	1
20	defence	1
20	that	2
20	history	1
20	proud	1
20	no	1
20	arabic4digit	1
20	which	1
20	care	1
20	be	7
20	before	1
20	when	1
20	arabic1digit	1
20	arabicprice	1
20	carried	1
20	but	1
20	cover	1
20	possible	1
20	other	1
20	have	5
20	there	2
20	read	1
20	yourself	1
20	short	1
20	papers	3
20	with	4
20	so	1
20	may	2
20	heard	1
20	will	5
20	respect	1
20	hope	1
20	just	1
20	it	5
20	book	1
20	many	1
20	and	10
20	yours	1
20	i	5
20	public	2
20	to	10
20	day	1
20	having	1
20	through	1
20	effect	1
20	dear	1
20	this	3
20	sir	1
20	find	1
20	performed	1
20	office	1
20	by	1
20	point	1
20	your	2
20	more	1
20	are	3
20	feel	1
20	at	1
20	propernoun	1
20	we	1
20	such	1
20	state	1
20	is	1
20	the	18
20	not	3
20	for	1
20	personalname	1
20	cause	1
20	professor	1
20	please	1
20	full	1
20	must	1
20	of	12
20	american	1
20	own	1
20	they	1
20	from	4
20	hands	1
20	both	1
20	north	1
20	on	1
20	#sequentialcaps	3
20	#lines	47
20	#maxinitial	9
20	#quotations	1
20	#caplines	13
20	#startwname	2
20	#periods	23
20	#stdev	1795
20	#maxpair	9
20	#startwrubric	1
20	#commas	21
20	#endwpunct	11
20	#textlines	35
20	#endwnumeral	2
20	wordNotInVocab	66
21	what	1
21	would	2
21	become	1
21	d	1
21	c	1
21	arabic2digit	1
21	all	2
21	while	1
21	has	4
21	required	1
21	story	1
21	various	1
21	numerous	1
21	romannumeral	3
21	hon	1
21	state	3
21	as	3
21	an	3
21	general	1
21	know	1
21	#allcapswords	19
21	his	1
21	placename	5
21	officers	1
21	times	1
21	our	3
21	him	2
21	letter	1
21	could	1
21	a	1
21	was	1
21	new	1
21	only	3
21	in	12
21	who	3
21	its	1
21	j	1
21	business	1
21	yet	2
21	gentlemen	1
21	she	1
21	home	1
21	that	7
21	history	2
21	arabic4digit	1
21	several	1
21	until	1
21	when	1
21	arabic1digit	1
21	form	1
21	but	3
21	have	4
21	should	3
21	there	3
21	make	2
21	known	1
21	papers	3
21	with	3
21	united	1
21	may	2
21	well	2
21	must	1
21	will	1
21	three	1
21	one	1
21	also	1
21	much	1
21	and	10
21	years	1
21	your	1
21	i	7
21	far	1
21	mr	1
21	public	4
21	to	12
21	the	19
21	dear	1
21	this	3
21	sir	1
21	be	9
21	office	1
21	complete	2
21	ought	1
21	by	1
21	necessary	1
21	feel	1
21	found	1
21	person	2
21	we	1
21	such	1
21	knowledge	1
21	is	4
21	private	1
21	not	3
21	for	4
21	personalname	2
21	myself	1
21	he	3
21	duties	1
21	done	4
21	of	11
21	can	1
21	persons	1
21	return	1
21	during	1
21	american	2
21	my	3
21	regard	1
21	country	1
21	if	1
21	after	1
21	on	1
21	per	1
21	#sequentialcaps	3
21	#lines	44
21	#maxinitial	5
21	#caplines	10
21	#startwname	4
21	#periods	26
21	#stdev	1550
21	#maxpair	7
21	#startwrubric	2
21	#commas	30
21	#endwpunct	11
21	#textlines	35
21	#endwnumeral	2
21	wordNotInVocab	68
22	truth	2
22	what	2
22	ground	1
22	any	2
22	honest	1
22	think	2
22	are	1
22	certain	1
22	arabic2digit	1
22	should	1
22	without	1
22	volume	1
22	story	1
22	man	1
22	hope	2
22	for	6
22	such	1
22	my	6
22	vol	1
22	great	1
22	first	3
22	nor	1
22	as	6
22	an	1
22	know	1
22	#allcapswords	27
22	that	11
22	placename	2
22	our	5
22	am	5
22	under	1
22	could	1
22	you	10
22	a	4
22	was	2
22	mean	1
22	only	1
22	north	1
22	matter	1
22	me	3
22	in	10
22	however	1
22	already	1
22	cut	1
22	tell	1
22	together	1
22	yet	1
22	press	1
22	free	1
22	early	1
22	see	2
22	it	7
22	history	2
22	no	1
22	about	1
22	true	1
22	though	1
22	opinion	1
22	put	1
22	before	1
22	say	4
22	arabic1digit	1
22	volumes	1
22	next	1
22	the	17
22	but	5
22	able	1
22	get	1
22	sure	1
22	possible	1
22	all	2
22	have	5
22	there	1
22	make	1
22	known	1
22	very	2
22	with	3
22	so	1
22	therefore	2
22	winter	1
22	will	1
22	own	1
22	let	1
22	one	1
22	just	1
22	knew	1
22	through	1
22	hands	2
22	work	3
22	kind	1
22	much	4
22	and	10
22	always	1
22	help	1
22	i	26
22	far	2
22	shall	1
22	indeed	1
22	way	1
22	to	18
22	us	2
22	this	2
22	sir	1
22	lord	1
22	neither	1
22	be	3
22	might	1
22	second	1
22	subject	1
22	by	1
22	your	4
22	now	1
22	thank	1
22	did	1
22	at	1
22	valuable	1
22	we	2
22	state	2
22	information	1
22	is	6
22	over	1
22	not	5
22	proper	1
22	personalname	2
22	pray	2
22	feel	1
22	of	14
22	can	3
22	do	3
22	good	1
22	found	1
22	from	1
22	if	1
22	lay	1
22	on	3
22	#sequentialcaps	6
22	#lines	46
22	#maxinitial	9
22	#caplines	7
22	#startwname	1
22	#periods	15
22	#stdev	1453
22	#maxpair	9
22	#startwrubric	1
22	#commas	35
22	#endwpunct	9
22	#textlines	39
22	#endwnumeral	1
22	wordNotInVocab	71
23	the	3
23	our	2
23	them	1
23	knows	1
23	be	1
23	n	1
23	a	1
23	university	1
23	by	1
23	they	1
23	now	1
23	d	1
23	narrative	1
23	all	1
23	your	2
23	g	1
23	history	1
23	arabic2digit	1
23	we	2
23	these	1
23	some	1
23	yourself	1
23	copies	1
23	very	2
23	papers	2
23	with	1
23	friend	1
23	like	1
23	romannumeral	2
23	will	1
23	early	1
23	hope	1
23	one	1
23	first	1
23	of	4
23	can	1
23	past	1
23	every	1
23	in	2
23	who	1
23	that	3
23	and	1
23	#allcapswords	8
23	ought	1
23	regard	1
23	i	1
23	hon	1
23	way	1
23	to	5
23	placename	1
23	#sequentialcaps	1
23	#lines	15
23	#maxinitial	2
23	#caplines	4
23	#startwname	1
23	#periods	10
23	#stdev	2211
23	#maxpair	2
23	#startwrubric	1
23	#commas	8
23	#endwpunct	6
23	#textlines	11
23	#endwnumeral	1
23	wordNotInVocab	13
24	#textlines	0
25	#textlines	0
26	#textlines	0
27	#textlines	0
