0	z	1
0	#allcapswords	2
0	t	1
0	o	2
0	j	1
0	is	1
0	book	1
0	#sequentialcaps	1
0	#lines	14
0	#maxinitial	2
0	#caplines	2
0	#startwname	1
0	#periods	4
0	#stdev	471
0	#maxpair	2
0	#startwrubric	1
0	#commas	1
0	#endwpunct	1
0	#textlines	5
0	#endwnumeral	1
0	wordNotInVocab	4
1	#textlines	0
2	the	2
2	personalname	1
2	#allcapswords	16
2	arabic2digit	1
2	of	2
2	arabic4digit	1
2	o	1
2	placename	1
2	#sequentialcaps	2
2	#lines	12
2	#maxinitial	2
2	#caplines	4
2	#startwname	1
2	#periods	6
2	#stdev	1356
2	#maxpair	2
2	#commas	5
2	#endwpunct	4
2	#textlines	6
2	#endwnumeral	1
2	wordNotInVocab	15
3	i	2
3	#lines	4
3	#maxinitial	1
3	#stdev	50
3	#maxpair	1
3	#textlines	1
4	five	1
4	military	1
4	arabic1digit	1
4	drama	1
4	author	1
4	a	1
4	arabic4digit	2
4	by	1
4	of	1
4	k	1
4	in	1
4	arabic2digit	1
4	en	1
4	boy	1
4	#allcapswords	11
4	acts	1
4	#sequentialcaps	4
4	#lines	20
4	#maxinitial	2
4	#caplines	7
4	#startwname	1
4	#periods	9
4	#stdev	1467
4	#maxpair	2
4	#startwrubric	1
4	#commas	6
4	#endwpunct	8
4	#textlines	10
4	#endwnumeral	2
4	wordNotInVocab	17
5	arabic1digit	1
5	officers	2
5	held	1
5	g	1
5	w	1
5	c	2
5	r	2
5	congress	1
5	address	1
5	o	1
5	act	1
5	printed	1
5	author	1
5	arabic3digit	1
5	romannumeral	1
5	will	2
5	e	1
5	hope	1
5	without	1
5	grace	1
5	general	1
5	i	1
5	mr	4
5	#allcapswords	12
5	to	3
5	peace	1
5	placename	1
5	the	8
5	extent	1
5	this	1
5	by	1
5	be	1
5	office	1
5	a	1
5	or	2
5	parts	1
5	mrs	2
5	year	1
5	others	1
5	persons	1
5	in	2
5	at	1
5	t	1
5	person	1
5	propernoun	7
5	any	1
5	liberty	1
5	not	1
5	s	1
5	personalname	18
5	full	1
5	of	7
5	entered	1
5	captain	2
5	arabic4digit	1
5	war	1
5	published	1
5	#sequentialcaps	2
5	#lines	60
5	#maxinitial	5
5	#quotations	1
5	#caplines	24
5	#startwname	12
5	#periods	39
5	#stdev	1692
5	#maxpair	6
5	#startwrubric	8
5	#commas	36
5	#endwpunct	22
5	#textlines	34
5	wordNotInVocab	55
6	home	1
6	arabicprice	3
6	all	1
6	what	1
6	us	1
6	father	1
6	swear	1
6	street	1
6	n	1
6	two	1
6	i	2
6	scene	8
6	just	1
6	present	1
6	first	1
6	southern	3
6	room	3
6	maid	1
6	useful	1
6	act	1
6	wood	3
6	may	1
6	man	1
6	romannumeral	1
6	beyond	1
6	boat	1
6	hope	1
6	here	1
6	die	1
6	an	2
6	i'll	1
6	know	1
6	and	9
6	clouds	1
6	mr	3
6	p	1
6	god	1
6	to	2
6	his	1
6	placename	1
6	the	14
6	council	1
6	words	1
6	him	1
6	on	1
6	up	1
6	mrs	1
6	you	1
6	a	6
6	was	2
6	or	1
6	your	1
6	done	1
6	in	6
6	at	6
6	propernoun	10
6	old	3
6	union	1
6	not	1
6	flight	1
6	for	3
6	personalname	4
6	cause	1
6	rule	1
6	down	1
6	why	1
6	#allcapswords	8
6	against	1
6	clear	1
6	place	1
6	son	1
6	star	1
6	full	1
6	of	2
6	garden	1
6	steel	1
6	appearance	1
6	it	2
6	friends	2
6	right	1
6	stars	1
6	put	1
6	do	1
6	husband	1
6	when	1
6	#sequentialcaps	6
6	#lines	43
6	#maxinitial	11
6	#quotations	9
6	#caplines	14
6	#startwname	4
6	#periods	32
6	#stdev	2228
6	#maxpair	13
6	#endwpunct	14
6	#textlines	30
6	wordNotInVocab	56
7	what	1
7	us	1
7	propernoun	9
7	scene	17
7	life	1
7	room	3
7	has	1
7	useful	1
7	brother	1
7	act	2
7	news	2
7	their	1
7	romannumeral	2
7	my	1
7	as	1
7	an	1
7	i'll	1
7	who	1
7	again	1
7	#allcapswords	10
7	those	1
7	him	1
7	present	1
7	a	10
7	for	2
7	in	6
7	off	1
7	general	2
7	opinion	1
7	turned	1
7	see	1
7	them	3
7	south	1
7	take	2
7	appearance	1
7	care	1
7	capture	1
7	do	1
7	sister	1
7	arabic1digit	1
7	arabicprice	5
7	but	1
7	our	1
7	southern	1
7	there	1
7	some	1
7	fall	1
7	with	2
7	wood	6
7	once	1
7	boat	1
7	work	1
7	and	7
7	murder	1
7	scenes	1
7	principles	1
7	story	1
7	she	1
7	to	4
7	the	19
7	dark	1
7	up	2
7	battle	1
7	by	1
7	taken	1
7	more	1
7	water	1
7	they	1
7	mountain	1
7	saw	1
7	is	1
7	not	2
7	field	1
7	small	1
7	personalname	11
7	camp	1
7	away	1
7	goes	1
7	of	10
7	return	1
7	good	1
7	back	1
7	line	1
7	union	2
7	on	2
7	#sequentialcaps	5
7	#lines	60
7	#maxinitial	16
7	#quotations	13
7	#caplines	22
7	#startwname	4
7	#periods	47
7	#stdev	1847
7	#maxpair	18
7	#startwrubric	1
7	#commas	1
7	#endwpunct	25
7	#questionmarks	1
7	#exclamationpoints	1
7	#textlines	42
7	wordNotInVocab	105
8	arabic1digit	1
8	arabicprice	2
8	what	1
8	through	1
8	street	1
8	scene	11
8	break	1
8	call	1
8	there	1
8	southern	1
8	room	2
8	before	1
8	act	1
8	romannumeral	1
8	once	1
8	going	1
8	angel	1
8	an	1
8	and	3
8	general	1
8	hand	1
8	more	1
8	it	1
8	#allcapswords	7
8	placename	2
8	the	16
8	our	1
8	scenes	1
8	him	1
8	by	1
8	up	1
8	mrs	1
8	you	1
8	war	1
8	a	3
8	was	1
8	re	1
8	don't	1
8	wood	2
8	death	1
8	me	1
8	in	1
8	at	2
8	fear	1
8	propernoun	4
8	wave	1
8	camp	1
8	stars	1
8	welcome	1
8	peace	1
8	for	1
8	personalname	1
8	came	1
8	out	1
8	of	5
8	home	1
8	return	1
8	found	1
8	from	3
8	which	1
8	is	1
8	union	1
8	how	1
8	news	1
8	on	1
8	#sequentialcaps	6
8	#lines	38
8	#maxinitial	11
8	#quotations	7
8	#caplines	14
8	#periods	32
8	#stdev	1936
8	#maxpair	15
8	#commas	1
8	#endwpunct	15
8	#textlines	26
8	#endwnumeral	1
8	wordNotInVocab	66
9	arabic1digit	72
9	fancy	2
9	arabicprice	1
9	same	2
9	distance	1
9	r	1
9	propernoun	3
9	set	2
9	street	3
9	plain	6
9	two	1
9	scene	14
9	water	1
9	in	38
9	arabic2digit	3
9	e	3
9	g	1
9	room	4
9	u	2
9	act	8
9	with	1
9	city	1
9	wood	8
9	mountain	1
9	romannumeral	7
9	boat	1
9	ready	1
9	of	1
9	as	2
9	k	2
9	back	1
9	i	2
9	#allcapswords	18
9	#sequentialcaps	3
9	#lines	115
9	#maxinitial	9
9	#quotations	15
9	#caplines	37
9	#startwname	2
9	#periods	95
9	#stdev	1093
9	#maxpair	13
9	#startwrubric	3
9	#commas	13
9	#endwpunct	58
9	#textlines	70
9	#endwnumeral	42
9	wordNotInVocab	49
10	arabic1digit	8
10	written	1
10	arabicprice	3
10	books	1
10	same	1
10	arabic2digit	2
10	paper	2
10	war	1
10	has	1
10	scene	14
10	like	1
10	e	3
10	room	2
10	act	6
10	papers	4
10	with	3
10	under	1
10	easy	1
10	house	1
10	romannumeral	15
10	hope	1
10	one	1
10	as	1
10	fire	1
10	and	13
10	just	1
10	a	1
10	#allcapswords	13
10	to	1
10	letters	2
10	or	2
10	up	1
10	r	7
10	st	1
10	set	2
10	for	15
10	men	1
10	water	1
10	in	6
10	i	1
10	propernoun	3
10	chief	1
10	u	6
10	the	1
10	s	3
10	personalname	7
10	camp	5
10	con	3
10	common	2
10	long	2
10	star	2
10	ready	4
10	of	7
10	blood	1
10	it	2
10	small	2
10	from	1
10	about	1
10	money	1
10	feet	3
10	table	13
10	on	8
10	#sequentialcaps	5
10	#lines	54
10	#maxinitial	17
10	#caplines	19
10	#startwname	2
10	#periods	59
10	#stdev	1924
10	#maxpair	17
10	#startwrubric	2
10	#commas	48
10	#endwpunct	22
10	#textlines	36
10	wordNotInVocab	103
11	arabic1digit	2
11	fancy	2
11	arabicprice	1
11	large	2
11	the	1
11	same	1
11	their	1
11	any	2
11	plain	2
11	scene	7
11	b	1
11	arabic2digit	2
11	book	2
11	act	2
11	man	1
11	as	3
11	for	10
11	o	1
11	romannumeral	14
11	old	3
11	fourth	2
11	first	3
11	angel	1
11	fifth	1
11	and	7
11	officers	1
11	army	1
11	letter	1
11	r	4
11	second	8
11	or	2
11	parts	1
11	wings	1
11	in	3
11	propernoun	7
11	u	7
11	field	1
11	third	3
11	s	11
11	personalname	14
11	camp	2
11	#allcapswords	30
11	private	2
11	grey	1
11	long	2
11	ready	1
11	of	2
11	near	1
11	k	1
11	it	1
11	small	1
11	feet	2
11	table	3
11	on	4
11	#sequentialcaps	4
11	#lines	60
11	#maxinitial	9
11	#caplines	24
11	#startwname	9
11	#periods	94
11	#stdev	1671
11	#maxpair	11
11	#startwrubric	2
11	#commas	40
11	#endwpunct	29
11	#textlines	38
11	wordNotInVocab	136
12	arabic1digit	1
12	them	4
12	all	2
12	knows	1
12	but	1
12	reading	1
12	would	5
12	except	1
12	makes	1
12	should	1
12	to	3
12	have	1
12	desire	1
12	of	6
12	southern	1
12	what	1
12	there	2
12	room	1
12	nothing	1
12	been	1
12	act	1
12	follow	1
12	so	1
12	more	1
12	as	1
12	up	1
12	well	1
12	child	1
12	romannumeral	1
12	my	2
12	will	6
12	be	3
12	ever	1
12	one	1
12	against	2
12	thought	1
12	brave	1
12	know	3
12	and	5
12	reason	1
12	town	1
12	i	10
12	a	5
12	cannot	2
12	god	1
12	father	1
12	his	2
12	placename	1
12	the	10
12	no	1
12	men	1
12	mrs	6
12	give	1
12	you	1
12	which	1
12	r	1
12	or	1
12	by	1
12	guide	1
12	your	1
12	him	1
12	now	1
12	heart	1
12	only	1
12	feel	2
12	me	1
12	in	2
12	they	2
12	mother	4
12	world	1
12	propernoun	3
12	kill	1
12	not	3
12	strong	1
12	is	2
12	than	1
12	were	1
12	for	9
12	personalname	8
12	cause	2
12	why	2
12	#allcapswords	17
12	are	2
12	he	2
12	most	1
12	see	1
12	death	3
12	cast	1
12	can	1
12	people	1
12	do	4
12	k	1
12	who	1
12	it	1
12	proud	1
12	at	2
12	country	1
12	on	1
12	union	1
12	since	1
12	right	2
12	how	1
12	when	1
12	#sequentialcaps	1
12	#lines	39
12	#maxinitial	6
12	#caplines	14
12	#startwname	9
12	#periods	29
12	#stdev	1859
12	#maxpair	8
12	#startwrubric	8
12	#commas	23
12	#endwpunct	12
12	#questionmarks	2
12	#exclamationpoints	1
12	#textlines	26
12	#endwnumeral	1
12	wordNotInVocab	42
13	truth	1
13	what	1
13	seen	1
13	mad	1
13	think	2
13	since	1
13	here	2
13	himself	1
13	arabic2digit	1
13	remember	1
13	southern	2
13	required	1
13	act	1
13	news	1
13	yes	1
13	romannumeral	3
13	leaves	1
13	said	1
13	going	2
13	against	3
13	business	1
13	as	1
13	an	1
13	know	3
13	is	3
13	who	4
13	and	10
13	god	1
13	left	1
13	few	2
13	his	1
13	placename	3
13	strength	1
13	those	3
13	him	3
13	am	1
13	mrs	6
13	you	8
13	a	10
13	was	1
13	only	1
13	me	1
13	in	5
13	kill	1
13	fear	1
13	welcome	1
13	rule	2
13	#allcapswords	26
13	union	4
13	out	1
13	been	2
13	them	2
13	course	1
13	favour	1
13	that	7
13	says	1
13	no	1
13	about	1
13	saw	1
13	until	1
13	do	6
13	arabic1digit	3
13	the	15
13	but	2
13	e	1
13	all	2
13	call	1
13	have	3
13	there	2
13	make	1
13	morning	4
13	follow	1
13	has	1
13	between	1
13	enter	1
13	south	1
13	could	2
13	taking	1
13	will	6
13	let	1
13	just	1
13	it	6
13	stand	1
13	lived	1
13	many	1
13	more	1
13	i	17
13	to	6
13	through	1
13	certainly	1
13	north	2
13	this	1
13	find	1
13	be	5
13	particular	1
13	shall	1
13	by	2
13	your	1
13	now	1
13	man	1
13	are	4
13	years	1
13	they	1
13	propernoun	4
13	seems	1
13	face	1
13	u	1
13	than	1
13	not	4
13	were	3
13	for	4
13	personalname	24
13	how	1
13	myself	1
13	he	4
13	go	1
13	did	1
13	must	1
13	of	9
13	steel	1
13	true	1
13	good	4
13	k	1
13	my	1
13	from	1
13	takes	1
13	if	4
13	exit	1
13	on	1
13	#sequentialcaps	3
13	#lines	61
13	#maxinitial	10
13	#quotations	2
13	#caplines	20
13	#startwname	17
13	#periods	56
13	#stdev	1693
13	#maxpair	11
13	#startwrubric	15
13	#commas	29
13	#endwpunct	23
13	#questionmarks	6
13	#exclamationpoints	1
13	#textlines	43
13	wordNotInVocab	69
14	person	1
14	what	1
14	call	1
14	head	1
14	we	1
14	scene	5
14	arabic2digit	2
14	all	4
14	into	1
14	miss	1
14	o	1
14	let	1
14	poor	1
14	man	2
14	as	2
14	their	1
14	romannumeral	2
14	my	3
14	going	2
14	born	1
14	great	3
14	first	1
14	duty	1
14	an	4
14	who	3
14	danger	3
14	over	1
14	#allcapswords	12
14	his	2
14	our	2
14	him	2
14	could	1
14	you	6
14	a	7
14	pure	1
14	em	1
14	don't	3
14	strong	1
14	much	1
14	in	4
14	aside	1
14	boy	1
14	principles	1
14	than	2
14	mighty	1
14	want	1
14	yet	1
14	why	2
14	love	6
14	garden	1
14	leave	1
14	that	5
14	strange	1
14	proud	1
14	no	2
14	which	4
14	right	1
14	like	2
14	table	1
14	true	2
14	when	2
14	arabic1digit	3
14	arabicprice	1
14	knows	1
14	but	5
14	there	4
14	southern	2
14	other	1
14	deep	1
14	the	8
14	e	2
14	them	1
14	make	1
14	birth	1
14	very	1
14	with	1
14	fool	1
14	enter	1
14	will	3
14	one	2
14	w	1
14	it	5
14	stand	1
14	and	11
14	help	1
14	i	8
14	soul	1
14	her	1
14	to	15
14	day	1
14	us	2
14	after	2
14	this	2
14	be	2
14	section	1
14	or	1
14	by	1
14	now	2
14	heart	2
14	more	1
14	cold	1
14	are	1
14	me	3
14	feel	2
14	de	1
14	at	3
14	mother	1
14	do	4
14	dignity	1
14	propernoun	15
14	any	2
14	face	2
14	know	1
14	is	14
14	not	2
14	were	1
14	for	4
14	personalname	18
14	how	1
14	well	1
14	he	3
14	go	3
14	goes	1
14	death	2
14	of	7
14	can	1
14	laid	1
14	they	1
14	ask	1
14	country	1
14	takes	1
14	if	2
14	followed	1
14	exit	1
14	send	1
14	#sequentialcaps	3
14	#lines	56
14	#maxinitial	8
14	#caplines	14
14	#startwname	11
14	#periods	39
14	#stdev	1544
14	#maxpair	9
14	#startwrubric	9
14	#commas	41
14	#endwpunct	17
14	#questionmarks	5
14	#textlines	42
14	#endwnumeral	2
14	wordNotInVocab	104
15	what	1
15	going	2
15	latter	1
15	longer	1
15	n	1
15	that	8
15	soon	1
15	d	1
15	here	4
15	fate	1
15	all	6
15	dare	1
15	fact	1
15	had	1
15	meet	1
15	act	3
15	man	2
15	yes	1
15	my	2
15	born	1
15	first	1
15	as	3
15	an	8
15	work	2
15	give	1
15	know	2
15	hand	2
15	much	2
15	e	1
15	over	1
15	#allcapswords	17
15	few	2
15	placename	3
15	army	1
15	country	1
15	thought	1
15	a	8
15	was	4
15	spoke	1
15	new	1
15	don't	1
15	me	2
15	american	1
15	i	13
15	enter	1
15	personalname	5
15	these	1
15	j	1
15	business	1
15	mighty	1
15	tell	1
15	old	2
15	why	2
15	good	1
15	see	6
15	trial	1
15	then	2
15	love	1
15	home	1
15	show	2
15	out	1
15	it	4
15	march	1
15	about	1
15	ere	2
15	i'm	1
15	his	1
15	any	3
15	say	1
15	when	1
15	arabic1digit	3
15	them	1
15	us	1
15	but	2
15	have	3
15	enough	1
15	get	1
15	there	2
15	our	2
15	southern	2
15	too	1
15	into	2
15	morning	1
15	some	1
15	with	3
15	so	5
15	may	2
15	troops	1
15	well	2
15	south	1
15	heard	1
15	will	1
15	be	2
15	side	1
15	just	1
15	stand	1
15	you	9
15	last	1
15	and	10
15	wife	1
15	she	1
15	kinds	1
15	her	1
15	to	10
15	the	19
15	row	1
15	air	1
15	this	5
15	up	2
15	r	2
15	glory	3
15	by	2
15	look	2
15	more	1
15	are	2
15	your	1
15	done	1
15	they	3
15	right	2
15	shall	4
15	propernoun	4
15	we	6
15	night	1
15	such	1
15	state	1
15	is	1
15	than	2
15	not	1
15	for	8
15	t	1
15	how	1
15	down	1
15	along	1
15	myself	1
15	he	1
15	settled	1
15	both	1
15	sure	1
15	full	1
15	got	2
15	of	7
15	can	3
15	do	1
15	told	1
15	in	10
15	come	2
15	been	2
15	kill	1
15	back	1
15	till	2
15	stay	2
15	union	3
15	if	3
15	cannot	1
15	go	2
15	north	1
15	on	6
15	#sequentialcaps	2
15	#lines	54
15	#maxinitial	6
15	#quotations	2
15	#caplines	12
15	#startwname	4
15	#periods	33
15	#stdev	1374
15	#maxpair	9
15	#startwrubric	9
15	#commas	32
15	#endwpunct	14
15	#questionmarks	3
15	#exclamationpoints	5
15	#textlines	43
15	#endwnumeral	1
15	wordNotInVocab	103
16	arabic1digit	5
16	what	4
16	ever	1
16	propernoun	7
16	plain	1
16	against	1
16	scene	5
16	just	2
16	c	1
16	arabic2digit	1
16	all	2
16	room	4
16	let	3
16	rest	1
16	as	1
16	stood	1
16	ready	1
16	have	2
16	tender	1
16	die	1
16	every	2
16	duty	1
16	an	6
16	i'll	2
16	know	1
16	cannot	1
16	hand	1
16	again	1
16	#allcapswords	13
16	his	1
16	our	2
16	him	2
16	am	1
16	on	2
16	you	3
16	a	8
16	come	1
16	don't	1
16	men	2
16	me	1
16	in	5
16	door	1
16	welcome	1
16	comes	1
16	thousand	1
16	old	2
16	army	1
16	making	1
16	common	1
16	those	1
16	part	1
16	see	3
16	then	1
16	r	5
16	them	3
16	out	2
16	that	1
16	understand	1
16	friends	1
16	ere	1
16	like	3
16	table	3
16	do	2
16	say	1
16	white	1
16	arabicprice	1
16	us	2
16	but	2
16	e	4
16	southern	1
16	the	6
16	of	5
16	there	4
16	maid	1
16	wish	1
16	papers	1
16	with	2
16	so	1
16	may	1
16	well	1
16	must	2
16	hope	1
16	one	1
16	told	1
16	here	2
16	it	6
16	true	1
16	force	1
16	and	8
16	i	8
16	mr	3
16	to	13
16	through	1
16	swear	1
16	this	1
16	sir	1
16	up	1
16	give	1
16	or	1
16	by	2
16	look	1
16	your	1
16	man	1
16	thank	1
16	behind	1
16	de	1
16	gone	1
16	right	2
16	we	3
16	hear	1
16	around	1
16	u	2
16	is	1
16	over	1
16	not	4
16	for	2
16	personalname	17
16	cause	2
16	enter	1
16	practical	1
16	he	2
16	romannumeral	3
16	go	2
16	before	1
16	during	1
16	k	1
16	if	3
16	exit	3
16	lay	1
16	#sequentialcaps	1
16	#lines	61
16	#maxinitial	7
16	#caplines	20
16	#startwname	8
16	#periods	64
16	#stdev	1632
16	#maxpair	11
16	#startwrubric	14
16	#commas	43
16	#endwpunct	24
16	#questionmarks	2
16	#exclamationpoints	1
16	#textlines	42
16	#endwnumeral	1
16	wordNotInVocab	101
17	white	1
17	thing	1
17	what	1
17	us	11
17	would	1
17	whole	1
17	any	1
17	never	1
17	here	1
17	c	1
17	certain	1
17	arabic2digit	1
17	should	1
17	while	1
17	let	3
17	had	1
17	hear	2
17	act	4
17	every	1
17	man	1
17	do	1
17	their	3
17	close	1
17	black	1
17	ready	1
17	my	1
17	state	1
17	think	1
17	as	1
17	an	2
17	know	1
17	who	3
17	liberty	1
17	#allcapswords	10
17	god	1
17	use	1
17	not	4
17	our	7
17	him	1
17	am	1
17	government	1
17	each	1
17	you	12
17	a	6
17	was	1
17	collection	1
17	lie	1
17	woe	1
17	for	2
17	men	1
17	in	2
17	still	1
17	placename	3
17	came	1
17	five	1
17	already	1
17	important	1
17	free	1
17	most	1
17	then	1
17	so	1
17	them	1
17	people	1
17	out	1
17	that	4
17	no	2
17	take	1
17	about	1
17	be	3
17	like	1
17	course	1
17	true	1
17	say	1
17	sister	1
17	arabic1digit	1
17	property	1
17	but	1
17	all	2
17	where	2
17	have	1
17	e	1
17	love	1
17	down	1
17	follow	2
17	with	3
17	talk	1
17	united	1
17	may	1
17	hold	1
17	enter	1
17	south	2
17	once	1
17	will	6
17	hope	1
17	ever	1
17	one	1
17	just	1
17	it	3
17	stand	1
17	hands	1
17	three	1
17	many	1
17	and	12
17	come	2
17	i	7
17	far	1
17	to	15
17	the	15
17	choice	2
17	words	1
17	this	4
17	up	3
17	give	2
17	or	1
17	by	1
17	your	3
17	now	4
17	heart	1
17	are	10
17	did	1
17	at	1
17	gone	1
17	something	1
17	propernoun	2
17	we	8
17	around	1
17	is	3
17	seeing	1
17	places	1
17	personalname	6
17	land	1
17	speech	1
17	place	1
17	cause	1
17	star	1
17	show	1
17	of	12
17	can	2
17	how	1
17	own	1
17	glorious	1
17	happy	1
17	they	1
17	from	5
17	nation	2
17	whose	1
17	country	1
17	being	2
17	if	3
17	go	1
17	power	2
17	on	1
17	#sequentialcaps	3
17	#lines	56
17	#maxinitial	6
17	#caplines	12
17	#startwname	6
17	#periods	30
17	#stdev	1603
17	#maxpair	8
17	#startwrubric	10
17	#commas	29
17	#endwpunct	17
17	#questionmarks	4
17	#exclamationpoints	12
17	#textlines	43
17	wordNotInVocab	90
18	what	3
18	would	2
18	form	1
18	head	1
18	we	4
18	scene	4
18	h	1
18	well	1
18	arabic2digit	1
18	all	4
18	miss	1
18	room	3
18	let	3
18	had	1
18	off	1
18	as	2
18	romannumeral	7
18	stage	1
18	but	1
18	think	1
18	nor	1
18	an	4
18	know	2
18	cannot	1
18	comes	1
18	again	1
18	#allcapswords	18
18	why	1
18	that	3
18	his	1
18	our	2
18	mighty	2
18	under	1
18	help	1
18	you	8
18	a	2
18	was	1
18	em	1
18	lie	1
18	don't	2
18	s	1
18	men	1
18	me	4
18	in	8
18	duty	1
18	placename	1
18	these	1
18	rest	2
18	want	1
18	yet	1
18	good	1
18	see	2
18	then	2
18	them	1
18	to	16
18	it	11
18	friends	1
18	few	1
18	saw	1
18	feet	1
18	like	1
18	true	1
18	at	1
18	property	1
18	knows	1
18	the	6
18	get	4
18	makes	1
18	either	1
18	should	1
18	winds	1
18	too	1
18	board	1
18	anything	1
18	him	2
18	have	2
18	e	1
18	there	1
18	some	1
18	d	1
18	with	2
18	so	2
18	wood	1
18	may	1
18	enter	1
18	will	1
18	hope	1
18	one	1
18	side	1
18	here	4
18	stand	1
18	hands	3
18	work	1
18	and	13
18	false	1
18	i	9
18	way	1
18	day	1
18	us	3
18	swear	2
18	dear	3
18	this	3
18	find	1
18	though	3
18	up	2
18	be	5
18	r	1
18	st	1
18	by	1
18	about	1
18	now	3
18	others	2
18	did	2
18	de	2
18	they	1
18	house	1
18	propernoun	16
18	any	1
18	exeunt	1
18	face	1
18	u	2
18	is	5
18	not	1
18	for	1
18	personalname	11
18	southern	2
18	down	3
18	are	2
18	he	4
18	star	1
18	death	1
18	of	6
18	do	2
18	told	1
18	longer	1
18	come	2
18	been	1
18	kill	1
18	till	3
18	stay	1
18	go	2
18	lay	3
18	on	5
18	#sequentialcaps	3
18	#lines	58
18	#maxinitial	7
18	#caplines	18
18	#startwname	8
18	#periods	44
18	#stdev	1343
18	#maxpair	13
18	#startwrubric	13
18	#commas	32
18	#endwpunct	18
18	#questionmarks	4
18	#exclamationpoints	2
18	#textlines	43
18	#endwnumeral	1
18	wordNotInVocab	106
19	party	1
19	met	1
19	what	1
19	one	1
19	mad	1
19	time	2
19	propernoun	7
19	street	1
19	soon	1
19	scene	1
19	just	1
19	c	1
19	arabic2digit	1
19	all	3
19	into	1
19	let	3
19	alone	1
19	act	3
19	whole	2
19	country	3
19	man	2
19	house	2
19	such	1
19	ready	1
19	my	2
19	at	1
19	going	2
19	as	4
19	an	8
19	i'll	2
19	hand	1
19	town	2
19	who	1
19	e	3
19	#allcapswords	16
19	that	3
19	his	2
19	him	7
19	am	3
19	looks	1
19	you	2
19	a	6
19	dark	1
19	em	2
19	don't	2
19	only	1
19	me	1
19	in	7
19	i	16
19	enter	1
19	door	1
19	comes	2
19	mighty	2
19	against	1
19	part	1
19	see	3
19	then	1
19	home	2
19	stand	1
19	favour	1
19	says	1
19	take	1
19	about	2
19	right	1
19	like	1
19	table	1
19	do	4
19	when	1
19	arabic1digit	3
19	the	3
19	but	5
19	enough	1
19	get	5
19	want	1
19	too	1
19	have	4
19	there	2
19	tears	2
19	some	1
19	with	2
19	so	4
19	may	2
19	us	1
19	well	1
19	own	2
19	open	1
19	looking	1
19	here	3
19	round	1
19	many	3
19	and	10
19	help	1
19	it	10
19	way	1
19	to	15
19	day	1
19	romannumeral	1
19	through	1
19	row	1
19	set	1
19	dear	2
19	this	1
19	by	3
19	up	1
19	be	3
19	r	2
19	might	1
19	or	2
19	your	1
19	are	2
19	behind	1
19	feel	1
19	de	4
19	they	4
19	lies	1
19	we	1
19	exeunt	1
19	is	2
19	not	1
19	for	9
19	personalname	10
19	southern	2
19	down	1
19	better	1
19	along	2
19	he	4
19	practice	1
19	done	1
19	got	1
19	of	8
19	birth	1
19	any	1
19	good	1
19	come	3
19	kill	1
19	play	1
19	till	2
19	stay	1
19	takes	2
19	if	3
19	go	2
19	on	3
19	#sequentialcaps	3
19	#lines	55
19	#maxinitial	7
19	#caplines	19
19	#startwname	11
19	#periods	45
19	#stdev	1183
19	#maxpair	11
19	#startwrubric	10
19	#commas	44
19	#endwpunct	22
19	#questionmarks	1
19	#textlines	42
19	wordNotInVocab	112
20	arabic1digit	4
20	met	1
20	waves	1
20	would	1
20	propernoun	13
20	honest	2
20	scene	4
20	himself	1
20	arabic2digit	1
20	all	1
20	what	2
20	till	2
20	o	1
20	without	1
20	man	5
20	house	1
20	romannumeral	6
20	my	1
20	every	1
20	as	4
20	an	3
20	know	4
20	done	3
20	who	4
20	again	1
20	#allcapswords	15
20	god	1
20	our	4
20	him	8
20	am	3
20	were	1
20	each	1
20	you	14
20	a	1
20	dark	1
20	don't	1
20	men	3
20	me	5
20	in	5
20	kill	2
20	enter	1
20	aside	1
20	rise	1
20	fear	1
20	themselves	1
20	why	1
20	live	1
20	good	1
20	your	1
20	then	1
20	stage	2
20	blood	1
20	it	2
20	no	2
20	right	1
20	death	1
20	stars	1
20	do	4
20	say	1
20	after	1
20	when	1
20	form	1
20	the	4
20	but	2
20	brave	2
20	enough	1
20	there	1
20	southern	1
20	too	1
20	de	1
20	have	6
20	e	3
20	colours	1
20	fall	1
20	wish	1
20	with	4
20	wood	1
20	hold	1
20	must	1
20	dead	1
20	ever	1
20	one	1
20	here	2
20	stand	2
20	much	1
20	and	11
20	yours	1
20	i	8
20	want	1
20	to	8
20	day	1
20	us	1
20	set	1
20	words	1
20	this	2
20	up	1
20	be	3
20	r	5
20	let	2
20	or	1
20	by	4
20	now	3
20	more	1
20	others	1
20	did	2
20	at	1
20	shall	1
20	we	2
20	head	1
20	is	1
20	over	1
20	not	3
20	for	6
20	personalname	14
20	land	1
20	down	1
20	better	1
20	these	1
20	followed	1
20	star	1
20	sure	1
20	of	4
20	can	1
20	glorious	1
20	they	1
20	will	1
20	back	1
20	country	1
20	if	1
20	on	1
20	#sequentialcaps	2
20	#lines	52
20	#maxinitial	6
20	#caplines	10
20	#startwname	4
20	#periods	47
20	#stdev	1473
20	#maxpair	9
20	#startwrubric	7
20	#commas	40
20	#endwpunct	12
20	#questionmarks	1
20	#exclamationpoints	1
20	#textlines	40
20	#endwnumeral	2
20	wordNotInVocab	105
21	us	3
21	propernoun	7
21	arabicprice	1
21	we	3
21	here	1
21	c	1
21	first	1
21	arabic2digit	1
21	remember	1
21	southern	2
21	o	1
21	let	3
21	act	3
21	man	1
21	exeunt	1
21	body	1
21	romannumeral	12
21	my	4
21	going	2
21	think	2
21	turn	1
21	as	1
21	an	8
21	i'll	3
21	know	2
21	e	4
21	save	1
21	#allcapswords	12
21	him	3
21	mrs	3
21	you	13
21	a	3
21	was	3
21	mean	1
21	lie	1
21	don't	2
21	only	1
21	me	1
21	in	4
21	kill	2
21	these	1
21	boy	3
21	off	1
21	rest	1
21	again	1
21	friend	1
21	yet	2
21	them	2
21	leave	1
21	send	1
21	flowers	1
21	that	3
21	says	1
21	no	1
21	take	2
21	lies	1
21	care	2
21	scene	1
21	like	1
21	table	6
21	do	1
21	say	1
21	when	1
21	arabic1digit	4
21	meet	1
21	through	2
21	but	3
21	reading	1
21	get	2
21	there	3
21	two	1
21	books	1
21	have	1
21	follow	1
21	with	3
21	so	2
21	easy	3
21	may	1
21	hold	1
21	well	2
21	black	1
21	will	2
21	ever	1
21	just	2
21	it	3
21	sent	1
21	and	10
21	i	7
21	mr	1
21	her	1
21	to	14
21	m	1
21	the	4
21	this	3
21	up	2
21	give	1
21	complete	1
21	r	4
21	look	1
21	your	5
21	brave	2
21	now	3
21	heart	1
21	more	1
21	thank	1
21	they	3
21	head	1
21	any	2
21	w	1
21	u	1
21	same	1
21	over	1
21	not	1
21	em	6
21	for	6
21	personalname	16
21	he	2
21	go	4
21	you'll	2
21	water	1
21	got	1
21	of	7
21	can	1
21	told	1
21	own	1
21	dead	1
21	from	1
21	back	3
21	till	1
21	if	2
21	exit	2
21	on	6
21	#sequentialcaps	3
21	#lines	54
21	#maxinitial	6
21	#caplines	11
21	#startwname	6
21	#periods	59
21	#stdev	1420
21	#maxpair	11
21	#startwrubric	8
21	#commas	42
21	#endwpunct	16
21	#questionmarks	3
21	#exclamationpoints	4
21	#textlines	42
21	wordNotInVocab	105
22	what	2
22	seen	2
22	us	1
22	would	2
22	propernoun	18
22	any	1
22	scene	3
22	arabic2digit	1
22	all	3
22	into	1
22	order	1
22	room	1
22	o	2
22	had	1
22	their	1
22	romannumeral	2
22	my	5
22	same	1
22	while	1
22	i'm	1
22	die	1
22	as	1
22	an	2
22	i'll	5
22	know	3
22	hand	2
22	town	1
22	who	1
22	danger	1
22	sit	1
22	#allcapswords	23
22	god	1
22	use	3
22	that	5
22	it	10
22	our	2
22	him	3
22	am	1
22	mrs	1
22	there	1
22	help	1
22	you	17
22	a	5
22	was	3
22	only	2
22	yourself	1
22	me	2
22	in	8
22	nothing	1
22	off	1
22	never	1
22	father	3
22	again	2
22	came	1
22	why	1
22	mind	1
22	long	1
22	free	2
22	journey	1
22	home	1
22	south	1
22	praise	1
22	received	1
22	neither	1
22	day	3
22	take	2
22	about	1
22	right	2
22	new	1
22	saw	1
22	when	1
22	arabic1digit	4
22	knows	1
22	but	3
22	get	2
22	tell	1
22	want	2
22	have	3
22	e	4
22	some	1
22	before	1
22	make	2
22	service	1
22	very	1
22	with	1
22	leave	1
22	so	2
22	may	2
22	well	1
22	must	3
22	will	7
22	ever	1
22	one	1
22	told	1
22	here	4
22	wise	1
22	stand	1
22	and	16
22	come	1
22	i	18
22	mr	6
22	to	11
22	the	9
22	this	4
22	find	1
22	up	1
22	even	1
22	be	3
22	r	3
22	or	1
22	by	3
22	look	1
22	now	2
22	are	2
22	feel	1
22	de	5
22	they	1
22	mother	1
22	head	1
22	we	2
22	night	1
22	done	2
22	is	3
22	were	3
22	for	6
22	personalname	19
22	southern	1
22	down	2
22	he	2
22	go	2
22	either	1
22	star	2
22	another	1
22	ready	1
22	of	5
22	can	1
22	near	1
22	how	1
22	good	1
22	from	2
22	back	1
22	till	1
22	takes	1
22	if	1
22	followed	1
22	exit	1
22	on	2
22	speak	1
22	north	1
22	#sequentialcaps	3
22	#lines	56
22	#maxinitial	8
22	#quotations	3
22	#caplines	17
22	#startwname	13
22	#periods	50
22	#stdev	1467
22	#maxpair	10
22	#startwrubric	12
22	#commas	42
22	#endwpunct	15
22	#questionmarks	2
22	#exclamationpoints	1
22	#textlines	44
22	#endwnumeral	1
22	wordNotInVocab	93
23	thing	1
23	what	3
23	would	3
23	head	1
23	war	1
23	only	2
23	here	1
23	arabic2digit	1
23	southern	1
23	has	1
23	o	2
23	brother	2
23	act	3
23	more	2
23	their	4
23	speech	1
23	yes	1
23	my	5
23	think	2
23	first	1
23	killed	1
23	as	1
23	yon	1
23	know	1
23	cannot	1
23	young	1
23	again	2
23	#allcapswords	23
23	god	1
23	not	9
23	our	2
23	him	1
23	am	6
23	looks	1
23	mrs	1
23	you	9
23	a	3
23	was	2
23	mean	1
23	feel	1
23	talk	1
23	strong	1
23	me	9
23	who	1
23	fear	1
23	days	1
23	worthy	1
23	tell	2
23	why	1
23	out	1
23	long	1
23	see	1
23	left	1
23	seemed	1
23	love	1
23	home	2
23	till	1
23	course	1
23	to	10
23	that	6
23	no	2
23	arabic4digit	1
23	about	1
23	right	3
23	stars	1
23	like	2
23	how	1
23	sister	1
23	when	1
23	arabic1digit	2
23	meet	1
23	but	4
23	e	1
23	two	1
23	should	1
23	too	1
23	have	3
23	there	3
23	them	1
23	wish	1
23	while	1
23	some	1
23	before	1
23	with	3
23	so	1
23	may	2
23	enter	1
23	south	1
23	will	4
23	respect	1
23	give	1
23	one	1
23	side	1
23	it	6
23	true	2
23	many	1
23	and	14
23	always	1
23	years	1
23	boy	1
23	i	18
23	mr	2
23	indeed	1
23	way	1
23	her	2
23	t	1
23	flight	1
23	the	12
23	this	2
23	find	2
23	coming	1
23	even	2
23	be	8
23	or	1
23	your	2
23	water	1
23	did	1
23	at	1
23	all	2
23	gone	1
23	could	1
23	propernoun	1
23	hear	1
23	takes	1
23	believe	1
23	is	6
23	military	1
23	were	3
23	for	3
23	personalname	22
23	pain	1
23	down	1
23	he	5
23	sure	1
23	romannumeral	2
23	of	6
23	do	5
23	during	1
23	in	2
23	they	4
23	ask	1
23	party	2
23	if	2
23	mother	1
23	on	5
23	#sequentialcaps	2
23	#lines	58
23	#maxinitial	8
23	#caplines	14
23	#startwname	13
23	#periods	42
23	#stdev	1625
23	#maxpair	9
23	#startwrubric	12
23	#commas	35
23	#endwpunct	19
23	#questionmarks	3
23	#exclamationpoints	2
23	#textlines	43
23	#endwnumeral	1
23	wordNotInVocab	79
24	mine	1
24	time	1
24	head	2
24	soon	2
24	scene	3
24	life	1
24	arabic2digit	1
24	remember	1
24	all	1
24	into	1
24	while	1
24	should	1
24	let	1
24	fact	1
24	had	1
24	news	1
24	as	3
24	yes	1
24	romannumeral	2
24	my	1
24	said	1
24	every	1
24	duty	1
24	would	3
24	know	1
24	danger	1
24	than	1
24	#allcapswords	22
24	god	1
24	letters	2
24	am	2
24	mrs	4
24	you	20
24	was	1
24	me	4
24	in	4
24	useful	1
24	off	1
24	business	1
24	welcome	1
24	cut	1
24	matter	1
24	want	1
24	came	2
24	why	1
24	keep	1
24	better	1
24	rode	1
24	part	1
24	see	2
24	trial	1
24	little	1
24	them	1
24	home	1
24	leave	1
24	received	1
24	blood	1
24	that	5
24	take	1
24	which	1
24	his	1
24	table	1
24	m	2
24	say	1
24	when	2
24	arabic1digit	2
24	exit	1
24	the	9
24	but	4
24	get	1
24	e	1
24	our	1
24	tell	1
24	southern	1
24	other	1
24	too	2
24	hour	1
24	did	4
24	have	9
24	there	1
24	some	2
24	before	1
24	make	1
24	wish	1
24	very	1
24	with	2
24	talk	1
24	may	1
24	o	1
24	enter	1
24	must	4
24	will	3
24	yourself	1
24	one	1
24	here	2
24	it	6
24	thought	1
24	and	16
24	i	17
24	a	4
24	way	1
24	she	1
24	her	1
24	to	12
24	us	2
24	this	3
24	find	1
24	coming	2
24	up	2
24	so	2
24	be	3
24	r	1
24	your	1
24	brave	1
24	now	2
24	heart	1
24	are	3
24	feel	1
24	they	2
24	shall	1
24	propernoun	3
24	we	6
24	hear	1
24	is	3
24	over	3
24	not	4
24	for	6
24	personalname	22
24	how	1
24	away	1
24	goes	2
24	another	1
24	of	4
24	can	1
24	near	1
24	return	2
24	however	1
24	good	1
24	come	4
24	been	1
24	something	1
24	if	1
24	after	2
24	go	5
24	on	3
24	north	1
24	#sequentialcaps	1
24	#lines	57
24	#maxinitial	7
24	#caplines	14
24	#startwname	12
24	#periods	42
24	#stdev	1804
24	#maxpair	9
24	#startwrubric	12
24	#commas	40
24	#endwpunct	17
24	#questionmarks	3
24	#textlines	43
24	#endwnumeral	2
24	wordNotInVocab	68
25	nothing	1
25	us	3
25	time	1
25	head	2
25	arabic2digit	1
25	all	4
25	while	1
25	let	2
25	act	3
25	more	1
25	their	1
25	close	1
25	around	1
25	yes	1
25	my	2
25	going	1
25	first	1
25	tis	1
25	every	1
25	an	2
25	acts	1
25	things	1
25	hand	1
25	who	2
25	#allcapswords	10
25	god	1
25	use	1
25	letters	2
25	towards	1
25	those	2
25	him	5
25	mrs	5
25	each	1
25	you	5
25	a	4
25	was	3
25	dark	1
25	only	1
25	men	1
25	n	1
25	me	2
25	in	8
25	fate	1
25	german	1
25	thank	1
25	mr	3
25	useful	1
25	off	1
25	down	2
25	table	2
25	hundred	1
25	father	1
25	yet	1
25	union	1
25	keep	1
25	defence	1
25	breast	1
25	that	1
25	no	1
25	take	1
25	on	5
25	his	2
25	romannumeral	8
25	placename	3
25	say	1
25	arabic1digit	3
25	the	8
25	but	3
25	when	1
25	brave	1
25	e	3
25	possible	1
25	other	1
25	where	1
25	have	1
25	there	3
25	music	1
25	with	5
25	easy	1
25	may	2
25	ah	1
25	well	3
25	dead	1
25	will	5
25	own	1
25	ever	2
25	one	2
25	it	6
25	poor	1
25	hands	1
25	and	12
25	blood	3
25	i	3
25	r	3
25	hearts	1
25	she	1
25	to	5
25	through	1
25	north	1
25	this	3
25	coming	1
25	up	2
25	be	5
25	shall	1
25	back	1
25	or	1
25	look	1
25	your	1
25	now	2
25	heart	2
25	others	1
25	did	1
25	killed	1
25	mother	1
25	propernoun	5
25	we	1
25	they	2
25	hard	1
25	is	2
25	than	1
25	not	1
25	were	1
25	for	4
25	personalname	17
25	southern	2
25	enter	1
25	are	6
25	about	1
25	goes	1
25	please	1
25	both	1
25	ready	1
25	of	6
25	return	1
25	good	1
25	at	5
25	from	1
25	country	1
25	takes	1
25	if	2
25	whose	1
25	#sequentialcaps	2
25	#lines	53
25	#maxinitial	6
25	#quotations	3
25	#caplines	14
25	#startwname	6
25	#periods	61
25	#stdev	1571
25	#maxpair	8
25	#startwrubric	8
25	#commas	38
25	#endwpunct	20
25	#questionmarks	2
25	#textlines	40
25	wordNotInVocab	88
26	further	1
26	truth	2
26	what	2
26	same	1
26	would	2
26	become	1
26	are	4
26	scene	5
26	just	1
26	southern	1
26	has	2
26	without	1
26	act	2
26	man	1
26	house	1
26	their	3
26	romannumeral	5
26	my	1
26	prove	1
26	against	1
26	case	1
26	killed	1
26	as	4
26	an	1
26	know	1
26	cannot	1
26	who	2
26	#allcapswords	14
26	left	1
26	his	3
26	our	1
26	him	4
26	could	1
26	you	9
26	was	2
26	mean	1
26	because	1
26	lie	1
26	strong	1
26	men	2
26	me	1
26	in	3
26	fear	1
26	these	1
26	judge	1
26	tis	1
26	duty	1
26	tell	1
26	gentlemen	2
26	out	1
26	see	1
26	them	2
26	night	1
26	that	1
26	no	3
26	which	1
26	goes	1
26	though	1
26	towards	1
26	do	1
26	say	2
26	arabic1digit	3
26	but	4
26	arabic2digit	1
26	horse	1
26	e	3
26	two	1
26	want	1
26	other	1
26	where	1
26	r	1
26	have	2
26	desire	1
26	son	3
26	judgement	1
26	wish	1
26	some	1
26	with	5
26	easy	1
26	among	1
26	well	2
26	must	1
26	will	2
26	respect	1
26	three	3
26	one	3
26	here	1
26	last	1
26	and	11
26	murder	2
26	i	8
26	mr	7
26	a	3
26	indeed	1
26	to	8
26	able	1
26	the	15
26	personalname	16
26	sir	2
26	find	2
26	be	4
26	shall	1
26	might	1
26	by	2
26	your	5
26	now	2
26	others	1
26	at	1
26	propernoun	4
26	we	6
26	such	2
26	u	1
26	law	3
26	is	6
26	pleasure	1
26	not	4
26	for	4
26	t	1
26	cause	1
26	hold	1
26	enter	2
26	better	1
26	he	7
26	did	1
26	of	11
26	can	3
26	come	2
26	been	1
26	they	1
26	from	2
26	till	1
26	being	1
26	if	4
26	after	2
26	exit	1
26	#sequentialcaps	2
26	#lines	60
26	#maxinitial	7
26	#caplines	16
26	#startwname	12
26	#periods	53
26	#stdev	1649
26	#maxpair	8
26	#startwrubric	12
26	#commas	32
26	#endwpunct	20
26	#questionmarks	3
26	#exclamationpoints	2
26	#textlines	42
26	#endwnumeral	1
26	wordNotInVocab	72
27	further	1
27	what	2
27	same	1
27	also	1
27	time	1
27	does	1
27	become	1
27	are	1
27	daughter	1
27	life	1
27	bear	2
27	arabic2digit	2
27	all	2
27	while	1
27	room	1
27	should	2
27	brother	1
27	had	2
27	act	3
27	man	2
27	their	1
27	romannumeral	2
27	my	7
27	said	2
27	going	1
27	killed	1
27	as	3
27	an	8
27	know	1
27	cannot	1
27	town	1
27	#allcapswords	17
27	god	1
27	left	1
27	his	1
27	our	1
27	him	6
27	am	2
27	mrs	3
27	you	5
27	a	4
27	was	1
27	wife	1
27	for	3
27	year	1
27	men	2
27	personalname	22
27	in	1
27	who	1
27	fear	1
27	father	1
27	tell	1
27	old	1
27	union	1
27	been	1
27	then	1
27	love	1
27	home	1
27	people	1
27	called	1
27	out	1
27	that	5
27	no	3
27	take	4
27	about	1
27	put	1
27	back	1
27	arabic1digit	1
27	property	1
27	word	1
27	but	3
27	e	2
27	oh	2
27	those	1
27	southern	3
27	too	1
27	have	3
27	there	1
27	son	5
27	music	1
27	yourself	1
27	with	1
27	so	2
27	may	1
27	up	1
27	heaven	1
27	enter	2
27	must	2
27	beyond	1
27	will	3
27	it	3
27	poor	1
27	and	7
27	blood	1
27	i	13
27	mr	8
27	to	11
27	able	1
27	us	4
27	certainly	2
27	this	3
27	find	2
27	be	2
27	r	3
27	by	2
27	your	4
27	now	1
27	along	2
27	did	3
27	shall	1
27	we	1
27	such	1
27	u	1
27	is	2
27	the	10
27	not	4
27	were	1
27	through	1
27	t	1
27	others	1
27	he	7
27	goes	1
27	of	4
27	me	4
27	means	1
27	do	4
27	taking	1
27	found	1
27	they	1
27	till	1
27	if	1
27	mother	1
27	go	1
27	mercy	1
27	husband	1
27	on	1
27	#sequentialcaps	2
27	#lines	59
27	#maxinitial	7
27	#caplines	16
27	#startwname	11
27	#periods	58
27	#stdev	1553
27	#maxpair	8
27	#startwrubric	15
27	#commas	27
27	#endwpunct	20
27	#questionmarks	5
27	#exclamationpoints	2
27	#textlines	42
27	wordNotInVocab	71
28	all	1
28	what	2
28	would	1
28	time	1
28	scene	1
28	great	1
28	sight	2
28	arabic2digit	3
28	southern	1
28	without	1
28	more	1
28	romannumeral	8
28	my	1
28	i'm	1
28	tis	1
28	along	2
28	as	7
28	i'll	3
28	thing	1
28	#allcapswords	19
28	his	1
28	could	1
28	you	7
28	a	7
28	was	3
28	enter	1
28	almost	1
28	don't	3
28	only	1
28	whom	1
28	in	5
28	placename	4
28	off	1
28	business	2
28	cut	1
28	tell	1
28	want	2
28	its	1
28	why	1
28	keep	1
28	clear	2
28	see	3
28	little	1
28	then	3
28	them	1
28	that	6
28	says	1
28	about	1
28	which	1
28	right	6
28	though	1
28	be	2
28	like	1
28	when	1
28	arabic1digit	2
28	form	1
28	low	1
28	the	10
28	but	4
28	have	1
28	get	5
28	horse	1
28	e	1
28	river	4
28	too	2
28	him	1
28	there	7
28	some	1
28	wish	3
28	so	1
28	wood	1
28	may	1
28	well	4
28	mrs	1
28	once	1
28	boat	2
28	hope	1
28	let	1
28	one	2
28	just	4
28	it	4
28	round	1
28	much	1
28	and	7
28	clouds	1
28	i	9
28	mr	3
28	else	1
28	way	3
28	to	3
28	through	2
28	this	3
28	find	1
28	up	6
28	give	1
28	east	1
28	r	3
28	st	1
28	or	1
28	your	1
28	now	4
28	others	1
28	feel	1
28	they	4
28	propernoun	4
28	we	10
28	their	1
28	seems	1
28	u	1
28	believe	1
28	is	3
28	em	1
28	for	4
28	personalname	5
28	down	1
28	are	1
28	myself	1
28	place	2
28	another	1
28	got	1
28	we'll	1
28	can	2
28	do	2
28	come	4
28	been	1
28	at	5
28	from	2
28	back	2
28	union	1
28	if	4
28	go	2
28	doubt	1
28	on	1
28	#sequentialcaps	2
28	#lines	54
28	#maxinitial	6
28	#quotations	2
28	#caplines	11
28	#startwname	2
28	#periods	43
28	#stdev	1850
28	#maxpair	10
28	#startwrubric	7
28	#commas	38
28	#endwpunct	10
28	#questionmarks	2
28	#textlines	41
28	#endwnumeral	2
28	wordNotInVocab	92
29	same	1
29	propernoun	5
29	soon	1
29	scene	1
29	here	2
29	command	2
29	arabic2digit	1
29	all	5
29	fall	1
29	room	1
29	should	2
29	let	2
29	nor	1
29	had	1
29	act	4
29	man	1
29	do	4
29	romannumeral	4
29	my	4
29	i'm	2
29	case	1
29	every	1
29	as	4
29	an	8
29	i'll	2
29	know	2
29	last	1
29	loves	1
29	#allcapswords	24
29	his	1
29	strength	1
29	him	3
29	am	1
29	present	1
29	you	5
29	a	4
29	was	1
29	along	1
29	moment	1
29	made	1
29	don't	2
29	only	1
29	me	1
29	in	5
29	pity	1
29	never	1
29	why	1
29	mind	1
29	long	1
29	see	2
29	then	1
29	night	1
29	south	3
29	who	2
29	that	4
29	no	2
29	friends	1
29	right	3
29	company	1
29	how	1
29	say	2
29	arabic1digit	1
29	arabicprice	1
29	the	17
29	but	3
29	e	2
29	oh	1
29	want	1
29	bound	1
29	too	1
29	have	4
29	home	1
29	with	2
29	so	2
29	may	2
29	well	2
29	heard	1
29	will	2
29	boat	1
29	went	1
29	one	1
29	w	6
29	it	1
29	many	1
29	and	14
29	just	1
29	i	13
29	indeed	1
29	way	1
29	she	1
29	her	1
29	to	7
29	us	2
29	find	1
29	up	6
29	be	1
29	r	1
29	your	1
29	are	2
29	did	1
29	at	1
29	gone	1
29	any	1
29	exeunt	1
29	u	1
29	is	1
29	private	1
29	not	1
29	em	2
29	for	4
29	personalname	12
29	southern	1
29	myself	1
29	he	2
29	sure	1
29	of	4
29	can	2
29	come	3
29	they	2
29	back	1
29	country	1
29	dog	1
29	if	2
29	go	3
29	on	1
29	#sequentialcaps	2
29	#lines	63
29	#maxinitial	10
29	#quotations	1
29	#caplines	21
29	#startwname	7
29	#periods	59
29	#stdev	1556
29	#maxpair	14
29	#startwrubric	17
29	#commas	29
29	#endwpunct	26
29	#questionmarks	4
29	#exclamationpoints	7
29	#textlines	42
29	wordNotInVocab	99
30	what	1
30	paper	1
30	any	1
30	never	1
30	scene	4
30	here	5
30	arabic2digit	3
30	all	1
30	has	1
30	let	1
30	had	1
30	man	1
30	their	2
30	body	1
30	romannumeral	5
30	stage	1
30	said	1
30	have	1
30	along	1
30	kept	2
30	as	1
30	an	1
30	i'll	1
30	know	1
30	again	1
30	#allcapswords	14
30	use	1
30	his	1
30	our	1
30	cut	1
30	placename	1
30	sent	1
30	a	3
30	was	2
30	dark	2
30	don't	2
30	strong	1
30	men	3
30	me	2
30	in	6
30	enter	2
30	thousand	1
30	river	2
30	soon	1
30	came	1
30	better	1
30	five	2
30	it	5
30	want	2
30	clear	1
30	mind	1
30	long	1
30	see	2
30	trial	1
30	then	1
30	authors	1
30	out	1
30	that	3
30	no	2
30	take	2
30	friends	1
30	arabic4digit	1
30	about	2
30	i'm	1
30	feet	1
30	like	1
30	arabic1digit	4
30	form	1
30	arabicprice	1
30	etc	1
30	the	8
30	but	4
30	reading	2
30	get	1
30	there	4
30	another	1
30	two	1
30	southern	1
30	given	1
30	call	1
30	where	1
30	e	2
30	them	4
30	some	1
30	read	1
30	music	1
30	wish	1
30	with	2
30	may	1
30	well	1
30	black	1
30	will	2
30	one	1
30	w	3
30	stand	1
30	you	3
30	work	1
30	and	13
30	just	2
30	murder	3
30	help	1
30	i	8
30	way	2
30	to	7
30	us	3
30	or	1
30	this	2
30	coming	1
30	up	2
30	be	2
30	march	1
30	r	1
30	above	1
30	subject	1
30	by	1
30	wood	1
30	are	3
30	years	1
30	persons	1
30	de	1
30	at	1
30	of	6
30	propernoun	11
30	we	4
30	hear	1
30	believe	1
30	is	2
30	were	1
30	em	2
30	for	2
30	personalname	11
30	away	1
30	thank	1
30	he	1
30	got	1
30	we'll	2
30	been	1
30	they	3
30	till	1
30	dog	1
30	if	3
30	boat	1
30	go	1
30	age	1
30	on	2
30	#sequentialcaps	2
30	#lines	57
30	#maxinitial	6
30	#quotations	1
30	#caplines	19
30	#startwname	7
30	#periods	53
30	#stdev	1674
30	#maxpair	7
30	#startwrubric	11
30	#commas	28
30	#endwpunct	19
30	#questionmarks	1
30	#exclamationpoints	8
30	#textlines	41
30	#endwnumeral	1
30	wordNotInVocab	86
31	what	1
31	lies	1
31	time	1
31	just	1
31	well	1
31	arabic2digit	1
31	all	4
31	order	1
31	has	1
31	should	1
31	let	3
31	had	4
31	act	3
31	man	1
31	close	2
31	four	1
31	romannumeral	5
31	my	3
31	going	2
31	i'm	1
31	command	1
31	as	10
31	i'll	2
31	know	1
31	again	2
31	#allcapswords	20
31	god	1
31	his	1
31	him	8
31	am	1
31	under	1
31	there	1
31	a	8
31	dark	1
31	feel	2
31	don't	2
31	only	1
31	year	3
31	me	3
31	american	1
31	i	16
31	per	1
31	soon	2
31	off	2
31	yet	1
31	now	5
31	hundred	1
31	rest	2
31	then	2
31	them	1
31	night	2
31	leave	1
31	perhaps	1
31	it	5
31	thank	1
31	no	3
31	take	3
31	friends	1
31	about	2
31	almost	1
31	right	2
31	sleep	1
31	though	1
31	company	1
31	placename	2
31	arabic1digit	5
31	meet	1
31	the	9
31	but	3
31	have	6
31	enough	1
31	get	4
31	want	2
31	too	2
31	upon	1
31	river	1
31	e	5
31	of	4
31	journey	2
31	music	1
31	make	2
31	with	2
31	so	3
31	looks	1
31	easy	1
31	enter	3
31	must	1
31	once	1
31	will	4
31	boat	3
31	three	1
31	here	3
31	you	3
31	round	1
31	many	1
31	and	19
31	that	3
31	think	2
31	way	1
31	to	13
31	us	3
31	find	1
31	coming	1
31	r	3
31	might	1
31	or	2
31	heart	1
31	more	1
31	along	2
31	lie	1
31	death	1
31	song	2
31	at	3
31	propernoun	7
31	we	4
31	exeunt	2
31	is	1
31	not	1
31	were	2
31	em	1
31	for	5
31	personalname	6
31	southern	1
31	down	2
31	like	2
31	are	2
31	goes	1
31	sure	2
31	we'll	5
31	can	1
31	near	1
31	in	3
31	come	1
31	they	3
31	back	4
31	line	1
31	till	2
31	if	2
31	followed	1
31	go	3
31	on	4
31	#sequentialcaps	4
31	#lines	52
31	#maxinitial	4
31	#quotations	4
31	#caplines	11
31	#startwname	7
31	#periods	45
31	#stdev	1205
31	#maxpair	8
31	#startwrubric	7
31	#commas	36
31	#endwpunct	15
31	#questionmarks	1
31	#exclamationpoints	1
31	#textlines	41
31	wordNotInVocab	94
32	seen	1
32	fourth	1
32	time	2
32	scene	7
32	here	1
32	arabic2digit	4
32	all	1
32	into	1
32	honourable	1
32	order	1
32	miss	1
32	act	1
32	city	1
32	more	2
32	speech	1
32	romannumeral	9
32	think	1
32	reading	1
32	as	2
32	hand	3
32	comes	1
32	again	1
32	#allcapswords	8
32	that	1
32	his	2
32	placename	1
32	him	8
32	you	4
32	a	1
32	was	1
32	come	2
32	made	1
32	men	1
32	me	1
32	in	8
32	before	1
32	off	1
32	rest	1
32	out	1
32	little	1
32	then	1
32	leave	1
32	he	2
32	people	1
32	no	3
32	march	1
32	which	1
32	yon	1
32	towards	1
32	company	4
32	when	1
32	arabic1digit	2
32	have	2
32	immediately	1
32	there	2
32	oh	1
32	southern	1
32	other	1
32	e	4
32	of	4
32	some	1
32	read	1
32	music	2
32	with	3
32	so	1
32	may	1
32	between	1
32	enter	2
32	south	1
32	once	1
32	will	3
32	boat	4
32	give	1
32	just	1
32	work	1
32	and	11
32	i	2
32	to	7
32	the	10
32	this	3
32	up	2
32	be	2
32	r	4
32	set	2
32	by	2
32	attention	1
32	your	2
32	now	1
32	are	1
32	water	2
32	at	3
32	we'll	2
32	propernoun	10
32	we	1
32	exeunt	2
32	u	2
32	over	1
32	for	1
32	personalname	14
32	place	1
32	go	2
32	sure	1
32	ready	1
32	do	2
32	during	1
32	stage	1
32	been	1
32	they	1
32	from	1
32	back	2
32	takes	2
32	if	1
32	on	3
32	#sequentialcaps	3
32	#lines	52
32	#maxinitial	5
32	#quotations	1
32	#caplines	16
32	#startwname	6
32	#periods	59
32	#stdev	1512
32	#maxpair	6
32	#startwrubric	5
32	#commas	17
32	#endwpunct	18
32	#questionmarks	1
32	#exclamationpoints	1
32	#textlines	36
32	#endwnumeral	2
32	wordNotInVocab	79
33	our	5
33	mine	1
33	what	1
33	personalname	4
33	us	7
33	one	3
33	time	2
33	war	1
33	never	1
33	scene	1
33	whose	2
33	arabic2digit	2
33	should	1
33	while	2
33	act	3
33	more	2
33	as	6
33	passed	1
33	yes	1
33	romannumeral	2
33	u	1
33	o	1
33	great	1
33	grace	2
33	know	1
33	who	1
33	over	1
33	#allcapswords	8
33	god	1
33	strength	1
33	times	2
33	those	1
33	present	3
33	could	1
33	you	11
33	a	4
33	live	1
33	in	11
33	bright	1
33	off	1
33	peace	2
33	its	2
33	union	1
33	long	1
33	arms	2
33	home	1
33	leave	1
33	to	17
33	that	3
33	proud	1
33	no	1
33	march	1
33	though	1
33	m	1
33	say	1
33	when	1
33	arabic1digit	3
33	arabicprice	1
33	st	1
33	word	1
33	but	2
33	e	3
33	held	2
33	put	1
33	southern	1
33	post	1
33	the	9
33	r	1
33	have	3
33	action	1
33	journey	1
33	colours	1
33	music	1
33	scenes	1
33	with	9
33	so	1
33	therefore	1
33	wood	1
33	may	3
33	forth	2
33	enter	3
33	will	2
33	three	1
33	ever	1
33	it	10
33	stand	1
33	and	13
33	find	1
33	i	5
33	shall	3
33	having	1
33	through	1
33	words	2
33	this	3
33	even	1
33	be	4
33	battle	6
33	attention	1
33	your	4
33	now	5
33	are	2
33	feel	1
33	at	1
33	propernoun	1
33	we	8
33	light	1
33	face	1
33	yon	2
33	is	3
33	pleasure	1
33	than	1
33	not	2
33	for	4
33	t	1
33	land	1
33	camp	2
33	em	1
33	about	1
33	thoughts	1
33	company	1
33	of	13
33	me	1
33	return	3
33	taking	1
33	found	1
33	hearts	1
33	from	1
33	regard	1
33	country	2
33	something	1
33	blue	1
33	go	2
33	on	4
33	conduct	1
33	#sequentialcaps	1
33	#lines	48
33	#maxinitial	4
33	#quotations	4
33	#caplines	6
33	#startwname	2
33	#periods	44
33	#stdev	908
33	#maxpair	7
33	#startwrubric	3
33	#commas	34
33	#endwpunct	14
33	#exclamationpoints	7
33	#textlines	40
33	wordNotInVocab	107
34	brought	1
34	bring	1
34	take	1
34	any	1
34	i'm	1
34	never	1
34	scene	4
34	here	4
34	c	1
34	arabic2digit	1
34	all	4
34	while	1
34	o	1
34	let	1
34	had	3
34	killed	1
34	more	1
34	yes	1
34	romannumeral	8
34	my	1
34	think	2
34	run	1
34	every	1
34	as	1
34	yon	1
34	know	1
34	still	1
34	#allcapswords	16
34	our	4
34	am	1
34	you	2
34	a	1
34	don't	1
34	year	1
34	men	1
34	in	5
34	who	1
34	should	1
34	came	2
34	days	1
34	business	1
34	want	1
34	long	1
34	see	3
34	them	4
34	stage	2
34	lost	1
34	that	2
34	no	1
34	right	3
34	since	1
34	table	1
34	arabic1digit	6
34	arabicprice	1
34	the	1
34	but	2
34	have	2
34	fire	2
34	immediately	1
34	get	1
34	there	2
34	two	2
34	into	2
34	where	1
34	e	6
34	given	1
34	some	2
34	been	1
34	with	2
34	so	1
34	question	1
34	up	2
34	enter	2
34	once	1
34	will	1
34	three	2
34	one	1
34	just	1
34	it	2
34	thought	1
34	round	1
34	last	1
34	and	14
34	i	11
34	way	2
34	to	11
34	us	1
34	from	2
34	lord	1
34	woman	1
34	r	1
34	about	1
34	now	1
34	along	1
34	taken	1
34	persons	1
34	de	1
34	at	3
34	propernoun	10
34	we	9
34	exeunt	1
34	union	2
34	is	1
34	were	1
34	are	2
34	personalname	10
34	southern	2
34	camp	6
34	well	2
34	go	1
34	goes	1
34	got	1
34	of	2
34	can	1
34	near	3
34	captain	1
34	good	1
34	come	1
34	found	1
34	they	1
34	line	1
34	hands	1
34	lines	1
34	if	1
34	after	2
34	exit	1
34	on	2
34	#sequentialcaps	2
34	#lines	57
34	#maxinitial	6
34	#caplines	15
34	#startwname	5
34	#periods	63
34	#stdev	1579
34	#maxpair	9
34	#startwrubric	11
34	#commas	36
34	#endwpunct	18
34	#questionmarks	1
34	#exclamationpoints	4
34	#textlines	39
34	#endwnumeral	1
34	wordNotInVocab	93
35	same	1
35	have	2
35	time	1
35	spoke	1
35	we	5
35	soon	2
35	just	2
35	arabic2digit	2
35	all	3
35	into	1
35	f	1
35	miss	2
35	has	2
35	without	1
35	brother	1
35	had	1
35	story	1
35	more	2
35	duty	1
35	their	2
35	s	1
35	romannumeral	3
35	my	4
35	i'm	1
35	first	1
35	turn	1
35	as	12
35	an	1
35	i'll	2
35	know	1
35	hand	1
35	#allcapswords	20
35	left	1
35	that	1
35	college	1
35	army	1
35	you	11
35	a	9
35	was	1
35	don't	1
35	only	1
35	year	1
35	men	1
35	me	8
35	in	7
35	should	1
35	placename	1
35	these	1
35	began	1
35	useful	1
35	old	1
35	business	1
35	rest	1
35	goes	1
35	tell	1
35	want	4
35	colonel	1
35	yet	1
35	mind	1
35	out	1
35	long	1
35	life	1
35	see	4
35	what	1
35	little	1
35	then	1
35	home	1
35	perhaps	1
35	it	7
35	says	1
35	no	3
35	take	2
35	gave	1
35	free	1
35	be	2
35	table	1
35	do	4
35	say	1
35	when	1
35	arabic1digit	2
35	exit	1
35	the	13
35	but	6
35	immediately	1
35	get	3
35	e	1
35	two	1
35	southern	2
35	too	1
35	post	1
35	where	1
35	there	2
35	some	1
35	with	4
35	so	4
35	o	2
35	show	1
35	heard	1
35	ill	1
35	hope	1
35	let	1
35	here	3
35	round	1
35	and	19
35	help	1
35	i	16
35	act	3
35	way	2
35	she	1
35	to	18
35	m	1
35	through	1
35	this	6
35	find	1
35	up	1
35	friends	1
35	r	1
35	by	1
35	look	1
35	your	3
35	now	4
35	are	3
35	made	1
35	did	1
35	at	2
35	propernoun	5
35	lines	1
35	believe	1
35	is	4
35	pleasure	1
35	than	1
35	not	2
35	were	2
35	for	1
35	personalname	16
35	cause	1
35	like	1
35	he	1
35	you'll	1
35	full	1
35	must	1
35	of	3
35	can	6
35	return	1
35	told	1
35	own	1
35	come	4
35	been	3
35	they	5
35	will	2
35	back	1
35	takes	1
35	if	2
35	both	1
35	go	4
35	on	2
35	introduction	1
35	#sequentialcaps	3
35	#lines	53
35	#maxinitial	7
35	#caplines	13
35	#startwname	7
35	#periods	45
35	#stdev	877
35	#maxpair	9
35	#startwrubric	5
35	#commas	40
35	#endwpunct	12
35	#exclamationpoints	3
35	#textlines	42
35	wordNotInVocab	98
36	one	2
36	have	3
36	does	1
36	arabicprice	1
36	scene	5
36	h	1
36	all	1
36	order	4
36	miss	1
36	let	3
36	their	2
36	close	1
36	romannumeral	3
36	per	1
36	as	1
36	know	2
36	general	3
36	secret	1
36	again	1
36	#allcapswords	14
36	forces	1
36	our	2
36	am	1
36	placename	1
36	you	7
36	a	2
36	men	1
36	in	5
36	plain	1
36	useful	1
36	off	1
36	those	1
36	its	1
36	good	1
36	keep	1
36	out	1
36	see	1
36	arms	1
36	little	1
36	taken	1
36	them	1
36	south	1
36	exeunt	1
36	that	3
36	no	3
36	captain	1
36	right	1
36	company	2
36	table	1
36	before	1
36	arabic1digit	5
36	through	1
36	arabic2digit	1
36	fire	1
36	get	2
36	e	4
36	southern	1
36	break	1
36	there	3
36	some	2
36	sir	1
36	service	1
36	very	1
36	so	3
36	wood	1
36	may	1
36	hold	2
36	enter	2
36	people	1
36	must	1
36	will	3
36	be	6
36	it	3
36	sent	1
36	and	8
36	i	9
36	shall	1
36	to	8
36	with	1
36	the	8
36	enemy	1
36	this	2
36	understand	1
36	up	1
36	give	1
36	r	5
36	or	2
36	by	2
36	your	1
36	now	4
36	are	5
36	feel	1
36	song	2
36	propernoun	6
36	we	3
36	hear	1
36	four	1
36	u	1
36	is	3
36	for	2
36	personalname	13
36	camp	2
36	you'll	1
36	goes	1
36	heard	1
36	of	8
36	near	1
36	how	1
36	k	1
36	come	1
36	at	2
36	from	4
36	union	1
36	after	1
36	exit	1
36	on	1
36	#sequentialcaps	3
36	#lines	53
36	#maxinitial	9
36	#caplines	15
36	#startwname	4
36	#periods	56
36	#stdev	1716
36	#maxpair	15
36	#startwrubric	6
36	#commas	34
36	#endwpunct	18
36	#exclamationpoints	2
36	#textlines	37
36	#endwnumeral	2
36	wordNotInVocab	91
37	least	2
37	what	2
37	force	1
37	war	2
37	many	1
37	arabic2digit	2
37	all	5
37	honourable	2
37	service	3
37	should	1
37	useful	1
37	nearly	1
37	act	3
37	country	1
37	more	2
37	do	7
37	yes	2
37	romannumeral	1
37	e	1
37	u	1
37	great	1
37	every	1
37	as	4
37	an	1
37	would	1
37	know	2
37	secret	1
37	#allcapswords	18
37	relative	1
37	that	4
37	his	5
37	our	5
37	college	1
37	am	2
37	southern	1
37	could	1
37	you	12
37	a	10
37	able	1
37	live	1
37	mean	1
37	object	1
37	men	1
37	another	1
37	me	1
37	in	10
37	placename	2
37	themselves	1
37	about	1
37	life	1
37	understand	1
37	them	1
37	it	5
37	no	1
37	take	2
37	cover	1
37	be	5
37	acts	1
37	arabic1digit	1
37	the	17
37	but	2
37	not	3
37	desire	2
37	possible	1
37	want	1
37	call	1
37	where	1
37	have	2
37	there	1
37	some	2
37	make	1
37	with	3
37	so	1
37	means	3
37	enter	1
37	must	1
37	will	2
37	hope	1
37	just	1
37	and	6
37	number	1
37	i	15
37	think	1
37	to	11
37	name	2
37	was	1
37	us	1
37	enemy	1
37	sir	5
37	give	1
37	or	2
37	by	3
37	engaged	1
37	your	4
37	now	4
37	man	2
37	are	5
37	taken	1
37	at	3
37	propernoun	1
37	we	2
37	being	1
37	information	1
37	is	9
37	private	2
37	than	2
37	perhaps	1
37	military	1
37	were	2
37	for	2
37	personalname	11
37	cause	2
37	well	1
37	don't	1
37	place	1
37	sure	1
37	here	1
37	of	9
37	can	5
37	near	1
37	this	1
37	before	1
37	good	2
37	they	2
37	till	1
37	lines	1
37	if	1
37	after	1
37	exit	1
37	power	1
37	own	1
37	#sequentialcaps	1
37	#lines	63
37	#maxinitial	9
37	#caplines	19
37	#startwname	8
37	#periods	57
37	#stdev	1531
37	#maxpair	10
37	#startwrubric	17
37	#commas	31
37	#endwpunct	24
37	#questionmarks	7
37	#exclamationpoints	1
37	#textlines	44
37	wordNotInVocab	94
38	brought	1
38	b	1
38	what	1
38	ground	1
38	time	1
38	hill	1
38	scene	5
38	arabic2digit	1
38	southern	1
38	hear	1
38	let	4
38	man	1
38	do	1
38	romannumeral	5
38	think	1
38	as	1
38	give	1
38	i'll	1
38	know	1
38	thing	1
38	things	1
38	general	2
38	#allcapswords	15
38	few	1
38	his	1
38	him	2
38	army	1
38	letter	1
38	under	1
38	you	4
38	a	5
38	was	1
38	don't	3
38	me	1
38	in	6
38	i	10
38	door	1
38	business	1
38	mighty	1
38	its	1
38	out	5
38	see	3
38	then	1
38	them	1
38	twas	1
38	that	2
38	no	3
38	plain	1
38	letters	1
38	like	1
38	table	2
38	when	2
38	arabic1digit	4
38	exit	1
38	but	3
38	get	1
38	there	3
38	too	1
38	have	3
38	e	4
38	we'll	1
38	below	1
38	make	1
38	papers	1
38	with	3
38	so	2
38	looks	1
38	well	1
38	show	1
38	once	2
38	went	1
38	one	1
38	here	3
38	it	9
38	round	1
38	placename	1
38	much	2
38	and	8
38	help	1
38	to	7
38	the	3
38	dear	1
38	this	1
38	from	5
38	find	1
38	up	1
38	neither	1
38	be	3
38	r	3
38	st	1
38	tears	1
38	look	2
38	along	1
38	de	1
38	at	3
38	eyes	1
38	propernoun	12
38	we	1
38	exeunt	1
38	over	2
38	for	2
38	personalname	2
38	year	1
38	camp	2
38	enter	2
38	are	2
38	he	1
38	another	1
38	got	2
38	of	4
38	can	1
38	how	2
38	come	2
38	back	2
38	till	1
38	said	1
38	takes	1
38	go	2
38	introduction	1
38	on	1
38	#sequentialcaps	3
38	#lines	54
38	#maxinitial	5
38	#caplines	15
38	#startwname	5
38	#periods	50
38	#stdev	1640
38	#maxpair	8
38	#startwrubric	9
38	#commas	32
38	#endwpunct	22
38	#questionmarks	3
38	#exclamationpoints	1
38	#textlines	38
38	#endwnumeral	1
38	wordNotInVocab	101
39	met	2
39	b	1
39	what	1
39	explained	1
39	us	3
39	time	2
39	spoke	1
39	school	1
39	here	2
39	arabic2digit	1
39	southern	1
39	had	4
39	act	3
39	word	1
39	their	1
39	yes	2
39	romannumeral	1
39	home	1
39	i'm	2
39	killed	1
39	as	1
39	an	3
39	river	1
39	know	1
39	young	1
39	others	1
39	who	1
39	#allcapswords	17
39	that	3
39	his	3
39	murder	1
39	our	2
39	when	1
39	him	4
39	letter	1
39	sent	1
39	a	11
39	was	8
39	parts	1
39	dead	1
39	proper	1
39	men	4
39	me	1
39	in	5
39	pretty	1
39	these	1
39	boy	1
39	business	1
39	why	2
39	old	1
39	keep	1
39	turned	1
39	out	1
39	part	1
39	see	2
39	them	2
39	night	1
39	four	1
39	it	3
39	fort	1
39	right	2
39	three	1
39	how	1
39	say	2
39	chap	1
39	arabic1digit	1
39	next	1
39	but	2
39	reading	1
39	get	2
39	there	1
39	friend	2
39	other	1
39	too	1
39	town	1
39	have	1
39	e	1
39	some	1
39	best	1
39	with	5
39	so	1
39	places	1
39	well	5
39	heard	1
39	black	1
39	will	1
39	went	1
39	ever	3
39	one	3
39	just	2
39	knew	1
39	you	5
39	many	1
39	and	12
39	years	1
39	help	1
39	i	12
39	mr	3
39	way	1
39	to	11
39	day	1
39	name	1
39	died	1
39	the	15
39	this	2
39	up	2
39	r	1
39	rich	1
39	your	1
39	now	1
39	at	1
39	kept	1
39	dog	1
39	propernoun	10
39	we	3
39	hear	1
39	such	1
39	state	2
39	strong	1
39	is	3
39	fact	1
39	em	2
39	for	2
39	personalname	13
39	cause	1
39	down	3
39	away	1
39	are	1
39	don't	1
39	he	11
39	did	3
39	ready	1
39	got	1
39	of	11
39	can	1
39	return	1
39	lay	1
39	during	1
39	good	2
39	come	2
39	been	1
39	they	1
39	from	2
39	ask	1
39	till	3
39	stay	1
39	if	1
39	exit	1
39	on	2
39	#sequentialcaps	2
39	#lines	61
39	#maxinitial	7
39	#quotations	1
39	#caplines	17
39	#startwname	12
39	#periods	40
39	#stdev	1792
39	#maxpair	12
39	#startwrubric	14
39	#commas	33
39	#endwpunct	21
39	#questionmarks	6
39	#exclamationpoints	3
39	#textlines	43
39	wordNotInVocab	88
40	met	1
40	what	4
40	wrong	2
40	head	2
40	we	6
40	soon	1
40	are	3
40	scene	3
40	arabic2digit	3
40	remember	1
40	all	5
40	till	1
40	lady	1
40	nothing	1
40	green	2
40	had	2
40	story	1
40	seems	1
40	man	1
40	memory	1
40	their	1
40	sent	1
40	romannumeral	1
40	my	2
40	an	4
40	know	2
40	who	1
40	danger	1
40	#allcapswords	26
40	took	1
40	that	7
40	his	7
40	him	5
40	island	1
40	thought	1
40	a	8
40	was	5
40	live	1
40	made	1
40	don't	4
40	only	2
40	mrs	1
40	men	2
40	me	2
40	in	3
40	chief	1
40	run	1
40	hundred	1
40	thousand	2
40	old	2
40	why	1
40	friend	1
40	keep	1
40	clear	2
40	out	1
40	long	3
40	see	2
40	then	2
40	now	1
40	taken	1
40	them	1
40	place	2
40	it	3
40	about	1
40	right	1
40	i'm	1
40	do	1
40	say	2
40	sister	2
40	property	1
40	but	4
40	enough	1
40	get	2
40	either	1
40	sometimes	1
40	southern	1
40	too	1
40	got	5
40	where	2
40	have	3
40	there	3
40	of	7
40	son	1
40	some	2
40	with	2
40	so	2
40	hold	1
40	heard	1
40	be	2
40	tell	1
40	here	2
40	you	5
40	many	1
40	and	12
40	i	12
40	mr	1
40	way	1
40	to	15
40	died	1
40	the	11
40	this	1
40	up	2
40	give	1
40	r	1
40	might	1
40	your	2
40	force	1
40	did	3
40	they	2
40	gone	1
40	propernoun	6
40	any	2
40	hear	1
40	four	1
40	believe	1
40	not	3
40	em	2
40	personalname	10
40	pain	1
40	away	1
40	along	1
40	he	8
40	used	1
40	fine	1
40	we'll	1
40	can	1
40	how	2
40	told	1
40	good	1
40	come	1
40	found	1
40	from	2
40	country	1
40	dog	1
40	if	3
40	mother	1
40	after	1
40	go	1
40	on	4
40	#sequentialcaps	2
40	#lines	58
40	#maxinitial	7
40	#caplines	19
40	#startwname	11
40	#periods	40
40	#stdev	1434
40	#maxpair	9
40	#startwrubric	11
40	#commas	31
40	#endwpunct	16
40	#questionmarks	7
40	#exclamationpoints	3
40	#textlines	44
40	#endwnumeral	1
40	wordNotInVocab	109
41	mine	1
41	what	3
41	time	1
41	scene	1
41	here	2
41	b	2
41	arabic2digit	2
41	southern	1
41	into	2
41	fall	2
41	let	2
41	had	1
41	act	3
41	do	1
41	close	1
41	four	1
41	ready	2
41	my	2
41	think	1
41	first	1
41	past	1
41	as	2
41	yon	1
41	i'll	1
41	who	1
41	his	1
41	our	3
41	him	5
41	looks	1
41	each	1
41	you	3
41	a	6
41	em	1
41	made	1
41	only	1
41	eyes	3
41	men	1
41	me	4
41	in	3
41	nothing	1
41	off	2
41	down	1
41	j	1
41	tis	1
41	comes	2
41	matter	1
41	friend	1
41	#allcapswords	10
41	long	1
41	see	2
41	then	4
41	them	3
41	that	1
41	no	4
41	take	2
41	about	1
41	care	1
41	like	2
41	table	1
41	when	1
41	arabic1digit	4
41	but	2
41	get	1
41	e	4
41	all	1
41	other	1
41	have	1
41	there	3
41	we'll	2
41	journey	1
41	before	1
41	make	1
41	with	4
41	so	3
41	wood	1
41	may	1
41	enter	3
41	must	1
41	dead	1
41	will	1
41	give	1
41	one	1
41	looking	1
41	just	1
41	it	4
41	thought	1
41	round	2
41	work	1
41	much	1
41	and	7
41	i	4
41	mr	1
41	within	1
41	to	3
41	the	5
41	this	3
41	up	2
41	talk	1
41	be	1
41	r	2
41	or	2
41	by	1
41	look	1
41	your	2
41	now	2
41	are	3
41	at	1
41	gone	1
41	propernoun	3
41	we	3
41	they	3
41	around	1
41	looked	2
41	is	2
41	over	1
41	not	1
41	for	1
41	personalname	13
41	camp	1
41	well	2
41	he	2
41	goes	1
41	sure	2
41	romannumeral	3
41	of	6
41	can	1
41	means	1
41	return	1
41	good	1
41	been	1
41	back	2
41	line	1
41	hands	2
41	lines	1
41	exit	1
41	lay	1
41	#sequentialcaps	2
41	#lines	53
41	#maxinitial	6
41	#caplines	12
41	#startwname	6
41	#periods	59
41	#stdev	1471
41	#maxpair	6
41	#startwrubric	8
41	#commas	29
41	#endwpunct	20
41	#questionmarks	5
41	#exclamationpoints	7
41	#textlines	38
41	wordNotInVocab	100
42	better	1
42	also	1
42	fourth	1
42	whole	1
42	time	1
42	head	1
42	hill	1
42	soon	1
42	scene	4
42	here	3
42	low	1
42	arabic2digit	1
42	southern	1
42	into	3
42	till	1
42	fall	2
42	let	2
42	act	1
42	mountain	1
42	their	4
42	my	2
42	said	1
42	u	1
42	an	3
42	action	1
42	#allcapswords	12
42	his	1
42	our	2
42	him	2
42	you	8
42	a	3
42	was	2
42	men	1
42	me	2
42	in	6
42	yes	1
42	placename	2
42	these	1
42	off	1
42	now	2
42	comes	2
42	what	1
42	together	1
42	mind	1
42	out	2
42	see	1
42	trial	1
42	them	3
42	to	8
42	that	2
42	says	1
42	take	3
42	march	3
42	right	3
42	free	1
42	care	1
42	be	1
42	before	1
42	when	1
42	arabic1digit	6
42	arms	2
42	the	7
42	but	1
42	fire	2
42	get	2
42	e	6
42	either	2
42	all	1
42	too	1
42	call	1
42	where	1
42	have	1
42	of	6
42	with	2
42	so	2
42	containing	1
42	hold	1
42	enter	3
42	must	1
42	will	2
42	own	1
42	open	1
42	looking	1
42	just	1
42	it	1
42	captain	1
42	round	1
42	work	1
42	and	12
42	your	3
42	i	5
42	way	1
42	send	1
42	through	2
42	enemy	1
42	this	1
42	up	1
42	give	1
42	charge	4
42	r	4
42	battle	1
42	order	1
42	by	1
42	look	2
42	took	1
42	want	1
42	man	1
42	along	2
42	behind	1
42	did	2
42	works	1
42	de	1
42	they	4
42	gone	1
42	propernoun	8
42	we	6
42	ah	1
42	takes	1
42	is	2
42	not	1
42	field	1
42	em	6
42	for	1
42	personalname	8
42	camp	2
42	well	2
42	away	1
42	don't	2
42	he	1
42	go	2
42	account	1
42	romannumeral	6
42	got	2
42	we'll	6
42	can	1
42	do	1
42	laid	1
42	come	2
42	none	1
42	from	2
42	line	1
42	hands	1
42	something	1
42	if	2
42	after	2
42	exit	3
42	on	5
42	#sequentialcaps	2
42	#lines	54
42	#maxinitial	6
42	#caplines	11
42	#startwname	4
42	#periods	54
42	#stdev	1511
42	#maxpair	11
42	#startwrubric	7
42	#commas	44
42	#endwpunct	17
42	#questionmarks	2
42	#exclamationpoints	4
42	#textlines	40
42	#endwnumeral	1
42	wordNotInVocab	89
43	met	1
43	world	1
43	scene	1
43	arabic2digit	2
43	should	1
43	room	1
43	has	1
43	turn	1
43	had	1
43	act	4
43	their	1
43	romannumeral	6
43	think	1
43	business	1
43	every	1
43	as	3
43	an	4
43	i'll	1
43	cannot	1
43	general	1
43	hand	1
43	again	2
43	#allcapswords	17
43	his	4
43	our	2
43	am	1
43	you	1
43	a	2
43	was	1
43	don't	1
43	year	2
43	men	2
43	in	8
43	plain	1
43	bed	1
43	tell	1
43	ad	1
43	friend	1
43	came	1
43	why	1
43	keep	1
43	see	2
43	c	1
43	them	1
43	night	3
43	that	2
43	says	1
43	no	2
43	sleep	1
43	like	1
43	how	2
43	say	1
43	when	2
43	arabic1digit	1
43	form	1
43	low	1
43	quite	1
43	word	1
43	but	2
43	fire	1
43	since	1
43	get	1
43	e	2
43	two	2
43	southern	1
43	too	1
43	post	1
43	where	1
43	r	5
43	have	1
43	sing	1
43	with	1
43	may	1
43	music	2
43	must	1
43	will	2
43	hope	1
43	ever	1
43	open	1
43	here	1
43	it	4
43	through	1
43	last	4
43	and	5
43	i	7
43	to	8
43	name	1
43	the	4
43	enemy	1
43	dear	5
43	this	1
43	be	1
43	battle	4
43	by	3
43	now	5
43	along	1
43	did	1
43	de	4
43	at	3
43	propernoun	14
43	is	4
43	not	3
43	wings	1
43	personalname	9
43	well	2
43	others	1
43	he	2
43	go	2
43	feel	1
43	got	1
43	of	1
43	good	1
43	from	3
43	charge	2
43	line	2
43	union	1
43	exit	1
43	on	5
43	#sequentialcaps	2
43	#lines	57
43	#maxinitial	6
43	#caplines	17
43	#startwname	12
43	#periods	61
43	#stdev	1785
43	#maxpair	7
43	#startwrubric	11
43	#commas	24
43	#endwpunct	19
43	#questionmarks	2
43	#exclamationpoints	3
43	#textlines	39
43	wordNotInVocab	102
44	met	1
44	would	1
44	spoke	1
44	their	1
44	that	1
44	never	1
44	scene	3
44	here	3
44	arabic2digit	1
44	all	7
44	into	1
44	miss	2
44	without	1
44	brother	2
44	had	1
44	story	1
44	more	1
44	fifth	3
44	yes	2
44	romannumeral	2
44	stage	1
44	have	2
44	as	4
44	an	2
44	i'll	2
44	cannot	1
44	sit	1
44	#allcapswords	18
44	god	1
44	left	2
44	letters	1
44	his	6
44	placename	4
44	times	1
44	our	1
44	him	1
44	were	1
44	you	7
44	a	8
44	was	6
44	moment	1
44	don't	1
44	strong	1
44	me	12
44	in	1
44	j	1
44	comes	1
44	tell	2
44	again	2
44	friend	1
44	came	2
44	mind	1
44	long	1
44	trial	1
44	little	1
44	family	1
44	home	1
44	it	2
44	thank	1
44	take	2
44	gave	1
44	right	5
44	noble	1
44	do	1
44	sister	1
44	when	2
44	arabic1digit	4
44	exit	1
44	different	1
44	carried	1
44	but	3
44	brave	1
44	enough	1
44	there	1
44	fellow	1
44	southern	1
44	post	1
44	dare	1
44	where	1
44	e	2
44	them	1
44	son	1
44	given	1
44	while	1
44	night	1
44	make	1
44	with	3
44	talk	2
44	coming	1
44	up	2
44	well	1
44	heard	1
44	will	1
44	own	1
44	just	1
44	poor	1
44	thought	1
44	kind	1
44	and	11
44	i	14
44	far	1
44	to	14
44	name	1
44	died	1
44	the	8
44	certainly	1
44	this	1
44	captain	1
44	lord	1
44	friends	1
44	r	1
44	might	1
44	back	1
44	your	2
44	now	3
44	man	1
44	along	1
44	water	1
44	de	1
44	they	2
44	propernoun	5
44	any	1
44	seems	1
44	private	1
44	not	2
44	field	1
44	for	5
44	personalname	30
44	cause	1
44	down	1
44	away	1
44	like	1
44	are	1
44	about	1
44	he	7
44	goes	2
44	dream	1
44	full	1
44	got	3
44	of	4
44	near	1
44	how	1
44	side	1
44	my	6
44	found	1
44	at	1
44	from	3
44	charge	1
44	knows	1
44	go	3
44	on	2
44	whose	1
44	her	2
44	north	1
44	#sequentialcaps	2
44	#lines	61
44	#maxinitial	6
44	#caplines	16
44	#startwname	13
44	#periods	51
44	#stdev	1790
44	#maxpair	9
44	#startwrubric	13
44	#commas	40
44	#endwpunct	21
44	#questionmarks	2
44	#exclamationpoints	1
44	#textlines	44
44	#endwnumeral	2
44	wordNotInVocab	67
45	what	1
45	dr	2
45	propernoun	9
45	plain	1
45	i'm	1
45	scene	1
45	just	1
45	well	1
45	arabic2digit	1
45	all	4
45	while	1
45	miss	1
45	room	2
45	summer	1
45	as	3
45	exeunt	1
45	romannumeral	3
45	my	1
45	said	1
45	same	1
45	think	1
45	duty	1
45	yon	1
45	would	2
45	things	1
45	i'll	1
45	again	1
45	#allcapswords	20
45	use	1
45	his	1
45	strength	1
45	those	1
45	him	2
45	could	1
45	really	1
45	you	15
45	a	5
45	was	1
45	men	1
45	me	3
45	in	6
45	who	2
45	mr	1
45	rest	1
45	came	1
45	mighty	1
45	gave	2
45	see	1
45	then	5
45	course	1
45	it	2
45	no	2
45	captain	5
45	fellow	2
45	sleep	1
45	care	2
45	noble	1
45	company	1
45	do	4
45	sister	1
45	arabic1digit	5
45	arabicprice	1
45	the	7
45	but	4
45	brave	1
45	get	4
45	makes	1
45	southern	1
45	bound	1
45	have	2
45	e	4
45	there	3
45	some	1
45	read	1
45	talk	1
45	enter	2
45	will	1
45	tell	2
45	during	1
45	here	3
45	and	16
45	i	11
45	else	1
45	indeed	1
45	to	12
45	with	5
45	us	1
45	take	2
45	so	1
45	be	4
45	r	1
45	or	1
45	your	2
45	now	3
45	are	1
45	de	1
45	at	1
45	gone	1
45	head	1
45	spring	1
45	such	2
45	takes	1
45	is	3
45	not	1
45	one	1
45	were	1
45	em	1
45	for	2
45	personalname	16
45	down	1
45	better	1
45	along	1
45	about	1
45	he	5
45	go	6
45	you'll	1
45	behind	1
45	until	1
45	sure	1
45	ready	1
45	got	1
45	of	6
45	can	3
45	speak	1
45	good	2
45	come	1
45	been	1
45	charge	1
45	till	1
45	stay	3
45	something	1
45	if	3
45	exit	1
45	on	2
45	#sequentialcaps	2
45	#lines	56
45	#maxinitial	9
45	#caplines	18
45	#startwname	10
45	#periods	43
45	#stdev	1552
45	#maxpair	10
45	#startwrubric	12
45	#commas	43
45	#endwpunct	19
45	#questionmarks	2
45	#textlines	39
45	#endwnumeral	1
45	wordNotInVocab	72
46	sword	1
46	what	2
46	one	2
46	desire	1
46	does	2
46	n	1
46	scene	4
46	h	1
46	arabic2digit	1
46	southern	1
46	o	1
46	let	1
46	had	1
46	such	1
46	yes	1
46	romannumeral	3
46	my	1
46	i'm	1
46	command	1
46	as	2
46	an	8
46	i'll	2
46	know	2
46	enough	1
46	who	2
46	why	2
46	left	1
46	his	3
46	our	1
46	visit	1
46	him	11
46	am	2
46	you	6
46	a	7
46	was	1
46	me	2
46	in	4
46	aside	1
46	welcome	1
46	rest	1
46	tell	2
46	making	1
46	gave	1
46	see	6
46	south	1
46	that	1
46	proud	2
46	take	1
46	right	1
46	care	1
46	like	2
46	how	1
46	arabic1digit	1
46	exit	1
46	arabicprice	1
46	us	3
46	but	1
46	get	1
46	there	2
46	friend	2
46	post	1
46	call	2
46	where	2
46	have	3
46	e	2
46	of	5
46	some	2
46	with	2
46	so	1
46	easy	1
46	may	2
46	enter	1
46	will	1
46	give	1
46	open	1
46	looking	1
46	here	6
46	it	3
46	stand	1
46	distance	1
46	short	1
46	and	7
46	just	2
46	i	10
46	way	1
46	her	3
46	to	19
46	through	1
46	this	3
46	captain	1
46	coming	1
46	up	1
46	be	7
46	above	1
46	by	1
46	heart	1
46	are	1
46	your	2
46	did	1
46	till	1
46	propernoun	6
46	we	2
46	around	1
46	u	1
46	is	4
46	the	9
46	not	2
46	for	2
46	personalname	1
46	camp	2
46	down	1
46	away	1
46	lives	1
46	myself	1
46	he	7
46	goes	1
46	got	1
46	we'll	3
46	can	1
46	lay	1
46	told	1
46	good	2
46	come	4
46	#allcapswords	15
46	back	1
46	lines	1
46	if	2
46	go	4
46	on	3
46	#sequentialcaps	2
46	#lines	57
46	#maxinitial	7
46	#caplines	19
46	#startwname	4
46	#periods	43
46	#stdev	1704
46	#maxpair	10
46	#startwrubric	12
46	#commas	25
46	#endwpunct	17
46	#questionmarks	9
46	#exclamationpoints	1
46	#textlines	41
46	#endwnumeral	1
46	wordNotInVocab	92
47	what	1
47	wrong	1
47	proper	1
47	we	3
47	soon	1
47	daughter	1
47	life	3
47	himself	1
47	arabic2digit	1
47	southern	1
47	service	1
47	expedition	1
47	without	1
47	had	2
47	grave	1
47	act	3
47	man	4
47	end	1
47	their	1
47	yes	2
47	romannumeral	1
47	my	7
47	at	2
47	great	1
47	command	1
47	as	3
47	an	1
47	following	1
47	would	5
47	cannot	1
47	who	2
47	#allcapswords	20
47	his	2
47	those	1
47	him	4
47	am	3
47	tell	1
47	you	17
47	a	5
47	only	2
47	me	5
47	in	6
47	earth	1
47	he	1
47	principles	4
47	hundred	1
47	father	1
47	came	1
47	old	2
47	mark	1
47	long	1
47	captain	2
47	then	1
47	them	2
47	place	1
47	show	1
47	that	5
47	no	3
47	take	1
47	ought	1
47	which	2
47	yon	1
47	do	2
47	arabic1digit	1
47	the	12
47	brave	1
47	our	1
47	should	1
47	hour	1
47	where	1
47	have	3
47	e	1
47	love	1
47	son	1
47	make	1
47	with	3
47	talk	1
47	may	1
47	enter	1
47	will	4
47	be	5
47	let	1
47	one	1
47	here	2
47	it	3
47	hands	2
47	and	10
47	blood	1
47	more	1
47	i	14
47	way	1
47	to	15
47	died	2
47	north	2
47	this	3
47	sir	1
47	so	1
47	give	1
47	r	1
47	might	2
47	by	1
47	your	10
47	now	1
47	heart	1
47	are	5
47	mercy	1
47	feel	1
47	country	1
47	propernoun	4
47	any	2
47	hear	1
47	such	2
47	information	1
47	is	3
47	perhaps	1
47	for	6
47	personalname	9
47	cause	2
47	hold	1
47	down	1
47	better	1
47	myself	1
47	death	1
47	got	1
47	of	12
47	can	4
47	return	1
47	told	1
47	been	1
47	none	1
47	from	3
47	ask	3
47	back	1
47	till	1
47	union	1
47	if	3
47	doubt	2
47	answer	1
47	on	2
47	#sequentialcaps	1
47	#lines	55
47	#maxinitial	8
47	#caplines	12
47	#startwname	5
47	#periods	28
47	#stdev	1528
47	#maxpair	9
47	#startwrubric	10
47	#commas	34
47	#endwpunct	13
47	#questionmarks	3
47	#exclamationpoints	4
47	#textlines	43
47	wordNotInVocab	83
48	bring	1
48	bird	1
48	what	2
48	would	2
48	time	1
48	does	2
48	any	2
48	honest	1
48	scene	4
48	arabic2digit	1
48	southern	1
48	had	2
48	american	1
48	man	1
48	duty	1
48	their	1
48	romannumeral	3
48	my	4
48	going	2
48	i'm	2
48	command	1
48	past	1
48	as	4
48	i'll	1
48	things	1
48	#allcapswords	13
48	god	1
48	his	1
48	visit	1
48	him	3
48	am	2
48	you	3
48	a	6
48	was	3
48	don't	1
48	men	1
48	me	6
48	in	5
48	placename	2
48	judge	2
48	down	1
48	hundred	1
48	father	1
48	thus	1
48	other	1
48	see	2
48	little	1
48	them	1
48	home	1
48	leave	1
48	out	2
48	that	3
48	take	1
48	about	1
48	care	2
48	be	1
48	company	1
48	how	2
48	say	1
48	sister	1
48	when	1
48	arabic1digit	2
48	property	2
48	the	13
48	but	7
48	enough	1
48	put	1
48	all	1
48	bound	1
48	where	1
48	e	2
48	make	1
48	morning	1
48	very	1
48	with	3
48	talk	1
48	wood	2
48	well	1
48	must	2
48	dead	1
48	will	1
48	went	1
48	one	1
48	here	3
48	it	4
48	through	1
48	sent	1
48	many	2
48	and	12
48	i	9
48	far	1
48	to	9
48	us	1
48	this	3
48	captain	3
48	so	1
48	give	1
48	by	1
48	your	3
48	now	2
48	more	1
48	are	3
48	death	1
48	they	1
48	mother	1
48	eight	1
48	propernoun	7
48	we	1
48	such	1
48	lines	1
48	is	5
48	than	2
48	not	5
48	for	4
48	personalname	15
48	on	5
48	enter	1
48	he	5
48	got	3
48	of	8
48	do	2
48	good	1
48	own	1
48	come	2
48	from	1
48	back	1
48	stay	1
48	exit	1
48	answer	2
48	#sequentialcaps	1
48	#lines	62
48	#maxinitial	12
48	#caplines	19
48	#startwname	8
48	#periods	49
48	#stdev	1659
48	#maxpair	15
48	#startwrubric	15
48	#commas	27
48	#endwpunct	24
48	#questionmarks	3
48	#exclamationpoints	2
48	#textlines	42
48	#endwnumeral	1
48	wordNotInVocab	71
49	what	3
49	seen	1
49	would	1
49	propernoun	1
49	does	1
49	paper	1
49	think	1
49	since	1
49	arabic2digit	1
49	southern	1
49	o	1
49	act	3
49	yes	4
49	romannumeral	2
49	i'm	3
49	reading	1
49	as	4
49	i'll	4
49	know	2
49	worth	1
49	who	1
49	not	1
49	that	1
49	his	2
49	times	1
49	our	2
49	him	4
49	am	1
49	you	5
49	was	2
49	don't	3
49	men	1
49	me	1
49	in	3
49	i	12
49	aside	3
49	soon	2
49	these	1
49	scene	1
49	old	1
49	#allcapswords	15
49	keep	1
49	out	2
49	too	1
49	see	1
49	arms	1
49	then	2
49	r	4
49	called	1
49	stage	2
49	it	4
49	no	1
49	take	2
49	about	1
49	right	1
49	table	3
49	how	1
49	say	2
49	arabic1digit	3
49	quite	1
49	my	1
49	but	2
49	e	4
49	those	1
49	all	1
49	a	6
49	have	1
49	there	1
49	some	1
49	business	2
49	make	1
49	with	3
49	so	3
49	may	1
49	fool	2
49	well	2
49	dead	1
49	will	1
49	ever	1
49	here	2
49	poor	1
49	much	2
49	and	4
49	mr	2
49	to	6
49	name	1
49	the	3
49	this	1
49	find	1
49	up	3
49	be	3
49	your	2
49	now	1
49	are	3
49	at	1
49	gone	1
49	mountain	1
49	we	1
49	exeunt	1
49	is	4
49	perhaps	1
49	for	2
49	personalname	18
49	camp	1
49	enter	2
49	along	2
49	he	2
49	got	2
49	do	1
49	speak	1
49	american	1
49	come	3
49	been	1
49	from	1
49	dog	1
49	something	1
49	go	1
49	whose	1
49	head	1
49	on	2
49	#sequentialcaps	2
49	#lines	63
49	#maxinitial	8
49	#quotations	1
49	#caplines	21
49	#startwname	9
49	#periods	65
49	#stdev	1563
49	#maxpair	15
49	#startwrubric	16
49	#commas	28
49	#endwpunct	26
49	#questionmarks	10
49	#exclamationpoints	4
49	#textlines	41
49	wordNotInVocab	100
50	brought	1
50	what	2
50	valuable	1
50	war	1
50	think	1
50	scene	3
50	just	1
50	c	1
50	arabic2digit	1
50	all	2
50	while	1
50	o	2
50	had	1
50	act	1
50	man	1
50	their	1
50	speech	1
50	yes	5
50	romannumeral	1
50	my	2
50	longer	1
50	going	1
50	i'm	2
50	killed	1
50	as	1
50	an	9
50	the	5
50	is	2
50	things	1
50	who	1
50	than	1
50	#allcapswords	23
50	letters	2
50	mighty	1
50	am	1
50	letter	1
50	placename	1
50	you	12
50	a	3
50	was	4
50	made	2
50	don't	1
50	dog	1
50	me	5
50	in	4
50	rise	1
50	these	2
50	general	1
50	tell	1
50	want	1
50	yet	1
50	mind	1
50	important	1
50	see	4
50	left	1
50	then	1
50	them	2
50	few	1
50	called	1
50	out	1
50	that	3
50	no	2
50	take	1
50	you'll	1
50	about	1
50	right	2
50	table	1
50	do	1
50	when	1
50	plays	1
50	through	2
50	but	4
50	get	5
50	southern	1
50	break	1
50	anything	1
50	where	2
50	have	2
50	some	1
50	yourself	1
50	very	2
50	papers	1
50	with	2
50	read	1
50	must	1
50	dead	2
50	will	2
50	be	4
50	ever	2
50	one	1
50	side	1
50	here	2
50	knew	1
50	it	4
50	alone	1
50	thought	1
50	much	3
50	and	6
50	help	1
50	best	1
50	i	18
50	mr	1
50	else	1
50	way	1
50	to	20
50	day	1
50	us	1
50	this	1
50	up	2
50	by	2
50	took	2
50	now	1
50	are	3
50	did	2
50	they	2
50	during	1
50	propernoun	4
50	hear	1
50	around	1
50	information	1
50	over	1
50	not	1
50	em	3
50	for	3
50	personalname	22
50	camp	1
50	better	1
50	thank	1
50	he	5
50	done	1
50	of	2
50	how	2
50	speak	1
50	good	2
50	come	6
50	at	1
50	from	4
50	lines	1
50	if	2
50	after	2
50	go	3
50	on	1
50	#sequentialcaps	2
50	#lines	62
50	#maxinitial	11
50	#caplines	23
50	#startwname	18
50	#periods	44
50	#stdev	1903
50	#maxpair	13
50	#startwrubric	15
50	#commas	34
50	#endwpunct	22
50	#questionmarks	8
50	#exclamationpoints	1
50	#textlines	44
50	#endwnumeral	1
50	wordNotInVocab	77
51	what	1
51	contents	1
51	scene	1
51	just	1
51	command	1
51	certain	1
51	all	4
51	into	2
51	service	1
51	note	3
51	o	1
51	act	3
51	their	2
51	romannumeral	2
51	my	2
51	going	3
51	first	1
51	as	2
51	an	1
51	give	1
51	i'll	4
51	#allcapswords	19
51	when	1
51	him	1
51	am	1
51	could	1
51	country	1
51	you	9
51	a	6
51	was	2
51	don't	2
51	only	1
51	me	3
51	in	3
51	still	1
51	fear	2
51	these	3
51	off	1
51	down	1
51	rest	1
51	mighty	3
51	out	2
51	see	1
51	then	4
51	seemed	1
51	them	2
51	that	2
51	no	1
51	take	3
51	about	1
51	which	1
51	right	6
51	care	1
51	like	1
51	table	1
51	do	1
51	arabic1digit	3
51	arabicprice	1
51	knows	1
51	but	4
51	arabic2digit	1
51	immediately	1
51	get	5
51	e	3
51	another	2
51	possible	1
51	two	1
51	southern	1
51	too	2
51	if	4
51	where	2
51	have	2
51	there	4
51	of	6
51	some	1
51	read	1
51	yourself	1
51	wish	1
51	very	2
51	papers	2
51	with	2
51	so	1
51	wood	1
51	well	1
51	eye	1
51	heard	1
51	will	2
51	hope	1
51	here	1
51	it	3
51	and	9
51	i	16
51	shall	1
51	way	3
51	to	14
51	the	6
51	enemy	1
51	this	2
51	from	1
51	find	1
51	coming	1
51	be	5
51	r	1
51	by	1
51	look	2
51	your	1
51	now	4
51	are	5
51	at	1
51	propernoun	8
51	we	3
51	not	2
51	for	6
51	personalname	15
51	camp	3
51	enter	1
51	is	3
51	along	1
51	he	2
51	go	6
51	capture	1
51	sure	1
51	can	4
51	before	1
51	good	1
51	they	1
51	after	1
51	exit	1
51	doubt	1
51	on	1
51	#sequentialcaps	1
51	#lines	58
51	#maxinitial	7
51	#quotations	1
51	#caplines	18
51	#startwname	13
51	#periods	52
51	#stdev	1786
51	#maxpair	10
51	#startwrubric	13
51	#commas	27
51	#endwpunct	20
51	#questionmarks	2
51	#textlines	41
51	wordNotInVocab	69
52	bring	1
52	take	3
52	what	4
52	that	3
52	time	1
52	any	1
52	plain	1
52	looking	2
52	scene	4
52	just	1
52	b	3
52	all	2
52	loud	1
52	service	1
52	o	1
52	off	2
52	exeunt	1
52	speech	1
52	yes	1
52	romannumeral	8
52	command	1
52	as	1
52	an	3
52	rather	1
52	brave	1
52	town	1
52	who	3
52	liberty	2
52	and	5
52	late	1
52	his	1
52	our	1
52	him	2
52	am	1
52	general	1
52	could	1
52	you	5
52	was	1
52	men	1
52	me	3
52	in	6
52	mr	2
52	business	1
52	comes	1
52	than	1
52	want	1
52	old	1
52	#allcapswords	21
52	keep	1
52	see	3
52	little	1
52	them	3
52	people	1
52	ye	1
52	it	2
52	no	2
52	captain	1
52	i'm	4
52	company	1
52	placename	1
52	say	1
52	when	3
52	arabic1digit	2
52	arabicprice	1
52	but	1
52	arabic2digit	1
52	get	1
52	there	2
52	those	1
52	either	1
52	southern	1
52	other	1
52	too	1
52	into	1
52	where	1
52	have	1
52	e	2
52	we'll	1
52	some	1
52	devil	2
52	very	1
52	so	2
52	may	2
52	fool	1
52	well	4
52	three	1
52	one	5
52	women	1
52	thought	1
52	tongue	1
52	kind	1
52	last	1
52	had	3
52	always	2
52	i	13
52	a	6
52	else	1
52	send	2
52	name	1
52	the	10
52	this	1
52	sir	1
52	up	1
52	civil	1
52	be	2
52	r	1
52	or	1
52	by	1
52	here	1
52	along	1
52	did	1
52	at	1
52	propernoun	1
52	now	3
52	head	2
52	though	1
52	is	2
52	not	1
52	em	1
52	for	1
52	personalname	12
52	camp	1
52	enter	1
52	are	9
52	he	1
52	goes	1
52	please	1
52	of	8
52	how	1
52	your	1
52	come	2
52	to	7
52	ask	1
52	back	2
52	dog	1
52	said	1
52	if	2
52	own	1
52	after	2
52	hope	1
52	#sequentialcaps	2
52	#lines	59
52	#maxinitial	7
52	#caplines	19
52	#startwname	7
52	#periods	54
52	#stdev	1535
52	#maxpair	11
52	#startwrubric	13
52	#commas	33
52	#endwpunct	23
52	#questionmarks	6
52	#exclamationpoints	4
52	#textlines	41
52	#endwnumeral	1
52	wordNotInVocab	108
53	brought	1
53	b	9
53	all	2
53	what	2
53	sets	1
53	wrong	1
53	time	1
53	soon	1
53	arabic2digit	1
53	river	1
53	seen	1
53	let	1
53	had	1
53	act	3
53	city	1
53	more	1
53	around	1
53	yes	2
53	romannumeral	3
53	born	1
53	i'm	4
53	an	4
53	know	1
53	cannot	1
53	who	1
53	#allcapswords	22
53	officers	1
53	our	2
53	we	5
53	army	1
53	up	2
53	under	1
53	you	6
53	was	3
53	em	2
53	lie	1
53	don't	1
53	me	2
53	in	2
53	dictionary	1
53	aside	1
53	placename	2
53	two	1
53	nothing	1
53	off	1
53	cut	1
53	tell	1
53	yet	1
53	making	1
53	out	2
53	most	1
53	see	2
53	little	1
53	then	1
53	them	1
53	night	2
53	that	2
53	no	1
53	right	1
53	sleep	2
53	money	1
53	his	1
53	capture	1
53	before	1
53	when	2
53	arabic1digit	2
53	exit	2
53	how	1
53	word	1
53	but	2
53	lose	1
53	immediately	1
53	get	2
53	e	2
53	southern	1
53	too	1
53	upon	1
53	anything	1
53	have	5
53	make	1
53	us	6
53	with	4
53	easy	1
53	hold	1
53	well	2
53	must	2
53	black	1
53	will	4
53	be	2
53	ever	2
53	one	2
53	side	1
53	here	3
53	it	6
53	much	1
53	and	8
53	between	1
53	i	6
53	a	7
53	to	4
53	m	1
53	this	2
53	sir	1
53	find	1
53	by	2
53	troops	1
53	woman	2
53	wife	2
53	or	1
53	re	2
53	took	1
53	now	5
53	are	2
53	they	1
53	shall	1
53	such	1
53	the	15
53	for	3
53	personalname	1
53	cause	1
53	enter	1
53	he	3
53	full	1
53	got	2
53	of	11
53	can	2
53	last	2
53	do	1
53	told	1
53	american	1
53	your	2
53	come	1
53	from	1
53	country	1
53	followed	1
53	go	1
53	on	4
53	#sequentialcaps	1
53	#lines	62
53	#maxinitial	8
53	#quotations	4
53	#caplines	17
53	#startwname	1
53	#periods	52
53	#stdev	1828
53	#maxpair	10
53	#startwrubric	15
53	#commas	23
53	#endwpunct	20
53	#questionmarks	1
53	#exclamationpoints	8
53	#textlines	43
53	wordNotInVocab	108
54	sons	1
54	us	1
54	ground	1
54	world	1
54	soon	1
54	scene	5
54	here	2
54	arabic2digit	3
54	while	1
54	fall	1
54	let	1
54	nearly	1
54	act	1
54	man	2
54	dark	1
54	romannumeral	9
54	stage	1
54	fit	1
54	o	1
54	die	1
54	as	3
54	an	2
54	i'll	1
54	worth	1
54	again	1
54	#allcapswords	12
54	god	1
54	him	4
54	looks	2
54	could	1
54	you	1
54	men	1
54	me	2
54	in	6
54	who	1
54	old	1
54	beautiful	1
54	comes	1
54	its	2
54	thou	1
54	out	2
54	see	1
54	arms	1
54	r	7
54	that	3
54	no	2
54	fellow	1
54	saw	1
54	like	1
54	how	1
54	moon	1
54	arabic1digit	5
54	exit	1
54	through	1
54	but	1
54	fire	2
54	get	3
54	possible	1
54	justice	1
54	southern	1
54	upon	1
54	have	1
54	e	3
54	of	4
54	music	2
54	wish	1
54	papers	1
54	so	1
54	enter	1
54	once	1
54	will	2
54	just	1
54	it	5
54	and	8
54	i	4
54	a	3
54	way	1
54	to	12
54	the	6
54	this	1
54	even	1
54	be	1
54	might	1
54	brothers	1
54	look	2
54	now	1
54	more	1
54	others	1
54	mercy	1
54	at	2
54	propernoun	4
54	we	3
54	such	1
54	u	1
54	is	1
54	for	2
54	personalname	6
54	camp	1
54	down	1
54	better	1
54	along	1
54	he	2
54	can	2
54	none	1
54	charge	3
54	back	1
54	till	1
54	union	1
54	go	1
54	on	6
54	#sequentialcaps	2
54	#lines	45
54	#maxinitial	4
54	#quotations	3
54	#caplines	15
54	#startwname	5
54	#periods	54
54	#stdev	1426
54	#maxpair	7
54	#startwrubric	4
54	#commas	30
54	#endwpunct	15
54	#questionmarks	2
54	#textlines	32
54	#endwnumeral	1
54	wordNotInVocab	98
55	what	3
55	would	1
55	mad	1
55	time	1
55	world	1
55	longer	1
55	we	4
55	soon	3
55	knew	1
55	arabic2digit	2
55	southern	1
55	fall	1
55	o	1
55	let	1
55	had	1
55	act	3
55	more	1
55	end	3
55	their	1
55	romannumeral	2
55	think	1
55	die	2
55	as	1
55	i'll	3
55	know	1
55	cannot	1
55	things	1
55	done	1
55	who	2
55	again	2
55	#allcapswords	17
55	god	2
55	late	1
55	placename	1
55	those	1
55	him	4
55	am	1
55	you	12
55	a	3
55	was	3
55	don't	2
55	thy	2
55	me	5
55	rise	1
55	fear	2
55	these	1
55	j	3
55	business	1
55	want	1
55	good	2
55	keep	2
55	long	1
55	see	3
55	them	1
55	he	4
55	south	1
55	called	1
55	that	3
55	no	3
55	take	1
55	almost	1
55	before	2
55	sister	1
55	when	2
55	arabic1digit	2
55	exit	1
55	meet	1
55	the	11
55	but	6
55	e	1
55	oh	2
55	our	2
55	all	2
55	too	5
55	call	2
55	have	2
55	there	3
55	in	7
55	music	1
55	make	1
55	yourself	1
55	once	1
55	with	4
55	so	3
55	sing	2
55	enter	1
55	people	1
55	must	2
55	dead	1
55	will	1
55	my	2
55	here	6
55	it	6
55	through	1
55	poor	1
55	distance	1
55	work	1
55	did	1
55	much	1
55	and	8
55	i	12
55	r	1
55	to	8
55	name	3
55	m	1
55	us	1
55	songs	1
55	this	3
55	captain	1
55	find	1
55	coming	1
55	up	1
55	be	4
55	shall	1
55	or	1
55	by	1
55	your	2
55	now	11
55	are	6
55	memory	1
55	which	1
55	gone	1
55	right	1
55	propernoun	12
55	any	1
55	hear	2
55	they	1
55	such	1
55	is	3
55	liberty	1
55	not	2
55	for	2
55	personalname	14
55	down	2
55	thank	1
55	place	2
55	thoughts	1
55	death	1
55	got	1
55	of	7
55	can	2
55	song	2
55	religion	1
55	how	1
55	speak	2
55	come	5
55	been	1
55	hearts	1
55	at	1
55	stay	1
55	if	2
55	after	1
55	go	1
55	answer	1
55	on	1
55	#sequentialcaps	5
55	#lines	56
55	#maxinitial	5
55	#quotations	1
55	#caplines	16
55	#startwname	8
55	#periods	48
55	#stdev	1272
55	#maxpair	9
55	#startwrubric	9
55	#commas	33
55	#endwpunct	18
55	#questionmarks	7
55	#exclamationpoints	11
55	#textlines	43
55	wordNotInVocab	95
56	bring	1
56	what	4
56	would	1
56	went	1
56	never	1
56	scene	4
56	just	2
56	bear	1
56	well	1
56	arabic2digit	1
56	all	3
56	has	2
56	o	1
56	let	2
56	more	1
56	duty	1
56	yes	2
56	ready	1
56	my	1
56	said	1
56	going	1
56	i'm	2
56	die	1
56	as	6
56	i'll	1
56	know	2
56	still	1
56	done	1
56	who	1
56	save	1
56	#allcapswords	26
56	our	1
56	him	7
56	am	1
56	could	1
56	you	8
56	a	4
56	was	1
56	yet	1
56	don't	1
56	for	3
56	me	4
56	in	5
56	these	1
56	door	1
56	j	1
56	business	1
56	tell	1
56	again	3
56	want	1
56	old	1
56	out	3
56	see	4
56	home	1
56	leave	1
56	called	1
56	that	6
56	proud	1
56	no	2
56	captain	1
56	march	1
56	right	2
56	saw	1
56	his	1
56	like	2
56	put	1
56	placename	3
56	say	1
56	when	2
56	arabic1digit	2
56	form	1
56	arabicprice	1
56	us	1
56	but	2
56	get	2
56	there	3
56	dream	1
56	southern	1
56	too	3
56	given	1
56	call	1
56	where	1
56	have	1
56	e	2
56	we'll	1
56	fell	1
56	some	1
56	wish	1
56	with	1
56	so	3
56	may	1
56	enter	2
56	dead	2
56	will	2
56	hope	2
56	ever	1
56	open	1
56	led	1
56	here	6
56	it	9
56	much	2
56	and	13
56	help	2
56	i	15
56	mr	1
56	an	6
56	way	1
56	to	14
56	the	8
56	this	1
56	from	1
56	up	2
56	even	1
56	be	3
56	friends	1
56	r	2
56	by	1
56	now	5
56	man	1
56	are	1
56	did	2
56	gone	1
56	shall	2
56	propernoun	10
56	we	5
56	is	2
56	not	2
56	were	1
56	through	2
56	personalname	9
56	how	1
56	down	1
56	thank	1
56	myself	1
56	he	4
56	you'll	1
56	company	1
56	romannumeral	2
56	got	2
56	of	3
56	can	1
56	do	1
56	good	1
56	come	2
56	found	2
56	line	2
56	after	1
56	go	2
56	on	2
56	#sequentialcaps	3
56	#lines	57
56	#maxinitial	7
56	#quotations	2
56	#caplines	15
56	#startwname	6
56	#periods	45
56	#stdev	1532
56	#maxpair	11
56	#startwrubric	10
56	#commas	40
56	#endwpunct	19
56	#questionmarks	6
56	#exclamationpoints	2
56	#textlines	43
56	#endwnumeral	1
56	wordNotInVocab	90
57	what	1
57	same	4
57	would	1
57	time	2
57	war	1
57	since	1
57	here	1
57	bear	1
57	arabic2digit	1
57	remember	1
57	all	1
57	while	1
57	miss	1
57	has	3
57	act	4
57	cheaper	1
57	man	1
57	grace	1
57	yes	1
57	ready	1
57	stage	1
57	said	1
57	going	1
57	i'm	4
57	every	1
57	as	3
57	an	8
57	the	13
57	i'll	1
57	know	1
57	worthy	1
57	many	1
57	e	1
57	perhaps	1
57	his	1
57	our	2
57	him	2
57	ourselves	1
57	could	1
57	sent	1
57	brought	1
57	heat	1
57	a	7
57	me	1
57	in	7
57	duty	2
57	death	1
57	beautiful	1
57	business	2
57	rest	1
57	scene	3
57	came	1
57	#allcapswords	6
57	those	1
57	see	2
57	left	3
57	then	2
57	them	1
57	home	1
57	leave	1
57	show	1
57	that	9
57	says	1
57	march	2
57	about	1
57	almost	1
57	goes	2
57	company	2
57	do	2
57	say	1
57	when	3
57	arabic1digit	2
57	arabicprice	1
57	word	1
57	but	1
57	have	2
57	get	1
57	held	2
57	southern	1
57	too	1
57	upon	1
57	where	1
57	there	5
57	scenes	1
57	with	2
57	so	1
57	hard	1
57	well	3
57	heard	1
57	will	1
57	performed	1
57	open	1
57	told	2
57	just	3
57	it	5
57	you	9
57	and	4
57	i	3
57	way	1
57	she	3
57	her	1
57	to	14
57	day	1
57	us	3
57	this	2
57	up	3
57	be	4
57	r	1
57	might	2
57	battle	1
57	or	1
57	look	1
57	now	2
57	more	1
57	are	2
57	behind	1
57	done	1
57	at	2
57	right	1
57	we	7
57	something	1
57	is	2
57	than	1
57	not	1
57	for	3
57	personalname	10
57	camp	1
57	down	1
57	along	2
57	he	13
57	did	1
57	romannumeral	7
57	got	2
57	of	7
57	how	1
57	during	2
57	good	1
57	come	2
57	been	1
57	they	1
57	from	1
57	charge	1
57	back	3
57	till	1
57	stay	1
57	union	1
57	if	1
57	go	1
57	on	1
57	#sequentialcaps	2
57	#lines	52
57	#maxinitial	8
57	#quotations	4
57	#caplines	14
57	#startwname	1
57	#periods	51
57	#stdev	1481
57	#maxpair	12
57	#startwrubric	10
57	#commas	39
57	#endwpunct	17
57	#questionmarks	1
57	#exclamationpoints	2
57	#textlines	41
57	wordNotInVocab	95
58	met	1
58	what	1
58	fancy	1
58	also	1
58	time	1
58	any	1
58	never	2
58	scene	5
58	life	1
58	sight	1
58	command	1
58	arabic2digit	1
58	all	3
58	has	1
58	should	1
58	let	1
58	did	1
58	more	1
58	human	1
58	grace	1
58	close	1
58	an	1
58	romannumeral	1
58	my	1
58	over	1
58	first	1
58	as	7
58	know	2
58	still	1
58	kind	1
58	many	1
58	than	2
58	again	4
58	#allcapswords	18
58	that	3
58	his	1
58	our	1
58	him	1
58	present	1
58	under	1
58	mrs	3
58	you	9
58	a	10
58	was	5
58	pure	1
58	feel	1
58	don't	1
58	eyes	1
58	me	2
58	in	4
58	who	1
58	aside	1
58	boy	1
58	felt	1
58	business	2
58	welcome	2
58	peace	1
58	looking	1
58	came	1
58	its	3
58	most	1
58	see	1
58	arms	1
58	home	1
58	called	1
58	received	1
58	it	19
58	captain	1
58	evening	1
58	saw	2
58	be	2
58	company	1
58	how	1
58	say	1
58	when	3
58	arabic1digit	2
58	arabicprice	1
58	carried	1
58	but	3
58	order	1
58	held	1
58	those	1
58	southern	1
58	upon	2
58	break	1
58	where	1
58	have	4
58	e	2
58	colours	1
58	before	2
58	morning	2
58	some	1
58	with	3
58	so	1
58	may	2
58	hard	1
58	enter	2
58	will	1
58	hope	2
58	ever	3
58	one	2
58	led	2
58	prayer	1
58	work	1
58	and	13
58	just	1
58	yours	1
58	i	11
58	to	10
58	the	7
58	this	2
58	give	1
58	r	2
58	by	2
58	look	1
58	your	1
58	now	3
58	man	1
58	are	1
58	years	1
58	at	1
58	gone	1
58	propernoun	2
58	we	6
58	seems	1
58	such	2
58	face	1
58	believe	1
58	is	4
58	liberty	1
58	bright	2
58	for	4
58	personalname	11
58	land	1
58	better	1
58	he	1
58	duties	1
58	done	1
58	of	8
58	true	1
58	good	2
58	black	1
58	been	1
58	from	1
58	back	1
58	being	1
58	both	1
58	lay	1
58	on	2
58	#sequentialcaps	1
58	#lines	53
58	#maxinitial	5
58	#caplines	12
58	#startwname	6
58	#periods	36
58	#stdev	1706
58	#maxpair	6
58	#startwrubric	7
58	#commas	32
58	#endwpunct	16
58	#questionmarks	2
58	#textlines	39
58	#endwnumeral	1
58	wordNotInVocab	61
59	what	1
59	seen	1
59	same	1
59	would	1
59	time	2
59	went	1
59	war	1
59	scene	2
59	just	3
59	arabic2digit	1
59	all	4
59	into	1
59	room	2
59	has	2
59	nearly	1
59	had	2
59	act	4
59	house	1
59	yes	2
59	ready	1
59	my	1
59	said	1
59	command	2
59	past	1
59	every	1
59	as	5
59	an	1
59	know	2
59	hand	1
59	town	1
59	who	1
59	#allcapswords	10
59	god	3
59	our	2
59	him	5
59	looks	1
59	could	2
59	street	1
59	a	4
59	was	4
59	title	2
59	made	2
59	only	1
59	eyes	1
59	men	1
59	whom	1
59	in	7
59	placename	1
59	these	1
59	everything	1
59	he	14
59	old	1
59	never	2
59	rest	1
59	father	1
59	way	1
59	came	1
59	yet	1
59	together	1
59	out	1
59	gave	1
59	see	3
59	then	1
59	them	1
59	course	1
59	called	2
59	exeunt	1
59	stage	1
59	that	4
59	no	2
59	late	1
59	which	2
59	his	4
59	like	1
59	true	1
59	when	2
59	arabic1digit	3
59	property	1
59	the	18
59	but	2
59	get	1
59	e	2
59	those	1
59	southern	1
59	other	1
59	have	2
59	there	1
59	son	1
59	vain	1
59	family	1
59	very	1
59	so	3
59	enter	1
59	mrs	1
59	will	4
59	give	1
59	ever	2
59	here	3
59	knew	1
59	it	6
59	poor	1
59	away	1
59	you	5
59	much	1
59	and	17
59	help	1
59	i	7
59	r	1
59	to	9
59	us	4
59	this	2
59	up	2
59	be	2
59	shall	1
59	by	4
59	sold	1
59	heart	1
59	are	2
59	years	2
59	they	3
59	mother	1
59	do	2
59	propernoun	3
59	we	4
59	four	1
59	u	1
59	must	1
59	is	4
59	not	1
59	were	1
59	for	4
59	personalname	13
59	how	1
59	better	1
59	lives	2
59	thank	1
59	place	2
59	used	1
59	romannumeral	4
59	of	5
59	me	1
59	before	1
59	told	1
59	good	1
59	come	1
59	been	1
59	at	1
59	from	5
59	back	1
59	line	1
59	union	2
59	go	2
59	on	2
59	#sequentialcaps	2
59	#lines	50
59	#maxinitial	5
59	#quotations	4
59	#caplines	11
59	#startwname	7
59	#periods	41
59	#stdev	1456
59	#maxpair	7
59	#startwrubric	6
59	#commas	42
59	#endwpunct	12
59	#questionmarks	4
59	#exclamationpoints	1
59	#textlines	41
59	wordNotInVocab	86
60	who	1
60	brought	2
60	bring	1
60	all	3
60	seen	1
60	placed	1
60	same	2
60	would	1
60	time	3
60	war	1
60	never	1
60	scene	3
60	w	1
60	arabic2digit	1
60	southern	1
60	order	1
60	service	1
60	has	1
60	let	2
60	act	1
60	more	1
60	house	2
60	yes	1
60	romannumeral	2
60	my	5
60	said	2
60	while	1
60	think	2
60	as	2
60	an	9
60	know	3
60	thing	1
60	hand	2
60	comes	1
60	again	1
60	late	1
60	placename	2
60	him	2
60	am	2
60	present	1
60	until	1
60	mrs	2
60	you	8
60	a	5
60	over	1
60	was	3
60	don't	2
60	only	1
60	men	1
60	me	2
60	i	13
60	far	1
60	began	1
60	themselves	1
60	yet	1
60	appear	1
60	welcome	1
60	rest	2
60	duty	1
60	its	2
60	#allcapswords	19
60	see	1
60	little	1
60	entered	1
60	breast	1
60	out	1
60	that	5
60	history	1
60	friends	1
60	few	1
60	right	1
60	be	3
60	noble	1
60	mr	1
60	do	3
60	say	1
60	when	1
60	arabic1digit	1
60	honour	1
60	quite	1
60	arms	4
60	us	1
60	but	5
60	have	7
60	enough	1
60	there	3
60	should	1
60	were	1
60	where	1
60	e	1
60	we'll	1
60	in	3
60	some	1
60	with	3
60	so	7
60	united	1
60	well	2
60	could	1
60	will	1
60	any	2
60	without	1
60	one	4
60	looking	1
60	here	4
60	carried	1
60	it	16
60	good	1
60	thought	1
60	last	2
60	and	12
60	just	1
60	within	1
60	indeed	1
60	way	2
60	extra	1
60	her	1
60	to	10
60	the	14
60	this	9
60	from	2
60	by	1
60	up	2
60	give	1
60	r	2
60	might	1
60	square	1
60	attention	1
60	took	1
60	now	3
60	are	1
60	your	1
60	did	1
60	de	1
60	at	4
60	shall	1
60	ere	1
60	propernoun	5
60	we	11
60	such	1
60	u	1
60	is	5
60	not	1
60	field	1
60	for	1
60	personalname	16
60	enter	1
60	body	1
60	he	3
60	star	2
60	years	1
60	got	1
60	of	6
60	own	1
60	come	2
60	been	1
60	hearts	1
60	ask	1
60	back	2
60	till	1
60	if	1
60	blue	1
60	go	1
60	north	1
60	on	2
60	#sequentialcaps	2
60	#lines	57
60	#maxinitial	7
60	#quotations	1
60	#caplines	15
60	#startwname	7
60	#periods	46
60	#stdev	1280
60	#maxpair	13
60	#startwrubric	8
60	#commas	44
60	#endwpunct	21
60	#questionmarks	1
60	#exclamationpoints	6
60	#textlines	44
60	#endwnumeral	1
60	wordNotInVocab	99
61	met	1
61	would	1
61	war	1
61	bring	1
61	that	3
61	w	1
61	arabic2digit	1
61	southern	2
61	forth	2
61	let	2
61	act	3
61	do	2
61	romannumeral	6
61	my	2
61	against	1
61	die	1
61	past	1
61	as	1
61	river	1
61	still	1
61	who	1
61	#allcapswords	13
61	god	1
61	left	3
61	few	2
61	our	5
61	present	2
61	under	1
61	island	1
61	a	6
61	was	3
61	only	1
61	many	1
61	in	4
61	run	1
61	peace	1
61	tell	1
61	carefully	1
61	long	2
61	arms	4
61	them	2
61	home	1
61	south	1
61	it	2
61	almost	1
61	right	1
61	goes	1
61	three	1
61	lives	1
61	say	1
61	when	3
61	white	1
61	knows	1
61	through	1
61	but	2
61	order	1
61	those	1
61	all	3
61	call	1
61	where	1
61	there	3
61	while	1
61	some	1
61	make	1
61	book	1
61	drama	1
61	so	1
61	hard	1
61	will	1
61	went	1
61	just	1
61	angel	1
61	much	1
61	and	14
61	i	2
61	her	1
61	to	9
61	died	1
61	us	2
61	dear	1
61	this	1
61	up	2
61	give	1
61	sleep	1
61	returned	1
61	r	2
61	battle	3
61	or	1
61	by	1
61	attention	1
61	now	1
61	heart	2
61	are	2
61	behind	1
61	did	2
61	song	2
61	at	3
61	lies	1
61	propernoun	3
61	we	2
61	around	1
61	is	3
61	the	19
61	not	3
61	field	1
61	were	2
61	for	1
61	personalname	6
61	on	3
61	down	1
61	others	2
61	he	1
61	resolved	1
61	please	1
61	years	2
61	full	1
61	of	9
61	return	1
61	how	1
61	during	1
61	hearts	1
61	happy	1
61	they	1
61	back	1
61	hands	2
61	after	2
61	north	1
61	power	1
61	hope	1
61	#sequentialcaps	2
61	#lines	39
61	#maxinitial	4
61	#quotations	6
61	#caplines	10
61	#startwname	3
61	#periods	33
61	#stdev	1112
61	#maxpair	5
61	#startwrubric	2
61	#commas	45
61	#endwpunct	15
61	#exclamationpoints	5
61	#textlines	31
61	wordNotInVocab	65
62	w	1
62	#lines	2
62	#maxinitial	1
62	#maxpair	1
62	#textlines	0
63	arabic1digit	1
63	#allcapswords	1
63	#lines	2
63	#maxinitial	1
63	#caplines	1
63	#maxpair	1
63	#textlines	1
63	#endwnumeral	1
63	wordNotInVocab	1
64	#textlines	0
65	#textlines	0
66	#lines	11
66	#maxinitial	1
66	#quotations	1
66	#periods	2
66	#stdev	1080
66	#maxpair	1
66	#commas	1
66	#exclamationpoints	1
66	#textlines	3
66	wordNotInVocab	7
67	congress	1
67	of	1
67	library	1
67	#allcapswords	3
67	#lines	2
67	#maxinitial	1
67	#caplines	1
67	#maxpair	1
67	#textlines	1
