-1	#metaBiography	0
0	#lines	1
0	#textlines	0
1	arabic1digit	1
1	i	3
1	the	1
1	#allcapswords	6
1	of	1
1	library	1
1	#sequentialcaps	2
1	#lines	7
1	#maxinitial	3
1	#caplines	5
1	#startwname	1
1	#stdev	226
1	#maxpair	3
1	#commas	1
1	#endwpunct	1
1	#textlines	3
1	#endwnumeral	1
2	j	1
2	arabic2digit	1
2	#lines	3
2	#quotations	1
2	#periods	3
2	#stdev	250
2	#commas	1
2	#textlines	2
2	#endwnumeral	1
2	wordNotInVocab	2
3	#lines	1
3	#endwpunct	1
3	#textlines	0
4	j	1
4	the	3
4	but	1
4	brave	1
4	a	1
4	our	3
4	g	1
4	man	1
4	these	1
4	are	1
4	hour	1
4	at	1
4	gone	1
4	shall	1
4	all	1
4	their	1
4	new	2
4	comes	1
4	not	1
4	with	1
4	for	1
4	personalname	4
4	news	1
4	like	1
4	children	1
4	great	1
4	behold	1
4	of	1
4	birth	1
4	first	1
4	an	2
4	praise	1
4	american	1
4	last	1
4	and	2
4	arabic4digit	1
4	fame	1
4	judgement	1
4	#allcapswords	17
4	on	1
4	his	1
4	placename	1
4	#sequentialcaps	2
4	#lines	17
4	#maxinitial	3
4	#caplines	16
4	#startwname	3
4	#periods	2
4	#stdev	1684
4	#maxpair	5
4	#commas	16
4	#endwpunct	9
4	#textlines	16
4	#endwnumeral	1
4	wordNotInVocab	22
5	personalname	1
5	by	1
5	#allcapswords	1
5	arabic3digit	1
5	g	1
5	propernoun	1
5	#lines	2
5	#maxinitial	1
5	#caplines	1
5	#startwname	1
5	#periods	2
5	#maxpair	1
5	#commas	1
5	#textlines	1
5	wordNotInVocab	1
6	may	1
6	breath	1
6	us	3
6	example	1
6	there	1
6	any	1
6	was	1
6	other	1
6	upon	1
6	first	1
6	grief	1
6	while	1
6	some	2
6	let	3
6	very	1
6	best	2
6	arabic5+digit	1
6	with	2
6	earth	1
6	more	1
6	their	1
6	such	1
6	and	10
6	nation	1
6	living	1
6	president	1
6	one	2
6	great	2
6	flowers	2
6	worship	1
6	as	2
6	kind	1
6	souls	1
6	it	4
6	mr	1
6	a	7
6	way	1
6	god	1
6	her	1
6	to	6
6	day	2
6	his	2
6	the	19
6	our	6
6	set	1
6	him	1
6	be	1
6	private	1
6	or	2
6	by	3
6	new	1
6	men	1
6	in	1
6	who	2
6	aside	1
6	propernoun	1
6	love	1
6	themselves	1
6	four	1
6	is	7
6	over	1
6	for	3
6	personalname	2
6	cause	1
6	thus	1
6	#allcapswords	2
6	gentlemen	1
6	are	1
6	children	1
6	sun	1
6	fame	1
6	most	1
6	arms	1
6	of	13
6	can	1
6	were	1
6	american	1
6	defence	1
6	that	3
6	hearts	1
6	play	1
6	days	1
6	which	2
6	nature	1
6	though	1
6	noble	1
6	sky	2
6	lay	1
6	when	1
6	#sequentialcaps	2
6	#lines	32
6	#maxinitial	7
6	#caplines	8
6	#startwname	2
6	#periods	16
6	#stdev	1572
6	#maxpair	10
6	#startwrubric	1
6	#commas	12
6	#endwpunct	10
6	#textlines	32
6	#endwnumeral	1
6	wordNotInVocab	80
7	what	1
7	would	1
7	propernoun	1
7	does	1
7	become	1
7	never	1
7	life	1
7	all	1
7	service	1
7	has	2
7	hath	1
7	more	1
7	nation	1
7	great	3
7	first	2
7	every	1
7	as	1
7	an	1
7	cannot	1
7	who	1
7	#allcapswords	4
7	god	1
7	left	1
7	use	1
7	perhaps	1
7	his	3
7	placename	4
7	it	4
7	those	1
7	am	1
7	present	1
7	each	1
7	a	11
7	was	1
7	standard	1
7	because	1
7	year	1
7	men	2
7	whom	1
7	in	2
7	thank	1
7	thus	2
7	judge	1
7	chief	1
7	worthy	1
7	father	1
7	its	1
7	public	2
7	century	1
7	most	1
7	them	1
7	leave	1
7	people	2
7	praise	3
7	important	1
7	that	5
7	come	1
7	which	3
7	name	1
7	noble	2
7	therefore	2
7	do	1
7	say	2
7	crown	1
7	us	3
7	but	3
7	or	2
7	our	6
7	too	2
7	have	1
7	there	1
7	make	2
7	best	1
7	with	1
7	so	2
7	may	2
7	one	1
7	occasion	1
7	kind	1
7	many	1
7	and	6
7	i	2
7	to	10
7	day	2
7	ancient	1
7	the	10
7	set	2
7	this	3
7	even	1
7	be	1
7	shall	1
7	second	1
7	subject	1
7	by	2
7	your	1
7	man	1
7	done	1
7	description	1
7	they	3
7	we	8
7	such	1
7	u	1
7	is	8
7	private	1
7	than	1
7	not	2
7	were	1
7	for	3
7	personalname	3
7	like	2
7	are	3
7	he	2
7	thoughts	1
7	sure	1
7	of	9
7	can	1
7	me	1
7	happy	1
7	from	1
7	ask	1
7	country	3
7	if	1
7	#sequentialcaps	1
7	#lines	34
7	#maxinitial	6
7	#quotations	8
7	#caplines	7
7	#startwname	1
7	#periods	14
7	#stdev	1162
7	#maxpair	7
7	#commas	22
7	#endwpunct	9
7	#questionmarks	2
7	#textlines	34
7	wordNotInVocab	57
8	least	2
8	what	2
8	would	1
8	time	1
8	world	1
8	any	1
8	since	2
8	life	1
8	has	3
8	list	1
8	without	2
8	ask	1
8	had	2
8	more	2
8	their	1
8	such	1
8	stood	2
8	nation	1
8	said	1
8	great	1
8	first	1
8	turn	1
8	every	2
8	as	5
8	still	2
8	who	1
8	#allcapswords	2
8	perhaps	1
8	his	3
8	placename	7
8	it	3
8	our	1
8	day	1
8	could	2
8	you	1
8	was	1
8	new	2
8	men	3
8	in	4
8	german	1
8	these	1
8	british	1
8	hundred	1
8	gentlemen	1
8	important	1
8	moon	4
8	then	1
8	seemed	1
8	show	1
8	sun	4
8	that	4
8	history	1
8	which	1
8	how	1
8	say	1
8	race	1
8	man	1
8	two	1
8	upon	1
8	have	1
8	there	1
8	often	1
8	some	3
8	with	1
8	so	1
8	united	1
8	among	1
8	hard	1
8	will	3
8	give	1
8	at	4
8	one	2
8	stand	1
8	much	1
8	and	7
8	character	1
8	i	2
8	a	6
8	to	13
8	name	2
8	able	1
8	the	30
8	this	2
8	up	1
8	be	4
8	or	3
8	by	1
8	look	1
8	are	2
8	years	1
8	found	1
8	they	1
8	names	1
8	we	2
8	four	1
8	believe	1
8	is	1
8	than	1
8	not	2
8	for	1
8	personalname	8
8	land	1
8	he	1
8	star	1
8	did	1
8	of	16
8	can	1
8	american	1
8	been	2
8	from	1
8	country	2
8	being	1
8	if	2
8	whose	1
8	#sequentialcaps	2
8	#lines	34
8	#maxinitial	5
8	#quotations	6
8	#caplines	8
8	#periods	13
8	#stdev	832
8	#maxpair	9
8	#commas	11
8	#endwpunct	6
8	#questionmarks	2
8	#exclamationpoints	1
8	#textlines	34
8	wordNotInVocab	63
9	our	9
9	what	1
9	other	1
9	the	28
9	us	1
9	natural	1
9	also	1
9	whole	1
9	world	4
9	mark	1
9	upon	2
9	progress	1
9	deep	1
9	where	1
9	have	4
9	there	1
9	them	1
9	all	4
9	into	1
9	make	1
9	without	2
9	with	5
9	city	1
9	near	1
9	among	1
9	may	1
9	up	1
9	music	1
9	sea	1
9	once	1
9	will	13
9	own	1
9	stand	2
9	who	1
9	an	1
9	when	1
9	much	1
9	and	18
9	it	2
9	far	1
9	her	1
9	send	1
9	his	4
9	placename	10
9	through	2
9	those	1
9	visit	3
9	find	1
9	itself	1
9	so	1
9	be	3
9	thought	1
9	office	1
9	a	6
9	was	1
9	by	2
9	attention	1
9	look	1
9	are	1
9	years	1
9	in	4
9	earth	1
9	person	1
9	shall	1
9	we	4
9	these	1
9	they	4
9	four	1
9	hundred	1
9	liberty	1
9	not	2
9	personalname	1
9	german	1
9	its	2
9	is	1
9	he	2
9	out	3
9	free	1
9	see	1
9	then	1
9	of	9
9	race	1
9	show	1
9	to	9
9	come	8
9	been	1
9	from	1
9	which	4
9	queen	1
9	like	2
9	do	2
9	#sequentialcaps	2
9	#lines	34
9	#maxinitial	6
9	#caplines	8
9	#periods	17
9	#stdev	721
9	#maxpair	8
9	#commas	20
9	#endwpunct	6
9	#textlines	34
9	wordNotInVocab	77
10	further	1
10	what	2
10	brought	1
10	would	1
10	feel	1
10	world	1
10	does	2
10	that	4
10	bear	1
10	all	2
10	while	1
10	has	2
10	city	1
10	near	1
10	more	1
10	their	2
10	sea	1
10	prove	1
10	great	1
10	every	1
10	also	1
10	still	2
10	in	1
10	who	1
10	god	1
10	placename	7
10	our	6
10	you	2
10	a	2
10	was	2
10	new	2
10	made	1
10	personalname	2
10	american	3
10	greek	1
10	together	1
10	its	3
10	thus	1
10	rule	1
10	old	1
10	beneath	1
10	them	2
10	fire	1
10	people	1
10	received	1
10	it	2
10	which	5
10	like	1
10	say	1
10	when	1
10	breath	1
10	us	4
10	but	6
10	upon	2
10	hour	1
10	have	3
10	order	1
10	some	1
10	make	1
10	with	3
10	among	1
10	may	1
10	hard	1
10	will	2
10	any	1
10	one	1
10	through	1
10	stand	1
10	spirit	1
10	and	10
10	indeed	1
10	her	1
10	to	5
10	above	1
10	the	28
10	this	1
10	up	1
10	be	1
10	shall	1
10	by	4
10	heart	1
10	are	4
10	your	1
10	done	1
10	at	3
10	mother	1
10	we	6
10	than	1
10	not	2
10	were	1
10	he	1
10	sure	1
10	of	18
10	half	1
10	told	1
10	come	2
10	been	1
10	they	2
10	from	5
10	ask	1
10	if	1
10	#sequentialcaps	2
10	#lines	34
10	#maxinitial	12
10	#quotations	8
10	#caplines	9
10	#periods	13
10	#stdev	606
10	#maxpair	12
10	#startwrubric	2
10	#commas	24
10	#endwpunct	6
10	#questionmarks	3
10	#textlines	34
10	wordNotInVocab	85
11	arabic1digit	1
11	time	1
11	least	1
11	when	3
11	greater	2
11	world	1
11	those	1
11	especially	1
11	we	3
11	life	2
11	upon	1
11	spoke	2
11	call	1
11	serve	1
11	him	1
11	have	1
11	there	3
11	them	1
11	all	2
11	while	1
11	has	1
11	had	1
11	best	1
11	nation	1
11	so	5
11	man	2
11	among	1
11	such	2
11	but	1
11	one	2
11	am	1
11	great	3
11	powers	1
11	through	1
11	as	1
11	an	1
11	kind	1
11	many	1
11	is	2
11	meet	1
11	been	2
11	and	7
11	public	1
11	kinds	1
11	to	9
11	first	1
11	that	6
11	his	9
11	above	1
11	the	17
11	our	2
11	this	1
11	up	1
11	could	1
11	performed	1
11	a	8
11	hundred	1
11	was	7
11	or	1
11	by	1
11	because	1
11	political	1
11	lips	1
11	men	1
11	years	1
11	in	3
11	who	1
11	placename	3
11	far	1
11	any	1
11	may	1
11	themselves	1
11	state	1
11	than	1
11	not	1
11	for	1
11	personalname	5
11	came	2
11	old	1
11	he	6
11	god	1
11	too	1
11	most	1
11	did	1
11	seemed	1
11	of	18
11	believe	1
11	third	1
11	race	1
11	moral	2
11	own	1
11	it	5
11	history	1
11	voice	1
11	will	2
11	few	1
11	which	5
11	be	2
11	acts	1
11	say	1
11	whose	1
11	three	1
11	#sequentialcaps	1
11	#lines	34
11	#maxinitial	6
11	#quotations	4
11	#caplines	6
11	#startwname	2
11	#periods	14
11	#stdev	1249
11	#maxpair	8
11	#commas	17
11	#endwpunct	5
11	#textlines	33
11	#endwnumeral	1
11	wordNotInVocab	66
12	what	2
12	except	1
12	world	1
12	all	1
12	into	1
12	has	1
12	without	1
12	had	1
12	found	1
12	more	1
12	their	1
12	schools	2
12	ready	1
12	said	3
12	great	1
12	first	1
12	nor	1
12	as	2
12	town	1
12	god	2
12	came	1
12	government	1
12	could	1
12	were	1
12	was	1
12	new	1
12	made	1
12	placename	4
12	thus	1
12	began	1
12	british	1
12	hundred	2
12	five	1
12	american	1
12	rule	1
12	its	2
12	#allcapswords	1
12	common	1
12	she	1
12	free	3
12	seemed	1
12	her	2
12	home	1
12	third	1
12	people	1
12	out	1
12	that	2
12	history	1
12	no	1
12	arabic4digit	1
12	which	2
12	several	1
12	before	1
12	party	1
12	arabic1digit	1
12	the	21
12	but	5
12	district	1
12	should	1
12	other	1
12	too	1
12	english	1
12	have	3
12	there	1
12	am	1
12	some	1
12	make	2
12	question	2
12	may	1
12	hold	1
12	almost	1
12	must	1
12	called	1
12	it	6
12	laid	1
12	and	7
12	i	1
12	a	5
12	public	1
12	to	4
12	day	3
12	name	1
12	us	1
12	this	5
12	neither	1
12	be	3
12	shall	2
12	might	1
12	by	1
12	took	1
12	now	1
12	your	1
12	years	2
12	propernoun	1
12	fell	1
12	such	1
12	is	2
12	not	1
12	equal	1
12	for	6
12	personalname	2
12	better	1
12	he	1
12	of	10
12	last	1
12	religion	1
12	do	1
12	in	5
12	been	1
12	from	1
12	back	1
12	lines	1
12	after	1
12	lay	1
12	#sequentialcaps	2
12	#lines	33
12	#maxinitial	8
12	#quotations	13
12	#caplines	10
12	#startwname	1
12	#periods	16
12	#stdev	1225
12	#maxpair	10
12	#commas	16
12	#endwpunct	9
12	#exclamationpoints	3
12	#textlines	33
12	#endwnumeral	1
12	wordNotInVocab	73
13	written	1
13	truth	1
13	due	1
13	but	2
13	arabic2digit	2
13	would	2
13	except	1
13	never	1
13	congress	1
13	bell	1
13	to	10
13	certain	1
13	fire	1
13	have	2
13	all	2
13	into	1
13	under	1
13	arabic4digit	1
13	nearly	1
13	been	2
13	had	1
13	act	1
13	human	1
13	their	2
13	must	1
13	against	1
13	great	1
13	die	1
13	as	2
13	an	1
13	proposed	1
13	spirit	1
13	and	8
13	general	2
13	who	1
13	language	1
13	liberty	1
13	#allcapswords	2
13	perhaps	1
13	day	1
13	that	3
13	placename	4
13	having	1
13	the	31
13	our	3
13	words	1
13	country	2
13	this	2
13	itself	1
13	were	2
13	a	4
13	over	1
13	was	10
13	by	4
13	new	1
13	now	1
13	men	1
13	made	1
13	years	1
13	voice	1
13	we	2
13	social	1
13	io	1
13	they	1
13	such	1
13	state	1
13	is	1
13	revolution	1
13	not	4
13	for	3
13	personalname	2
13	system	1
13	most	1
13	romannumeral	1
13	of	14
13	night	1
13	show	1
13	before	1
13	in	7
13	out	1
13	it	5
13	history	1
13	however	2
13	which	1
13	union	2
13	be	1
13	like	2
13	until	1
13	how	1
13	when	1
13	#sequentialcaps	2
13	#lines	34
13	#maxinitial	4
13	#quotations	2
13	#caplines	9
13	#periods	10
13	#stdev	1154
13	#maxpair	6
13	#commas	17
13	#endwpunct	4
13	#textlines	34
13	wordNotInVocab	82
14	form	1
14	southern	1
14	but	3
14	example	1
14	religious	1
14	we	1
14	possible	1
14	our	1
14	since	1
14	other	1
14	great	2
14	upon	1
14	arabic2digit	2
14	there	1
14	all	5
14	history	1
14	make	1
14	nearly	1
14	had	3
14	follow	1
14	with	1
14	so	1
14	question	1
14	speech	1
14	ready	1
14	appeared	2
14	own	1
14	source	1
14	here	1
14	fact	1
14	nor	1
14	as	9
14	work	1
14	spirit	1
14	and	11
14	those	1
14	that	2
14	a	9
14	#allcapswords	1
14	less	1
14	few	1
14	his	1
14	m	1
14	the	33
14	bodies	1
14	this	4
14	was	8
14	subject	1
14	by	3
14	they	1
14	made	1
14	called	1
14	in	6
14	at	2
14	placename	3
14	any	1
14	together	1
14	state	1
14	revolution	1
14	not	1
14	were	2
14	matter	1
14	for	2
14	came	1
14	he	2
14	settled	1
14	been	1
14	romannumeral	1
14	of	16
14	could	2
14	cannot	1
14	south	4
14	to	4
14	good	1
14	it	4
14	power	1
14	which	2
14	arabic4digit	2
14	became	2
14	north	4
14	#sequentialcaps	1
14	#lines	35
14	#maxinitial	4
14	#quotations	8
14	#caplines	5
14	#periods	13
14	#stdev	1213
14	#maxpair	6
14	#commas	11
14	#endwpunct	5
14	#exclamationpoints	2
14	#textlines	35
14	#endwnumeral	2
14	wordNotInVocab	94
15	lose	1
15	party	1
15	meet	1
15	but	4
15	have	1
15	would	1
15	enough	2
15	time	2
15	held	1
15	political	2
15	never	1
15	southern	3
15	hour	1
15	arabic2digit	1
15	there	2
15	of	8
15	all	2
15	into	1
15	has	1
15	should	1
15	laws	1
15	fact	2
15	with	1
15	as	1
15	their	2
15	south	1
15	for	2
15	really	1
15	congress	1
15	doctrine	1
15	will	2
15	not	3
15	against	1
15	each	2
15	an	3
15	did	1
15	and	14
15	had	3
15	between	2
15	that	5
15	god	2
15	placename	4
15	the	25
15	no	1
15	our	1
15	this	3
15	up	1
15	moral	2
15	a	6
15	was	3
15	by	3
15	new	2
15	made	2
15	force	1
15	popular	1
15	they	5
15	we	2
15	social	1
15	sin	1
15	themselves	1
15	its	1
15	sword	1
15	takes	1
15	law	2
15	is	4
15	than	1
15	were	1
15	been	2
15	down	1
15	out	1
15	long	1
15	free	1
15	both	1
15	more	1
15	then	1
15	must	1
15	them	1
15	sense	1
15	people	3
15	to	12
15	in	4
15	either	1
15	it	4
15	at	1
15	from	1
15	back	1
15	regard	1
15	which	2
15	union	1
15	if	1
15	therefore	1
15	say	1
15	power	3
15	when	2
15	#sequentialcaps	1
15	#lines	35
15	#maxinitial	11
15	#quotations	4
15	#caplines	4
15	#periods	18
15	#stdev	1266
15	#maxpair	13
15	#commas	19
15	#endwpunct	6
15	#textlines	35
15	#endwnumeral	1
15	wordNotInVocab	83
16	brought	1
16	bring	1
16	whole	1
16	head	1
16	again	1
16	all	1
16	let	2
16	man	2
16	their	2
16	days	1
16	same	1
16	case	1
16	every	1
16	who	1
16	over	1
16	save	1
16	#allcapswords	1
16	not	1
16	that	2
16	his	3
16	placename	1
16	him	1
16	really	1
16	equal	1
16	was	2
16	new	1
16	made	1
16	men	1
16	in	6
16	kill	1
16	off	1
16	door	1
16	comes	1
16	way	1
16	ode	1
16	thousand	1
16	old	1
16	out	2
16	little	1
16	then	1
16	people	1
16	called	2
16	it	3
16	no	3
16	arabic4digit	4
16	which	3
16	put	1
16	before	1
16	party	1
16	quite	1
16	fire	1
16	back	1
16	upon	2
16	break	1
16	call	1
16	there	1
16	make	1
16	very	2
16	with	1
16	question	2
16	could	1
16	dead	1
16	be	1
16	ever	1
16	through	1
16	poor	1
16	and	9
16	pity	1
16	a	12
16	within	1
16	to	14
16	us	1
16	this	2
16	take	1
16	up	2
16	give	1
16	shall	1
16	or	1
16	by	2
16	point	2
16	now	2
16	more	1
16	are	2
16	death	1
16	they	4
16	right	1
16	any	1
16	law	2
16	is	3
16	the	24
16	were	1
16	for	2
16	southern	1
16	star	1
16	of	5
16	come	1
16	union	1
16	after	1
16	both	1
16	north	1
16	#sequentialcaps	5
16	#lines	38
16	#maxinitial	10
16	#quotations	12
16	#caplines	22
16	#startwname	1
16	#periods	16
16	#stdev	1268
16	#maxpair	11
16	#startwrubric	1
16	#commas	22
16	#endwpunct	21
16	#exclamationpoints	1
16	#textlines	38
16	wordNotInVocab	82
17	who	3
17	met	1
17	would	1
17	propernoun	1
17	hill	1
17	interest	1
17	majesty	1
17	into	1
17	has	1
17	without	1
17	city	1
17	man	6
17	against	1
17	nor	1
17	as	1
17	an	2
17	law	2
17	fame	1
17	save	1
17	#allcapswords	1
17	his	3
17	placename	2
17	strength	1
17	our	1
17	rose	1
17	a	10
17	was	5
17	new	3
17	men	1
17	in	8
17	situation	1
17	began	1
17	its	2
17	never	1
17	yet	1
17	god	1
17	free	2
17	see	1
17	little	1
17	seemed	1
17	he	2
17	south	2
17	out	1
17	it	3
17	can	2
17	almost	1
17	part	1
17	be	2
17	before	1
17	party	2
17	arabic1digit	1
17	property	1
17	carried	1
17	us	1
17	but	1
17	upon	1
17	call	1
17	congress	1
17	address	1
17	with	2
17	court	1
17	people	1
17	herself	1
17	could	1
17	beyond	1
17	will	1
17	appeared	1
17	went	1
17	one	1
17	and	11
17	that	5
17	public	1
17	to	9
17	day	1
17	died	1
17	through	1
17	songs	1
17	this	2
17	up	2
17	even	1
17	give	1
17	moral	1
17	might	1
17	set	1
17	popular	1
17	at	1
17	historical	1
17	any	1
17	such	1
17	state	1
17	west	1
17	the	34
17	not	2
17	were	2
17	for	2
17	personalname	3
17	on	1
17	place	1
17	argument	1
17	of	12
17	from	5
17	foot	2
17	country	2
17	union	1
17	north	1
17	power	1
17	own	1
17	#sequentialcaps	2
17	#lines	35
17	#maxinitial	8
17	#quotations	8
17	#caplines	10
17	#startwname	1
17	#periods	13
17	#stdev	1017
17	#maxpair	11
17	#startwrubric	1
17	#commas	18
17	#endwpunct	6
17	#textlines	35
17	#endwnumeral	1
17	wordNotInVocab	79
18	due	1
18	met	1
18	what	2
18	seen	1
18	end	1
18	wrong	3
18	ground	1
18	any	1
18	next	1
18	should	1
18	into	1
18	while	1
18	let	7
18	had	1
18	their	1
18	my	3
18	nation	1
18	said	1
18	living	1
18	president	1
18	think	1
18	great	2
18	nor	1
18	as	9
18	who	2
18	answered	1
18	not	3
18	his	2
18	placename	3
18	those	1
18	could	1
18	there	2
18	you	6
18	a	12
18	was	4
18	because	1
18	don't	1
18	proper	1
18	men	4
18	me	1
18	in	9
18	kill	1
18	aside	1
18	situation	1
18	nothing	1
18	its	2
18	ear	1
18	duty	4
18	care	2
18	principles	1
18	thus	1
18	yet	1
18	neither	1
18	part	1
18	though	1
18	faith	2
18	stand	2
18	that	6
18	about	1
18	which	4
18	view	1
18	free	1
18	money	1
18	say	2
18	do	5
18	property	1
18	through	2
18	but	3
18	makes	1
18	ill	1
18	then	3
18	our	5
18	rule	1
18	all	1
18	upon	1
18	dare	1
18	where	1
18	have	2
18	action	1
18	them	3
18	vain	1
18	some	1
18	true	2
18	with	1
18	question	1
18	course	1
18	so	1
18	dead	1
18	will	6
18	here	1
18	it	7
18	alone	1
18	spirit	1
18	much	2
18	and	17
18	i	1
18	far	1
18	might	1
18	to	21
18	having	1
18	us	8
18	#allcapswords	2
18	this	1
18	understand	1
18	even	1
18	be	5
18	or	2
18	by	2
18	man	4
18	are	2
18	death	1
18	they	2
18	right	5
18	we	9
18	such	4
18	union	6
18	is	5
18	the	25
18	were	1
18	for	3
18	he	2
18	did	1
18	full	1
18	of	12
18	can	5
18	popular	1
18	sense	1
18	divine	1
18	none	1
18	from	1
18	being	1
18	if	2
18	destroyed	1
18	on	1
18	#sequentialcaps	1
18	#lines	40
18	#maxinitial	8
18	#quotations	5
18	#caplines	6
18	#periods	14
18	#stdev	1951
18	#maxpair	11
18	#commas	36
18	#endwpunct	10
18	#questionmarks	2
18	#textlines	40
18	wordNotInVocab	103
19	bosom	1
19	met	1
19	what	3
19	same	1
19	that	6
19	high	1
19	boy	1
19	has	1
19	without	1
19	story	1
19	city	1
19	man	3
19	as	3
19	their	1
19	speech	1
19	child	1
19	my	1
19	nation	2
19	race	1
19	president	1
19	great	2
19	case	1
19	an	2
19	exemplified	1
19	cannot	1
19	who	1
19	fame	1
19	#allcapswords	1
19	few	1
19	his	3
19	placename	3
19	strength	1
19	our	2
19	college	1
19	him	2
19	under	2
19	government	1
19	could	1
19	you	1
19	a	8
19	was	3
19	new	1
19	proper	1
19	many	1
19	men	1
19	whom	1
19	in	5
19	social	1
19	thus	2
19	came	1
19	its	1
19	common	1
19	gave	1
19	seemed	1
19	cast	1
19	people	1
19	it	3
19	friends	1
19	about	1
19	stars	1
19	before	1
19	arabic1digit	1
19	became	1
19	there	1
19	those	1
19	upon	1
19	given	1
19	english	1
19	where	1
19	order	1
19	them	1
19	been	1
19	united	1
19	among	1
19	may	1
19	well	1
19	will	1
19	preparation	1
19	kind	1
19	much	1
19	and	10
19	always	1
19	way	1
19	to	8
19	christian	1
19	the	27
19	up	1
19	office	1
19	by	6
19	look	1
19	now	1
19	more	1
19	me	1
19	did	1
19	at	1
19	we	1
19	pride	1
19	is	5
19	not	1
19	were	1
19	for	2
19	personalname	4
19	he	3
19	of	13
19	birth	1
19	half	1
19	how	1
19	come	2
19	divine	1
19	from	2
19	ask	1
19	takes	1
19	after	1
19	on	1
19	whose	1
19	north	1
19	#sequentialcaps	1
19	#lines	35
19	#maxinitial	5
19	#caplines	9
19	#startwname	1
19	#periods	9
19	#stdev	1152
19	#maxpair	8
19	#startwrubric	1
19	#commas	16
19	#endwpunct	9
19	#questionmarks	4
19	#textlines	35
19	#endwnumeral	1
19	wordNotInVocab	79
20	low	1
20	ever	1
20	but	1
20	time	1
20	makes	2
20	much	1
20	those	1
20	possible	1
20	shalt	1
20	into	1
20	life	2
20	desire	1
20	all	1
20	began	1
20	there	1
20	some	1
20	has	1
20	green	1
20	american	1
20	with	3
20	great	1
20	word	1
20	man	1
20	hope	1
20	as	1
20	their	2
20	up	1
20	passed	1
20	fortune	1
20	born	1
20	knew	1
20	turn	2
20	away	1
20	spirit	1
20	and	12
20	things	1
20	known	1
20	more	1
20	who	2
20	to	4
20	that	5
20	his	3
20	placename	5
20	the	20
20	our	1
20	words	2
20	lord	1
20	even	1
20	be	1
20	strength	1
20	a	8
20	was	4
20	by	7
20	force	1
20	many	1
20	men	1
20	description	1
20	almost	1
20	like	1
20	cut	1
20	world	1
20	society	1
20	we	1
20	hear	1
20	off	1
20	such	2
20	state	2
20	is	2
20	again	2
20	than	1
20	mighty	1
20	were	3
20	golden	1
20	personalname	4
20	noble	1
20	throne	1
20	thou	1
20	he	1
20	settled	1
20	high	1
20	star	1
20	nature	1
20	seemed	1
20	of	16
20	birth	1
20	people	2
20	in	6
20	it	2
20	happy	1
20	no	1
20	from	2
20	glory	1
20	which	1
20	already	1
20	lives	2
20	whose	2
20	on	2
20	#sequentialcaps	4
20	#lines	35
20	#maxinitial	11
20	#quotations	6
20	#caplines	19
20	#startwname	2
20	#periods	10
20	#stdev	1112
20	#maxpair	14
20	#commas	20
20	#endwpunct	16
20	#textlines	35
20	wordNotInVocab	71
21	written	1
21	brought	1
21	open	1
21	time	1
21	does	1
21	we	3
21	never	1
21	grave	1
21	sight	1
21	all	1
21	while	1
21	man	3
21	their	1
21	body	1
21	born	1
21	great	1
21	an	1
21	fame	1
21	and	9
21	letters	1
21	his	7
21	placename	5
21	could	1
21	a	11
21	was	9
21	new	1
21	made	1
21	in	5
21	boy	2
21	door	1
21	sermon	1
21	father	2
21	mighty	1
21	#allcapswords	1
21	gentleman	1
21	family	1
21	course	1
21	that	3
21	no	1
21	arabic4digit	1
21	indians	1
21	most	1
21	before	1
21	became	1
21	when	1
21	arabic1digit	1
21	form	1
21	next	1
21	but	4
21	little	4
21	upon	1
21	into	1
21	where	1
21	have	2
21	some	2
21	read	1
21	among	1
21	may	1
21	winter	1
21	dead	1
21	respect	1
21	own	2
21	one	2
21	here	2
21	women	1
21	lived	1
21	much	1
21	i	1
21	small	1
21	she	3
21	her	6
21	to	6
21	name	2
21	died	2
21	the	15
21	this	2
21	blessed	1
21	up	1
21	wife	1
21	second	1
21	or	1
21	by	1
21	took	1
21	years	3
21	mother	1
21	propernoun	2
21	any	1
21	such	1
21	face	1
21	is	1
21	over	1
21	not	1
21	personalname	12
21	children	1
21	he	2
21	after	1
21	duties	1
21	another	1
21	house	1
21	of	14
21	can	1
21	how	2
21	good	1
21	found	1
21	from	3
21	back	1
21	husband	2
21	whose	1
21	age	2
21	three	1
21	#sequentialcaps	2
21	#lines	35
21	#maxinitial	5
21	#quotations	2
21	#caplines	8
21	#startwname	2
21	#periods	15
21	#stdev	1102
21	#maxpair	6
21	#commas	18
21	#endwpunct	8
21	#exclamationpoints	1
21	#textlines	35
21	#endwnumeral	1
21	wordNotInVocab	70
22	brought	1
22	mine	1
22	all	1
22	what	1
22	same	1
22	time	2
22	soon	1
22	never	2
22	life	3
22	river	1
22	into	1
22	while	1
22	state	1
22	fact	1
22	had	1
22	end	1
22	but	1
22	president	1
22	first	1
22	as	1
22	young	1
22	town	1
22	who	1
22	copies	1
22	library	1
22	his	6
22	placename	5
22	him	2
22	mrs	1
22	a	6
22	was	5
22	art	1
22	new	1
22	me	1
22	in	5
22	secret	1
22	asked	1
22	these	1
22	boy	2
22	old	1
22	now	1
22	run	1
22	father	1
22	together	1
22	its	1
22	why	1
22	making	1
22	mind	1
22	gave	2
22	most	1
22	see	1
22	little	1
22	then	1
22	seemed	1
22	spent	1
22	home	1
22	that	2
22	history	1
22	take	1
22	on	1
22	though	1
22	do	1
22	say	2
22	became	1
22	letter	1
22	word	1
22	reading	1
22	upon	1
22	progress	1
22	board	1
22	anything	1
22	books	1
22	family	1
22	son	1
22	best	1
22	with	2
22	united	1
22	may	1
22	hard	1
22	must	1
22	dead	1
22	own	1
22	ever	1
22	it	1
22	work	1
22	last	1
22	and	11
22	i	5
22	she	1
22	her	2
22	to	15
22	able	1
22	the	19
22	this	2
22	from	2
22	find	1
22	or	4
22	by	2
22	look	1
22	heart	1
22	others	1
22	done	1
22	at	4
22	mother	1
22	we	2
22	robinson	1
22	study	1
22	saw	1
22	is	2
22	not	1
22	were	3
22	for	2
22	personalname	3
22	land	1
22	he	3
22	did	1
22	of	11
22	appearance	1
22	good	1
22	once	1
22	#allcapswords	5
22	being	1
22	dictionary	1
22	both	3
22	however	1
22	age	2
22	#sequentialcaps	3
22	#lines	34
22	#maxinitial	6
22	#quotations	2
22	#caplines	8
22	#periods	15
22	#stdev	1343
22	#maxpair	10
22	#commas	23
22	#endwpunct	8
22	#questionmarks	1
22	#textlines	34
22	wordNotInVocab	71
23	time	1
23	long	1
23	honest	1
23	these	2
23	life	1
23	himself	2
23	political	1
23	all	1
23	began	1
23	without	1
23	had	3
23	more	1
23	schools	1
23	great	1
23	case	1
23	every	1
23	as	1
23	thing	1
23	can	1
23	continued	1
23	#allcapswords	1
23	late	1
23	his	11
23	placename	3
23	him	1
23	thought	1
23	a	7
23	was	7
23	men	1
23	in	8
23	already	1
23	social	1
23	royal	1
23	its	1
23	making	1
23	important	1
23	gave	1
23	most	1
23	been	1
23	little	2
23	seemed	1
23	cannot	1
23	that	6
23	friends	1
23	fellow	1
23	which	2
23	several	1
23	arabic1digit	1
23	but	2
23	order	1
23	other	1
23	upon	1
23	call	1
23	congress	3
23	very	1
23	with	3
23	leave	1
23	among	1
23	study	1
23	be	1
23	one	1
23	it	4
23	and	12
23	always	2
23	science	1
23	between	1
23	hi	1
23	bright	1
23	spent	1
23	to	7
23	the	19
23	years	1
23	give	1
23	office	2
23	complete	1
23	or	3
23	by	3
23	death	1
23	at	2
23	wine	1
23	we	1
23	knowledge	1
23	applied	1
23	is	3
23	were	1
23	for	2
23	personalname	3
23	land	1
23	he	8
23	practice	1
23	of	15
23	term	1
23	during	1
23	good	2
23	circle	1
23	from	1
23	principal	1
23	after	2
23	power	1
23	#sequentialcaps	1
23	#lines	35
23	#maxinitial	4
23	#quotations	10
23	#caplines	4
23	#periods	15
23	#stdev	1180
23	#maxpair	7
23	#startwrubric	1
23	#commas	11
23	#endwpunct	5
23	#exclamationpoints	1
23	#textlines	35
23	#endwnumeral	1
23	wordNotInVocab	81
24	but	1
24	one	1
24	whole	1
24	time	1
24	honest	1
24	two	2
24	all	1
24	high	1
24	arabic2digit	1
24	order	1
24	congress	1
24	into	1
24	while	2
24	question	1
24	had	9
24	with	2
24	under	1
24	political	1
24	very	1
24	their	1
24	hold	1
24	ready	1
24	great	1
24	united	2
24	upon	4
24	much	1
24	things	1
24	greater	1
24	north	1
24	far	2
24	than	1
24	and	10
24	forces	1
24	same	1
24	to	16
24	day	1
24	his	10
24	placename	3
24	the	30
24	less	1
24	our	1
24	him	1
24	this	1
24	from	1
24	government	2
24	be	2
24	office	1
24	a	5
24	was	5
24	or	1
24	by	3
24	out	1
24	new	1
24	taken	2
24	done	1
24	in	10
24	they	2
24	head	1
24	already	1
24	state	4
24	used	1
24	liberty	1
24	cut	1
24	were	5
24	personalname	4
24	cause	1
24	thus	1
24	its	2
24	practical	1
24	he	8
24	lost	1
24	years	1
24	been	2
24	people	1
24	of	13
24	home	1
24	south	3
24	entered	1
24	side	1
24	own	3
24	come	1
24	that	1
24	at	4
24	friends	2
24	party	2
24	which	1
24	looked	1
24	senate	2
24	war	1
24	both	1
24	history	1
24	power	2
24	when	1
24	#sequentialcaps	3
24	#lines	35
24	#maxinitial	6
24	#quotations	2
24	#caplines	7
24	#startwname	1
24	#periods	15
24	#stdev	1128
24	#maxpair	9
24	#startwrubric	1
24	#commas	12
24	#endwpunct	8
24	#exclamationpoints	1
24	#textlines	35
24	#endwnumeral	1
24	wordNotInVocab	79
25	greater	2
25	time	1
25	attention	1
25	century	1
25	arabic2digit	1
25	all	1
25	let	1
25	had	1
25	american	1
25	man	1
25	their	2
25	passed	1
25	speech	2
25	stood	1
25	my	3
25	president	1
25	born	1
25	as	4
25	an	2
25	cannot	2
25	young	1
25	who	3
25	#allcapswords	9
25	his	8
25	placename	4
25	him	4
25	government	1
25	could	2
25	thought	1
25	a	10
25	was	7
25	new	1
25	whom	1
25	in	7
25	secret	1
25	situation	1
25	already	2
25	these	1
25	everything	1
25	old	1
25	you	4
25	peace	1
25	remarks	1
25	together	1
25	yet	1
25	mark	1
25	long	1
25	been	1
25	seemed	1
25	night	1
25	leave	1
25	place	1
25	people	3
25	that	9
25	no	2
25	friends	1
25	which	1
25	care	1
25	like	1
25	history	2
25	when	1
25	the	15
25	but	2
25	farewell	1
25	none	1
25	should	1
25	if	1
25	have	3
25	journey	1
25	address	1
25	before	2
25	make	1
25	with	8
25	so	2
25	may	1
25	places	1
25	well	1
25	will	2
25	own	1
25	ever	2
25	here	2
25	knew	1
25	it	2
25	lived	1
25	and	9
25	i	9
25	without	1
25	judgement	1
25	way	1
25	to	15
25	us	1
25	bid	1
25	north	1
25	this	5
25	from	2
25	whether	1
25	even	1
25	be	2
25	office	1
25	shall	1
25	or	1
25	by	1
25	your	1
25	now	2
25	various	1
25	are	1
25	at	3
25	we	1
25	though	1
25	is	3
25	than	2
25	not	2
25	one	3
25	were	3
25	for	1
25	children	1
25	he	3
25	of	9
25	can	2
25	me	3
25	return	1
25	good	1
25	divine	1
25	say	2
25	they	2
25	being	1
25	go	1
25	on	3
25	hope	2
25	#sequentialcaps	3
25	#lines	37
25	#maxinitial	7
25	#quotations	4
25	#caplines	9
25	#periods	21
25	#stdev	1324
25	#maxpair	9
25	#commas	25
25	#endwpunct	8
25	#textlines	37
25	#endwnumeral	1
25	wordNotInVocab	87
26	invasion	1
26	due	1
26	what	2
26	would	3
26	time	2
26	world	2
26	that	12
26	arabic2digit	1
26	all	5
26	should	1
26	without	1
26	had	2
26	political	1
26	end	1
26	their	1
26	four	1
26	speech	1
26	my	1
26	president	1
26	against	2
26	great	1
26	as	1
26	an	1
26	proposed	1
26	cannot	1
26	equal	1
26	in	7
26	who	1
26	and	9
26	hall	2
26	his	1
26	placename	3
26	him	2
26	rose	1
26	up	1
26	government	1
26	a	4
26	able	1
26	only	1
26	men	3
26	fear	1
26	these	2
26	rather	1
26	revolution	1
26	than	1
26	matter	2
26	came	2
26	old	2
26	#allcapswords	5
26	often	1
26	see	1
26	them	1
26	he	3
26	people	2
26	led	1
26	it	5
26	no	1
26	gave	2
26	which	3
26	say	1
26	property	1
26	the	29
26	but	4
26	another	1
26	southern	1
26	other	1
26	upon	1
26	hour	1
26	have	4
26	of	13
26	given	1
26	very	1
26	so	1
26	hope	1
26	open	1
26	side	1
26	knew	1
26	spirit	1
26	many	1
26	i	5
26	far	1
26	within	1
26	hearts	1
26	to	8
26	was	7
26	through	1
26	words	1
26	this	6
26	lord	1
26	be	5
26	friends	1
26	might	1
26	or	2
26	by	3
26	about	1
26	now	2
26	years	2
26	at	3
26	mother	1
26	such	1
26	is	1
26	liberty	1
26	not	6
26	were	7
26	for	3
26	personalname	3
26	land	1
26	myself	1
26	place	1
26	can	1
26	come	1
26	been	2
26	they	3
26	from	5
26	whose	2
26	country	3
26	union	1
26	if	1
26	on	3
26	#sequentialcaps	1
26	#lines	37
26	#maxinitial	9
26	#quotations	2
26	#caplines	4
26	#startwname	1
26	#periods	14
26	#stdev	1513
26	#maxpair	12
26	#commas	23
26	#endwpunct	7
26	#questionmarks	1
26	#textlines	37
26	#endwnumeral	1
26	wordNotInVocab	86
27	mine	1
27	met	1
27	president	1
27	same	2
27	would	1
27	time	2
27	war	2
27	we	2
27	grave	1
27	arabic2digit	1
27	into	1
27	while	1
27	state	1
27	without	1
27	had	2
27	more	2
27	memory	1
27	close	1
27	my	1
27	at	1
27	living	1
27	over	1
27	fortune	1
27	every	2
27	as	1
27	who	3
27	again	1
27	#allcapswords	2
27	his	7
27	public	1
27	our	2
27	am	1
27	government	3
27	could	1
27	really	1
27	you	3
27	a	7
27	able	1
27	saying	1
27	year	1
27	men	1
27	in	10
27	greatest	1
27	administration	2
27	these	2
27	felt	1
27	principles	1
27	yet	1
27	out	1
27	most	1
27	them	3
27	called	1
27	that	1
27	no	2
27	friends	1
27	fellow	1
27	which	2
27	though	1
27	opinion	1
27	party	1
27	when	2
27	arabicprice	1
27	question	1
27	word	1
27	but	3
27	hand	1
27	i	2
27	all	5
27	both	1
27	break	1
27	him	1
27	have	5
27	given	1
27	read	1
27	civil	1
27	has	1
27	may	1
27	heaven	1
27	must	2
27	will	3
27	be	3
27	one	3
27	it	3
27	alone	1
27	hands	1
27	and	11
27	conduct	1
27	mr	1
27	to	10
27	was	3
27	the	25
27	or	1
27	words	1
27	this	2
27	so	1
27	office	1
27	by	5
27	your	1
27	man	1
27	are	1
27	feel	1
27	they	1
27	dignity	1
27	any	1
27	heart	1
27	union	1
27	is	1
27	than	2
27	not	7
27	field	1
27	were	2
27	for	2
27	personalname	5
27	land	1
27	better	1
27	he	4
27	resolved	1
27	of	14
27	can	1
27	half	1
27	good	1
27	none	1
27	from	1
27	back	1
27	country	1
27	nature	1
27	being	1
27	own	1
27	#sequentialcaps	2
27	#lines	37
27	#maxinitial	8
27	#quotations	3
27	#caplines	6
27	#periods	19
27	#stdev	1332
27	#maxpair	10
27	#commas	25
27	#endwpunct	7
27	#textlines	37
27	wordNotInVocab	91
28	bring	1
28	what	1
28	prove	1
28	one	2
28	wrote	1
28	war	3
28	all	1
28	into	2
28	has	1
28	act	1
28	man	1
28	their	1
28	president	2
28	against	1
28	great	2
28	as	2
28	whole	1
28	than	1
28	save	1
28	#allcapswords	1
28	placename	12
28	our	4
28	on	2
28	a	8
28	was	3
28	for	3
28	would	1
28	in	3
28	administration	1
28	fear	1
28	british	1
28	thus	1
28	see	1
28	them	1
28	south	1
28	that	2
28	no	1
28	captain	2
28	arabic4digit	1
28	which	1
28	view	1
28	though	1
28	his	1
28	french	1
28	when	1
28	white	1
28	next	1
28	but	2
28	have	1
28	too	2
28	the	24
28	action	2
28	with	2
28	civil	2
28	court	1
28	herself	1
28	must	1
28	will	1
28	give	1
28	it	2
28	and	12
28	i	1
28	mr	1
28	her	1
28	to	7
28	battle	1
28	through	1
28	fell	1
28	up	1
28	so	2
28	be	2
28	shall	1
28	st	1
28	by	1
28	took	1
28	now	2
28	more	1
28	done	1
28	at	1
28	we	3
28	union	1
28	west	1
28	is	1
28	not	1
28	were	3
28	if	1
28	personalname	3
28	cause	1
28	of	10
28	from	4
28	power	1
28	line	3
28	country	1
28	lines	1
28	doubt	1
28	north	1
28	#sequentialcaps	2
28	#lines	34
28	#maxinitial	7
28	#quotations	1
28	#caplines	7
28	#periods	13
28	#stdev	928
28	#maxpair	11
28	#startwrubric	1
28	#commas	27
28	#endwpunct	9
28	#textlines	34
28	wordNotInVocab	92
29	but	4
29	time	1
29	war	2
29	against	2
29	him	1
29	all	2
29	service	1
29	any	1
29	had	3
29	find	1
29	act	2
29	which	4
29	with	2
29	lost	1
29	man	3
29	among	1
29	well	1
29	must	1
29	manner	1
29	close	1
29	president	1
29	campaign	1
29	great	2
29	first	1
29	through	1
29	nor	1
29	as	5
29	an	2
29	always	1
29	way	1
29	best	1
29	who	3
29	mr	1
29	over	1
29	and	12
29	not	2
29	came	1
29	that	2
29	able	1
29	the	28
29	our	1
29	this	2
29	army	1
29	government	1
29	could	1
29	a	8
29	was	9
29	set	1
29	by	1
29	in	5
29	at	3
29	placename	1
29	we	1
29	their	1
29	something	2
29	law	1
29	rest	1
29	peace	1
29	often	2
29	opinion	1
29	were	1
29	for	2
29	personalname	3
29	thus	2
29	is	1
29	keep	1
29	he	8
29	important	1
29	most	1
29	cause	1
29	of	15
29	to	7
29	good	1
29	it	3
29	happy	1
29	from	1
29	gave	1
29	country	2
29	union	1
29	his	4
29	capture	1
29	her	1
29	#sequentialcaps	1
29	#lines	34
29	#maxinitial	4
29	#quotations	3
29	#caplines	6
29	#startwname	1
29	#periods	12
29	#stdev	1033
29	#maxpair	6
29	#startwrubric	2
29	#commas	18
29	#endwpunct	7
29	#textlines	34
29	wordNotInVocab	85
30	party	1
30	property	1
30	call	1
30	but	2
30	enough	1
30	we	1
30	war	3
30	soon	1
30	too	1
30	upon	1
30	good	2
30	himself	3
30	very	1
30	arabic2digit	1
30	them	1
30	all	3
30	army	1
30	had	2
30	american	3
30	with	3
30	hearts	1
30	more	1
30	lived	1
30	well	1
30	people	2
30	stood	1
30	measure	1
30	said	1
30	just	1
30	first	1
30	wise	1
30	through	1
30	reduced	1
30	as	4
30	an	1
30	placename	1
30	last	1
30	and	12
30	help	1
30	it	1
30	great	1
30	save	1
30	way	2
30	to	11
30	his	2
30	the	34
30	no	1
30	our	1
30	words	1
30	him	2
30	this	3
30	be	2
30	which	2
30	a	6
30	was	5
30	live	1
30	by	1
30	made	2
30	mind	1
30	now	1
30	men	1
30	behind	1
30	did	1
30	popular	1
30	at	3
30	among	1
30	any	1
30	mr	2
30	they	1
30	break	1
30	pleased	1
30	field	1
30	fact	1
30	for	3
30	personalname	3
30	are	2
30	he	9
30	defence	1
30	gave	1
30	see	1
30	power	1
30	death	1
30	of	11
30	home	1
30	course	1
30	in	6
30	who	1
30	that	2
30	common	1
30	from	1
30	regard	1
30	view	1
30	union	2
30	after	1
30	true	1
30	became	1
30	#sequentialcaps	1
30	#lines	35
30	#maxinitial	6
30	#quotations	6
30	#caplines	6
30	#periods	18
30	#stdev	1363
30	#maxpair	11
30	#startwrubric	1
30	#commas	17
30	#endwpunct	8
30	#textlines	35
30	#endwnumeral	1
30	wordNotInVocab	74
31	brought	1
31	world	1
31	war	1
31	we	2
31	hundred	1
31	arabic2digit	1
31	all	1
31	into	1
31	fall	1
31	has	1
31	forth	1
31	had	2
31	wide	1
31	end	1
31	their	1
31	nation	4
31	great	3
31	every	2
31	who	1
31	save	1
31	god	1
31	church	1
31	his	3
31	placename	11
31	our	1
31	under	1
31	government	1
31	mrs	1
31	sent	1
31	a	6
31	over	1
31	was	6
31	new	2
31	strong	1
31	men	1
31	in	7
31	earth	1
31	these	1
31	hope	1
31	began	1
31	themselves	1
31	father	1
31	cut	1
31	ad	1
31	again	2
31	thousand	1
31	defence	1
31	out	1
31	long	1
31	see	1
31	little	1
31	few	1
31	he	4
31	people	4
31	called	1
31	it	2
31	arabic4digit	1
31	which	2
31	money	1
31	became	2
31	arabicprice	1
31	carried	1
31	sea	1
31	upon	2
31	have	2
31	this	3
31	morning	1
31	with	3
31	civil	1
31	three	1
31	april	1
31	here	1
31	through	1
31	poor	1
31	lived	1
31	and	17
31	price	1
31	that	7
31	liberty	1
31	her	1
31	to	5
31	day	1
31	died	1
31	us	1
31	vain	1
31	whether	1
31	coming	2
31	so	2
31	shall	3
31	or	1
31	by	6
31	engaged	1
31	now	1
31	years	1
31	at	2
31	any	1
31	four	1
31	state	1
31	is	4
31	the	23
31	not	2
31	equal	1
31	for	4
31	personalname	6
31	administration	1
31	are	4
31	of	8
31	can	1
31	birth	1
31	near	1
31	dead	1
31	been	1
31	from	2
31	back	1
31	#sequentialcaps	2
31	#lines	38
31	#maxinitial	6
31	#quotations	8
31	#caplines	7
31	#periods	14
31	#stdev	1644
31	#maxpair	9
31	#commas	28
31	#endwpunct	8
31	#exclamationpoints	2
31	#textlines	36
31	#endwnumeral	1
31	wordNotInVocab	83
32	become	1
32	war	1
32	scene	2
32	southern	2
32	room	1
32	has	1
32	had	1
32	city	1
32	more	1
32	sea	1
32	my	1
32	wild	1
32	think	1
32	as	6
32	an	1
32	river	1
32	cannot	1
32	last	4
32	still	1
32	church	1
32	his	3
32	placename	4
32	a	10
32	was	1
32	made	1
32	dead	1
32	places	1
32	men	1
32	in	12
32	ye	4
32	days	1
32	old	1
32	common	1
32	out	2
32	long	1
32	them	1
32	he	3
32	south	1
32	who	1
32	it	5
32	says	1
32	no	2
32	take	1
32	late	1
32	evening	1
32	feet	1
32	arabic1digit	2
32	property	1
32	but	1
32	sorrow	1
32	then	2
32	two	2
32	too	1
32	have	1
32	there	1
32	some	1
32	which	3
32	note	1
32	once	1
32	will	1
32	boat	1
32	three	1
32	ever	1
32	one	2
32	looking	1
32	women	1
32	much	1
32	and	17
32	your	1
32	that	1
32	far	1
32	mr	1
32	appear	1
32	to	4
32	the	25
32	this	3
32	up	2
32	be	1
32	authority	1
32	or	1
32	now	1
32	are	5
32	hands	1
32	eight	1
32	such	2
32	is	7
32	over	1
32	not	1
32	placed	1
32	for	2
32	personalname	4
32	children	1
32	resolved	1
32	another	2
32	must	1
32	of	11
32	return	1
32	been	1
32	at	1
32	lines	1
32	after	2
32	#sequentialcaps	2
32	#lines	34
32	#maxinitial	7
32	#quotations	5
32	#caplines	7
32	#startwname	1
32	#periods	19
32	#stdev	723
32	#maxpair	7
32	#commas	21
32	#endwpunct	7
32	#exclamationpoints	3
32	#textlines	34
32	#endwnumeral	1
32	wordNotInVocab	96
33	thing	1
33	what	1
33	except	1
33	war	1
33	never	1
33	arabic2digit	1
33	southern	1
33	into	1
33	has	4
33	had	1
33	man	1
33	their	6
33	ready	1
33	great	1
33	nor	1
33	every	2
33	as	3
33	general	1
33	who	2
33	again	1
33	#allcapswords	1
33	peace	1
33	his	1
33	placename	2
33	our	1
33	a	4
33	was	1
33	new	1
33	dead	1
33	year	1
33	men	2
33	in	2
33	ye	1
33	sound	1
33	already	1
33	these	1
33	days	1
33	now	1
33	sun	1
33	part	1
33	arms	1
33	upon	1
33	tale	1
33	them	1
33	he	2
33	praise	1
33	that	2
33	no	1
33	march	1
33	arabic4digit	1
33	which	1
33	though	1
33	how	1
33	pale	1
33	when	1
33	white	1
33	but	1
33	order	1
33	justice	2
33	other	1
33	have	2
33	there	2
33	congress	1
33	this	3
33	read	1
33	morning	1
33	with	4
33	united	1
33	may	2
33	government	1
33	even	1
33	black	1
33	will	1
33	give	1
33	one	1
33	here	1
33	it	4
33	kind	1
33	and	10
33	i	1
33	within	1
33	to	11
33	ancient	1
33	died	1
33	the	18
33	or	1
33	take	1
33	troops	2
33	neither	1
33	be	3
33	shall	2
33	subject	1
33	by	1
33	look	1
33	more	1
33	are	3
33	years	1
33	song	1
33	they	4
33	propernoun	1
33	any	1
33	four	1
33	law	2
33	is	6
33	not	1
33	for	4
33	personalname	2
33	cause	1
33	better	1
33	place	1
33	lost	2
33	of	10
33	before	1
33	side	1
33	longer	1
33	come	2
33	been	3
33	back	1
33	party	1
33	followed	1
33	north	1
33	#sequentialcaps	4
33	#lines	36
33	#maxinitial	7
33	#quotations	7
33	#caplines	13
33	#startwname	1
33	#periods	11
33	#stdev	1561
33	#maxpair	8
33	#commas	22
33	#endwpunct	11
33	#exclamationpoints	1
33	#textlines	36
33	#endwnumeral	1
33	wordNotInVocab	79
34	greater	1
34	time	1
34	world	1
34	we	12
34	life	2
34	first	1
34	all	4
34	while	1
34	quite	1
34	had	5
34	more	1
34	human	1
34	leaves	1
34	nation	4
34	great	2
34	die	1
34	as	5
34	an	1
34	hut	1
34	know	1
34	thing	1
34	done	1
34	who	2
34	than	1
34	again	1
34	and	10
34	god	1
34	his	5
34	placename	2
34	our	3
34	him	2
34	could	1
34	having	1
34	a	7
34	was	2
34	effects	1
34	feel	1
34	in	7
34	began	2
34	souls	1
34	people	1
34	turned	1
34	out	1
34	long	2
34	high	1
34	them	1
34	night	1
34	course	1
34	that	6
34	fort	1
34	which	2
34	part	1
34	stars	1
34	before	1
34	say	2
34	when	2
34	carried	1
34	but	2
34	ill	1
34	those	2
34	other	1
34	upon	2
34	where	1
34	have	1
34	there	1
34	tears	2
34	translated	1
34	with	1
34	south	1
34	one	1
34	wise	1
34	stand	1
34	very	1
34	been	1
34	way	1
34	her	2
34	to	8
34	day	2
34	above	2
34	through	1
34	words	1
34	north	1
34	this	1
34	from	3
34	up	1
34	be	1
34	second	1
34	or	1
34	by	1
34	look	1
34	are	5
34	did	1
34	at	1
34	propernoun	1
34	any	1
34	such	3
34	though	1
34	joy	1
34	the	27
34	not	3
34	were	2
34	for	5
34	personalname	1
34	away	1
34	lives	1
34	others	1
34	he	4
34	duties	1
34	death	2
34	full	1
34	must	1
34	of	19
34	can	1
34	do	3
34	sublime	1
34	found	1
34	hearts	1
34	they	5
34	country	2
34	nature	1
34	go	1
34	however	1
34	head	1
34	on	3
34	#sequentialcaps	3
34	#lines	34
34	#maxinitial	7
34	#quotations	2
34	#caplines	6
34	#startwname	2
34	#periods	13
34	#stdev	285
34	#maxpair	8
34	#commas	17
34	#endwpunct	5
34	#textlines	34
34	wordNotInVocab	68
35	arabic1digit	1
35	what	1
35	but	3
35	would	2
35	world	2
35	lived	1
35	saying	1
35	upon	1
35	sight	1
35	have	1
35	this	3
35	room	1
35	has	1
35	before	1
35	had	5
35	act	1
35	follow	1
35	with	2
35	so	3
35	man	2
35	hard	1
35	must	1
35	beyond	1
35	one	1
35	it	5
35	feet	1
35	as	1
35	an	1
35	tongue	1
35	work	1
35	and	7
35	between	1
35	who	2
35	great	1
35	over	1
35	god	1
35	left	1
35	to	9
35	loved	1
35	that	5
35	his	4
35	placename	3
35	the	25
35	certainly	1
35	our	2
35	we	3
35	him	2
35	fell	1
35	rose	1
35	effects	1
35	could	1
35	there	1
35	moral	1
35	you	1
35	a	5
35	was	5
35	or	1
35	moment	1
35	here	1
35	made	1
35	now	3
35	heart	1
35	more	1
35	death	4
35	me	1
35	in	6
35	at	2
35	cause	2
35	any	1
35	by	1
35	such	2
35	believe	2
35	gentle	1
35	than	1
35	heavenly	1
35	were	1
35	for	2
35	personalname	4
35	thousand	1
35	its	2
35	is	3
35	he	6
35	lost	1
35	fame	1
35	been	3
35	done	1
35	of	15
35	how	1
35	found	1
35	say	1
35	none	1
35	which	1
35	stars	1
35	north	1
35	head	1
35	when	1
35	#sequentialcaps	1
35	#lines	34
35	#maxinitial	8
35	#quotations	4
35	#caplines	6
35	#periods	15
35	#stdev	1238
35	#maxpair	11
35	#commas	17
35	#endwpunct	11
35	#questionmarks	1
35	#textlines	34
35	#endwnumeral	1
35	wordNotInVocab	78
36	wise	1
36	wrote	2
36	type	1
36	become	1
36	already	1
36	soon	1
36	never	1
36	arabic2digit	1
36	into	1
36	has	2
36	king	1
36	had	2
36	character	1
36	act	1
36	wide	1
36	more	1
36	memory	1
36	their	3
36	speech	1
36	yes	1
36	my	4
36	great	4
36	as	6
36	an	1
36	general	1
36	who	2
36	fame	1
36	god	1
36	his	7
36	placename	4
36	race	1
36	times	1
36	him	3
36	mrs	1
36	each	1
36	a	11
36	was	4
36	effects	1
36	saying	1
36	men	1
36	me	2
36	greatest	1
36	father	1
36	rest	1
36	peace	1
36	tell	1
36	common	1
36	little	1
36	south	1
36	no	1
36	which	1
36	like	1
36	gold	1
36	acts	3
36	but	2
36	two	2
36	friend	1
36	other	1
36	too	1
36	upon	1
36	have	1
36	there	1
36	make	1
36	among	2
36	may	1
36	enter	1
36	people	3
36	own	1
36	sweet	1
36	one	2
36	it	3
36	poor	1
36	lived	1
36	last	1
36	and	7
36	that	2
36	language	1
36	her	2
36	to	10
36	with	1
36	the	18
36	words	1
36	this	2
36	from	1
36	shame	1
36	now	1
36	heart	1
36	man	3
36	are	2
36	princes	1
36	they	1
36	world	1
36	spoke	1
36	any	1
36	four	1
36	is	2
36	than	1
36	were	2
36	for	2
36	personalname	4
36	land	1
36	he	5
36	heard	1
36	of	15
36	can	1
36	speak	1
36	in	8
36	been	1
36	country	1
36	if	1
36	queen	1
36	#sequentialcaps	2
36	#lines	36
36	#maxinitial	6
36	#quotations	9
36	#caplines	12
36	#periods	18
36	#stdev	1163
36	#maxpair	9
36	#commas	22
36	#endwpunct	11
36	#textlines	36
36	#endwnumeral	1
36	wordNotInVocab	75
37	bosom	1
37	same	1
37	would	1
37	we	3
37	century	1
37	sword	1
37	arabic2digit	2
37	should	1
37	while	1
37	has	1
37	without	1
37	had	1
37	character	1
37	man	4
37	memory	1
37	said	1
37	great	1
37	first	1
37	as	1
37	know	1
37	is	5
37	spirit	1
37	page	1
37	who	4
37	e	1
37	literature	1
37	and	13
37	god	1
37	few	1
37	his	4
37	placename	1
37	him	2
37	a	6
37	christian	1
37	choice	1
37	men	1
37	whom	1
37	american	1
37	voice	1
37	situation	1
37	#allcapswords	24
37	h	1
37	them	1
37	blood	1
37	that	2
37	no	4
37	right	2
37	see	1
37	the	30
37	but	3
37	was	3
37	all	4
37	other	1
37	upon	1
37	break	1
37	have	2
37	read	1
37	best	1
37	with	5
37	so	1
37	well	1
37	must	1
37	will	1
37	own	1
37	ever	1
37	it	3
37	tongue	1
37	many	1
37	verse	1
37	i	1
37	to	8
37	above	1
37	us	1
37	be	1
37	battle	1
37	by	4
37	more	1
37	others	1
37	made	2
37	most	1
37	propernoun	2
37	any	1
37	judge	1
37	than	2
37	not	4
37	were	1
37	for	1
37	personalname	11
37	cause	1
37	better	3
37	he	9
37	of	20
37	can	1
37	in	5
37	none	1
37	country	1
37	being	1
37	cannot	1
37	after	1
37	when	1
37	age	1
37	on	1
37	#sequentialcaps	4
37	#lines	36
37	#maxinitial	4
37	#quotations	10
37	#caplines	8
37	#startwname	1
37	#periods	17
37	#stdev	1856
37	#maxpair	6
37	#startwrubric	1
37	#commas	24
37	#endwpunct	11
37	#textlines	36
37	#endwnumeral	1
37	wordNotInVocab	84
38	through	2
38	us	1
38	example	1
38	time	1
38	battle	1
38	never	1
38	sure	1
38	stars	1
38	deep	2
38	arabic2digit	2
38	all	1
38	down	1
38	has	1
38	o	1
38	sweet	1
38	die	1
38	with	4
38	more	1
38	memory	1
38	yes	1
38	romannumeral	2
38	nation	2
38	m	1
38	living	1
38	no	1
38	past	1
38	as	1
38	and	6
38	things	1
38	thine	2
38	bright	1
38	cast	1
38	fame	1
38	over	1
38	skies	1
38	#allcapswords	9
38	god	1
38	was	2
38	to	2
38	day	1
38	name	1
38	placename	2
38	wide	1
38	our	6
38	when	2
38	this	1
38	flower	1
38	up	1
38	purpose	1
38	a	4
38	might	1
38	strength	1
38	or	1
38	by	1
38	pure	2
38	heart	1
38	shore	1
38	thy	6
38	at	1
38	shall	2
38	we	1
38	wave	1
38	light	1
38	such	1
38	the	10
38	peace	2
38	lay	1
38	were	1
38	personalname	1
38	its	1
38	like	1
38	clear	1
38	high	2
38	heard	1
38	of	3
38	ode	1
38	true	1
38	twas	1
38	in	2
38	that	2
38	soul	1
38	from	1
38	whose	1
38	hands	1
38	view	1
38	noble	1
38	sky	1
38	right	1
38	on	3
38	#sequentialcaps	3
38	#lines	39
38	#maxinitial	7
38	#caplines	38
38	#startwname	4
38	#periods	15
38	#stdev	587
38	#maxpair	9
38	#commas	26
38	#endwpunct	33
38	#textlines	39
38	#endwnumeral	1
38	wordNotInVocab	69
39	what	1
39	personalname	1
39	strength	1
39	us	1
39	have	1
39	brave	1
39	those	2
39	son	2
39	glory	1
39	arabic2digit	2
39	southern	1
39	dare	1
39	home	2
39	has	2
39	o	1
39	from	2
39	sin	1
39	with	1
39	human	1
39	may	1
39	days	1
39	well	1
39	romannumeral	2
39	sweet	1
39	will	3
39	be	1
39	ever	1
39	twas	1
39	command	1
39	it	7
39	through	2
39	laid	1
39	as	1
39	and	4
39	i	3
39	save	7
39	#allcapswords	10
39	god	4
39	her	4
39	praise	1
39	his	1
39	placename	8
39	the	8
39	our	4
39	words	1
39	rose	2
39	even	1
39	pure	1
39	too	1
39	a	1
39	above	1
39	by	2
39	hearts	1
39	years	1
39	ode	1
39	in	1
39	who	3
39	land	3
39	we	2
39	love	1
39	youth	1
39	all	2
39	being	1
39	british	1
39	rest	1
39	liberty	1
39	peace	1
39	field	1
39	t	1
39	is	1
39	thou	1
39	hour	1
39	early	1
39	then	1
39	of	4
39	can	1
39	thee	1
39	to	5
39	led	1
39	still	1
39	been	2
39	take	1
39	nation	3
39	which	2
39	free	1
39	union	1
39	fair	1
39	noble	1
39	most	1
39	lay	1
39	power	1
39	on	2
39	#sequentialcaps	2
39	#lines	39
39	#maxinitial	6
39	#quotations	1
39	#caplines	35
39	#startwname	2
39	#periods	16
39	#stdev	869
39	#maxpair	7
39	#commas	28
39	#endwpunct	34
39	#questionmarks	3
39	#exclamationpoints	3
39	#textlines	39
39	#endwnumeral	1
39	wordNotInVocab	59
40	sword	1
40	sea	1
40	god	14
40	would	1
40	condition	1
40	lord	1
40	life	1
40	arabic2digit	1
40	of	12
40	all	7
40	laws	1
40	so	1
40	has	1
40	may	2
40	once	1
40	nation	1
40	have	1
40	state	1
40	born	1
40	through	4
40	christ	1
40	an	1
40	true	1
40	brave	1
40	and	6
40	whose	1
40	a	1
40	again	1
40	her	20
40	peace	1
40	placename	11
40	the	21
40	our	4
40	be	1
40	which	3
40	shall	1
40	by	1
40	guide	9
40	s	1
40	men	1
40	in	8
40	we	1
40	light	1
40	save	1
40	is	2
40	find	1
40	not	1
40	one	1
40	unto	1
40	land	4
40	away	1
40	are	1
40	keep	10
40	she	2
40	free	6
40	been	1
40	eternal	1
40	them	2
40	home	6
40	thee	1
40	out	1
40	that	3
40	to	3
40	from	8
40	till	1
40	lay	1
40	on	3
40	#sequentialcaps	9
40	#lines	37
40	#maxinitial	17
40	#quotations	2
40	#caplines	35
40	#periods	6
40	#stdev	1058
40	#maxpair	19
40	#commas	13
40	#endwpunct	35
40	#exclamationpoints	11
40	#textlines	37
40	#endwnumeral	1
40	wordNotInVocab	57
41	#textlines	0
42	#textlines	0
43	#textlines	0
44	#textlines	0
45	#textlines	0
46	#textlines	0
47	#lines	1
47	#textlines	0
48	arabic1digit	1
48	an	1
48	personalname	2
48	#allcapswords	2
48	arabic2digit	1
48	arabic4digit	1
48	#sequentialcaps	1
48	#lines	6
48	#maxinitial	1
48	#caplines	2
48	#startwname	2
48	#periods	1
48	#stdev	634
48	#maxpair	1
48	#commas	3
48	#endwpunct	1
48	#textlines	4
48	#endwnumeral	2
49	#lines	1
49	#textlines	0
