0	propernoun	1
0	of	1
0	#lines	2
0	#maxinitial	1
0	#caplines	1
0	#maxpair	1
0	#textlines	1
0	wordNotInVocab	1
1	the	3
1	personalname	1
1	#allcapswords	16
1	friends	1
1	in	1
1	by	1
1	collection	1
1	of	2
1	#sequentialcaps	2
1	#lines	11
1	#maxinitial	2
1	#caplines	9
1	#startwname	1
1	#stdev	619
1	#maxpair	4
1	#textlines	9
1	wordNotInVocab	9
2	#textlines	0
3	#textlines	0
4	the	4
4	books	1
4	standard	1
4	etc	2
4	edition	1
4	by	2
4	co	1
4	h	2
4	s	8
4	propernoun	22
4	rules	1
4	foe	3
4	law	1
4	with	1
4	for	2
4	personalname	7
4	author	1
4	arabic3digit	1
4	numerous	1
4	romannumeral	1
4	of	7
4	and	7
4	no	1
4	#allcapswords	26
4	use	1
4	placename	1
4	published	1
4	#sequentialcaps	3
4	#lines	25
4	#maxinitial	5
4	#caplines	20
4	#startwname	9
4	#periods	12
4	#stdev	1769
4	#maxpair	6
4	#startwrubric	2
4	#commas	26
4	#endwpunct	11
4	#textlines	25
4	#endwnumeral	1
4	wordNotInVocab	33
5	the	8
5	s	1
5	personalname	3
5	all	1
5	arabic3digit	3
5	according	3
5	romannumeral	3
5	office	3
5	h	1
5	by	3
5	of	8
5	d	3
5	co	2
5	year	3
5	to	3
5	in	6
5	at	3
5	congress	6
5	#allcapswords	13
5	entered	3
5	act	3
5	placename	3
5	#sequentialcaps	2
5	#lines	10
5	#maxinitial	3
5	#caplines	10
5	#startwname	2
5	#periods	12
5	#stdev	2123
5	#maxpair	4
5	#startwrubric	1
5	#commas	15
5	#endwpunct	7
5	#textlines	10
5	wordNotInVocab	8
6	different	1
6	meet	1
6	same	2
6	edition	2
6	would	1
6	time	1
6	especially	1
6	will	2
6	justice	1
6	upon	1
6	where	1
6	have	1
6	there	1
6	all	3
6	useful	1
6	has	4
6	rules	1
6	with	2
6	under	1
6	subjects	1
6	among	1
6	nation	1
6	at	1
6	without	1
6	concerning	1
6	case	1
6	as	1
6	work	3
6	kind	1
6	much	1
6	and	13
6	general	1
6	publishers	2
6	many	2
6	#allcapswords	6
6	public	1
6	to	4
6	that	2
6	the	14
6	our	1
6	revised	1
6	this	5
6	standard	2
6	even	1
6	be	2
6	a	3
6	parts	1
6	preface	1
6	now	1
6	are	1
6	years	1
6	popular	1
6	in	2
6	they	1
6	placename	1
6	valuable	3
6	we	1
6	by	2
6	such	1
6	is	8
6	opinion	1
6	equal	2
6	for	2
6	been	4
6	its	2
6	carefully	1
6	enlarged	1
6	used	1
6	so	2
6	of	10
6	do	1
6	received	1
6	favour	1
6	it	2
6	no	2
6	authority	1
6	line	1
6	which	2
6	when	1
6	on	1
6	#sequentialcaps	2
6	#lines	24
6	#maxinitial	4
6	#caplines	6
6	#periods	5
6	#stdev	2361
6	#maxpair	6
6	#commas	23
6	#endwpunct	5
6	#textlines	24
6	wordNotInVocab	50
7	prove	2
7	also	1
7	time	1
7	any	2
7	century	1
7	certain	1
7	should	2
7	has	2
7	without	2
7	fact	1
7	had	1
7	extent	1
7	more	1
7	their	1
7	great	1
7	first	1
7	case	1
7	as	10
7	is	4
7	reason	1
7	many	2
7	over	1
7	#allcapswords	6
7	same	1
7	less	1
7	high	1
7	our	1
7	each	1
7	a	8
7	standard	1
7	made	1
7	only	1
7	in	7
7	who	2
7	rather	1
7	opinion	1
7	rule	2
7	life	1
7	been	3
7	text	1
7	reduced	1
7	it	5
7	which	3
7	part	1
7	care	1
7	be	8
7	true	1
7	low	1
7	property	2
7	but	3
7	fire	1
7	those	3
7	possible	1
7	all	4
7	too	2
7	upon	3
7	where	2
7	have	3
7	given	3
7	some	2
7	very	1
7	best	1
7	with	3
7	so	1
7	may	5
7	well	2
7	will	3
7	one	1
7	and	15
7	between	1
7	that	8
7	far	1
7	to	12
7	the	26
7	or	1
7	give	1
7	subject	2
7	engaged	1
7	ourselves	2
7	various	2
7	are	6
7	taken	1
7	years	1
7	at	1
7	we	2
7	such	1
7	believe	1
7	than	1
7	not	1
7	for	3
7	practical	1
7	after	1
7	of	18
7	this	1
7	number	1
7	found	1
7	they	2
7	from	1
7	being	1
7	on	2
7	#sequentialcaps	2
7	#lines	35
7	#maxinitial	4
7	#quotations	2
7	#caplines	6
7	#periods	8
7	#stdev	1371
7	#maxpair	8
7	#commas	27
7	#endwpunct	9
7	#textlines	35
7	wordNotInVocab	108
8	arabic1digit	15
8	with	2
8	or	19
8	the	2
8	a	1
8	by	16
8	kept	1
8	are	2
8	especially	1
8	in	11
8	they	2
8	propernoun	1
8	some	1
8	j	4
8	without	1
8	private	3
8	whether	1
8	u	5
8	on	1
8	well	4
8	of	2
8	as	1
8	good	5
8	it	1
8	is	1
8	that	2
8	and	1
8	#allcapswords	6
8	table	1
8	#sequentialcaps	2
8	#lines	43
8	#maxinitial	6
8	#quotations	43
8	#caplines	7
8	#startwname	2
8	#periods	7
8	#stdev	2147
8	#maxpair	8
8	#startwrubric	1
8	#commas	67
8	#endwpunct	25
8	#textlines	43
8	#endwnumeral	8
8	wordNotInVocab	166
9	arabic1digit	12
9	h	1
9	least	1
9	no	1
9	what	1
9	greater	1
9	either	1
9	should	3
9	other	1
9	upon	1
9	where	2
9	have	1
9	there	1
9	th	1
9	all	1
9	has	1
9	whether	1
9	with	1
9	country	1
9	their	1
9	etc	1
9	said	1
9	at	1
9	going	1
9	one	2
9	note	1
9	kept	1
9	as	15
9	an	1
9	much	1
9	and	5
9	more	2
9	that	3
9	#allcapswords	7
9	to	1
9	the	8
9	be	4
9	a	5
9	or	21
9	by	19
9	because	1
9	are	2
9	causes	1
9	in	11
9	propernoun	1
9	may	1
9	such	2
9	j	3
9	is	4
9	than	3
9	not	1
9	u	5
9	matter	1
9	for	1
9	personalname	1
9	of	6
9	without	1
9	state	1
9	been	1
9	number	1
9	it	1
9	they	1
9	from	1
9	which	3
9	care	1
9	if	1
9	true	1
9	age	1
9	on	2
9	#sequentialcaps	1
9	#lines	48
9	#maxinitial	8
9	#quotations	43
9	#caplines	6
9	#startwname	2
9	#periods	13
9	#stdev	2176
9	#maxpair	13
9	#commas	75
9	#endwpunct	19
9	#textlines	47
9	#endwnumeral	7
9	wordNotInVocab	227
10	same	1
10	would	1
10	time	1
10	school	1
10	especially	5
10	should	1
10	without	1
10	extent	3
10	for	5
10	as	7
10	greater	3
10	and	14
10	less	1
10	those	5
10	a	12
10	was	1
10	only	2
10	in	14
10	these	1
10	j	2
10	business	1
10	rule	1
10	#allcapswords	4
10	common	1
10	public	1
10	stories	1
10	it	1
10	which	1
10	fair	1
10	several	1
10	when	1
10	arabic1digit	12
10	etc	1
10	the	16
10	other	1
10	upon	1
10	where	3
10	there	3
10	some	1
10	with	6
10	one	1
10	many	1
10	very	1
10	that	4
10	to	3
10	having	1
10	this	2
10	described	1
10	be	2
10	class	3
10	or	18
10	by	1
10	purpose	1
10	wood	1
10	are	7
10	done	1
10	propernoun	2
10	they	1
10	such	3
10	is	9
10	than	3
10	not	1
10	u	2
10	were	1
10	places	1
10	kept	2
10	settled	1
10	trade	3
10	used	5
10	of	11
10	good	5
10	small	3
10	country	2
10	being	1
10	on	2
10	#sequentialcaps	2
10	#lines	50
10	#maxinitial	6
10	#quotations	26
10	#caplines	10
10	#startwname	2
10	#periods	17
10	#stdev	2507
10	#maxpair	9
10	#commas	58
10	#endwpunct	17
10	#textlines	49
10	#endwnumeral	7
10	wordNotInVocab	213
11	arabic1digit	18
11	but	1
11	arabicprice	1
11	least	1
11	the	10
11	same	1
11	become	2
11	especially	1
11	soon	1
11	other	2
11	where	1
11	r	1
11	have	1
11	there	1
11	should	1
11	given	2
11	been	1
11	follow	1
11	with	4
11	extent	1
11	designed	1
11	wood	1
11	end	1
11	s	1
11	added	1
11	m	2
11	at	1
11	one	1
11	case	1
11	as	5
11	greater	2
11	many	1
11	and	11
11	that	3
11	#allcapswords	5
11	less	1
11	having	1
11	those	2
11	when	1
11	above	1
11	be	4
11	natural	1
11	a	4
11	was	1
11	or	22
11	strong	1
11	are	2
11	n	1
11	would	4
11	in	3
11	they	3
11	required	1
11	arabic2digit	3
11	these	2
11	generally	1
11	such	2
11	b	1
11	annual	1
11	extra	1
11	than	2
11	u	2
11	were	2
11	placed	1
11	for	7
11	personalname	1
11	rule	1
11	is	4
11	used	3
11	romannumeral	1
11	of	2
11	without	2
11	to	3
11	good	1
11	it	1
11	works	1
11	which	1
11	fair	2
11	if	1
11	on	2
11	#sequentialcaps	3
11	#lines	49
11	#maxinitial	10
11	#quotations	58
11	#caplines	18
11	#startwname	1
11	#periods	21
11	#stdev	2594
11	#maxpair	11
11	#commas	48
11	#endwpunct	21
11	#textlines	47
11	#endwnumeral	13
11	wordNotInVocab	210
12	arabic1digit	27
12	y	1
12	fire	1
12	horse	2
12	or	20
12	works	3
12	arabic2digit	1
12	propernoun	2
12	j	3
12	with	4
12	court	1
12	and	1
12	u	9
12	of	1
12	without	4
12	#allcapswords	10
12	power	4
12	m	4
12	#sequentialcaps	2
12	#lines	48
12	#maxinitial	13
12	#quotations	83
12	#caplines	25
12	#periods	27
12	#stdev	2010
12	#maxpair	16
12	#commas	34
12	#endwpunct	22
12	#textlines	46
12	#endwnumeral	17
12	wordNotInVocab	173
13	arabic1digit	17
13	with	2
13	a	1
13	or	16
13	paper	1
13	water	4
13	works	3
13	arabic2digit	3
13	propernoun	2
13	in	4
13	j	3
13	personalname	1
13	u	4
13	of	4
13	and	6
13	i	1
13	saw	1
13	without	2
13	#allcapswords	7
13	power	8
13	m	1
13	#sequentialcaps	3
13	#lines	47
13	#maxinitial	11
13	#quotations	63
13	#caplines	20
13	#startwname	1
13	#periods	21
13	#stdev	2181
13	#maxpair	14
13	#commas	45
13	#endwpunct	16
13	#textlines	47
13	#endwnumeral	11
13	wordNotInVocab	176
14	arabic1digit	19
14	with	1
14	would	1
14	they	1
14	the	2
14	be	2
14	fire	1
14	heat	1
14	greater	1
14	or	21
14	are	1
14	h	1
14	in	2
14	arabic2digit	2
14	propernoun	2
14	should	1
14	state	1
14	u	8
14	for	1
14	extra	1
14	then	1
14	j	4
14	used	1
14	op	1
14	much	1
14	and	4
14	no	1
14	if	1
14	#allcapswords	9
14	#sequentialcaps	3
14	#lines	37
14	#maxinitial	7
14	#quotations	58
14	#caplines	19
14	#periods	23
14	#stdev	1965
14	#maxpair	7
14	#commas	31
14	#endwpunct	21
14	#textlines	37
14	#endwnumeral	9
14	wordNotInVocab	171
15	arabic1digit	7
15	arabicprice	1
15	some	1
15	all	3
15	such	1
15	through	1
15	when	2
15	whole	2
15	establishment	1
15	been	2
15	very	1
15	other	1
15	upon	2
15	where	2
15	arabic2digit	7
15	there	2
15	should	2
15	known	1
15	case	1
15	with	2
15	extent	1
15	therefore	1
15	more	1
15	may	1
15	well	1
15	romannumeral	1
15	will	4
15	m	1
15	have	3
15	side	3
15	note	1
15	first	2
15	every	2
15	as	9
15	an	3
15	annual	2
15	last	1
15	and	18
15	reason	1
15	that	4
15	great	1
15	following	1
15	#allcapswords	7
15	to	2
15	second	1
15	the	20
15	best	1
15	country	1
15	this	1
15	under	1
15	be	2
15	charge	1
15	a	11
15	set	1
15	by	1
15	they	2
15	wood	2
15	many	1
15	years	2
15	in	10
15	propernoun	1
15	fifth	1
15	u	7
15	is	13
15	than	3
15	not	3
15	five	1
15	for	2
15	personalname	1
15	year	4
15	are	1
15	life	1
15	most	1
15	practical	1
15	of	9
15	works	1
15	less	1
15	ten	1
15	longer	1
15	it	3
15	regard	1
15	which	1
15	on	3
15	including	1
15	used	4
15	#sequentialcaps	1
15	#lines	41
15	#maxinitial	5
15	#quotations	10
15	#caplines	13
15	#startwname	5
15	#periods	14
15	#stdev	3176
15	#maxpair	6
15	#startwrubric	1
15	#commas	34
15	#endwpunct	11
15	#textlines	40
15	#endwnumeral	8
15	wordNotInVocab	114
16	would	4
16	become	1
16	life	1
16	arabic2digit	11
16	should	3
16	into	1
16	has	2
16	summer	1
16	coloured	1
16	various	2
16	first	2
16	as	5
16	an	1
16	annual	2
16	#allcapswords	8
16	left	1
16	a	14
16	made	2
16	proper	1
16	year	6
16	causes	1
16	in	11
16	these	1
16	fair	2
16	days	1
16	december	1
16	five	1
16	general	2
16	old	1
16	sun	1
16	ten	2
16	that	5
16	march	1
16	class	4
16	about	1
16	which	1
16	daily	1
16	until	2
16	do	1
16	used	1
16	next	1
16	etc	2
16	but	2
16	two	1
16	books	1
16	have	1
16	very	3
16	with	1
16	third	1
16	so	2
16	therefore	1
16	well	1
16	one	4
16	fourth	1
16	stand	1
16	much	1
16	and	21
16	heat	1
16	it	3
16	without	1
16	way	1
16	to	5
16	day	1
16	m	1
16	the	25
16	often	1
16	be	6
16	second	1
16	or	3
16	by	3
16	six	1
16	are	3
16	propernoun	1
16	they	1
16	such	1
16	u	1
16	is	9
16	over	1
16	not	3
16	for	4
16	cause	1
16	parts	1
16	better	1
16	of	21
16	this	5
16	during	2
16	good	2
16	been	2
16	from	6
16	will	8
16	country	1
16	being	1
16	if	2
16	after	2
16	when	2
16	including	1
16	#sequentialcaps	5
16	#lines	44
16	#maxinitial	7
16	#quotations	1
16	#caplines	12
16	#startwname	5
16	#periods	26
16	#stdev	2437
16	#maxpair	13
16	#startwrubric	1
16	#commas	41
16	#endwpunct	13
16	#textlines	44
16	#endwnumeral	2
16	wordNotInVocab	164
17	arabic1digit	2
17	b	1
17	time	3
17	here	1
17	arabic2digit	8
17	into	2
17	while	1
17	quite	1
17	fact	1
17	summer	2
17	various	1
17	very	2
17	arabic3digit	3
17	romannumeral	1
17	per	4
17	first	2
17	as	6
17	an	1
17	still	1
17	many	1
17	and	16
17	less	1
17	placename	2
17	a	13
17	was	1
17	new	2
17	made	1
17	year	4
17	men	1
17	n	2
17	in	22
17	these	1
17	instances	1
17	five	2
17	general	1
17	#allcapswords	14
17	making	1
17	net	1
17	common	1
17	them	1
17	it	3
17	choice	1
17	march	2
17	arabic4digit	2
17	class	4
17	when	1
17	white	1
17	large	1
17	etc	3
17	but	1
17	lose	7
17	two	3
17	upon	1
17	where	1
17	books	1
17	have	2
17	there	4
17	given	1
17	known	1
17	best	1
17	with	1
17	among	1
17	may	3
17	o	2
17	will	9
17	without	1
17	one	5
17	april	2
17	green	1
17	through	3
17	much	3
17	between	1
17	that	5
17	kinds	1
17	to	11
17	having	1
17	the	22
17	this	4
17	even	1
17	be	4
17	second	1
17	by	1
17	six	1
17	are	3
17	four	1
17	not	1
17	personalname	1
17	is	5
17	causes	1
17	winter	2
17	of	24
17	half	1
17	during	2
17	good	1
17	been	3
17	they	1
17	from	10
17	country	1
17	after	1
17	go	1
17	however	1
17	#sequentialcaps	5
17	#lines	45
17	#maxinitial	9
17	#quotations	15
17	#caplines	13
17	#startwname	4
17	#periods	30
17	#stdev	2192
17	#maxpair	10
17	#commas	44
17	#endwpunct	15
17	#textlines	45
17	#endwnumeral	5
17	wordNotInVocab	162
18	arabic1digit	4
18	large	3
18	or	4
18	circumstances	1
18	high	1
18	upon	1
18	where	5
18	books	2
18	arabic2digit	21
18	there	2
18	all	1
18	given	1
18	family	7
18	nearly	1
18	case	1
18	wines	1
18	with	2
18	various	1
18	house	3
18	well	1
18	will	2
18	one	3
18	following	1
18	first	1
18	to	4
18	as	2
18	placename	1
18	many	3
18	proper	1
18	young	1
18	private	1
18	that	3
18	and	19
18	use	1
18	the	9
18	subject	1
18	pictures	2
18	be	2
18	each	1
18	a	13
18	second	1
18	by	6
18	only	2
18	year	1
18	are	5
18	taken	1
18	whom	1
18	in	5
18	of	6
18	propernoun	2
18	they	1
18	j	1
18	u	2
18	is	6
18	comes	1
18	not	1
18	matter	1
18	for	1
18	used	3
18	them	1
18	called	1
18	it	2
18	small	2
18	#allcapswords	3
18	particular	1
18	care	2
18	table	1
18	on	2
18	#sequentialcaps	2
18	#lines	43
18	#maxinitial	7
18	#quotations	19
18	#caplines	26
18	#startwname	2
18	#periods	22
18	#stdev	1665
18	#maxpair	11
18	#commas	14
18	#endwpunct	24
18	#textlines	43
18	#endwnumeral	17
18	wordNotInVocab	134
19	white	1
19	general	2
19	would	1
19	especially	2
19	soon	1
19	century	1
19	command	1
19	arabic2digit	19
19	should	3
19	while	1
19	green	1
19	case	1
19	various	2
19	wi	1
19	kept	1
19	first	1
19	past	1
19	as	3
19	following	1
19	who	1
19	#allcapswords	7
19	same	1
19	price	1
19	natural	1
19	a	11
19	standard	1
19	made	1
19	s	1
19	year	1
19	causes	1
19	red	1
19	in	9
19	sound	1
19	these	1
19	cut	1
19	yet	1
19	out	1
19	been	1
19	society	1
19	that	1
19	class	2
19	almost	2
19	right	1
19	care	1
19	at	2
19	arabic1digit	7
19	different	1
19	next	1
19	large	1
19	etc	1
19	either	1
19	all	1
19	other	4
19	upon	1
19	have	2
19	some	1
19	manner	1
19	very	4
19	best	2
19	with	2
19	therefore	2
19	wood	1
19	may	2
19	hard	1
19	well	2
19	black	1
19	will	3
19	not	2
19	one	1
19	it	1
19	much	2
19	and	26
19	always	1
19	greatest	1
19	kinds	3
19	to	7
19	m	1
19	the	16
19	this	2
19	from	10
19	even	1
19	be	7
19	th	1
19	r	1
19	or	3
19	by	3
19	taken	1
19	more	1
19	soft	1
19	which	1
19	any	2
19	seems	1
19	than	2
19	perhaps	1
19	military	1
19	for	2
19	personalname	2
19	is	5
19	are	5
19	of	21
19	during	1
19	dead	1
19	found	1
19	flowers	1
19	country	1
19	nature	1
19	being	2
19	however	1
19	on	3
19	#sequentialcaps	3
19	#lines	49
19	#maxinitial	8
19	#quotations	9
19	#caplines	20
19	#startwname	5
19	#periods	20
19	#stdev	2332
19	#maxpair	11
19	#commas	55
19	#endwpunct	13
19	#textlines	48
19	#endwnumeral	14
19	wordNotInVocab	182
20	but	1
20	high	1
20	arabic2digit	12
20	all	1
20	has	1
20	green	3
20	preparation	1
20	various	1
20	house	2
20	their	2
20	arabic3digit	2
20	ready	1
20	per	3
20	great	1
20	first	3
20	every	1
20	as	7
20	following	2
20	placename	2
20	times	1
20	each	1
20	a	6
20	year	3
20	in	22
20	these	1
20	off	1
20	j	1
20	carefully	1
20	clear	1
20	net	1
20	then	1
20	place	1
20	that	2
20	arabic4digit	1
20	about	1
20	if	1
20	class	1
20	second	3
20	until	1
20	do	1
20	when	1
20	arabic1digit	14
20	etc	2
20	according	1
20	lose	8
20	those	1
20	corn	2
20	op	1
20	books	1
20	some	1
20	sweet	2
20	known	1
20	with	1
20	so	1
20	note	1
20	may	1
20	well	1
20	must	1
20	will	16
20	at	1
20	one	1
20	april	2
20	fact	1
20	poor	1
20	and	17
20	between	1
20	i	1
20	to	13
20	m	1
20	the	17
20	up	1
20	be	4
20	or	2
20	by	3
20	taken	2
20	soft	1
20	country	1
20	propernoun	3
20	u	2
20	is	6
20	not	1
20	for	3
20	kept	2
20	away	1
20	are	2
20	put	1
20	it	4
20	of	19
20	can	1
20	this	1
20	#allcapswords	5
20	from	11
20	lay	1
20	age	1
20	on	2
20	#sequentialcaps	5
20	#lines	53
20	#maxinitial	6
20	#quotations	35
20	#caplines	21
20	#startwname	3
20	#periods	24
20	#stdev	2528
20	#maxpair	7
20	#commas	45
20	#endwpunct	27
20	#textlines	53
20	#endwnumeral	18
20	wordNotInVocab	176
21	arabic1digit	2
21	etc	1
21	through	1
21	also	1
21	propernoun	1
21	become	2
21	might	1
21	put	1
21	soon	2
21	upon	2
21	arabic2digit	13
21	there	1
21	them	1
21	all	2
21	colours	1
21	manner	1
21	very	1
21	best	1
21	various	1
21	among	1
21	may	1
21	for	1
21	well	1
21	j	1
21	will	3
21	m	1
21	but	1
21	one	1
21	first	2
21	poor	1
21	as	4
21	hands	1
21	following	1
21	many	1
21	general	1
21	hand	1
21	much	1
21	judgement	1
21	and	14
21	left	1
21	to	3
21	that	1
21	his	2
21	above	1
21	the	17
21	no	1
21	up	1
21	be	4
21	a	5
21	second	2
21	or	3
21	by	2
21	year	2
21	are	3
21	causes	2
21	in	11
21	country	2
21	list	1
21	we	1
21	such	1
21	knowledge	1
21	u	2
21	business	2
21	rather	1
21	places	1
21	personalname	1
21	is	5
21	making	1
21	kinds	1
21	few	1
21	r	1
21	of	7
21	who	1
21	it	2
21	#allcapswords	9
21	from	3
21	particular	1
21	about	1
21	which	3
21	care	1
21	go	1
21	true	1
21	on	2
21	#sequentialcaps	12
21	#lines	34
21	#maxinitial	6
21	#quotations	11
21	#caplines	20
21	#startwname	8
21	#periods	11
21	#stdev	2710
21	#maxpair	8
21	#commas	18
21	#endwpunct	13
21	#textlines	34
21	#endwnumeral	7
21	wordNotInVocab	129
22	arabic1digit	2
22	square	9
22	property	1
22	large	1
22	etc	1
22	prove	1
22	get	1
22	time	1
22	does	1
22	their	2
22	two	1
22	upon	1
22	board	4
22	r	1
22	arabic2digit	7
22	arabic5+digit	2
22	all	6
22	given	7
22	has	1
22	rules	2
22	manner	1
22	length	13
22	very	1
22	find	1
22	with	2
22	end	1
22	may	2
22	well	1
22	sect	1
22	measure	5
22	will	9
22	wide	1
22	but	1
22	one	6
22	great	4
22	as	4
22	volume	2
22	round	3
22	give	2
22	and	28
22	price	1
22	number	3
22	general	2
22	it	2
22	#allcapswords	12
22	use	1
22	to	11
22	that	2
22	his	1
22	placename	1
22	having	1
22	the	63
22	boards	1
22	those	1
22	when	2
22	this	3
22	present	1
22	by	14
22	be	12
22	a	2
22	date	1
22	or	5
22	standard	2
22	mean	3
22	taken	1
22	now	1
22	many	1
22	are	13
22	in	23
22	they	2
22	propernoun	1
22	any	3
22	rule	9
22	either	2
22	such	1
22	taking	1
22	care	2
22	is	7
22	third	1
22	matter	1
22	for	2
22	together	4
22	arabic3digit	4
22	making	1
22	destroyed	1
22	long	2
22	used	2
22	example	1
22	then	2
22	of	23
22	can	1
22	how	1
22	reduced	1
22	been	2
22	at	1
22	from	2
22	arabic4digit	2
22	about	1
22	which	3
22	common	1
22	clear	1
22	feet	18
22	if	7
22	on	1
22	#sequentialcaps	2
22	#lines	58
22	#maxinitial	11
22	#caplines	26
22	#startwname	2
22	#periods	32
22	#stdev	2288
22	#maxpair	13
22	#commas	41
22	#endwpunct	33
22	#questionmarks	1
22	#textlines	58
22	#endwnumeral	2
22	wordNotInVocab	145
23	arabic1digit	5
23	different	1
23	contents	4
23	ground	2
23	head	2
23	two	1
23	prove	1
23	arabic2digit	202
23	given	1
23	according	1
23	rules	2
23	length	2
23	story	1
23	under	1
23	various	1
23	as	2
23	their	1
23	well	1
23	measure	1
23	will	5
23	per	5
23	one	2
23	each	1
23	first	2
23	table	2
23	following	2
23	give	1
23	and	10
23	between	1
23	#allcapswords	8
23	use	2
23	to	3
23	his	1
23	the	38
23	find	1
23	be	2
23	a	2
23	foot	5
23	or	5
23	by	6
23	new	1
23	now	1
23	are	1
23	in	12
23	os	1
23	four	2
23	is	2
23	for	10
23	personalname	1
23	rule	3
23	arabic3digit	103
23	common	2
23	then	2
23	of	19
23	stories	2
23	side	2
23	number	6
23	from	1
23	class	2
23	which	2
23	arabic4digit	5
23	feet	6
23	if	1
23	on	2
23	three	2
23	#sequentialcaps	6
23	#lines	339
23	#maxinitial	10
23	#caplines	15
23	#startwname	3
23	#periods	15
23	#stdev	1774
23	#maxpair	12
23	#commas	21
23	#endwpunct	11
23	#textlines	337
23	#endwnumeral	312
23	wordNotInVocab	105
24	arabic1digit	20
24	but	1
24	that	3
24	etc	4
24	contents	3
24	also	1
24	immediately	1
24	whole	1
24	we	1
24	all	1
24	other	2
24	bear	1
24	arabic2digit	5
24	order	1
24	them	1
24	should	1
24	into	3
24	some	1
24	make	4
24	required	2
24	known	1
24	volume	1
24	with	1
24	so	1
24	under	4
24	necessary	1
24	arabic3digit	2
24	will	3
24	one	8
24	great	1
24	table	1
24	every	1
24	as	2
24	an	2
24	length	2
24	thus	1
24	and	14
24	i	5
24	index	2
24	#allcapswords	2
24	time	1
24	to	9
24	have	1
24	wide	1
24	the	37
24	square	6
24	words	2
24	this	1
24	find	1
24	by	13
24	up	1
24	be	5
24	each	8
24	a	24
24	second	4
24	or	11
24	parts	3
24	point	1
24	are	4
24	in	13
24	ft	8
24	propernoun	7
24	rule	1
24	io	4
24	down	1
24	set	2
24	is	15
24	equal	8
24	for	2
24	been	1
24	old	1
24	several	1
24	part	6
24	used	3
24	then	2
24	of	31
24	term	2
24	third	2
24	mind	1
24	called	4
24	number	2
24	it	3
24	at	1
24	from	1
24	long	1
24	foot	24
24	which	3
24	being	1
24	feet	11
24	if	3
24	any	1
24	until	1
24	do	1
24	when	1
24	#sequentialcaps	5
24	#lines	61
24	#maxinitial	14
24	#quotations	8
24	#caplines	16
24	#startwname	2
24	#periods	37
24	#stdev	1984
24	#maxpair	15
24	#startwrubric	2
24	#commas	46
24	#endwpunct	33
24	#textlines	61
24	#endwnumeral	1
24	wordNotInVocab	139
25	least	1
25	contents	2
25	would	2
25	ground	1
25	time	1
25	plain	3
25	here	1
25	arabic2digit	1
25	should	1
25	according	2
25	order	1
25	service	1
25	has	3
25	without	1
25	had	1
25	manner	1
25	man	1
25	their	3
25	close	1
25	said	1
25	per	5
25	style	1
25	viz	1
25	first	5
25	case	1
25	every	2
25	as	5
25	an	2
25	greater	2
25	critical	1
25	thing	1
25	general	1
25	last	2
25	#allcapswords	1
25	his	1
25	placename	1
25	those	2
25	under	2
25	each	1
25	natural	1
25	a	14
25	was	1
25	new	1
25	made	1
25	s	1
25	many	2
25	in	16
25	thus	1
25	cents	1
25	business	2
25	than	2
25	rule	1
25	part	1
25	been	3
25	then	2
25	to	12
25	out	1
25	it	5
25	no	5
25	class	6
25	about	1
25	if	2
25	which	2
25	three	2
25	care	1
25	certain	1
25	arabic1digit	1
25	different	2
25	property	1
25	etc	2
25	but	4
25	fire	1
25	there	1
25	two	4
25	all	2
25	board	1
25	have	3
25	given	2
25	some	1
25	rules	4
25	make	1
25	best	1
25	room	1
25	so	2
25	wood	2
25	half	1
25	may	3
25	hard	2
25	well	3
25	will	3
25	fair	1
25	own	1
25	one	4
25	work	1
25	much	1
25	and	18
25	price	1
25	that	7
25	way	2
25	kinds	1
25	having	3
25	the	38
25	less	1
25	this	2
25	be	10
25	around	1
25	shall	1
25	second	2
25	or	5
25	by	5
25	attention	1
25	engaged	1
25	are	2
25	at	1
25	we	1
25	they	1
25	such	2
25	only	2
25	is	8
25	over	3
25	not	3
25	placed	1
25	for	10
25	personalname	1
25	practical	3
25	he	2
25	feet	2
25	of	30
25	means	1
25	good	2
25	number	2
25	found	1
25	from	3
25	charge	1
25	foot	5
25	being	1
25	on	3
25	#sequentialcaps	4
25	#lines	52
25	#maxinitial	11
25	#quotations	3
25	#caplines	13
25	#startwname	3
25	#periods	21
25	#stdev	1760
25	#maxpair	16
25	#commas	53
25	#endwpunct	17
25	#textlines	52
25	#endwnumeral	2
25	wordNotInVocab	175
26	but	1
26	contents	2
26	would	5
26	except	1
26	school	4
26	plain	2
26	arabic2digit	3
26	all	1
26	fact	1
26	story	9
26	cheaper	1
26	q	1
26	per	8
26	first	5
26	as	1
26	an	1
26	is	2
26	ground	1
26	continued	1
26	than	1
26	those	1
26	could	1
26	you	1
26	a	8
26	new	3
26	in	19
26	generally	1
26	cents	7
26	rule	1
26	then	1
26	stories	2
26	no	1
26	take	1
26	if	2
26	which	2
26	feet	4
26	arabic1digit	22
26	arabicprice	1
26	according	8
26	two	2
26	should	3
26	where	1
26	with	5
26	given	1
26	some	1
26	rules	1
26	arranged	1
26	half	1
26	well	2
26	will	4
26	be	10
26	one	2
26	each	1
26	and	19
26	i	1
26	to	20
26	above	2
26	having	2
26	the	37
26	boards	1
26	air	1
26	this	1
26	find	1
26	give	1
26	second	2
26	or	3
26	by	4
26	are	5
26	house	3
26	propernoun	1
26	such	1
26	four	1
26	extra	2
26	over	1
26	for	11
26	class	2
26	used	1
26	of	17
26	however	1
26	good	2
26	number	4
26	at	1
26	from	4
26	foot	8
26	#sequentialcaps	4
26	#lines	53
26	#maxinitial	10
26	#caplines	16
26	#startwname	1
26	#periods	27
26	#stdev	2014
26	#maxpair	15
26	#startwrubric	2
26	#commas	44
26	#endwpunct	19
26	#textlines	53
26	#endwnumeral	1
26	wordNotInVocab	183
27	contents	4
27	each	2
27	breast	1
27	time	1
27	does	1
27	any	2
27	plain	4
27	fourth	1
27	arabic2digit	1
27	should	1
27	under	1
27	city	1
27	more	1
27	their	2
27	s	2
27	arabic3digit	2
27	same	2
27	nor	1
27	as	13
27	following	2
27	much	1
27	#allcapswords	6
27	times	1
27	a	7
27	standard	2
27	new	2
27	only	2
27	personalname	1
27	in	17
27	io	1
27	days	1
27	justice	1
27	various	1
27	measure	1
27	thus	1
27	old	1
27	extra	5
27	common	1
27	carefully	1
27	them	1
27	less	2
27	ten	1
27	four	1
27	that	2
27	day	1
27	no	3
27	take	1
27	arabic4digit	1
27	though	1
27	placename	1
27	form	1
27	different	1
27	but	1
27	all	3
27	other	1
27	have	1
27	earliest	1
27	rules	4
27	make	1
27	its	1
27	so	1
27	note	1
27	well	3
27	must	1
27	will	1
27	one	2
27	work	8
27	many	1
27	and	13
27	price	3
27	between	1
27	it	2
27	considered	1
27	kinds	3
27	to	13
27	m	3
27	the	37
27	arabic1digit	4
27	this	2
27	up	2
27	even	1
27	be	6
27	above	1
27	or	6
27	taken	1
27	man	1
27	are	4
27	propernoun	5
27	we	2
27	by	3
27	such	2
27	is	4
27	than	1
27	not	2
27	equal	3
27	for	23
27	system	1
27	he	1
27	used	1
27	another	1
27	of	19
27	can	3
27	dead	3
27	found	1
27	say	1
27	they	1
27	from	1
27	foot	12
27	if	3
27	lay	3
27	per	2
27	#sequentialcaps	12
27	#lines	59
27	#maxinitial	19
27	#quotations	5
27	#caplines	29
27	#startwname	5
27	#periods	41
27	#stdev	1868
27	#maxpair	22
27	#startwrubric	1
27	#commas	41
27	#endwpunct	35
27	#textlines	59
27	#endwnumeral	1
27	wordNotInVocab	170
28	contents	5
28	any	1
28	arabic2digit	11
28	all	4
28	into	1
28	note	2
28	length	6
28	more	3
28	fifth	2
28	same	2
28	nor	1
28	every	8
28	as	5
28	following	1
28	manner	1
28	continued	1
28	#allcapswords	3
28	less	8
28	cut	4
28	each	9
28	a	1
28	standard	1
28	made	1
28	in	19
28	per	1
28	these	2
28	together	1
28	matter	1
28	rule	2
28	that	1
28	no	2
28	feet	4
28	added	1
28	when	4
28	arabic1digit	10
28	different	2
28	large	1
28	etc	2
28	two	6
28	other	1
28	some	1
28	rules	1
28	with	2
28	so	1
28	measure	2
28	will	1
28	at	6
28	one	18
28	to	20
28	round	2
28	work	5
28	and	26
28	above	1
28	the	14
28	square	1
28	be	11
28	therefore	1
28	foot	11
28	or	14
28	are	3
28	make	1
28	propernoun	7
28	we	1
28	by	3
28	such	3
28	spring	1
28	four	1
28	face	1
28	is	2
28	than	2
28	not	1
28	for	25
28	used	1
28	another	1
28	of	42
28	term	1
28	half	8
28	speak	1
28	from	1
28	if	2
28	#sequentialcaps	4
28	#lines	58
28	#maxinitial	7
28	#quotations	26
28	#caplines	14
28	#startwname	2
28	#periods	48
28	#stdev	1870
28	#maxpair	9
28	#commas	41
28	#endwpunct	22
28	#textlines	58
28	#endwnumeral	2
28	wordNotInVocab	246
29	contents	5
29	plain	1
29	like	2
29	arabic2digit	3
29	all	1
29	required	1
29	more	1
29	for	11
29	such	2
29	same	1
29	every	2
29	as	5
29	extra	1
29	continued	1
29	and	19
29	less	3
29	that	1
29	his	1
29	each	2
29	distance	1
29	made	2
29	only	1
29	in	13
29	greatest	4
29	cut	1
29	rule	2
29	#allcapswords	2
29	out	1
29	no	4
29	take	1
29	though	1
29	feet	1
29	added	1
29	when	3
29	arabic1digit	12
29	etc	3
29	two	1
29	other	6
29	given	2
29	with	2
29	may	1
29	well	1
29	measure	1
29	one	6
29	it	1
29	length	8
29	round	1
29	work	1
29	between	1
29	to	18
29	the	4
29	or	12
29	find	2
29	be	13
29	above	2
29	square	2
29	by	22
29	at	3
29	eight	1
29	shall	1
29	propernoun	10
29	spring	2
29	four	1
29	is	1
29	than	1
29	not	3
29	were	1
29	s	1
29	personalname	1
29	full	1
29	of	29
29	half	2
29	side	1
29	from	4
29	foot	7
29	line	3
29	if	6
29	#sequentialcaps	3
29	#lines	53
29	#maxinitial	7
29	#quotations	7
29	#caplines	20
29	#startwname	6
29	#periods	45
29	#stdev	2109
29	#maxpair	10
29	#startwrubric	5
29	#commas	46
29	#endwpunct	22
29	#textlines	53
29	#endwnumeral	1
29	wordNotInVocab	200
30	contents	2
30	plain	2
30	arabic2digit	4
30	should	2
30	o	2
30	length	1
30	wide	2
30	more	3
30	their	1
30	arabic3digit	7
30	per	2
30	first	1
30	hundred	2
30	less	4
30	cut	2
30	each	4
30	a	7
30	because	1
30	made	1
30	in	9
30	cents	1
30	five	1
30	thousand	1
30	rule	1
30	#allcapswords	9
30	out	1
30	long	2
30	cast	1
30	course	3
30	that	1
30	no	1
30	take	1
30	feet	4
30	arabic1digit	14
30	arabicprice	1
30	them	1
30	etc	2
30	enough	1
30	all	3
30	other	1
30	make	3
30	well	1
30	measure	3
30	three	2
30	one	8
30	work	2
30	and	18
30	price	1
30	between	2
30	i	2
30	to	17
30	the	17
30	or	5
30	from	3
30	be	13
30	square	2
30	by	13
30	eight	4
30	propernoun	5
30	fifth	1
30	foe	1
30	is	1
30	than	3
30	cover	1
30	for	9
30	on	7
30	of	24
30	half	1
30	good	1
30	number	1
30	boards	1
30	will	7
30	foot	11
30	lay	2
30	#sequentialcaps	3
30	#lines	55
30	#maxinitial	6
30	#quotations	12
30	#caplines	24
30	#startwname	7
30	#periods	50
30	#stdev	2101
30	#maxpair	10
30	#startwrubric	2
30	#commas	41
30	#endwpunct	29
30	#textlines	55
30	#endwnumeral	3
30	wordNotInVocab	187
31	subject	1
31	contents	1
31	would	1
31	high	1
31	arabic2digit	11
31	all	4
31	into	1
31	according	2
31	required	4
31	fact	2
31	length	1
31	various	4
31	for	5
31	arabic3digit	5
31	prove	1
31	great	2
31	every	1
31	as	6
31	following	2
31	still	1
31	equal	1
31	#allcapswords	3
31	use	1
31	less	1
31	heat	1
31	a	16
31	dark	1
31	standard	4
31	section	2
31	made	3
31	arabic5+digit	2
31	possible	1
31	red	1
31	in	28
31	placename	1
31	per	6
31	its	1
31	matter	1
31	degree	1
31	thousand	2
31	rule	4
31	old	1
31	method	1
31	common	1
31	important	1
31	long	1
31	free	1
31	then	1
31	to	15
31	called	1
31	reduced	1
31	that	8
31	no	2
31	arabic4digit	3
31	about	1
31	which	6
31	care	1
31	feet	4
31	put	1
31	how	1
31	when	2
31	arabic1digit	9
31	form	1
31	arabicprice	1
31	but	2
31	especially	1
31	fire	1
31	contains	4
31	g	1
31	should	1
31	upon	1
31	there	1
31	of	32
31	given	2
31	some	1
31	before	1
31	known	1
31	colours	1
31	so	1
31	has	1
31	containing	1
31	may	1
31	well	2
31	will	9
31	be	6
31	one	3
31	each	1
31	it	4
31	many	1
31	and	16
31	character	1
31	i	3
31	the	49
31	square	1
31	this	4
31	give	1
31	or	5
31	by	8
31	taken	1
31	more	1
31	are	5
31	propernoun	1
31	any	2
31	is	14
31	than	2
31	fair	1
31	s	1
31	personalname	1
31	like	1
31	place	1
31	used	1
31	account	1
31	fine	1
31	half	1
31	laid	2
31	number	8
31	found	1
31	they	1
31	from	4
31	foot	9
31	country	3
31	being	2
31	if	1
31	lay	1
31	preparation	1
31	on	1
31	#sequentialcaps	3
31	#lines	58
31	#maxinitial	11
31	#caplines	12
31	#startwname	3
31	#periods	23
31	#stdev	1879
31	#maxpair	15
31	#commas	33
31	#endwpunct	19
31	#textlines	58
31	#endwnumeral	2
31	wordNotInVocab	192
32	arabic1digit	68
32	arabicprice	1
32	different	1
32	all	2
32	contents	2
32	not	1
32	or	17
32	n	1
32	plain	1
32	g	1
32	to	9
32	arabic2digit	95
32	added	3
32	required	1
32	with	1
32	so	1
32	country	1
32	more	1
32	such	1
32	arabic3digit	177
32	romannumeral	3
32	measure	1
32	will	1
32	but	1
32	one	5
32	round	1
32	every	3
32	as	2
32	length	2
32	following	1
32	work	1
32	account	1
32	and	12
32	time	1
32	i	3
32	#allcapswords	21
32	less	2
32	was	1
32	the	10
32	fit	1
32	square	2
32	this	2
32	find	1
32	be	4
32	each	5
32	east	1
32	r	1
32	arabic4digit	89
32	arabic5+digit	55
32	parts	1
32	s	1
32	ft	2
32	especially	1
32	in	19
32	do	1
32	propernoun	3
32	any	1
32	around	1
32	j	1
32	is	2
32	than	1
32	for	15
32	on	1
32	are	3
32	of	20
32	half	3
32	side	1
32	it	1
32	take	1
32	foot	5
32	where	1
32	though	1
32	feet	1
32	if	1
32	most	1
32	table	2
32	when	3
32	#sequentialcaps	9
32	#lines	520
32	#maxinitial	10
32	#quotations	1
32	#caplines	28
32	#startwname	7
32	#periods	46
32	#stdev	1296
32	#maxpair	15
32	#startwrubric	10
32	#commas	152
32	#endwpunct	27
32	#exclamationpoints	1
32	#textlines	464
32	#endwnumeral	452
32	wordNotInVocab	118
33	arabic1digit	437
33	b	5
33	arabic2digit	82
33	r	4
33	propernoun	1
33	re	1
33	n	8
33	g	2
33	d	1
33	co	1
33	ft	3
33	h	4
33	personalname	1
33	il	7
33	e	22
33	os	2
33	f	5
33	z	3
33	o	3
33	j	4
33	s	9
33	t	20
33	arabic3digit	5
33	romannumeral	27
33	w	2
33	op	1
33	k	6
33	i	25
33	a	3
33	if	1
33	#allcapswords	89
33	m	3
33	#sequentialcaps	10
33	#lines	510
33	#maxinitial	26
33	#quotations	8
33	#caplines	56
33	#startwname	8
33	#periods	28
33	#stdev	202
33	#maxpair	29
33	#commas	10
33	#endwpunct	35
33	#questionmarks	1
33	#exclamationpoints	21
33	#textlines	302
33	#endwnumeral	345
33	wordNotInVocab	33
34	b	2
34	prove	2
34	does	1
34	especially	1
34	never	1
34	h	2
34	hence	1
34	bear	1
34	sight	1
34	lose	1
34	should	4
34	length	1
34	their	2
34	for	7
34	arabic3digit	5
34	ready	1
34	my	1
34	great	2
34	interest	1
34	nor	1
34	as	6
34	an	3
34	following	1
34	know	1
34	hand	2
34	who	1
34	and	18
34	use	3
34	late	1
34	his	2
34	placename	1
34	our	1
34	when	1
34	him	1
34	viz	1
34	letter	1
34	you	1
34	a	6
34	life	1
34	made	1
34	only	1
34	many	1
34	in	16
34	that	2
34	these	5
34	rule	1
34	mr	2
34	run	1
34	against	2
34	old	2
34	#allcapswords	18
34	gentlemen	1
34	carefully	1
34	out	1
34	them	4
34	called	1
34	it	3
34	no	1
34	take	1
34	class	1
34	which	2
34	part	1
34	feet	2
34	sometimes	1
34	table	1
34	french	4
34	arabic1digit	15
34	different	1
34	property	3
34	having	1
34	also	2
34	the	30
34	but	1
34	arabic2digit	12
34	fire	2
34	or	3
34	condition	1
34	described	1
34	all	3
34	upon	3
34	board	2
34	esq	1
34	have	2
34	its	1
34	make	1
34	known	1
34	book	1
34	may	3
34	well	1
34	will	2
34	hope	1
34	one	1
34	ten	1
34	relating	1
34	work	2
34	much	2
34	best	1
34	i	5
34	to	19
34	m	1
34	with	2
34	us	1
34	square	1
34	this	3
34	find	1
34	up	2
34	be	5
34	arabic4digit	38
34	set	1
34	by	5
34	they	1
34	your	1
34	now	1
34	water	1
34	years	4
34	persons	1
34	almost	1
34	person	1
34	we	2
34	style	2
34	is	2
34	pleasure	1
34	than	2
34	not	3
34	field	2
34	s	2
34	personalname	2
34	away	1
34	company	1
34	full	1
34	of	28
34	last	1
34	number	1
34	been	1
34	boards	1
34	from	3
34	foot	3
34	being	1
34	age	1
34	if	1
34	both	1
34	on	2
34	#sequentialcaps	3
34	#lines	141
34	#maxinitial	7
34	#quotations	5
34	#caplines	26
34	#startwname	2
34	#periods	75
34	#stdev	2761
34	#maxpair	12
34	#commas	49
34	#endwpunct	20
34	#textlines	126
34	#endwnumeral	68
34	wordNotInVocab	174
35	arabic1digit	46
35	arabicprice	6
35	etc	2
35	n	1
35	two	2
35	arabic2digit	67
35	order	2
35	all	3
35	rules	1
35	s	2
35	arabic3digit	28
35	work	2
35	and	5
35	price	4
35	i	1
35	smith	1
35	no	6
35	#allcapswords	29
35	up	2
35	complete	10
35	a	2
35	arabic4digit	8
35	set	2
35	for	2
35	ft	5
35	in	3
35	list	4
35	wood	2
35	propernoun	2
35	four	4
35	run	2
35	personalname	2
35	net	2
35	corn	1
35	little	1
35	it	1
35	from	2
35	three	2
35	#sequentialcaps	4
35	#lines	128
35	#maxinitial	6
35	#quotations	8
35	#caplines	26
35	#startwname	4
35	#periods	38
35	#stdev	1117
35	#maxpair	10
35	#startwrubric	4
35	#commas	35
35	#endwpunct	33
35	#textlines	126
35	#endwnumeral	57
35	wordNotInVocab	97
36	arabic1digit	60
36	arabicprice	3
36	b	1
36	etc	2
36	order	2
36	g	1
36	arabic2digit	59
36	e	1
36	all	2
36	wood	2
36	arabic3digit	41
36	romannumeral	5
36	work	2
36	i'll	1
36	and	3
36	price	3
36	i	1
36	#allcapswords	38
36	smith	1
36	arabic5+digit	5
36	up	2
36	complete	5
36	a	3
36	arabic4digit	9
36	set	2
36	six	1
36	for	2
36	ft	8
36	in	1
36	list	4
36	corn	1
36	propernoun	3
36	two	3
36	four	4
36	run	1
36	s	4
36	net	1
36	of	1
36	no	14
36	from	2
36	three	1
36	#sequentialcaps	14
36	#lines	154
36	#maxinitial	12
36	#quotations	11
36	#caplines	30
36	#startwname	4
36	#periods	58
36	#stdev	1012
36	#maxpair	16
36	#startwrubric	10
36	#commas	33
36	#endwpunct	32
36	#textlines	149
36	#endwnumeral	79
36	wordNotInVocab	111
37	arabic1digit	14
37	arabicprice	1
37	b	1
37	etc	1
37	corn	1
37	hill	2
37	two	5
37	son	1
37	h	1
37	c	1
37	arabic2digit	35
37	order	1
37	all	1
37	g	2
37	arabic3digit	25
37	romannumeral	4
37	j	3
37	propernoun	2
37	run	1
37	work	1
37	annual	1
37	and	5
37	price	2
37	i	3
37	#allcapswords	35
37	smith	1
37	m	6
37	no	2
37	arabic5+digit	1
37	real	1
37	up	1
37	complete	2
37	a	1
37	set	1
37	six	1
37	for	1
37	in	1
37	list	2
37	wood	1
37	per	2
37	io	1
37	four	2
37	s	5
37	personalname	1
37	on	4
37	w	2
37	ft	2
37	net	1
37	too	1
37	from	1
37	arabic4digit	6
37	three	1
37	placename	1
37	#sequentialcaps	3
37	#lines	115
37	#maxinitial	11
37	#quotations	20
37	#caplines	63
37	#startwname	8
37	#periods	24
37	#stdev	973
37	#maxpair	17
37	#startwrubric	4
37	#commas	31
37	#endwpunct	16
37	#exclamationpoints	1
37	#textlines	114
37	#endwnumeral	46
37	wordNotInVocab	123
38	b	1
38	what	2
38	type	3
38	would	1
38	whole	1
38	time	1
38	paper	4
38	high	1
38	arabic2digit	24
38	should	3
38	f	1
38	has	1
38	required	2
38	nearly	1
38	length	8
38	various	1
38	house	1
38	fifth	2
38	arabic3digit	14
38	romannumeral	12
38	per	4
38	following	1
38	first	1
38	pages	2
38	as	1
38	page	4
38	last	1
38	#allcapswords	24
38	horse	5
38	less	1
38	placename	1
38	each	1
38	a	5
38	arabic5+digit	9
38	standard	1
38	mean	1
38	for	12
38	in	16
38	off	1
38	cut	1
38	rule	9
38	used	1
38	together	2
38	volume	2
38	h	3
38	then	5
38	it	1
38	long	1
38	arabic4digit	4
38	feet	13
38	added	1
38	how	1
38	arabic1digit	7
38	arabicprice	1
38	large	1
38	etc	1
38	but	1
38	enough	1
38	other	1
38	given	1
38	some	1
38	with	1
38	united	1
38	near	1
38	measure	1
38	will	9
38	one	3
38	many	1
38	and	24
38	number	10
38	i	1
38	to	16
38	m	2
38	the	64
38	square	12
38	this	2
38	find	4
38	be	12
38	or	2
38	by	24
38	wood	1
38	water	2
38	at	1
38	propernoun	7
38	any	1
38	set	1
38	is	6
38	equal	1
38	proper	1
38	practical	1
38	of	41
38	half	3
38	been	1
38	small	1
38	from	1
38	foot	1
38	being	2
38	if	1
38	power	5
38	necessary	1
38	#sequentialcaps	3
38	#lines	67
38	#maxinitial	11
38	#caplines	29
38	#startwname	9
38	#periods	69
38	#stdev	2573
38	#maxpair	16
38	#commas	31
38	#endwpunct	35
38	#questionmarks	2
38	#textlines	67
38	#endwnumeral	9
38	wordNotInVocab	233
39	arabic1digit	19
39	different	2
39	also	3
39	ill	1
39	n	1
39	arabic2digit	79
39	am	1
39	make	1
39	required	3
39	book	5
39	necessary	1
39	arabic3digit	13
39	body	1
39	romannumeral	2
39	one	3
39	w	2
39	type	6
39	work	2
39	i	4
39	p	1
39	and	5
39	left	1
39	to	14
39	m	1
39	the	20
39	those	1
39	or	7
39	by	1
39	give	1
39	a	7
39	arabic4digit	47
39	arabic5+digit	3
39	standard	4
39	matter	6
39	six	1
39	s	3
39	co	1
39	in	27
39	j	2
39	u	2
39	for	2
39	personalname	1
39	measure	1
39	#allcapswords	27
39	are	1
39	long	3
39	used	1
39	of	28
39	number	12
39	small	1
39	no	21
39	line	5
39	right	1
39	lines	6
39	if	1
39	table	4
39	on	2
39	#sequentialcaps	10
39	#lines	244
39	#maxinitial	24
39	#caplines	52
39	#startwname	5
39	#periods	93
39	#stdev	1503
39	#maxpair	31
39	#startwrubric	21
39	#commas	19
39	#endwpunct	57
39	#exclamationpoints	1
39	#textlines	235
39	#endwnumeral	122
39	wordNotInVocab	169
40	arabic1digit	3
40	large	1
40	etc	1
40	times	1
40	rule	11
40	n	1
40	i	1
40	ditto	2
40	where	1
40	arabic2digit	28
40	there	1
40	of	25
40	rules	1
40	make	19
40	length	5
40	third	1
40	half	1
40	their	1
40	arabic3digit	9
40	will	11
40	per	7
40	one	17
40	fourth	2
40	foe	3
40	following	2
40	give	5
40	and	36
40	fifth	1
40	it	2
40	cast	5
40	to	26
40	the	74
40	square	2
40	#allcapswords	1
40	be	7
40	a	5
40	arabic4digit	2
40	or	4
40	by	11
40	point	17
40	arabic5+digit	2
40	ft	4
40	in	23
40	propernoun	4
40	thus	1
40	is	3
40	for	6
40	together	3
40	personalname	1
40	are	1
40	making	1
40	place	1
40	left	1
40	them	3
40	number	3
40	found	2
40	small	1
40	from	2
40	foot	6
40	which	1
40	table	1
40	at	2
40	#sequentialcaps	17
40	#lines	72
40	#maxinitial	23
40	#quotations	29
40	#caplines	47
40	#startwname	3
40	#periods	80
40	#stdev	2290
40	#maxpair	23
40	#commas	52
40	#endwpunct	47
40	#textlines	72
40	#endwnumeral	8
40	wordNotInVocab	254
41	contents	3
41	also	2
41	propernoun	2
41	paper	4
41	arabic2digit	9
41	all	1
41	room	1
41	has	3
41	required	4
41	nearly	1
41	length	7
41	various	1
41	end	1
41	arabic3digit	5
41	body	2
41	numerous	1
41	said	1
41	but	1
41	first	1
41	as	4
41	following	4
41	kind	1
41	general	1
41	page	1
41	use	1
41	placename	1
41	times	2
41	distance	1
41	a	11
41	arabic5+digit	2
41	new	1
41	made	2
41	places	1
41	in	31
41	land	1
41	sound	1
41	rule	20
41	off	2
41	together	1
41	instances	1
41	you	3
41	ear	2
41	five	2
41	thus	2
41	old	2
41	cattle	1
41	part	1
41	then	9
41	course	1
41	half	1
41	that	5
41	settled	2
41	arabic4digit	2
41	almost	1
41	right	1
41	feet	8
41	how	1
41	when	3
41	different	1
41	etc	1
41	immediately	1
41	le	1
41	possible	1
41	corn	6
41	two	1
41	should	1
41	upon	1
41	have	4
41	given	2
41	rules	2
41	make	3
41	very	1
41	so	1
41	among	1
41	well	2
41	measure	4
41	will	16
41	give	2
41	one	3
41	just	1
41	it	6
41	table	1
41	alone	1
41	many	2
41	and	34
41	been	2
41	to	14
41	with	2
41	the	106
41	arabic1digit	4
41	square	5
41	nay	1
41	this	10
41	find	1
41	standard	2
41	be	9
41	or	8
41	by	27
41	point	2
41	behind	2
41	which	3
41	any	2
41	around	3
41	is	10
41	field	2
41	for	10
41	personalname	1
41	along	1
41	practical	1
41	account	1
41	of	50
41	good	1
41	number	18
41	found	1
41	from	3
41	back	1
41	line	1
41	country	1
41	if	5
41	on	2
41	#sequentialcaps	4
41	#lines	70
41	#maxinitial	19
41	#caplines	23
41	#startwname	10
41	#periods	30
41	#stdev	2160
41	#maxpair	20
41	#commas	43
41	#endwpunct	23
41	#questionmarks	1
41	#textlines	70
41	#endwnumeral	3
41	wordNotInVocab	242
42	arabic1digit	1
42	arabicprice	1
42	arabic2digit	322
42	n	1
42	corn	2
42	d	1
42	has	1
42	sweet	1
42	so	1
42	passed	1
42	per	1
42	par	1
42	an	1
42	following	1
42	i	1
42	left	1
42	placename	2
42	the	4
42	#allcapswords	5
42	a	1
42	blue	1
42	in	1
42	t	1
42	propernoun	3
42	state	1
42	law	1
42	is	1
42	personalname	1
42	its	1
42	fine	2
42	of	3
42	red	1
42	number	1
42	no	1
42	table	1
42	when	1
42	#sequentialcaps	9
42	#lines	365
42	#maxinitial	6
42	#quotations	6
42	#caplines	32
42	#startwname	5
42	#periods	38
42	#stdev	651
42	#maxpair	9
42	#startwrubric	4
42	#commas	15
42	#endwpunct	19
42	#exclamationpoints	1
42	#textlines	363
42	#endwnumeral	320
42	wordNotInVocab	62
43	having	1
43	the	29
43	arabicprice	2
43	this	1
43	find	1
43	be	2
43	a	1
43	arabic4digit	1
43	square	1
43	by	8
43	mean	3
43	two	1
43	for	1
43	in	5
43	wine	2
43	arabic2digit	7
43	head	4
43	s	1
43	personalname	1
43	thus	1
43	will	2
43	one	1
43	first	1
43	of	7
43	third	1
43	length	2
43	found	1
43	and	6
43	between	1
43	to	3
43	second	1
43	#sequentialcaps	4
43	#lines	22
43	#maxinitial	5
43	#caplines	6
43	#startwname	1
43	#periods	12
43	#stdev	2803
43	#maxpair	5
43	#commas	6
43	#endwpunct	5
43	#textlines	19
43	#endwnumeral	4
43	wordNotInVocab	51
44	arabic1digit	28
44	large	1
44	etc	1
44	same	1
44	example	3
44	have	2
44	times	1
44	condition	1
44	contains	2
44	full	1
44	all	1
44	where	1
44	arabic2digit	11
44	there	1
44	should	1
44	this	6
44	rules	1
44	so	2
44	q	1
44	s	1
44	four	1
44	arabic3digit	25
44	will	3
44	o	1
44	as	3
44	following	1
44	last	2
44	cannot	1
44	between	2
44	that	1
44	and	14
44	to	2
44	the	38
44	or	4
44	take	2
44	itself	1
44	be	6
44	each	1
44	you	2
44	a	2
44	square	4
44	by	11
44	mean	3
44	taken	1
44	arabic5+digit	11
44	only	1
44	co	1
44	are	1
44	in	12
44	i	1
44	from	2
44	such	1
44	is	2
44	not	2
44	for	3
44	rule	1
44	together	2
44	clear	2
44	practical	1
44	of	17
44	number	1
44	circle	1
44	#allcapswords	9
44	arabic4digit	3
44	which	1
44	being	1
44	feet	4
44	table	1
44	true	1
44	on	1
44	#sequentialcaps	2
44	#lines	90
44	#maxinitial	6
44	#caplines	20
44	#periods	44
44	#stdev	2783
44	#maxpair	11
44	#startwrubric	8
44	#commas	25
44	#endwpunct	27
44	#textlines	70
44	#endwnumeral	41
44	wordNotInVocab	124
45	arabic1digit	85
45	the	4
45	arabicprice	1
45	b	1
45	etc	1
45	viz	1
45	n	4
45	g	1
45	various	1
45	ft	1
45	h	3
45	in	37
45	at	1
45	arabic2digit	88
45	d	1
45	j	1
45	parts	4
45	foot	1
45	la	1
45	s	2
45	personalname	1
45	their	1
45	arabic3digit	113
45	and	3
45	measure	1
45	per	1
45	t	1
45	of	11
45	k	1
45	it	1
45	#allcapswords	25
45	arabic4digit	40
45	hi	1
45	i	3
45	a	6
45	feet	9
45	table	3
45	to	1
45	m	3
45	#sequentialcaps	13
45	#lines	427
45	#maxinitial	39
45	#quotations	41
45	#caplines	42
45	#startwname	5
45	#periods	256
45	#stdev	585
45	#maxpair	44
45	#startwrubric	19
45	#commas	15
45	#endwpunct	135
45	#questionmarks	2
45	#textlines	390
45	#endwnumeral	286
45	wordNotInVocab	68
46	arabic1digit	7
46	the	2
46	arabic5+digit	11
46	same	2
46	a	9
46	foot	1
46	or	1
46	t	1
46	deep	6
46	arabic2digit	17
46	head	1
46	run	1
46	length	1
46	hold	2
46	arabic3digit	316
46	will	2
46	per	1
46	propernoun	2
46	one	5
46	of	6
46	half	4
46	volume	1
46	us	1
46	and	7
46	arabic4digit	7
46	in	1
46	i	3
46	#allcapswords	8
46	#sequentialcaps	3
46	#lines	349
46	#maxinitial	10
46	#caplines	12
46	#periods	366
46	#stdev	905
46	#maxpair	10
46	#startwrubric	2
46	#commas	12
46	#endwpunct	25
46	#exclamationpoints	1
46	#textlines	346
46	#endwnumeral	322
46	wordNotInVocab	54
47	arabic1digit	35
47	the	11
47	arabicprice	1
47	no	1
47	seen	1
47	find	1
47	on	2
47	pages	7
47	be	1
47	arabic2digit	129
47	paper	3
47	for	5
47	in	4
47	right	1
47	propernoun	1
47	any	2
47	given	1
47	imo	1
47	required	2
47	book	2
47	is	3
47	8vo	1
47	s	1
47	personalname	1
47	thousand	1
47	arabic3digit	156
47	will	1
47	#allcapswords	11
47	example	1
47	of	8
47	each	1
47	note	1
47	half	1
47	how	1
47	containing	1
47	many	1
47	and	2
47	number	3
47	from	1
47	arabic4digit	1
47	a	4
47	copies	2
47	left	1
47	table	1
47	to	3
47	necessary	1
47	form	2
47	#sequentialcaps	9
47	#lines	310
47	#maxinitial	9
47	#caplines	17
47	#startwname	4
47	#periods	22
47	#stdev	908
47	#maxpair	9
47	#startwrubric	9
47	#commas	5
47	#endwpunct	18
47	#questionmarks	1
47	#textlines	299
47	#endwnumeral	279
47	wordNotInVocab	28
48	arabic1digit	109
48	the	2
48	arabicprice	3
48	find	1
48	be	1
48	a	2
48	n	2
48	i	5
48	ft	3
48	h	2
48	upon	1
48	in	5
48	at	1
48	placename	2
48	arabic2digit	296
48	any	1
48	given	1
48	room	1
48	has	1
48	is	2
48	for	1
48	t	1
48	may	1
48	s	9
48	arabic3digit	12
48	carefully	1
48	romannumeral	107
48	will	1
48	great	1
48	of	6
48	as	1
48	following	1
48	number	1
48	it	2
48	and	2
48	hi	1
48	been	1
48	if	1
48	#allcapswords	12
48	table	2
48	on	1
48	#sequentialcaps	4
48	#lines	465
48	#maxinitial	106
48	#quotations	4
48	#caplines	14
48	#startwname	1
48	#periods	311
48	#stdev	616
48	#maxpair	106
48	#startwrubric	4
48	#commas	7
48	#endwpunct	70
48	#textlines	379
48	#endwnumeral	396
48	wordNotInVocab	22
49	prove	1
49	also	1
49	h	2
49	arabic2digit	26
49	has	1
49	necessary	2
49	arabic3digit	17
49	romannumeral	1
49	said	1
49	as	1
49	an	3
49	following	3
49	than	1
49	use	1
49	less	1
49	times	1
49	present	4
49	a	12
49	arabic5+digit	4
49	new	1
49	ib	1
49	s	1
49	in	4
49	i	7
49	g	1
49	nothing	1
49	cents	10
49	thus	1
49	old	2
49	#allcapswords	36
49	part	2
49	net	4
49	then	5
49	received	2
49	that	2
49	arabic4digit	3
49	which	1
49	table	2
49	when	1
49	arabic1digit	35
49	arabicprice	2
49	there	1
49	rule	9
49	other	2
49	upon	1
49	order	1
49	given	3
49	its	1
49	therefore	1
49	may	2
49	will	14
49	without	2
49	one	22
49	it	3
49	and	13
49	price	1
49	more	1
49	to	11
49	the	61
49	this	1
49	find	1
49	parts	5
49	be	14
49	above	2
49	or	8
49	by	28
49	sold	2
49	various	1
49	are	2
49	any	1
49	style	1
49	over	1
49	not	2
49	equal	23
49	for	3
49	personalname	1
49	is	20
49	another	1
49	of	53
49	k	1
49	number	4
49	been	1
49	from	5
49	on	1
49	#sequentialcaps	7
49	#lines	78
49	#maxinitial	8
49	#quotations	2
49	#caplines	19
49	#startwname	9
49	#periods	78
49	#stdev	2133
49	#maxpair	9
49	#commas	48
49	#endwpunct	38
49	#textlines	78
49	#endwnumeral	21
49	wordNotInVocab	240
50	due	9
50	prove	1
50	not	2
50	time	2
50	year	2
50	interest	30
50	arabic2digit	21
50	note	3
50	o	1
50	required	1
50	cents	2
50	arabic3digit	1
50	first	1
50	every	3
50	as	2
50	an	1
50	following	3
50	hand	1
50	#allcapswords	2
50	left	7
50	use	3
50	less	2
50	towards	2
50	general	1
50	former	1
50	a	4
50	made	2
50	for	17
50	men	1
50	in	7
50	together	1
50	off	2
50	days	7
50	j	1
50	business	2
50	hundred	3
50	period	1
50	cut	1
50	rule	4
50	called	2
50	received	1
50	that	2
50	if	2
50	which	4
50	right	2
50	money	3
50	observed	1
50	until	1
50	table	1
50	true	2
50	when	5
50	arabic1digit	24
50	arabicprice	1
50	etc	1
50	the	89
50	but	3
50	then	4
50	two	5
50	either	2
50	other	2
50	upon	1
50	call	1
50	have	1
50	given	1
50	rules	2
50	so	2
50	among	1
50	may	1
50	must	1
50	will	11
50	one	13
50	many	2
50	and	17
50	it	7
50	considered	2
50	to	20
50	this	1
50	find	1
50	be	15
50	or	9
50	by	28
50	point	9
50	taken	2
50	six	1
50	at	9
50	any	2
50	such	1
50	face	1
50	though	1
50	applied	1
50	is	21
50	than	1
50	places	3
50	better	1
50	are	1
50	place	5
50	goes	1
50	used	1
50	of	18
50	before	2
50	principal	7
50	number	3
50	been	1
50	from	1
50	on	8
50	#sequentialcaps	7
50	#lines	70
50	#maxinitial	12
50	#caplines	19
50	#startwname	2
50	#periods	33
50	#stdev	2118
50	#maxpair	13
50	#startwrubric	2
50	#commas	60
50	#endwpunct	32
50	#textlines	70
50	#endwnumeral	12
50	wordNotInVocab	166
51	arabic1digit	40
51	square	2
51	what	4
51	if	1
51	same	3
51	have	1
51	time	5
51	their	1
51	we	1
51	two	3
51	interest	3
51	arabic2digit	44
51	given	1
51	service	1
51	note	3
51	rules	1
51	manner	1
51	without	1
51	very	1
51	half	1
51	may	3
51	arabic3digit	11
51	romannumeral	7
51	added	2
51	will	2
51	but	1
51	one	3
51	each	2
51	as	3
51	work	1
51	and	18
51	price	1
51	number	1
51	in	4
51	it	2
51	continued	1
51	#allcapswords	16
51	to	10
51	the	52
51	times	1
51	set	9
51	this	3
51	present	2
51	find	1
51	under	1
51	be	6
51	hand	1
51	a	4
51	arabic4digit	5
51	or	3
51	by	17
51	mean	1
51	arabic5+digit	4
51	s	1
51	following	1
51	are	1
51	at	3
51	taking	1
51	propernoun	18
51	any	2
51	together	4
51	generally	1
51	days	1
51	face	3
51	only	1
51	is	11
51	not	1
51	equal	5
51	for	3
51	rule	4
51	down	9
51	method	1
51	common	1
51	system	1
51	place	1
51	used	1
51	then	2
51	of	19
51	can	1
51	arabicprice	1
51	once	3
51	found	1
51	from	2
51	three	2
51	right	1
51	on	1
51	when	3
51	#sequentialcaps	5
51	#lines	69
51	#maxinitial	10
51	#caplines	27
51	#startwname	12
51	#periods	43
51	#stdev	2800
51	#maxpair	10
51	#startwrubric	1
51	#commas	32
51	#endwpunct	34
51	#questionmarks	4
51	#exclamationpoints	1
51	#textlines	68
51	#endwnumeral	33
51	wordNotInVocab	124
52	arabic1digit	11
52	property	1
52	same	2
52	arabic2digit	49
52	would	3
52	time	1
52	then	1
52	any	2
52	g	1
52	other	1
52	next	1
52	have	1
52	all	1
52	given	1
52	has	1
52	required	1
52	more	1
52	may	3
52	well	1
52	one	2
52	viz	1
52	turn	1
52	as	2
52	following	1
52	many	1
52	and	10
52	between	4
52	within	1
52	#allcapswords	2
52	use	2
52	to	12
52	day	4
52	that	4
52	published	1
52	the	21
52	find	2
52	be	4
52	having	1
52	a	1
52	date	1
52	above	1
52	or	1
52	by	2
52	june	1
52	year	1
52	are	1
52	years	1
52	works	1
52	in	4
52	at	2
52	propernoun	7
52	we	5
52	days	9
52	is	7
52	for	1
52	personalname	1
52	arabic3digit	111
52	common	2
52	found	1
52	been	2
52	of	17
52	side	1
52	number	6
52	it	2
52	from	7
52	march	11
52	arabic4digit	2
52	about	1
52	which	3
52	if	2
52	table	3
52	#sequentialcaps	3
52	#lines	189
52	#maxinitial	6
52	#quotations	2
52	#caplines	25
52	#startwname	6
52	#periods	26
52	#stdev	1895
52	#maxpair	10
52	#startwrubric	9
52	#commas	18
52	#endwpunct	17
52	#textlines	185
52	#endwnumeral	150
52	wordNotInVocab	55
53	arabic1digit	48
53	etc	4
53	pages	8
53	paper	3
53	other	2
53	post	1
53	is	2
53	imo	1
53	make	26
53	book	1
53	letter	2
53	arabic3digit	5
53	romannumeral	29
53	leaves	8
53	will	1
53	great	1
53	also	1
53	many	1
53	and	2
53	i	1
53	demy	3
53	#allcapswords	24
53	crown	2
53	having	1
53	square	5
53	words	2
53	this	2
53	or	8
53	by	2
53	sold	2
53	places	1
53	are	1
53	personalname	2
53	in	3
53	wine	1
53	propernoun	3
53	any	1
53	foot	1
53	extra	1
53	the	4
53	imperial	3
53	royal	6
53	for	2
53	length	1
53	ft	1
53	used	2
53	cheap	1
53	of	5
53	k	1
53	measure	6
53	emperor	1
53	small	1
53	arabic4digit	8
53	feet	2
53	arabic2digit	99
53	#sequentialcaps	4
53	#lines	95
53	#maxinitial	10
53	#caplines	60
53	#startwname	4
53	#periods	81
53	#stdev	1457
53	#maxpair	17
53	#startwrubric	3
53	#commas	37
53	#endwpunct	62
53	#textlines	94
53	#endwnumeral	28
53	wordNotInVocab	169
54	other	1
54	latter	1
54	except	1
54	long	1
54	n	1
54	high	1
54	arabic2digit	29
54	all	3
54	laws	1
54	nearly	1
54	length	1
54	their	1
54	for	2
54	arabic3digit	20
54	according	2
54	as	3
54	still	1
54	things	1
54	general	1
54	continued	1
54	#allcapswords	23
54	bodies	1
54	former	1
54	a	7
54	was	1
54	arabic5+digit	2
54	standard	4
54	new	1
54	made	1
54	only	1
54	placename	3
54	per	2
54	together	1
54	days	1
54	j	1
54	hundred	4
54	cloth	2
54	degree	1
54	old	3
54	common	1
54	net	2
54	early	1
54	use	1
54	course	1
54	called	1
54	gold	1
54	arabic4digit	9
54	which	2
54	goes	1
54	feet	13
54	most	1
54	french	1
54	arabic1digit	68
54	arabicprice	1
54	different	1
54	etc	1
54	but	3
54	have	2
54	cover	6
54	makes	1
54	english	2
54	there	1
54	make	29
54	works	1
54	very	1
54	with	2
54	measure	7
54	will	6
54	one	2
54	table	1
54	round	1
54	wood	3
54	and	14
54	always	1
54	i	1
54	to	8
54	through	1
54	air	1
54	this	4
54	by	3
54	or	9
54	y	1
54	now	2
54	united	1
54	are	4
54	at	2
54	propernoun	1
54	such	3
54	state	1
54	is	5
54	earth	1
54	the	23
54	were	1
54	s	1
54	parts	1
54	system	2
54	water	2
54	used	3
54	duties	1
54	of	30
54	in	8
54	circle	1
54	they	1
54	foot	6
54	line	1
54	country	2
54	on	1
54	#sequentialcaps	2
54	#lines	86
54	#maxinitial	7
54	#caplines	20
54	#periods	90
54	#stdev	2259
54	#maxpair	11
54	#startwrubric	1
54	#commas	41
54	#endwpunct	71
54	#textlines	86
54	#endwnumeral	1
54	wordNotInVocab	275
55	arabic2digit	30
55	all	1
55	f	1
55	nearly	2
55	length	4
55	s	5
55	arabic3digit	13
55	romannumeral	1
55	series	1
55	every	1
55	as	1
55	an	2
55	hand	1
55	last	1
55	continued	1
55	#allcapswords	31
55	use	1
55	placename	7
55	a	9
55	arabic5+digit	8
55	standard	2
55	section	1
55	only	1
55	personalname	1
55	in	11
55	earth	1
55	generally	2
55	degree	1
55	sacred	1
55	its	1
55	long	2
55	called	1
55	wit	1
55	it	3
55	foot	4
55	arabic4digit	5
55	which	1
55	part	1
55	feet	11
55	arabic1digit	85
55	etc	1
55	contains	3
55	two	1
55	deep	1
55	where	1
55	there	1
55	make	48
55	civil	1
55	united	2
55	measure	12
55	and	5
55	i	2
55	to	4
55	the	9
55	or	15
55	square	24
55	by	1
55	considered	1
55	are	2
55	water	1
55	at	2
55	such	1
55	is	12
55	for	1
55	t	1
55	land	2
55	used	5
55	of	13
55	number	2
55	lines	1
55	on	1
55	#sequentialcaps	2
55	#lines	81
55	#maxinitial	6
55	#caplines	25
55	#startwname	4
55	#periods	92
55	#stdev	1841
55	#maxpair	9
55	#commas	23
55	#endwpunct	70
55	#textlines	81
55	#endwnumeral	2
55	wordNotInVocab	192
56	wine	9
56	whole	4
56	except	1
56	arabic2digit	23
56	all	2
56	f	1
56	volume	1
56	s	1
56	arabic3digit	14
56	romannumeral	1
56	case	1
56	as	4
56	following	1
56	hand	1
56	continued	1
56	than	1
56	#allcapswords	21
56	less	1
56	placename	19
56	times	1
56	him	1
56	a	6
56	arabic5+digit	5
56	standard	4
56	only	1
56	in	5
56	rule	2
56	off	1
56	imperial	1
56	thus	2
56	method	1
56	h	1
56	then	2
56	it	1
56	gold	1
56	arabic4digit	4
56	about	1
56	which	1
56	right	1
56	feet	1
56	arabic1digit	32
56	arabicprice	1
56	etc	1
56	example	1
56	makes	3
56	contains	3
56	given	1
56	english	1
56	make	17
56	so	1
56	united	2
56	may	1
56	show	1
56	measure	6
56	will	2
56	one	5
56	length	1
56	and	20
56	between	1
56	i	1
56	far	1
56	to	16
56	m	1
56	or	8
56	this	5
56	find	2
56	be	3
56	square	2
56	by	7
56	point	1
56	sold	3
56	are	2
56	water	2
56	at	1
56	propernoun	1
56	lb	1
56	u	1
56	is	12
56	the	42
56	equal	9
56	for	3
56	t	1
56	ft	3
56	used	1
56	of	23
56	number	7
56	from	2
56	#sequentialcaps	5
56	#lines	67
56	#maxinitial	12
56	#caplines	27
56	#startwname	3
56	#periods	61
56	#stdev	2322
56	#maxpair	14
56	#startwrubric	1
56	#commas	37
56	#endwpunct	42
56	#textlines	67
56	#endwnumeral	4
56	wordNotInVocab	198
57	arabic1digit	58
57	square	2
57	fire	1
57	contains	10
57	g	1
57	i	1
57	fourth	1
57	arabic2digit	29
57	southern	1
57	given	3
57	note	1
57	short	1
57	so	1
57	wood	2
57	half	1
57	hard	1
57	arabic3digit	23
57	romannumeral	1
57	one	3
57	round	1
57	work	1
57	and	8
57	price	5
57	number	2
57	that	1
57	an	1
57	#allcapswords	14
57	to	11
57	placename	1
57	the	10
57	or	9
57	find	3
57	parts	1
57	itself	2
57	a	5
57	arabic4digit	5
57	arabic5+digit	1
57	by	4
57	s	2
57	continued	1
57	propernoun	2
57	generally	1
57	is	44
57	for	2
57	personalname	2
57	rule	3
57	method	1
57	net	6
57	common	2
57	water	1
57	of	55
57	port	1
57	it	1
57	earth	1
57	foot	25
57	about	12
57	feet	12
57	t	1
57	when	1
57	#sequentialcaps	1
57	#lines	72
57	#maxinitial	3
57	#quotations	1
57	#caplines	11
57	#startwname	1
57	#periods	77
57	#stdev	1448
57	#maxpair	3
57	#startwrubric	3
57	#commas	16
57	#endwpunct	60
57	#questionmarks	1
57	#textlines	72
57	#endwnumeral	2
57	wordNotInVocab	251
58	arabic1digit	2
58	further	1
58	form	3
58	property	4
58	arabic2digit	6
58	fire	5
58	immediately	1
58	condition	1
58	any	1
58	d	2
58	other	2
58	all	1
58	into	1
58	f	1
58	without	1
58	for	1
58	more	1
58	their	1
58	arabic3digit	3
58	above	1
58	taking	1
58	said	4
58	viz	1
58	first	2
58	as	4
58	hands	2
58	following	1
58	know	1
58	and	14
58	i	2
58	reason	1
58	between	1
58	within	1
58	#allcapswords	26
58	to	7
58	day	5
58	few	1
58	have	1
58	m	1
58	having	1
58	the	30
58	no	2
58	our	3
58	men	1
58	this	5
58	under	1
58	be	2
58	a	3
58	was	1
58	or	5
58	by	7
58	proper	1
58	in	2
58	propernoun	6
58	we	2
58	being	1
58	is	5
58	than	1
58	matter	1
58	s	6
58	these	1
58	are	2
58	carefully	1
58	making	1
58	he	1
58	several	2
58	part	3
58	used	1
58	it	2
58	op	1
58	of	46
58	that	7
58	at	3
58	whose	1
58	which	1
58	second	1
58	after	1
58	company	7
58	published	1
58	party	2
58	age	1
58	on	4
58	#sequentialcaps	6
58	#lines	59
58	#maxinitial	8
58	#caplines	28
58	#startwname	1
58	#periods	48
58	#stdev	2944
58	#maxpair	11
58	#startwrubric	1
58	#commas	25
58	#endwpunct	26
58	#textlines	59
58	#endwnumeral	5
58	wordNotInVocab	140
59	arabic1digit	1
59	plates	2
59	form	1
59	work	2
59	fire	1
59	paper	1
59	ft	46
59	upon	1
59	arabic2digit	5
59	short	1
59	story	1
59	wood	1
59	arabic3digit	1
59	and	17
59	selected	1
59	as	1
59	#allcapswords	13
59	to	1
59	day	1
59	m	1
59	the	4
59	this	1
59	complete	2
59	a	1
59	or	2
59	by	32
59	re	1
59	new	1
59	s	4
59	in	5
59	propernoun	1
59	for	1
59	personalname	1
59	long	1
59	laid	1
59	op	1
59	of	5
59	interest	1
59	stories	4
59	boards	2
59	destroyed	1
59	company	1
59	including	3
59	at	44
59	#sequentialcaps	5
59	#lines	72
59	#maxinitial	11
59	#caplines	57
59	#startwname	5
59	#periods	113
59	#stdev	1446
59	#maxpair	16
59	#commas	39
59	#endwpunct	18
59	#textlines	71
59	#endwnumeral	4
59	wordNotInVocab	173
60	written	1
60	arabic1digit	3
60	due	1
60	same	1
60	viz	2
60	also	1
60	especially	1
60	d	1
60	arabic2digit	5
60	all	4
60	into	1
60	has	1
60	required	1
60	story	1
60	their	1
60	arabic3digit	3
60	said	7
60	first	4
60	case	1
60	as	8
60	following	1
60	#allcapswords	18
60	times	1
60	under	2
60	give	1
60	a	2
60	made	2
60	for	7
60	year	1
60	in	10
60	io	1
60	cut	2
60	doth	1
60	its	1
60	carefully	1
60	out	2
60	part	9
60	cast	1
60	entered	1
60	it	1
60	no	3
60	money	1
60	company	3
60	do	1
60	party	5
60	at	2
60	form	3
60	according	2
60	have	3
60	manner	1
60	with	1
60	so	2
60	forth	2
60	will	1
60	be	6
60	work	14
60	spirit	1
60	and	42
60	between	1
60	that	2
60	day	2
60	second	3
60	the	48
60	or	7
60	this	3
60	office	1
60	complete	4
60	shall	1
60	above	1
60	set	3
60	by	2
60	propernoun	5
60	any	2
60	state	1
60	is	3
60	s	3
60	full	2
60	of	33
60	before	2
60	good	1
60	to	19
60	from	1
60	hands	1
60	being	2
60	if	1
60	air	1
60	on	4
60	#sequentialcaps	3
60	#lines	69
60	#maxinitial	9
60	#caplines	31
60	#startwname	2
60	#periods	59
60	#stdev	3175
60	#maxpair	13
60	#startwrubric	3
60	#commas	47
60	#endwpunct	25
60	#textlines	69
60	#endwnumeral	3
60	wordNotInVocab	169
61	take	1
61	same	1
61	also	1
61	ground	1
61	does	1
61	only	1
61	d	1
61	arabic2digit	5
61	all	1
61	into	2
61	without	1
61	for	6
61	story	4
61	their	1
61	arabic3digit	2
61	my	1
61	said	6
61	first	1
61	as	5
61	an	1
61	know	1
61	#allcapswords	28
61	under	1
61	each	1
61	a	5
61	was	2
61	new	1
61	made	1
61	s	4
61	in	4
61	themselves	1
61	its	2
61	making	2
61	part	3
61	them	2
61	that	6
61	no	2
61	which	3
61	company	1
61	true	1
61	arabic1digit	1
61	ha	1
61	form	2
61	arabicprice	3
61	property	2
61	fire	3
61	condition	2
61	state	1
61	other	2
61	upon	1
61	below	1
61	so	1
61	may	1
61	well	1
61	taking	1
61	original	1
61	and	26
61	proper	2
61	between	1
61	it	5
61	far	1
61	within	1
61	to	19
61	day	1
61	with	2
61	the	39
61	swear	1
61	effect	1
61	this	4
61	be	7
61	shall	3
61	second	1
61	or	8
61	by	9
61	they	1
61	taken	1
61	question	1
61	co	1
61	are	1
61	at	3
61	propernoun	5
61	any	4
61	such	3
61	u	1
61	believe	1
61	is	6
61	not	1
61	personalname	1
61	practical	1
61	he	1
61	full	1
61	of	36
61	number	1
61	hands	1
61	being	3
61	after	2
61	both	1
61	age	2
61	on	3
61	#sequentialcaps	3
61	#lines	62
61	#maxinitial	12
61	#quotations	13
61	#caplines	26
61	#startwname	3
61	#periods	30
61	#stdev	2946
61	#maxpair	16
61	#commas	26
61	#endwpunct	19
61	#textlines	62
61	#endwnumeral	6
61	wordNotInVocab	168
62	same	2
62	also	2
62	would	1
62	we	6
62	d	1
62	interest	1
62	property	10
62	arabic2digit	6
62	into	2
62	required	1
62	case	2
62	act	1
62	do	1
62	their	1
62	for	5
62	arabic3digit	1
62	my	1
62	said	12
62	per	1
62	first	1
62	nor	1
62	as	8
62	an	2
62	is	6
62	hand	1
62	#allcapswords	9
62	use	2
62	our	5
62	foe	1
62	a	4
62	new	1
62	because	1
62	made	2
62	only	2
62	causes	1
62	me	1
62	in	7
62	cause	2
62	themselves	1
62	j	1
62	making	4
62	carefully	1
62	part	4
62	them	2
62	it	4
62	take	1
62	which	3
62	company	2
62	before	1
62	form	1
62	according	1
62	fire	3
62	condition	1
62	other	5
62	upon	1
62	have	2
62	below	1
62	best	1
62	with	1
62	so	1
62	could	1
62	will	2
62	without	1
62	one	1
62	just	1
62	and	41
62	between	1
62	that	7
62	far	1
62	within	1
62	judgement	1
62	to	31
62	day	5
62	having	2
62	the	53
62	swear	1
62	effect	1
62	this	8
62	be	9
62	shall	5
62	second	1
62	or	16
62	by	12
62	taken	2
62	question	1
62	co	1
62	are	3
62	propernoun	10
62	any	7
62	they	1
62	such	4
62	knowledge	1
62	state	1
62	law	1
62	not	2
62	proper	2
62	destroyed	1
62	of	39
62	return	1
62	true	2
62	at	6
62	from	4
62	hands	3
62	being	1
62	if	1
62	after	2
62	both	1
62	age	4
62	on	3
62	#sequentialcaps	2
62	#lines	65
62	#maxinitial	19
62	#caplines	18
62	#startwname	2
62	#periods	33
62	#stdev	2861
62	#maxpair	20
62	#startwrubric	2
62	#commas	51
62	#endwpunct	20
62	#questionmarks	1
62	#textlines	65
62	#endwnumeral	6
62	wordNotInVocab	212
63	same	1
63	also	1
63	d	1
63	arabic2digit	5
63	should	2
63	into	1
63	has	1
63	o	1
63	act	1
63	whole	1
63	more	1
63	do	11
63	s	5
63	arabic3digit	2
63	romannumeral	1
63	my	1
63	said	5
63	following	1
63	nor	1
63	as	4
63	an	1
63	is	2
63	continued	1
63	#allcapswords	26
63	our	3
63	under	1
63	each	1
63	a	6
63	made	2
63	proper	2
63	causes	1
63	me	1
63	in	4
63	against	1
63	its	2
63	making	4
63	carefully	1
63	part	1
63	interest	1
63	send	1
63	that	7
63	no	4
63	about	1
63	which	3
63	company	4
63	before	1
63	arabic1digit	16
63	form	2
63	property	6
63	etc	1
63	according	2
63	have	2
63	fire	3
63	condition	1
63	other	3
63	best	1
63	with	1
63	will	3
63	just	1
63	note	1
63	knowledge	1
63	last	1
63	and	26
63	i	2
63	appear	1
63	judgement	1
63	to	15
63	day	5
63	m	6
63	having	2
63	through	1
63	swear	1
63	this	4
63	be	3
63	complete	1
63	or	4
63	by	8
63	taken	1
63	are	2
63	did	1
63	at	1
63	list	1
63	propernoun	4
63	we	5
63	state	1
63	the	32
63	not	1
63	for	3
63	personalname	1
63	of	23
63	return	1
63	true	1
63	from	2
63	hands	2
63	if	2
63	after	1
63	age	2
63	on	11
63	#sequentialcaps	2
63	#lines	69
63	#maxinitial	10
63	#caplines	20
63	#startwname	4
63	#periods	53
63	#stdev	3080
63	#maxpair	19
63	#commas	40
63	#endwpunct	21
63	#exclamationpoints	1
63	#textlines	63
63	#endwnumeral	15
63	wordNotInVocab	132
64	written	3
64	same	1
64	time	1
64	d	6
64	circumstances	1
64	just	1
64	arabic2digit	9
64	note	1
64	forth	1
64	their	2
64	arabic3digit	1
64	body	1
64	my	1
64	said	8
64	against	1
64	as	6
64	continued	1
64	#allcapswords	21
64	under	4
64	each	2
64	a	11
64	date	1
64	was	5
64	made	2
64	me	1
64	in	11
64	company	4
64	its	2
64	part	1
64	received	1
64	who	1
64	it	1
64	no	5
64	which	7
64	several	1
64	until	1
64	do	1
64	form	1
64	property	2
64	account	2
64	the	42
64	according	1
64	foe	1
64	fire	4
64	immediately	1
64	or	3
64	all	5
64	other	1
64	law	1
64	there	2
64	below	1
64	before	2
64	very	1
64	papers	1
64	with	2
64	so	2
64	well	1
64	will	1
64	appeared	1
64	be	3
64	concerning	1
64	known	1
64	and	17
64	that	5
64	appear	1
64	to	13
64	day	7
64	name	1
64	having	1
64	through	2
64	this	4
64	give	3
64	above	2
64	set	1
64	by	9
64	force	1
64	co	2
64	did	1
64	description	1
64	at	5
64	propernoun	5
64	state	2
64	is	3
64	for	3
64	land	1
64	full	4
64	of	37
64	true	1
64	from	1
64	being	2
64	including	1
64	on	8
64	#sequentialcaps	3
64	#lines	55
64	#maxinitial	8
64	#caplines	22
64	#startwname	1
64	#periods	46
64	#stdev	2714
64	#maxpair	12
64	#startwrubric	1
64	#commas	47
64	#endwpunct	22
64	#textlines	54
64	#endwnumeral	4
64	wordNotInVocab	158
65	further	1
65	same	1
65	except	1
65	d	2
65	since	2
65	interest	1
65	arabic2digit	3
65	all	2
65	has	3
65	forth	1
65	required	2
65	had	1
65	extent	1
65	s	2
65	my	2
65	said	16
65	nor	2
65	as	9
65	believe	1
65	following	1
65	reason	1
65	hand	1
65	origin	1
65	who	1
65	#allcapswords	19
65	time	2
65	am	2
65	you	1
65	a	3
65	parts	1
65	art	1
65	title	1
65	made	3
65	only	1
65	me	1
65	in	16
65	nothing	1
65	its	2
65	circumstances	2
65	part	2
65	without	1
65	to	14
65	that	15
65	no	6
65	about	1
65	his	1
65	several	1
65	company	4
65	before	1
65	party	1
65	arabic1digit	2
65	ha	1
65	property	7
65	but	1
65	have	2
65	fire	7
65	condition	1
65	held	2
65	either	1
65	other	3
65	most	1
65	wit	1
65	books	1
65	there	1
65	of	31
65	manner	2
65	with	3
65	so	1
65	well	2
65	make	1
65	one	1
65	concerning	1
65	and	28
65	character	1
65	i	5
65	her	1
65	day	3
65	was	3
65	having	1
65	the	55
65	this	2
65	described	2
65	be	1
65	purpose	1
65	shall	1
65	above	1
65	or	18
65	by	14
65	co	1
65	set	2
65	are	1
65	did	1
65	names	1
65	propernoun	2
65	any	7
65	such	2
65	state	4
65	information	1
65	is	1
65	not	2
65	were	1
65	for	2
65	personalname	1
65	practice	2
65	done	2
65	full	1
65	romannumeral	1
65	means	1
65	do	1
65	been	4
65	at	2
65	will	1
65	if	1
65	destroyed	1
65	on	18
65	including	1
65	#sequentialcaps	4
65	#lines	65
65	#maxinitial	11
65	#caplines	15
65	#startwname	2
65	#periods	31
65	#stdev	3476
65	#maxpair	19
65	#commas	52
65	#endwpunct	16
65	#textlines	65
65	#endwnumeral	2
65	wordNotInVocab	169
66	further	1
66	same	1
66	time	2
66	does	1
66	any	4
66	d	1
66	pro	1
66	arabic2digit	4
66	should	2
66	circumstances	1
66	has	1
66	more	1
66	their	2
66	arabic3digit	1
66	said	20
66	per	2
66	president	3
66	against	3
66	as	8
66	know	2
66	reason	1
66	p	1
66	#allcapswords	16
66	his	3
66	placename	1
66	our	1
66	am	1
66	under	1
66	held	1
66	date	1
66	was	3
66	made	3
66	men	1
66	me	1
66	in	11
66	these	2
66	now	1
66	save	1
66	virtue	1
66	other	3
66	then	1
66	them	1
66	who	1
66	that	10
66	no	1
66	right	1
66	money	1
66	several	4
66	company	10
66	true	1
66	say	2
66	arabic1digit	2
66	form	2
66	property	3
66	according	1
66	fire	6
66	times	1
66	there	1
66	le	1
66	condition	1
66	all	4
66	bound	1
66	upon	2
66	him	1
66	e	1
66	given	1
66	make	1
66	best	1
66	with	1
66	therefore	1
66	united	1
66	may	2
66	well	3
66	appeared	1
66	not	1
66	here	1
66	and	28
66	known	2
66	i	3
66	a	2
66	within	1
66	public	1
66	to	21
66	day	5
66	having	1
66	the	55
66	real	1
66	this	5
66	described	1
66	be	10
66	shall	1
66	above	1
66	or	17
66	y	1
66	which	4
66	ourselves	1
66	line	1
66	are	1
66	did	1
66	persons	1
66	at	7
66	names	1
66	propernoun	4
66	we	2
66	by	8
66	such	1
66	knowledge	1
66	state	1
66	force	1
66	is	2
66	than	1
66	unto	2
66	for	2
66	he	1
66	lost	2
66	case	1
66	account	1
66	it	1
66	full	1
66	of	38
66	before	1
66	own	1
66	number	1
66	been	1
66	from	1
66	being	1
66	if	1
66	cannot	1
66	destroyed	2
66	both	1
66	whose	1
66	on	5
66	#sequentialcaps	3
66	#lines	67
66	#maxinitial	10
66	#caplines	26
66	#periods	42
66	#stdev	2785
66	#maxpair	16
66	#startwrubric	2
66	#commas	54
66	#endwpunct	21
66	#textlines	66
66	#endwnumeral	3
66	wordNotInVocab	190
67	written	2
67	same	1
67	viz	1
67	time	1
67	interest	1
67	arabic2digit	6
67	all	3
67	f	1
67	reduced	1
67	has	2
67	o	1
67	necessary	1
67	their	2
67	s	1
67	arabic3digit	2
67	knowledge	1
67	said	15
67	against	1
67	case	1
67	as	3
67	reason	1
67	hand	1
67	copies	1
67	his	1
67	am	1
67	under	3
67	you	6
67	date	2
67	was	1
67	made	1
67	only	1
67	t	1
67	in	8
67	these	1
67	days	1
67	j	1
67	together	1
67	#allcapswords	11
67	other	1
67	net	1
67	m	1
67	received	1
67	that	7
67	says	1
67	no	4
67	which	2
67	company	10
67	true	2
67	arabic1digit	3
67	ha	1
67	form	2
67	property	1
67	the	34
67	according	1
67	fire	4
67	upon	2
67	have	1
67	best	1
67	papers	1
67	with	2
67	so	1
67	therefore	1
67	printed	1
67	will	4
67	original	3
67	be	3
67	one	1
67	just	1
67	and	23
67	a	1
67	to	8
67	day	1
67	name	2
67	through	1
67	this	1
67	re	12
67	described	1
67	give	1
67	above	3
67	or	6
67	by	10
67	your	4
67	force	2
67	are	2
67	done	1
67	at	8
67	propernoun	10
67	may	1
67	state	1
67	is	5
67	were	3
67	for	2
67	personalname	1
67	he	1
67	full	2
67	of	42
67	been	1
67	being	3
67	when	1
67	including	1
67	on	3
67	#sequentialcaps	3
67	#lines	63
67	#maxinitial	8
67	#caplines	31
67	#startwname	3
67	#periods	43
67	#stdev	2712
67	#maxpair	10
67	#startwrubric	3
67	#commas	42
67	#endwpunct	27
67	#exclamationpoints	1
67	#textlines	63
67	#endwnumeral	4
67	wordNotInVocab	166
68	arabic1digit	7
68	form	5
68	arabicprice	2
68	what	3
68	standard	1
68	contents	3
68	arabic2digit	69
68	board	2
68	is	1
68	rules	5
68	parts	1
68	measure	5
68	one	2
68	work	1
68	price	1
68	page	1
68	i	1
68	#allcapswords	5
68	use	2
68	to	3
68	a	1
68	or	3
68	by	4
68	s	4
68	are	1
68	in	7
68	hundred	1
68	not	1
68	for	25
68	on	17
68	rule	18
68	of	49
68	number	1
68	it	1
68	flowers	1
68	table	6
68	#sequentialcaps	29
68	#lines	99
68	#maxinitial	39
68	#caplines	70
68	#startwname	28
68	#periods	6
68	#stdev	1019
68	#maxpair	64
68	#startwrubric	2
68	#commas	92
68	#endwpunct	3
68	#textlines	99
68	#endwnumeral	66
68	wordNotInVocab	187
69	what	2
69	contents	7
69	type	2
69	propernoun	2
69	arabic2digit	90
69	required	1
69	various	2
69	as	1
69	their	3
69	and	2
69	page	1
69	who	1
69	continued	1
69	use	2
69	a	1
69	standard	3
69	for	32
69	in	6
69	placename	3
69	matter	1
69	rule	21
69	cattle	1
69	#allcapswords	2
69	common	1
69	cast	4
69	it	1
69	arabic4digit	2
69	feet	1
69	table	7
69	used	1
69	arabic1digit	8
69	form	4
69	different	3
69	contains	1
69	board	3
69	books	2
69	rules	6
69	book	2
69	from	3
69	united	1
69	measure	3
69	one	1
69	work	3
69	to	2
69	square	1
69	or	7
69	by	7
69	line	1
69	works	2
69	is	1
69	s	6
69	personalname	1
69	of	64
69	number	6
69	boards	1
69	foot	1
69	lines	1
69	on	20
69	#sequentialcaps	65
69	#lines	129
69	#maxinitial	62
69	#caplines	82
69	#startwname	25
69	#periods	12
69	#stdev	981
69	#maxpair	84
69	#startwrubric	4
69	#commas	118
69	#endwpunct	4
69	#textlines	129
69	#endwnumeral	77
69	wordNotInVocab	259
70	what	4
70	contents	2
70	plain	1
70	arabic2digit	98
70	their	1
70	romannumeral	1
70	work	1
70	page	1
70	continued	1
70	and	6
70	s	2
70	in	3
70	hundred	1
70	five	1
70	cut	2
70	cloth	1
70	rule	22
70	#allcapswords	5
70	it	5
70	placename	2
70	arabic1digit	6
70	form	1
70	corn	3
70	rules	14
70	with	3
70	wood	4
70	court	1
70	measure	4
70	one	1
70	table	7
70	between	1
70	smith	1
70	to	2
70	or	2
70	by	1
70	propernoun	6
70	is	4
70	for	35
70	clear	1
70	of	65
70	true	1
70	boards	1
70	from	1
70	foot	1
70	on	26
70	#sequentialcaps	28
70	#lines	129
70	#maxinitial	72
70	#caplines	92
70	#startwname	24
70	#periods	12
70	#stdev	1017
70	#maxpair	89
70	#startwrubric	3
70	#commas	132
70	#endwpunct	6
70	#textlines	129
70	#endwnumeral	82
70	wordNotInVocab	249
71	what	1
71	contents	3
71	propernoun	12
71	paper	1
71	school	1
71	h	2
71	romannumeral	4
71	j	1
71	following	1
71	fire	1
71	continued	2
71	#allcapswords	7
71	church	1
71	a	1
71	for	3
71	n	2
71	in	1
71	placename	1
71	rule	3
71	family	1
71	and	1
71	table	2
71	arabic1digit	31
71	arabicprice	1
71	arabic2digit	66
71	corn	1
71	g	1
71	books	2
71	court	1
71	measure	1
71	i	3
71	the	1
71	as	1
71	r	1
71	or	13
71	by	3
71	wood	1
71	are	1
71	works	7
71	house	2
71	s	4
71	personalname	1
71	on	5
71	used	1
71	of	23
71	flower	1
71	#sequentialcaps	41
71	#lines	176
71	#maxinitial	70
71	#quotations	3
71	#caplines	119
71	#startwname	17
71	#periods	22
71	#stdev	1079
71	#maxpair	95
71	#startwrubric	2
71	#commas	137
71	#endwpunct	63
71	#questionmarks	1
71	#exclamationpoints	1
71	#textlines	161
71	#endwnumeral	89
71	wordNotInVocab	274
72	arabic1digit	20
72	etc	1
72	fire	2
72	school	1
72	arabic2digit	47
72	of	26
72	hard	1
72	romannumeral	3
72	contents	1
72	as	1
72	placename	1
72	and	6
72	hi	1
72	continued	3
72	or	16
72	works	10
72	in	5
72	house	1
72	propernoun	4
72	s	2
72	t	1
72	#allcapswords	2
72	used	1
72	family	1
72	found	1
72	flowers	1
72	if	1
72	table	1
72	#sequentialcaps	62
72	#lines	188
72	#maxinitial	74
72	#caplines	128
72	#startwname	17
72	#periods	21
72	#stdev	1052
72	#maxpair	80
72	#startwrubric	2
72	#commas	157
72	#endwpunct	122
72	#exclamationpoints	1
72	#textlines	176
72	#endwnumeral	60
72	wordNotInVocab	322
73	arabic1digit	31
73	contents	1
73	paper	1
73	school	2
73	corn	2
73	fire	1
73	arabic2digit	105
73	society	1
73	and	5
73	i	1
73	#allcapswords	1
73	placename	1
73	military	1
73	or	24
73	pictures	1
73	new	1
73	soft	1
73	continued	3
73	works	5
73	in	9
73	house	1
73	propernoun	4
73	saw	2
73	s	2
73	personalname	2
73	clear	1
73	of	39
73	church	1
73	table	1
73	#sequentialcaps	60
73	#lines	131
73	#maxinitial	48
73	#caplines	122
73	#startwname	22
73	#periods	9
73	#stdev	810
73	#maxpair	57
73	#startwrubric	2
73	#commas	175
73	#endwpunct	7
73	#textlines	131
73	#endwnumeral	119
73	wordNotInVocab	306
74	arabic1digit	15
74	contents	4
74	arabic2digit	82
74	fire	2
74	family	1
74	rules	4
74	arabic3digit	3
74	one	1
74	table	3
74	placename	2
74	and	9
74	page	1
74	continued	2
74	to	1
74	#allcapswords	4
74	by	3
74	complete	5
74	a	1
74	hundred	4
74	or	11
74	works	10
74	in	5
74	propernoun	7
74	two	2
74	five	1
74	for	11
74	rule	6
74	of	41
74	measure	2
74	flowers	1
74	il	1
74	on	34
74	#sequentialcaps	29
74	#lines	126
74	#maxinitial	45
74	#quotations	1
74	#caplines	97
74	#startwname	14
74	#periods	13
74	#stdev	989
74	#maxpair	59
74	#startwrubric	4
74	#commas	134
74	#endwpunct	8
74	#textlines	125
74	#endwnumeral	85
74	wordNotInVocab	292
75	arabic1digit	11
75	what	1
75	arabic2digit	73
75	required	1
75	various	1
75	house	1
75	their	1
75	continued	1
75	it	1
75	a	5
75	s	2
75	personalname	1
75	in	11
75	run	1
75	rule	14
75	net	1
75	interest	3
75	feet	3
75	table	8
75	placename	1
75	used	1
75	arabicprice	1
75	illustrations	1
75	etc	1
75	rules	10
75	book	1
75	hard	1
75	work	3
75	and	3
75	number	7
75	i	1
75	to	1
75	or	2
75	square	1
75	by	2
75	six	1
75	works	2
75	at	1
75	propernoun	5
75	is	1
75	for	23
75	t	2
75	land	2
75	of	56
75	measure	1
75	#allcapswords	3
75	from	1
75	foot	3
75	on	34
75	per	1
75	#sequentialcaps	24
75	#lines	127
75	#maxinitial	19
75	#caplines	83
75	#startwname	29
75	#periods	16
75	#stdev	1174
75	#maxpair	36
75	#startwrubric	2
75	#commas	104
75	#endwpunct	19
75	#questionmarks	1
75	#textlines	127
75	#endwnumeral	74
75	wordNotInVocab	245
76	arabic1digit	10
76	contents	1
76	type	2
76	paper	1
76	arabic2digit	94
76	required	3
76	various	1
76	page	2
76	continued	1
76	and	1
76	use	1
76	placename	2
76	a	2
76	new	2
76	matter	1
76	in	7
76	table	9
76	hundred	1
76	thousand	2
76	rule	4
76	old	1
76	#allcapswords	4
76	little	1
76	arabic4digit	1
76	saw	1
76	feet	2
76	form	1
76	different	2
76	corn	3
76	board	1
76	given	1
76	rules	5
76	make	2
76	measure	3
76	one	3
76	work	3
76	number	8
76	hi	1
76	to	8
76	or	3
76	find	1
76	square	1
76	by	1
76	works	3
76	wine	1
76	propernoun	3
76	style	1
76	for	10
76	personalname	1
76	lost	1
76	used	1
76	of	62
76	arabic3digit	4
76	from	1
76	line	1
76	lines	1
76	on	39
76	#sequentialcaps	48
76	#lines	141
76	#maxinitial	58
76	#quotations	1
76	#caplines	85
76	#startwname	16
76	#periods	23
76	#stdev	1222
76	#maxpair	72
76	#startwrubric	3
76	#commas	133
76	#endwpunct	24
76	#exclamationpoints	1
76	#textlines	139
76	#endwnumeral	83
76	wordNotInVocab	269
77	arabic1digit	3
77	form	7
77	contents	1
77	paper	9
77	plain	1
77	i	1
77	books	1
77	arabic2digit	53
77	placename	3
77	is	1
77	rules	11
77	make	1
77	required	1
77	various	1
77	romannumeral	3
77	m	1
77	work	1
77	table	6
77	number	1
77	page	2
77	and	1
77	#allcapswords	8
77	smith	1
77	to	3
77	present	1
77	or	1
77	pictures	1
77	s	1
77	personalname	1
77	in	1
77	corn	1
77	propernoun	5
77	continued	1
77	for	30
77	rule	19
77	arabic3digit	3
77	clear	1
77	of	85
77	re	1
77	il	1
77	on	28
77	#sequentialcaps	36
77	#lines	143
77	#maxinitial	60
77	#caplines	94
77	#startwname	37
77	#periods	38
77	#stdev	1354
77	#maxpair	73
77	#startwrubric	3
77	#commas	126
77	#endwpunct	78
77	#exclamationpoints	1
77	#textlines	142
77	#endwnumeral	38
77	wordNotInVocab	257
78	contents	4
78	propernoun	1
78	school	2
78	arabic2digit	63
78	required	2
78	house	1
78	arabic3digit	1
78	page	2
78	continued	1
78	and	10
78	for	24
78	in	3
78	run	1
78	hundred	1
78	rule	11
78	#allcapswords	3
78	long	1
78	society	1
78	saw	1
78	feet	5
78	arabic1digit	5
78	form	1
78	different	1
78	horse	3
78	rules	14
78	make	1
78	short	1
78	table	8
78	round	3
78	work	2
78	number	5
78	smith	1
78	to	5
78	m	1
78	or	3
78	r	1
78	square	2
78	by	3
78	soft	1
78	water	1
78	works	1
78	of	67
78	s	1
78	measure	6
78	power	3
78	on	34
78	#sequentialcaps	39
78	#lines	135
78	#maxinitial	71
78	#caplines	89
78	#startwname	15
78	#periods	13
78	#stdev	1132
78	#maxpair	85
78	#startwrubric	2
78	#commas	124
78	#endwpunct	52
78	#textlines	135
78	#endwnumeral	52
78	wordNotInVocab	263
79	arabic1digit	5
79	etc	1
79	contents	1
79	type	2
79	fire	1
79	time	2
79	other	2
79	arabic2digit	49
79	f	1
79	rules	13
79	with	1
79	wood	3
79	their	2
79	romannumeral	3
79	measure	5
79	same	2
79	u	1
79	round	1
79	and	4
79	hi	1
79	i	2
79	continued	1
79	#allcapswords	6
79	to	6
79	day	4
79	placename	3
79	find	2
79	paper	1
79	or	5
79	s	1
79	page	1
79	works	9
79	in	6
79	wine	1
79	propernoun	8
79	any	4
79	days	2
79	is	1
79	for	20
79	personalname	1
79	rule	10
79	arabic3digit	1
79	of	49
79	how	1
79	number	4
79	it	1
79	from	4
79	on	35
79	feet	2
79	table	10
79	true	1
79	#sequentialcaps	46
79	#lines	118
79	#maxinitial	44
79	#caplines	74
79	#startwname	21
79	#periods	20
79	#stdev	1180
79	#maxpair	48
79	#startwrubric	5
79	#commas	114
79	#endwpunct	30
79	#textlines	118
79	#endwnumeral	50
79	wordNotInVocab	204
80	they	1
80	contents	2
80	also	2
80	we	3
80	large	1
80	all	6
80	service	2
80	has	3
80	any	1
80	preparation	1
80	wide	1
80	various	5
80	their	6
80	numerous	1
80	ready	2
80	prove	1
80	great	3
80	every	1
80	as	12
80	an	2
80	information	1
80	work	7
80	general	1
80	who	3
80	#allcapswords	17
80	use	3
80	placename	3
80	officers	2
80	those	1
80	under	1
80	sent	2
80	a	12
80	standard	2
80	section	1
80	new	2
80	thousand	1
80	only	1
80	in	18
80	these	2
80	cents	1
80	business	3
80	adapted	1
80	united	1
80	together	1
80	its	2
80	method	1
80	important	2
80	most	4
80	being	1
80	them	1
80	he	1
80	wit	1
80	out	1
80	it	4
80	no	1
80	believe	2
80	which	4
80	care	1
80	himself	1
80	daily	1
80	several	1
80	published	3
80	different	1
80	books	2
80	such	1
80	us	1
80	but	1
80	edition	1
80	fire	3
80	him	2
80	either	1
80	should	2
80	other	2
80	proper	2
80	upon	4
80	have	3
80	given	2
80	rules	1
80	book	14
80	very	2
80	best	1
80	with	5
80	revised	1
80	so	1
80	designed	2
80	subjects	1
80	may	1
80	well	5
80	make	1
80	will	7
80	give	1
80	ever	2
80	one	2
80	just	1
80	kind	1
80	many	1
80	and	30
80	price	5
80	number	1
80	that	5
80	within	1
80	kinds	1
80	to	16
80	m	1
80	the	52
80	this	9
80	be	4
80	office	1
80	complete	1
80	therefore	1
80	or	7
80	by	5
80	engaged	2
80	now	1
80	are	9
80	company	2
80	list	1
80	court	1
80	valuable	6
80	state	2
80	law	3
80	is	10
80	not	2
80	equal	1
80	for	10
80	personalname	1
80	practical	2
80	enlarged	1
80	used	1
80	duties	1
80	full	2
80	five	1
80	of	40
80	can	1
80	come	1
80	been	2
80	boards	2
80	from	2
80	charge	2
80	including	1
80	line	1
80	country	1
80	field	1
80	union	1
80	necessary	1
80	on	1
80	#sequentialcaps	4
80	#lines	60
80	#maxinitial	18
80	#caplines	25
80	#startwname	2
80	#periods	31
80	#stdev	1823
80	#maxpair	22
80	#commas	45
80	#endwpunct	21
80	#textlines	60
80	wordNotInVocab	208
81	same	1
81	time	1
81	propernoun	2
81	any	3
81	arabic2digit	5
81	should	1
81	has	1
81	required	1
81	character	1
81	their	4
81	ready	1
81	prove	1
81	every	3
81	as	2
81	upon	1
81	general	1
81	page	1
81	#allcapswords	22
81	use	1
81	placename	5
81	those	1
81	itself	2
81	each	2
81	sent	1
81	a	2
81	standard	1
81	new	1
81	in	9
81	i	1
81	these	5
81	either	1
81	principles	1
81	business	1
81	adapted	1
81	its	1
81	keep	1
81	most	2
81	it	3
81	plain	1
81	arabic1digit	3
81	form	4
81	arabicprice	1
81	large	1
81	the	17
81	edition	2
81	fire	2
81	all	2
81	post	1
81	books	1
81	have	1
81	order	1
81	given	2
81	colours	1
81	present	1
81	book	7
81	with	1
81	revised	1
81	printed	1
81	well	1
81	will	5
81	ever	2
81	fourth	1
81	work	1
81	kind	1
81	and	16
81	price	1
81	that	1
81	within	1
81	index	1
81	way	1
81	kinds	1
81	to	13
81	published	2
81	us	2
81	this	6
81	find	1
81	parts	1
81	be	3
81	complete	2
81	arabic4digit	4
81	or	3
81	your	3
81	are	7
81	found	2
81	at	3
81	head	1
81	we	4
81	by	1
81	style	1
81	is	7
81	for	7
81	personalname	1
81	enlarged	2
81	used	1
81	please	1
81	of	17
81	can	1
81	been	1
81	back	1
81	if	1
81	age	1
81	on	1
81	#sequentialcaps	3
81	#lines	43
81	#maxinitial	9
81	#quotations	4
81	#caplines	21
81	#startwname	3
81	#periods	28
81	#stdev	2365
81	#maxpair	11
81	#commas	17
81	#endwpunct	20
81	#textlines	43
81	#endwnumeral	3
81	wordNotInVocab	115
82	written	1
82	what	2
82	explained	1
82	also	1
82	time	1
82	we	2
82	arabic2digit	17
82	all	1
82	without	2
82	fact	1
82	their	2
82	for	13
82	arabic3digit	3
82	great	1
82	as	7
82	an	1
82	following	1
82	new	2
82	#allcapswords	10
82	use	2
82	his	1
82	placename	3
82	our	3
82	sent	1
82	a	1
82	standard	1
82	made	1
82	only	1
82	in	8
82	these	1
82	useful	1
82	business	1
82	its	1
82	making	1
82	long	1
82	most	1
82	them	1
82	that	4
82	take	1
82	friends	1
82	short	1
82	about	1
82	which	2
82	care	1
82	added	1
82	until	1
82	form	2
82	arabicprice	1
82	us	1
82	but	1
82	edition	2
82	fire	1
82	those	1
82	two	1
82	other	1
82	upon	2
82	books	1
82	have	1
82	order	1
82	given	2
82	manner	1
82	book	2
82	with	3
82	revised	1
82	so	1
82	has	2
82	may	1
82	well	2
82	will	2
82	give	1
82	ever	1
82	one	1
82	just	1
82	it	4
82	work	3
82	kind	1
82	many	3
82	and	16
82	price	4
82	been	2
82	list	1
82	to	6
82	former	1
82	published	1
82	the	28
82	or	1
82	this	4
82	understand	1
82	be	2
82	complete	1
82	by	2
82	question	1
82	others	1
82	they	2
82	valuable	3
82	information	1
82	is	11
82	over	1
82	not	1
82	s	3
82	are	7
82	practical	2
82	he	1
82	enlarged	1
82	used	1
82	full	1
82	of	26
82	each	2
82	editions	1
82	found	1
82	from	2
82	various	1
82	country	1
82	being	1
82	asked	1
82	including	1
82	#sequentialcaps	4
82	#lines	55
82	#maxinitial	9
82	#quotations	7
82	#caplines	18
82	#startwname	1
82	#periods	32
82	#stdev	2398
82	#maxpair	10
82	#startwrubric	1
82	#commas	37
82	#endwpunct	30
82	#textlines	55
82	#endwnumeral	3
82	wordNotInVocab	147
83	also	1
83	head	1
83	n	1
83	printed	1
83	h	1
83	interest	1
83	should	2
83	while	1
83	has	5
83	without	3
83	had	1
83	country	1
83	various	1
83	their	2
83	for	2
83	said	2
83	but	1
83	against	4
83	edition	1
83	case	2
83	as	4
83	an	1
83	action	1
83	fire	3
83	know	1
83	still	1
83	general	1
83	who	3
83	new	1
83	#allcapswords	8
83	use	1
83	placename	2
83	under	1
83	could	1
83	each	2
83	you	1
83	a	10
83	was	1
83	standard	1
83	made	2
83	strong	1
83	men	1
83	would	1
83	in	17
83	meeting	1
83	mr	1
83	generally	1
83	its	1
83	principles	1
83	business	1
83	remarks	1
83	doth	1
83	together	3
83	yet	1
83	w	1
83	important	1
83	part	2
83	most	4
83	trial	1
83	sight	1
83	hence	1
83	received	1
83	that	4
83	no	1
83	arabic4digit	1
83	which	5
83	clear	1
83	his	3
83	company	4
83	therefore	1
83	do	1
83	party	1
83	used	3
83	form	3
83	property	2
83	meet	1
83	word	2
83	arabic2digit	1
83	makes	1
83	held	1
83	two	1
83	either	1
83	all	4
83	other	2
83	too	1
83	upon	5
83	have	3
83	there	1
83	of	31
83	don	1
83	often	1
83	read	2
83	known	1
83	very	1
83	best	1
83	with	3
83	so	3
83	designed	1
83	arranged	1
83	court	1
83	may	1
83	will	2
83	one	1
83	relating	2
83	short	2
83	many	2
83	and	23
83	i	3
83	it	16
83	language	1
83	to	19
83	t	1
83	having	1
83	the	73
83	words	2
83	this	6
83	be	7
83	shall	1
83	or	5
83	by	4
83	point	1
83	now	1
83	co	2
83	are	5
83	taken	1
83	done	1
83	propernoun	5
83	any	3
83	such	3
83	state	2
83	law	1
83	is	17
83	not	1
83	cover	2
83	placed	1
83	personalname	2
83	well	2
83	practical	1
83	practice	1
83	numerous	1
83	can	2
83	arabic3digit	1
83	before	2
83	side	2
83	been	2
83	at	2
83	from	2
83	regard	2
83	when	1
83	on	3
83	#sequentialcaps	2
83	#lines	52
83	#maxinitial	13
83	#quotations	7
83	#caplines	18
83	#startwname	2
83	#periods	25
83	#stdev	2221
83	#maxpair	15
83	#startwrubric	1
83	#commas	40
83	#endwpunct	16
83	#textlines	52
83	wordNotInVocab	180
84	also	1
84	we	7
84	plain	1
84	d	1
84	h	1
84	arabic2digit	4
84	all	4
84	o	1
84	required	3
84	various	1
84	house	2
84	their	2
84	ready	1
84	as	1
84	is	2
84	secret	1
84	#allcapswords	17
84	placename	1
84	under	1
84	each	1
84	sent	1
84	a	2
84	arabic5+digit	2
84	in	9
84	these	1
84	generally	1
84	ode	1
84	keep	3
84	use	1
84	society	2
84	send	2
84	that	2
84	class	1
84	before	1
84	arabic1digit	2
84	arabicprice	1
84	large	2
84	etc	1
84	the	6
84	our	6
84	either	1
84	other	2
84	books	9
84	order	3
84	them	1
84	colours	1
84	known	1
84	short	1
84	with	1
84	arranged	1
84	may	1
84	must	1
84	will	1
84	own	1
84	you	1
84	kind	5
84	many	1
84	and	20
84	public	1
84	kinds	2
84	to	7
84	day	1
84	us	3
84	this	2
84	give	2
84	arabic4digit	2
84	or	6
84	by	3
84	your	2
84	are	8
84	they	1
84	propernoun	32
84	any	6
84	style	1
84	foe	3
84	west	1
84	for	11
84	practical	1
84	used	1
84	please	1
84	full	1
84	romannumeral	1
84	of	14
84	can	1
84	number	1
84	small	1
84	from	1
84	back	1
84	country	1
84	being	1
84	if	1
84	on	4
84	#sequentialcaps	8
84	#lines	53
84	#maxinitial	6
84	#quotations	2
84	#caplines	34
84	#startwname	12
84	#periods	42
84	#stdev	2957
84	#maxpair	9
84	#startwrubric	4
84	#commas	17
84	#endwpunct	31
84	#textlines	53
84	#endwnumeral	3
84	wordNotInVocab	134
85	b	1
85	what	1
85	seen	1
85	same	1
85	would	1
85	form	3
85	time	1
85	valuable	1
85	paper	2
85	arabicprice	3
85	n	1
85	soon	1
85	h	1
85	arabic2digit	8
85	all	1
85	has	1
85	o	2
85	beauty	1
85	city	1
85	more	1
85	s	4
85	la	2
85	m	2
85	president	1
85	think	4
85	first	1
85	as	3
85	work	1
85	thing	1
85	f	2
85	p	2
85	copies	1
85	use	1
85	placename	13
85	excellent	1
85	our	5
85	we	5
85	you	4
85	a	2
85	was	1
85	arabic5+digit	4
85	new	4
85	due	1
85	me	2
85	in	6
85	felt	1
85	j	1
85	december	4
85	five	3
85	came	1
85	w	4
85	#allcapswords	65
85	gentlemen	3
85	grey	1
85	style	1
85	long	2
85	r	1
85	smith	1
85	to	9
85	received	3
85	it	7
85	no	8
85	arabic4digit	9
85	fort	1
85	which	2
85	money	1
85	like	1
85	before	1
85	say	1
85	arabic1digit	12
85	low	1
85	us	3
85	have	3
85	fire	1
85	enough	1
85	desire	1
85	possible	1
85	g	1
85	want	1
85	anything	1
85	books	1
85	order	4
85	some	1
85	book	3
85	very	6
85	with	2
85	will	1
85	hope	1
85	ever	1
85	just	1
85	sent	1
85	another	1
85	kind	1
85	much	2
85	and	15
85	yours	13
85	best	1
85	i	5
85	shall	1
85	send	1
85	the	10
85	dear	3
85	find	5
85	y	2
85	up	1
85	be	2
85	st	1
85	or	1
85	by	1
85	your	4
85	co	2
85	are	2
85	propernoun	2
85	being	1
85	information	1
85	is	5
85	than	1
85	not	1
85	pleased	1
85	for	15
85	personalname	15
85	arabic3digit	10
85	better	1
85	thank	1
85	class	1
85	please	5
85	years	1
85	full	2
85	of	6
85	return	1
85	good	1
85	been	2
85	one	1
85	something	1
85	on	1
85	#sequentialcaps	2
85	#lines	60
85	#maxinitial	13
85	#caplines	48
85	#startwname	17
85	#periods	111
85	#stdev	2266
85	#maxpair	14
85	#startwrubric	5
85	#commas	92
85	#endwpunct	49
85	#exclamationpoints	1
85	#textlines	60
85	#endwnumeral	17
85	wordNotInVocab	165
86	written	1
86	contents	1
86	would	3
86	saw	1
86	n	1
86	never	1
86	h	4
86	arabic2digit	7
86	without	3
86	nearly	1
86	necessary	1
86	s	3
86	think	6
86	great	1
86	as	7
86	know	1
86	cannot	1
86	hand	4
86	last	1
86	always	1
86	placename	7
86	times	1
86	our	2
86	am	1
86	war	1
86	was	1
86	arabic5+digit	5
86	new	1
86	its	1
86	business	2
86	thousand	1
86	replied	1
86	old	1
86	gentlemen	4
86	part	1
86	most	2
86	ten	2
86	received	4
86	that	7
86	march	1
86	arabic4digit	6
86	about	1
86	yon	1
86	like	2
86	several	1
86	company	2
86	arabic1digit	6
86	form	3
86	arabicprice	1
86	property	1
86	quite	1
86	the	18
86	reading	1
86	fire	1
86	get	1
86	possible	1
86	too	2
86	real	1
86	have	6
86	e	1
86	some	1
86	read	1
86	rules	1
86	with	6
86	arranged	1
86	may	2
86	one	3
86	april	5
86	work	3
86	kind	2
86	many	1
86	it	18
86	indeed	2
86	kinds	1
86	send	1
86	m	1
86	having	1
86	us	1
86	this	2
86	find	4
86	be	4
86	office	1
86	subject	1
86	y	6
86	attention	1
86	now	1
86	years	2
86	almost	1
86	six	1
86	we	5
86	state	1
86	than	1
86	not	2
86	pleased	1
86	field	1
86	for	13
86	t	2
86	arabic3digit	3
86	are	3
86	he	2
86	please	1
86	fine	1
86	can	2
86	editions	1
86	good	2
86	jones	1
86	at	3
86	union	1
86	if	1
86	after	2
86	both	1
86	when	1
86	seen	1
86	same	3
86	time	1
86	propernoun	6
86	soon	1
86	d	2
86	should	2
86	f	3
86	service	1
86	every	3
86	more	3
86	etc	1
86	romannumeral	3
86	my	3
86	said	1
86	per	1
86	an	3
86	thing	1
86	general	2
86	#allcapswords	53
86	sent	2
86	a	18
86	only	2
86	year	1
86	personalname	10
86	in	11
86	everything	1
86	five	1
86	opinion	1
86	together	1
86	carefully	1
86	mind	1
86	little	1
86	use	2
86	home	1
86	favour	1
86	no	2
86	which	1
86	though	1
86	how	1
86	knows	1
86	large	2
86	meet	1
86	but	1
86	edition	3
86	order	1
86	g	1
86	want	1
86	mark	1
86	anything	1
86	given	1
86	book	5
86	very	11
86	best	3
86	revised	1
86	subjects	1
86	well	1
86	sat	1
86	will	2
86	ever	1
86	w	1
86	you	5
86	much	2
86	and	26
86	just	1
86	yours	11
86	i	15
86	index	1
86	through	2
86	dear	2
86	complete	1
86	second	1
86	or	3
86	by	2
86	your	10
86	co	4
86	along	1
86	they	1
86	valuable	3
86	something	1
86	information	1
86	german	1
86	better	1
86	is	8
86	myself	1
86	enlarged	1
86	used	1
86	of	26
86	me	2
86	half	1
86	number	1
86	been	1
86	to	10
86	call	1
86	regard	1
86	hands	1
86	looked	1
86	asked	1
86	on	3
86	#sequentialcaps	4
86	#lines	68
86	#maxinitial	13
86	#quotations	10
86	#caplines	37
86	#startwname	17
86	#periods	98
86	#stdev	2169
86	#maxpair	17
86	#startwrubric	6
86	#commas	100
86	#endwpunct	36
86	#textlines	68
86	#endwnumeral	13
86	wordNotInVocab	225
87	due	1
87	b	1
87	latter	1
87	would	1
87	time	1
87	propernoun	2
87	hill	1
87	street	1
87	n	2
87	think	4
87	h	4
87	arabic2digit	7
87	f	1
87	miss	2
87	o	2
87	without	2
87	green	1
87	man	1
87	for	13
87	romannumeral	5
87	m	2
87	every	1
87	as	2
87	an	1
87	hand	4
87	worth	1
87	p	2
87	copies	2
87	that	1
87	placename	15
87	our	3
87	we	9
87	am	7
87	letter	1
87	you	8
87	a	6
87	arabic5+digit	3
87	lie	1
87	through	1
87	men	1
87	me	3
87	in	8
87	s	5
87	thank	3
87	useful	1
87	j	2
87	find	5
87	thousand	1
87	came	2
87	its	1
87	w	2
87	#allcapswords	63
87	carefully	1
87	thing	1
87	cheap	1
87	so	1
87	received	5
87	it	6
87	day	1
87	no	8
87	march	1
87	arabic4digit	17
87	june	1
87	which	3
87	daily	1
87	company	1
87	arabic1digit	10
87	form	3
87	arabicprice	1
87	us	2
87	other	1
87	both	1
87	interesting	1
87	books	3
87	have	5
87	order	5
87	some	1
87	book	6
87	very	11
87	with	10
87	leave	1
87	printed	1
87	may	6
87	well	6
87	one	3
87	april	1
87	just	2
87	sent	2
87	kind	1
87	much	4
87	and	23
87	yours	15
87	i	12
87	shall	1
87	to	10
87	name	1
87	the	22
87	best	1
87	dear	1
87	this	2
87	by	3
87	be	2
87	r	1
87	ought	1
87	y	4
87	your	6
87	co	1
87	works	1
87	t	1
87	valuable	3
87	is	5
87	pleasure	1
87	pleased	7
87	were	2
87	personalname	10
87	arabic3digit	6
87	are	7
87	please	3
87	account	1
87	of	14
87	whom	1
87	do	1
87	say	1
87	from	3
87	said	1
87	on	1
87	#sequentialcaps	5
87	#lines	66
87	#maxinitial	18
87	#caplines	46
87	#startwname	15
87	#periods	114
87	#stdev	2196
87	#maxpair	20
87	#startwrubric	4
87	#commas	113
87	#endwpunct	45
87	#exclamationpoints	1
87	#textlines	66
87	#endwnumeral	19
87	wordNotInVocab	209
88	b	2
88	also	2
88	would	1
88	n	3
88	h	4
88	arabic2digit	6
88	all	5
88	has	4
88	o	1
88	without	4
88	city	2
88	their	1
88	s	8
88	think	2
88	great	2
88	every	1
88	as	8
88	know	1
88	hand	1
88	his	3
88	placename	14
88	our	1
88	am	1
88	under	2
88	each	2
88	was	1
88	arabic5+digit	1
88	come	1
88	new	2
88	made	1
88	especially	1
88	whom	1
88	text	1
88	business	1
88	matter	2
88	came	1
88	its	4
88	press	1
88	sun	1
88	most	3
88	interest	1
88	south	1
88	received	1
88	that	4
88	take	1
88	ought	2
88	himself	1
88	several	1
88	put	1
88	arabic1digit	1
88	property	2
88	the	47
88	fire	4
88	contains	1
88	other	4
88	too	2
88	interesting	1
88	books	3
88	have	8
88	there	4
88	some	1
88	rules	6
88	short	1
88	with	2
88	printed	2
88	arranged	1
88	may	1
88	appeared	2
88	one	5
88	here	1
88	con	1
88	work	4
88	kind	1
88	price	2
88	it	12
88	certainly	2
88	effect	1
88	this	8
88	sir	1
88	find	2
88	be	4
88	r	1
88	arabic4digit	7
88	y	3
88	more	2
88	thank	1
88	done	1
88	which	5
88	propernoun	11
88	state	1
88	over	1
88	for	18
88	personalname	15
88	like	1
88	account	1
88	fine	1
88	another	1
88	can	1
88	found	1
88	boards	2
88	from	3
88	something	1
88	if	1
88	cannot	1
88	after	1
88	when	2
88	seen	1
88	same	2
88	time	2
88	world	1
88	paper	1
88	arabicprice	3
88	any	2
88	d	1
88	chapter	1
88	should	1
88	f	1
88	service	1
88	fact	1
88	man	1
88	end	1
88	author	1
88	important	1
88	romannumeral	1
88	my	2
88	first	1
88	series	1
88	an	3
88	still	1
88	general	2
88	publishers	1
88	p	1
88	#allcapswords	36
88	relative	1
88	hall	1
88	not	1
88	information	1
88	those	4
88	we	4
88	reason	1
88	you	4
88	a	14
88	standard	1
88	only	1
88	me	2
88	in	17
88	everything	2
88	literature	1
88	carefully	2
88	out	2
88	practical	1
88	favour	1
88	no	1
88	june	2
88	almost	1
88	goes	1
88	feet	1
88	do	2
88	excellent	1
88	large	2
88	meet	1
88	etc	1
88	but	1
88	edition	5
88	order	1
88	bound	1
88	eastern	1
88	given	2
88	known	1
88	very	7
88	best	2
88	so	3
88	well	1
88	editions	1
88	will	1
88	ever	1
88	just	1
88	book	8
88	and	46
88	manual	1
88	yours	7
88	i	6
88	far	1
88	mr	3
88	appear	1
88	considered	1
88	to	14
88	published	1
88	pages	3
88	dear	1
88	up	1
88	civil	1
88	or	2
88	by	6
88	your	4
88	co	1
88	are	9
88	works	1
88	at	1
88	valuable	5
88	they	1
88	believe	1
88	is	13
88	better	1
88	place	1
88	enlarged	1
88	of	52
88	number	1
88	been	1
88	various	1
88	being	1
88	on	2
88	#sequentialcaps	4
88	#lines	76
88	#maxinitial	10
88	#quotations	8
88	#caplines	36
88	#startwname	12
88	#periods	97
88	#stdev	2064
88	#maxpair	16
88	#startwrubric	4
88	#commas	109
88	#endwpunct	27
88	#textlines	76
88	#endwnumeral	7
88	wordNotInVocab	267
89	written	2
89	propernoun	7
89	paper	2
89	n	1
89	h	1
89	all	8
89	laws	1
89	without	1
89	particular	1
89	as	1
89	arabic3digit	3
89	have	3
89	every	2
89	an	1
89	information	1
89	kind	1
89	publishers	1
89	#allcapswords	10
89	price	1
89	his	1
89	placename	1
89	our	5
89	when	1
89	under	1
89	a	7
89	standard	3
89	for	22
89	in	3
89	these	2
89	either	1
89	its	4
89	copies	1
89	long	1
89	most	1
89	has	1
89	it	3
89	no	1
89	daily	1
89	arabicprice	1
89	property	3
89	large	1
89	edition	2
89	fire	5
89	should	2
89	other	1
89	post	1
89	books	10
89	new	1
89	short	1
89	engraved	1
89	revised	1
89	printed	2
89	wood	1
89	else	1
89	beyond	1
89	any	1
89	ever	2
89	house	1
89	book	3
89	work	2
89	many	1
89	and	30
89	best	2
89	that	1
89	kinds	2
89	to	4
89	name	1
89	published	2
89	the	11
89	this	1
89	be	3
89	complete	1
89	or	5
89	by	3
89	now	1
89	co	1
89	are	6
89	works	3
89	at	1
89	world	1
89	valuable	3
89	we	1
89	law	1
89	is	4
89	than	1
89	s	11
89	personalname	6
89	practical	3
89	enlarged	1
89	account	1
89	full	1
89	op	1
89	of	21
89	can	2
89	means	1
89	editions	1
89	number	1
89	found	1
89	from	2
89	being	1
89	both	1
89	doubt	1
89	on	3
89	#sequentialcaps	5
89	#lines	57
89	#maxinitial	11
89	#quotations	2
89	#caplines	45
89	#startwname	12
89	#periods	58
89	#stdev	2329
89	#maxpair	14
89	#startwrubric	1
89	#commas	46
89	#endwpunct	42
89	#textlines	57
89	#endwnumeral	1
89	wordNotInVocab	206
90	#textlines	0
91	#textlines	0
92	#textlines	0
93	arabic1digit	4
93	the	2
93	due	1
93	subject	1
93	this	1
93	be	1
93	date	3
93	arabic5+digit	3
93	stamped	1
93	made	1
93	only	1
93	are	1
93	books	1
93	arabic2digit	2
93	fall	1
93	below	1
93	days	1
93	book	1
93	is	1
93	general	1
93	end	1
93	on	2
93	may	1
93	or	1
93	m	1
93	university	1
93	of	2
93	return	1
93	placename	1
93	last	1
93	no	1
93	from	1
93	which	2
93	#allcapswords	15
93	after	1
93	library	1
93	use	1
93	to	5
93	day	1
93	#sequentialcaps	2
93	#lines	16
93	#maxinitial	3
93	#caplines	12
93	#startwname	2
93	#periods	6
93	#stdev	1381
93	#maxpair	3
93	#startwrubric	1
93	#commas	2
93	#endwpunct	6
93	#textlines	16
93	#endwnumeral	4
93	wordNotInVocab	22
94	#lines	1
94	#textlines	0
95	#lines	1
95	#textlines	0
