-1	#metaFiction	0
0	#textlines	0
1	a	1
1	t	1
1	#allcapswords	2
1	y	1
1	romannumeral	1
1	#sequentialcaps	1
1	#lines	11
1	#maxinitial	2
1	#quotations	1
1	#caplines	2
1	#startwname	1
1	#stdev	549
1	#maxpair	3
1	#endwpunct	1
1	#exclamationpoints	1
1	#textlines	3
1	wordNotInVocab	4
2	#textlines	0
3	#textlines	0
4	#textlines	0
5	#textlines	0
6	#allcapswords	1
6	#lines	3
6	#maxinitial	1
6	#caplines	1
6	#maxpair	1
6	#textlines	1
6	wordNotInVocab	1
7	#textlines	0
8	arabic4digit	1
8	the	1
8	new	1
8	lane	1
8	#allcapswords	12
8	personalname	3
8	and	1
8	head	1
8	placename	2
8	#sequentialcaps	1
8	#lines	14
8	#maxinitial	1
8	#caplines	5
8	#startwname	2
8	#stdev	613
8	#maxpair	2
8	#textlines	6
8	#endwnumeral	1
8	wordNotInVocab	2
9	#lines	1
9	#textlines	0
10	to	1
10	personalname	1
10	#allcapswords	3
10	#lines	4
10	#maxinitial	1
10	#caplines	2
10	#startwname	1
10	#stdev	550
10	#maxpair	1
10	#textlines	2
10	wordNotInVocab	1
11	#textlines	0
12	arabic1digit	8
12	the	2
12	question	1
12	t	1
12	may	1
12	forth	2
12	contents	1
12	dead	1
12	a	2
12	fancy	1
12	language	1
12	two	2
12	love	1
12	life	1
12	pity	1
12	and	2
12	arabic2digit	14
12	of	1
12	i	1
12	sleep	1
12	he	1
12	#allcapswords	6
12	go	2
12	is	1
12	#sequentialcaps	3
12	#lines	53
12	#maxinitial	5
12	#caplines	26
12	#startwname	1
12	#periods	59
12	#stdev	717
12	#maxpair	7
12	#commas	2
12	#textlines	26
12	#endwnumeral	22
12	wordNotInVocab	19
13	the	7
13	mine	2
13	sea	1
13	thought	1
13	whole	1
13	or	1
13	oh	1
13	new	1
13	wife	1
13	life	1
13	death	1
13	at	1
13	arabic2digit	30
13	of	3
13	love	1
13	nothing	1
13	maid	1
13	fact	1
13	alone	2
13	is	1
13	heaven	1
13	lost	1
13	child	1
13	here	1
13	past	1
13	spirit	1
13	and	2
13	meeting	1
13	from	1
13	page	1
13	nature	1
13	#allcapswords	2
13	to	1
13	flight	1
13	#sequentialcaps	3
13	#lines	115
13	#maxinitial	4
13	#quotations	8
13	#caplines	30
13	#startwname	2
13	#periods	10
13	#stdev	786
13	#maxpair	7
13	#commas	1
13	#endwpunct	13
13	#textlines	64
13	#endwnumeral	30
13	wordNotInVocab	23
14	the	2
14	vain	1
14	romannumeral	1
14	a	1
14	thoughts	1
14	of	1
14	dead	1
14	alone	1
14	death	1
14	in	2
14	at	1
14	arabic2digit	16
14	propernoun	1
14	page	1
14	sleep	1
14	night	2
14	#allcapswords	3
14	#sequentialcaps	4
14	#lines	62
14	#maxinitial	4
14	#caplines	18
14	#periods	6
14	#stdev	430
14	#maxpair	4
14	#startwrubric	1
14	#endwpunct	6
14	#textlines	34
14	#endwnumeral	16
14	wordNotInVocab	10
15	j	1
15	#allcapswords	1
15	#lines	3
15	#maxinitial	1
15	#caplines	1
15	#maxpair	1
15	#textlines	0
16	through	1
16	b	1
16	hold	1
16	heaven	1
16	little	1
16	the	2
16	be	1
16	my	2
16	free	1
16	prove	1
16	by	1
16	star	1
16	then	1
16	return	1
16	of	1
16	with	1
16	thee	2
16	every	1
16	me	1
16	in	1
16	and	1
16	#allcapswords	1
16	thine	1
16	love	1
16	all	1
16	till	1
16	ere	1
16	forth	4
16	go	4
16	to	1
16	is	1
16	above	1
16	#sequentialcaps	4
16	#lines	18
16	#maxinitial	3
16	#caplines	10
16	#periods	1
16	#stdev	1107
16	#maxpair	3
16	#commas	8
16	#endwpunct	5
16	#textlines	9
16	wordNotInVocab	10
17	so	4
17	on	1
17	am	1
17	#allcapswords	4
17	you	1
17	not	1
17	a	4
17	follow	1
17	thee	1
17	think	1
17	look	1
17	never	3
17	as	2
17	to	1
17	at	2
17	much	1
17	deep	1
17	love	1
17	all	1
17	i	4
17	free	1
17	and	2
17	do	1
17	thought	2
17	when	2
17	nor	2
17	#sequentialcaps	3
17	#lines	15
17	#maxinitial	3
17	#caplines	9
17	#periods	2
17	#stdev	731
17	#maxpair	3
17	#commas	8
17	#endwpunct	8
17	#textlines	9
17	wordNotInVocab	10
18	arabic1digit	1
18	the	2
18	b	1
18	a	3
18	time	2
18	makes	1
18	by	1
18	made	1
18	year	1
18	hour	1
18	of	3
18	their	1
18	days	2
18	face	1
18	so	1
18	rule	1
18	its	1
18	#allcapswords	1
18	he	3
18	love	1
18	as	1
18	an	1
18	and	1
18	from	2
18	takes	1
18	to	3
18	power	1
18	his	1
18	#sequentialcaps	2
18	#lines	29
18	#maxinitial	3
18	#caplines	14
18	#periods	3
18	#stdev	1342
18	#maxpair	4
18	#commas	4
18	#endwpunct	6
18	#textlines	14
18	#endwnumeral	1
18	wordNotInVocab	20
19	what	4
19	word	2
19	but	1
19	thought	2
19	time	1
19	only	1
19	men	1
19	rise	1
19	such	1
19	sweet	1
19	is	3
19	ear	1
19	not	1
19	#allcapswords	6
19	keep	1
19	could	1
19	will	3
19	then	1
19	fly	1
19	can	1
19	as	3
19	spirit	1
19	it	2
19	i	6
19	mortal	1
19	from	1
19	that	3
19	think	1
19	and	1
19	to	2
19	when	1
19	#sequentialcaps	4
19	#lines	31
19	#maxinitial	7
19	#caplines	17
19	#periods	3
19	#stdev	455
19	#maxpair	8
19	#commas	6
19	#endwpunct	10
19	#questionmarks	3
19	#textlines	17
19	wordNotInVocab	14
20	the	6
20	songs	1
20	bring	1
20	this	1
20	present	1
20	you	1
20	a	2
20	yours	1
20	new	1
20	has	1
20	dead	2
20	grave	2
20	upon	1
20	mine	1
20	fire	2
20	there	1
20	am	1
20	such	1
20	make	1
20	tis	1
20	is	1
20	so	1
20	for	3
20	well	1
20	are	1
20	once	1
20	ever	1
20	love	2
20	past	2
20	as	1
20	your	1
20	would	1
20	it	1
20	and	2
20	always	1
20	from	1
20	i	3
20	sit	1
20	#allcapswords	3
20	to	3
20	on	1
20	#sequentialcaps	3
20	#lines	19
20	#maxinitial	3
20	#caplines	11
20	#periods	3
20	#stdev	1163
20	#maxpair	3
20	#commas	11
20	#endwpunct	8
20	#textlines	13
20	wordNotInVocab	15
21	truth	1
21	met	2
21	this	1
21	but	2
21	you	2
21	when	1
21	was	1
21	never	1
21	all	1
21	life	1
21	me	3
21	in	1
21	they	1
21	these	1
21	what	2
21	tears	1
21	spring	1
21	youth	1
21	known	1
21	is	2
21	not	1
21	were	1
21	for	1
21	friend	1
21	thus	1
21	ah	1
21	and	1
21	leaves	1
21	long	1
21	goes	1
21	little	1
21	then	1
21	think	1
21	of	1
21	can	1
21	alone	1
21	leave	1
21	as	2
21	part	1
21	it	1
21	too	2
21	from	2
21	i	2
21	a	1
21	though	1
21	#allcapswords	2
21	to	1
21	that	3
21	#sequentialcaps	2
21	#lines	16
21	#maxinitial	2
21	#caplines	9
21	#periods	2
21	#stdev	1420
21	#maxpair	3
21	#commas	10
21	#endwpunct	6
21	#questionmarks	3
21	#textlines	10
21	wordNotInVocab	10
22	the	3
22	what	1
22	you	2
22	heat	1
22	or	1
22	another	1
22	now	3
22	heart	1
22	for	1
22	cold	1
22	grave	1
22	death	1
22	at	2
22	where	1
22	wave	2
22	love	1
22	all	1
22	fall	1
22	such	1
22	comes	1
22	question	1
22	body	1
22	out	1
22	ever	1
22	one	1
22	of	4
22	poor	2
22	to	1
22	blood	1
22	and	1
22	last	1
22	a	1
22	an	1
22	#allcapswords	1
22	how	1
22	on	1
22	#sequentialcaps	4
22	#lines	14
22	#maxinitial	3
22	#caplines	9
22	#stdev	1050
22	#maxpair	4
22	#commas	3
22	#endwpunct	3
22	#questionmarks	2
22	#exclamationpoints	1
22	#textlines	9
22	wordNotInVocab	17
23	wide	1
23	the	1
23	this	1
23	you	1
23	enough	1
23	makes	1
23	your	2
23	two	2
23	heart	1
23	should	1
23	are	4
23	in	2
23	rise	1
23	there	2
23	we	4
23	love	2
23	see	1
23	they	1
23	all	1
23	thought	1
23	is	1
23	cannot	1
23	not	1
23	with	5
23	for	1
23	yet	1
23	i	1
23	any	1
23	think	1
23	here	1
23	eternal	1
23	of	1
23	that	2
23	and	1
23	no	1
23	young	1
23	who	1
23	though	1
23	#allcapswords	1
23	old	1
23	go	1
23	world	2
23	#sequentialcaps	2
23	#lines	16
23	#maxinitial	4
23	#caplines	9
23	#periods	3
23	#stdev	1533
23	#maxpair	4
23	#commas	9
23	#endwpunct	4
23	#textlines	11
23	wordNotInVocab	11
24	breath	1
24	form	1
24	through	1
24	but	1
24	mine	1
24	time	1
24	held	1
24	since	1
24	too	1
24	have	1
24	grief	1
24	of	5
24	with	3
24	till	1
24	some	3
24	sweet	1
24	let	1
24	beauty	2
24	so	1
24	their	1
24	ah	1
24	die	1
24	take	1
24	and	3
24	language	1
24	her	1
24	to	6
24	the	4
24	this	2
24	rose	1
24	year	1
24	your	1
24	tree	1
24	me	1
24	in	2
24	earth	1
24	delight	1
24	may	1
24	spring	1
24	such	1
24	rest	1
24	leaves	1
24	its	1
24	love	1
24	birth	1
24	breast	1
24	that	1
24	at	1
24	from	3
24	hands	1
24	saw	1
24	like	1
24	on	1
24	#sequentialcaps	4
24	#lines	30
24	#maxinitial	7
24	#caplines	18
24	#startwname	1
24	#periods	5
24	#stdev	1250
24	#maxpair	8
24	#commas	10
24	#endwpunct	9
24	#textlines	19
24	wordNotInVocab	41
25	who	2
25	the	3
25	what	1
25	find	1
25	thought	1
25	would	2
25	a	1
25	time	1
25	life	1
25	in	1
25	they	2
25	sight	1
25	knew	1
25	sound	1
25	love	1
25	all	1
25	much	1
25	run	1
25	rather	1
25	joy	1
25	than	1
25	so	1
25	were	1
25	for	1
25	do	1
25	yet	1
25	lives	1
25	my	1
25	too	1
25	die	1
25	of	5
25	you	1
25	to	2
25	good	1
25	out	1
25	it	1
25	and	2
25	i	1
25	ere	1
25	#allcapswords	1
25	might	1
25	less	1
25	that	1
25	on	1
25	#sequentialcaps	4
25	#lines	18
25	#maxinitial	3
25	#caplines	9
25	#periods	3
25	#stdev	1690
25	#maxpair	3
25	#commas	6
25	#endwpunct	6
25	#textlines	11
25	wordNotInVocab	18
26	breath	1
26	the	1
26	air	1
26	from	1
26	be	2
26	a	1
26	live	1
26	heart	1
26	only	1
26	death	1
26	me	1
26	i	1
26	even	1
26	we	2
26	dare	1
26	forth	1
26	its	1
26	is	3
26	act	1
26	not	1
26	with	2
26	so	1
26	down	1
26	#allcapswords	2
26	romannumeral	1
26	my	1
26	but	1
26	love	3
26	it	1
26	still	1
26	and	4
26	know	1
26	far	1
26	being	1
26	to	6
26	loved	3
26	that	1
26	when	1
26	#sequentialcaps	2
26	#lines	19
26	#maxinitial	3
26	#caplines	10
26	#periods	2
26	#stdev	1465
26	#maxpair	4
26	#commas	8
26	#endwpunct	4
26	#questionmarks	2
26	#exclamationpoints	1
26	#textlines	11
26	wordNotInVocab	13
27	fancy	1
27	so	1
27	a	1
27	i	1
27	water	1
27	they	1
27	arabic2digit	1
27	me	1
27	face	1
27	thee	1
27	joy	1
27	comes	1
27	the	2
27	with	1
27	its	1
27	to	2
27	thoughts	1
27	of	2
27	women	1
27	red	1
27	every	1
27	as	1
27	before	1
27	that	1
27	and	3
27	at	1
27	from	1
27	hands	1
27	#allcapswords	2
27	go	1
27	do	1
27	on	1
27	#sequentialcaps	3
27	#lines	16
27	#maxinitial	3
27	#caplines	7
27	#periods	1
27	#stdev	1576
27	#maxpair	3
27	#commas	7
27	#endwpunct	4
27	#textlines	8
27	#endwnumeral	1
27	wordNotInVocab	14
28	us	1
28	our	2
28	him	1
28	word	1
28	but	1
28	open	1
28	makes	1
28	upon	1
28	in	1
28	at	2
28	arabic2digit	1
28	grief	1
28	thus	2
28	hear	1
28	some	1
28	private	1
28	act	1
28	not	1
28	unto	1
28	for	1
28	their	2
28	own	1
28	of	1
28	that	1
28	and	5
28	from	1
28	help	1
28	pity	3
28	lies	1
28	hearts	1
28	her	1
28	to	2
28	when	1
28	#sequentialcaps	3
28	#lines	21
28	#maxinitial	4
28	#caplines	11
28	#periods	1
28	#stdev	1143
28	#maxpair	5
28	#commas	8
28	#endwpunct	6
28	#textlines	12
28	#endwnumeral	1
28	wordNotInVocab	17
29	the	3
29	had	1
29	away	1
29	hear	1
29	through	1
29	and	1
29	would	1
29	too	1
29	thy	2
29	have	1
29	my	1
29	oh	2
29	upon	1
29	so	1
29	once	1
29	heart	1
29	thee	2
29	near	1
29	h	1
29	voice	1
29	that	3
29	call	1
29	far	1
29	back	1
29	should	2
29	i	1
29	light	2
29	#allcapswords	2
29	to	2
29	for	1
29	pale	1
29	when	1
29	#sequentialcaps	1
29	#lines	19
29	#maxinitial	3
29	#caplines	10
29	#periods	1
29	#stdev	1287
29	#maxpair	4
29	#commas	3
29	#endwpunct	5
29	#exclamationpoints	1
29	#textlines	9
29	wordNotInVocab	11
30	the	1
30	words	1
30	meet	1
30	could	1
30	be	1
30	you	2
30	complete	1
30	a	1
30	we	1
30	or	1
30	moment	1
30	new	1
30	your	1
30	heart	1
30	only	1
30	life	1
30	upon	1
30	in	2
30	all	1
30	arabic2digit	1
30	of	1
30	should	2
30	made	1
30	best	1
30	for	1
30	friend	1
30	ah	1
30	heaven	1
30	must	1
30	my	3
30	too	1
30	little	1
30	them	1
30	as	1
30	good	1
30	that	2
30	cannot	1
30	#allcapswords	3
30	i	3
30	and	1
30	to	2
30	day	1
30	on	1
30	#sequentialcaps	2
30	#lines	19
30	#maxinitial	2
30	#caplines	9
30	#periods	3
30	#stdev	1643
30	#maxpair	3
30	#commas	11
30	#endwpunct	6
30	#textlines	11
30	#endwnumeral	1
30	wordNotInVocab	15
31	arabic1digit	1
31	the	8
31	air	1
31	through	1
31	be	1
31	star	1
31	whole	1
31	might	1
31	oh	1
31	your	2
31	looking	1
31	heart	1
31	in	2
31	soul	1
31	stream	1
31	love	1
31	all	1
31	given	1
31	fall	1
31	such	1
31	volume	1
31	for	1
31	heaven	1
31	thou	1
31	went	1
31	one	1
31	of	2
31	as	1
31	an	1
31	to	1
31	free	1
31	too	2
31	which	1
31	a	1
31	and	2
31	before	1
31	that	1
31	on	2
31	#sequentialcaps	2
31	#lines	26
31	#maxinitial	5
31	#caplines	16
31	#periods	3
31	#stdev	1216
31	#maxpair	7
31	#commas	10
31	#endwpunct	10
31	#textlines	19
31	#endwnumeral	1
31	wordNotInVocab	32
32	time	1
32	the	7
32	least	1
32	words	1
32	what	1
32	prove	2
32	arabic2digit	1
32	have	1
32	a	1
32	might	1
32	by	1
32	we	1
32	proper	1
32	me	1
32	in	3
32	at	1
32	cause	1
32	love	2
32	its	1
32	laws	1
32	believe	2
32	seems	1
32	with	2
32	so	2
32	for	2
32	may	2
32	yet	1
32	#allcapswords	1
32	free	1
32	another	1
32	full	1
32	of	5
32	as	1
32	to	4
32	good	1
32	it	1
32	and	3
32	more	1
32	though	1
32	his	2
32	#sequentialcaps	2
32	#lines	28
32	#maxinitial	4
32	#caplines	22
32	#periods	6
32	#stdev	1005
32	#maxpair	6
32	#commas	9
32	#endwpunct	11
32	#questionmarks	1
32	#exclamationpoints	1
32	#textlines	24
32	#endwnumeral	1
32	wordNotInVocab	41
33	arabic1digit	1
33	the	2
33	be	1
33	and	1
33	of	2
33	want	1
33	life	2
33	feel	2
33	in	1
33	sleep	2
33	stream	1
33	i	2
33	a	1
33	#allcapswords	2
33	to	1
33	#sequentialcaps	1
33	#lines	10
33	#maxinitial	3
33	#caplines	5
33	#periods	1
33	#stdev	1589
33	#maxpair	3
33	#commas	2
33	#endwpunct	2
33	#textlines	6
33	#endwnumeral	1
33	wordNotInVocab	13
34	arabic1digit	1
34	the	4
34	our	1
34	am	1
34	be	2
34	you	5
34	have	1
34	shall	1
34	time	1
34	now	1
34	for	1
34	grave	1
34	your	1
34	in	2
34	sleep	2
34	if	1
34	fear	1
34	we	2
34	nothing	2
34	home	1
34	such	1
34	than	1
34	with	1
34	more	1
34	may	1
34	romannumeral	1
34	dead	1
34	will	1
34	but	1
34	ever	2
34	think	1
34	of	2
34	come	1
34	that	2
34	say	1
34	from	1
34	i	3
34	lie	1
34	#allcapswords	3
34	to	3
34	day	2
34	arabic2digit	1
34	when	1
34	#sequentialcaps	2
34	#lines	26
34	#maxinitial	3
34	#caplines	12
34	#periods	3
34	#stdev	1075
34	#maxpair	3
34	#commas	11
34	#endwpunct	7
34	#exclamationpoints	1
34	#textlines	15
34	#endwnumeral	2
34	wordNotInVocab	18
35	the	4
35	bid	1
35	what	1
35	through	1
35	be	1
35	you	2
35	a	1
35	or	1
35	oh	1
35	force	1
35	me	1
35	in	1
35	of	1
35	arabic2digit	1
35	we	1
35	know	1
35	away	1
35	with	1
35	lost	1
35	may	1
35	yet	1
35	sun	1
35	my	1
35	sky	1
35	night	1
35	as	1
35	course	1
35	many	1
35	and	2
35	none	1
35	friends	1
35	i	1
35	shall	2
35	#allcapswords	1
35	go	1
35	to	1
35	day	2
35	that	2
35	his	1
35	on	1
35	#sequentialcaps	2
35	#lines	17
35	#maxinitial	2
35	#caplines	11
35	#periods	1
35	#stdev	1250
35	#maxpair	3
35	#commas	11
35	#endwpunct	9
35	#questionmarks	2
35	#exclamationpoints	1
35	#textlines	12
35	#endwnumeral	1
35	wordNotInVocab	20
36	be	1
36	through	1
36	words	2
36	the	1
36	but	1
36	sorrow	1
36	your	2
36	full	1
36	in	1
36	fear	1
36	love	2
36	all	1
36	what	1
36	tears	1
36	from	1
36	so	2
36	ah	1
36	#allcapswords	1
36	speech	1
36	must	1
36	will	1
36	free	1
36	can	1
36	against	1
36	of	3
36	home	1
36	that	2
36	still	1
36	i	1
36	a	1
36	sit	1
36	and	2
36	fly	1
36	to	2
36	arabic2digit	1
36	#sequentialcaps	2
36	#lines	18
36	#maxinitial	2
36	#caplines	9
36	#periods	1
36	#stdev	1211
36	#maxpair	4
36	#commas	4
36	#endwpunct	6
36	#questionmarks	1
36	#exclamationpoints	1
36	#textlines	10
36	#endwnumeral	1
36	wordNotInVocab	13
37	the	9
37	world	2
37	only	2
37	are	2
37	me	1
37	at	1
37	arabic2digit	1
37	all	3
37	is	2
37	not	2
37	wide	1
37	so	1
37	for	5
37	may	1
37	my	1
37	said	1
37	one	1
37	love	2
37	thee	2
37	as	2
37	to	2
37	side	1
37	it	1
37	and	5
37	dead	1
37	i	2
37	shall	2
37	#allcapswords	2
37	she	1
37	how	1
37	see	1
37	#sequentialcaps	2
37	#lines	29
37	#maxinitial	3
37	#quotations	4
37	#caplines	11
37	#periods	2
37	#stdev	952
37	#maxpair	5
37	#commas	10
37	#endwpunct	12
37	#questionmarks	2
37	#exclamationpoints	1
37	#textlines	16
37	#endwnumeral	1
37	wordNotInVocab	35
38	with	2
38	the	1
38	be	2
38	my	1
38	oh	1
38	thy	3
38	of	2
38	either	1
38	language	1
38	in	4
38	hither	1
38	and	3
38	from	1
38	arabic2digit	1
38	soul	1
38	light	1
38	blessed	1
38	to	2
38	rest	1
38	#sequentialcaps	3
38	#lines	22
38	#maxinitial	3
38	#caplines	11
38	#periods	3
38	#stdev	960
38	#maxpair	4
38	#commas	10
38	#endwpunct	10
38	#exclamationpoints	1
38	#textlines	12
38	#endwnumeral	1
38	wordNotInVocab	23
39	the	5
39	this	3
39	a	2
39	world	1
39	two	1
39	heart	2
39	was	2
39	grave	1
39	read	2
39	whom	1
39	i	2
39	mother	2
39	where	1
39	arabic2digit	1
39	wave	1
39	face	1
39	peace	1
39	for	1
39	pain	2
39	its	2
39	#allcapswords	4
39	place	1
39	of	6
39	bliss	1
39	that	1
39	and	2
39	it	1
39	again	1
39	until	1
39	her	2
39	to	2
39	child	1
39	on	1
39	#sequentialcaps	2
39	#lines	17
39	#maxinitial	3
39	#quotations	3
39	#caplines	7
39	#periods	2
39	#stdev	1528
39	#maxpair	4
39	#commas	5
39	#endwpunct	5
39	#textlines	11
39	#endwnumeral	1
39	wordNotInVocab	16
40	the	5
40	word	1
40	a	1
40	there	1
40	easy	1
40	who	1
40	mode	1
40	arabic2digit	1
40	action	1
40	of	6
40	all	1
40	nothing	1
40	past	1
40	gentle	1
40	not	1
40	unto	1
40	for	1
40	doth	1
40	yet	1
40	speech	1
40	sun	1
40	one	1
40	love	2
40	thee	2
40	every	1
40	speak	1
40	in	2
40	that	1
40	and	1
40	earth	1
40	i	1
40	language	1
40	#allcapswords	1
40	to	2
40	grammar	1
40	#sequentialcaps	1
40	#lines	16
40	#maxinitial	2
40	#caplines	9
40	#startwname	1
40	#periods	2
40	#stdev	1466
40	#maxpair	3
40	#commas	3
40	#endwpunct	3
40	#textlines	11
40	#endwnumeral	1
40	wordNotInVocab	16
41	the	4
41	sword	1
41	what	3
41	sets	1
41	east	1
41	a	1
41	dark	1
41	force	1
41	men	1
41	great	1
41	death	1
41	in	4
41	pity	1
41	arabic2digit	1
41	all	1
41	light	1
41	birth	1
41	rest	1
41	for	3
41	mortal	1
41	heaven	1
41	man	1
41	could	1
41	hope	1
41	thy	1
41	of	2
41	night	1
41	thee	1
41	that	2
41	and	2
41	no	1
41	from	1
41	back	1
41	who	1
41	stars	1
41	daily	1
41	to	2
41	power	1
41	#sequentialcaps	4
41	#lines	23
41	#maxinitial	3
41	#caplines	13
41	#startwname	1
41	#periods	1
41	#stdev	905
41	#maxpair	3
41	#commas	6
41	#endwpunct	7
41	#questionmarks	2
41	#textlines	14
41	#endwnumeral	1
41	wordNotInVocab	19
42	with	1
42	so	1
42	our	1
42	vain	1
42	the	3
42	be	2
42	must	1
42	a	1
42	full	1
42	of	1
42	can	1
42	are	1
42	near	1
42	grave	1
42	life	3
42	death	2
42	in	1
42	dead	2
42	that	2
42	and	2
42	from	2
42	arabic2digit	1
42	all	1
42	far	1
42	again	1
42	after	1
42	#sequentialcaps	1
42	#lines	13
42	#maxinitial	2
42	#caplines	7
42	#periods	1
42	#stdev	1160
42	#maxpair	2
42	#commas	6
42	#endwpunct	4
42	#questionmarks	1
42	#textlines	8
42	#endwnumeral	1
42	wordNotInVocab	7
43	breath	1
43	the	4
43	am	1
43	rose	1
43	even	1
43	but	1
43	mortal	1
43	a	1
43	was	1
43	about	1
43	now	1
43	once	1
43	more	1
43	are	1
43	me	1
43	in	1
43	arabic2digit	1
43	of	4
43	wind	1
43	joys	1
43	only	1
43	with	1
43	for	1
43	human	1
43	their	2
43	close	1
43	heaven	1
43	turned	1
43	beneath	1
43	at	1
43	love	1
43	night	1
43	stars	1
43	my	2
43	and	2
43	proud	1
43	no	1
43	from	2
43	i	2
43	right	1
43	#allcapswords	2
43	to	3
43	#sequentialcaps	2
43	#lines	21
43	#maxinitial	2
43	#caplines	11
43	#periods	2
43	#stdev	1491
43	#maxpair	4
43	#commas	7
43	#endwpunct	6
43	#textlines	14
43	#endwnumeral	1
43	wordNotInVocab	21
44	holy	1
44	the	3
44	mine	8
44	dear	1
44	this	1
44	but	1
44	a	1
44	time	1
44	order	2
44	or	2
44	sky	1
44	soon	1
44	only	1
44	since	1
44	thy	1
44	me	1
44	in	2
44	deep	1
44	arabic2digit	1
44	river	1
44	into	1
44	fall	1
44	sweet	2
44	alone	1
44	earth	1
44	like	1
44	#allcapswords	3
44	beyond	1
44	early	1
44	one	1
44	of	2
44	can	1
44	thee	1
44	still	1
44	that	1
44	thing	1
44	none	2
44	from	1
44	i	2
44	again	1
44	and	5
44	late	2
44	on	1
44	#sequentialcaps	3
44	#lines	29
44	#maxinitial	4
44	#caplines	9
44	#periods	3
44	#stdev	1806
44	#maxpair	5
44	#commas	16
44	#endwpunct	8
44	#textlines	17
44	#endwnumeral	1
44	wordNotInVocab	19
45	the	6
45	words	1
45	what	2
45	you	3
45	enough	1
45	oh	1
45	your	2
45	soft	1
45	real	1
45	at	1
45	where	1
45	arabic2digit	1
45	of	2
45	love	1
45	this	2
45	miss	1
45	is	1
45	sweet	1
45	tis	1
45	for	3
45	do	1
45	are	1
45	meeting	1
45	true	1
45	it	1
45	and	2
45	from	1
45	i	1
45	say	1
45	daily	1
45	#allcapswords	1
45	use	1
45	to	2
45	loved	1
45	#sequentialcaps	2
45	#lines	21
45	#maxinitial	3
45	#caplines	11
45	#periods	1
45	#stdev	1354
45	#maxpair	3
45	#commas	5
45	#endwpunct	5
45	#questionmarks	1
45	#textlines	12
45	#endwnumeral	1
45	wordNotInVocab	12
46	white	1
46	the	3
46	never	1
46	this	1
46	seen	1
46	ever	1
46	you	4
46	a	1
46	oh	3
46	rich	1
46	has	1
46	now	1
46	heart	1
46	life	1
46	upon	1
46	me	1
46	i	2
46	of	6
46	arabic2digit	1
46	remember	1
46	some	1
46	spring	1
46	such	1
46	sweet	1
46	alone	1
46	is	1
46	earth	1
46	heavenly	1
46	with	2
46	for	4
46	together	1
46	december	1
46	heaven	1
46	hope	2
46	love	2
46	past	1
46	been	1
46	who	1
46	that	1
46	and	4
46	gold	1
46	complete	1
46	between	1
46	which	1
46	far	1
46	#allcapswords	2
46	to	1
46	where	2
46	#sequentialcaps	2
46	#lines	25
46	#maxinitial	3
46	#caplines	13
46	#periods	3
46	#stdev	1017
46	#maxpair	4
46	#commas	10
46	#endwpunct	9
46	#exclamationpoints	2
46	#textlines	16
46	#endwnumeral	1
46	wordNotInVocab	17
47	for	1
47	court	1
47	may	1
47	its	1
47	thought	2
47	my	2
47	free	1
47	oh	1
47	again	1
47	rule	1
47	of	4
47	heart	2
47	eyes	1
47	thy	1
47	me	1
47	lost	1
47	it	2
47	and	1
47	at	1
47	a	2
47	has	1
47	small	1
47	sweet	1
47	last	1
47	out	1
47	that	1
47	#sequentialcaps	3
47	#lines	12
47	#maxinitial	3
47	#caplines	7
47	#periods	1
47	#stdev	865
47	#maxpair	4
47	#commas	10
47	#endwpunct	5
47	#textlines	7
47	wordNotInVocab	10
48	with	1
48	the	4
48	what	1
48	body	1
48	glory	1
48	or	1
48	look	1
48	now	1
48	for	1
48	are	1
48	life	1
48	years	1
48	earth	1
48	arabic2digit	1
48	propernoun	1
48	all	1
48	yet	1
48	fact	1
48	is	2
48	than	1
48	more	1
48	its	1
48	thou	1
48	heaven	1
48	other	1
48	and	1
48	part	1
48	ever	1
48	one	1
48	here	1
48	of	2
48	every	1
48	hour	1
48	at	1
48	i	1
48	whole	1
48	stars	1
48	if	2
48	#allcapswords	1
48	to	2
48	#sequentialcaps	2
48	#lines	20
48	#maxinitial	2
48	#quotations	2
48	#caplines	9
48	#startwname	1
48	#periods	1
48	#stdev	1123
48	#maxpair	3
48	#startwrubric	1
48	#commas	5
48	#endwpunct	7
48	#questionmarks	2
48	#exclamationpoints	1
48	#textlines	11
48	#endwnumeral	1
48	wordNotInVocab	11
49	the	5
49	low	1
49	waves	1
49	a	1
49	view	1
49	never	1
49	tree	1
49	whom	1
49	break	1
49	at	2
49	arabic2digit	1
49	love	1
49	all	1
49	into	1
49	light	2
49	spring	1
49	poets	1
49	from	1
49	with	3
49	has	1
49	down	1
49	lives	1
49	dark	1
49	sun	3
49	open	1
49	thy	1
49	first	1
49	of	1
49	in	1
49	that	2
49	glory	1
49	secret	1
49	like	2
49	forces	1
49	to	3
49	pale	1
49	his	2
49	on	1
49	#sequentialcaps	2
49	#lines	25
49	#maxinitial	3
49	#caplines	13
49	#periods	2
49	#stdev	1013
49	#maxpair	5
49	#commas	9
49	#endwpunct	8
49	#exclamationpoints	2
49	#textlines	14
49	#endwnumeral	1
49	wordNotInVocab	27
50	arabic1digit	1
50	the	1
50	man	1
50	#allcapswords	1
50	sea	1
50	deep	1
50	a	1
50	has	1
50	love	2
50	once	1
50	laid	1
50	whom	1
50	are	1
50	life	1
50	death	1
50	song	1
50	cannot	1
50	from	1
50	arabic2digit	1
50	made	1
50	for	1
50	maid	1
50	and	1
50	d	1
50	#sequentialcaps	1
50	#lines	15
50	#maxinitial	2
50	#quotations	2
50	#caplines	7
50	#periods	1
50	#stdev	1281
50	#maxpair	2
50	#commas	2
50	#endwpunct	3
50	#textlines	8
50	#endwnumeral	2
50	wordNotInVocab	6
51	set	1
51	sword	1
51	by	1
51	men	1
51	too	1
51	in	3
51	arabic2digit	1
51	powers	1
51	yet	1
51	the	5
51	cut	1
51	for	1
51	human	1
51	their	1
51	#allcapswords	1
51	net	1
51	of	1
51	as	1
51	daily	1
51	work	1
51	that	1
51	and	3
51	play	1
51	i	1
51	saw	2
51	way	1
51	to	1
51	#sequentialcaps	3
51	#lines	22
51	#maxinitial	3
51	#caplines	11
51	#periods	1
51	#stdev	851
51	#maxpair	3
51	#commas	5
51	#endwpunct	6
51	#textlines	12
51	#endwnumeral	1
51	wordNotInVocab	17
52	wide	1
52	with	1
52	the	4
52	dark	1
52	human	1
52	am	1
52	past	3
52	could	2
52	held	1
52	beyond	1
52	star	1
52	thee	2
52	by	1
52	one	1
52	of	2
52	out	1
52	that	2
52	strange	2
52	no	1
52	arabic2digit	1
52	back	1
52	now	1
52	i	2
52	and	1
52	under	1
52	skies	1
52	#allcapswords	2
52	go	1
52	to	4
52	joy	1
52	far	1
52	#sequentialcaps	1
52	#lines	18
52	#maxinitial	4
52	#caplines	9
52	#periods	2
52	#stdev	1295
52	#maxpair	5
52	#commas	4
52	#endwpunct	5
52	#questionmarks	1
52	#exclamationpoints	1
52	#textlines	10
52	#endwnumeral	1
52	wordNotInVocab	11
53	of	1
53	us	2
53	our	1
53	for	1
53	indeed	1
53	may	2
53	find	1
53	heaven	2
53	the	1
53	be	2
53	lose	1
53	go	1
53	pray	1
53	see	1
53	oh	1
53	those	1
53	but	1
53	never	1
53	who	1
53	before	1
53	in	2
53	earth	1
53	know	1
53	things	2
53	arabic2digit	1
53	we	2
53	this	1
53	below	1
53	earliest	1
53	lost	1
53	known	1
53	to	3
53	strange	1
53	that	2
53	on	1
53	#sequentialcaps	2
53	#lines	23
53	#maxinitial	3
53	#caplines	10
53	#periods	2
53	#stdev	1364
53	#maxpair	3
53	#commas	5
53	#endwpunct	4
53	#textlines	11
53	#endwnumeral	1
53	wordNotInVocab	4
54	the	1
54	s	1
54	what	2
54	could	1
54	wife	1
54	my	1
54	two	1
54	thee	1
54	as	1
54	thy	2
54	me	2
54	in	2
54	sight	1
54	and	2
54	voice	1
54	arabic2digit	1
54	i	1
54	a	1
54	such	1
54	#allcapswords	2
54	to	1
54	from	1
54	#sequentialcaps	2
54	#lines	16
54	#maxinitial	2
54	#caplines	7
54	#stdev	1452
54	#maxpair	2
54	#commas	1
54	#endwpunct	4
54	#questionmarks	2
54	#textlines	8
54	#endwnumeral	1
54	wordNotInVocab	14
55	form	1
55	us	1
55	prove	1
55	oh	2
55	our	3
55	life	1
55	upon	1
55	him	1
55	arabic2digit	1
55	love	3
55	tears	1
55	wind	1
55	with	2
55	memory	1
55	may	2
55	la	1
55	must	2
55	my	4
55	#allcapswords	6
55	but	1
55	alone	1
55	as	2
55	and	2
55	i	6
55	a	2
55	way	1
55	faith	1
55	to	2
55	his	1
55	the	4
55	those	1
55	this	1
55	find	1
55	thought	1
55	wife	1
55	live	1
55	look	1
55	heart	1
55	death	1
55	me	2
55	head	1
55	we	1
55	hope	1
55	joy	1
55	comes	1
55	not	4
55	yet	2
55	noble	1
55	mind	1
55	out	1
55	part	1
55	most	1
55	sight	1
55	little	1
55	of	6
55	thee	1
55	he	1
55	breast	1
55	own	1
55	that	2
55	no	1
55	back	1
55	till	1
55	lives	1
55	when	1
55	husband	1
55	on	1
55	#sequentialcaps	3
55	#lines	22
55	#maxinitial	3
55	#quotations	2
55	#caplines	15
55	#periods	4
55	#stdev	1437
55	#maxpair	4
55	#commas	14
55	#endwpunct	10
55	#exclamationpoints	2
55	#textlines	16
55	#endwnumeral	1
55	wordNotInVocab	21
56	due	1
56	what	1
56	enough	2
56	time	2
56	does	1
56	then	3
56	life	1
56	arabic2digit	1
56	of	5
56	has	1
56	make	1
56	let	1
56	with	1
56	their	1
56	heaven	1
56	romannumeral	1
56	my	1
56	distance	1
56	know	1
56	and	3
56	thine	1
56	that	2
56	a	2
56	to	5
56	day	1
56	his	1
56	the	8
56	this	2
56	dost	1
56	be	2
56	thought	1
56	wife	1
56	might	1
56	rich	1
56	new	1
56	men	1
56	thy	2
56	in	1
56	any	1
56	felt	1
56	is	2
56	not	1
56	its	1
56	#allcapswords	1
56	thou	1
56	love	1
56	near	1
56	half	1
56	come	1
56	it	1
56	gold	1
56	which	1
56	lies	1
56	stars	1
56	true	1
56	when	1
56	#sequentialcaps	2
56	#lines	22
56	#maxinitial	6
56	#caplines	16
56	#periods	2
56	#stdev	1376
56	#maxpair	6
56	#commas	9
56	#endwpunct	5
56	#questionmarks	2
56	#textlines	17
56	#endwnumeral	1
56	wordNotInVocab	33
57	with	1
57	the	6
57	divine	1
57	give	1
57	each	1
57	oft	1
57	one	1
57	have	1
57	a	1
57	back	1
57	lie	1
57	heart	1
57	all	1
57	thy	1
57	i	5
57	me	1
57	arabic2digit	1
57	of	3
57	social	1
57	by	1
57	off	1
57	such	1
57	its	3
57	is	1
57	truth	1
57	low	1
57	not	2
57	smile	1
57	so	1
57	more	1
57	yet	1
57	away	1
57	must	1
57	my	1
57	but	1
57	then	1
57	looking	1
57	love	1
57	thee	1
57	an	1
57	still	1
57	that	2
57	and	2
57	whom	1
57	which	2
57	lies	1
57	say	1
57	#allcapswords	5
57	spent	1
57	to	4
57	day	1
57	on	1
57	#sequentialcaps	4
57	#lines	27
57	#maxinitial	4
57	#caplines	15
57	#periods	4
57	#stdev	1249
57	#maxpair	5
57	#commas	13
57	#endwpunct	10
57	#textlines	17
57	#endwnumeral	1
57	wordNotInVocab	33
58	the	3
58	due	1
58	when	1
58	different	1
58	no	1
58	what	1
58	arabic2digit	1
58	a	1
58	above	1
58	live	1
58	oh	3
58	purpose	1
58	new	1
58	glorious	1
58	other	1
58	me	2
58	in	3
58	soul	1
58	seemed	1
58	world	1
58	have	1
58	love	1
58	pain	1
58	felt	1
58	tis	1
58	pride	1
58	state	1
58	is	1
58	than	1
58	equal	2
58	on	1
58	seek	1
58	#allcapswords	5
58	myself	2
58	my	1
58	it	1
58	knew	1
58	of	6
58	doubt	1
58	sublime	1
58	spirit	2
58	that	1
58	whose	1
58	long	1
58	die	1
58	i	5
58	vain	1
58	and	1
58	to	7
58	#sequentialcaps	3
58	#lines	28
58	#maxinitial	4
58	#caplines	14
58	#periods	1
58	#stdev	1217
58	#maxpair	5
58	#commas	15
58	#endwpunct	8
58	#exclamationpoints	2
58	#textlines	16
58	#endwnumeral	1
58	wordNotInVocab	30
59	would	1
59	whole	1
59	time	1
59	world	1
59	i	4
59	arabic2digit	1
59	there	1
59	love	1
59	lovely	1
59	very	1
59	with	1
59	so	1
59	more	1
59	human	2
59	loves	1
59	stood	1
59	child	1
59	nature	1
59	once	1
59	wild	1
59	#allcapswords	4
59	nor	1
59	spirit	1
59	had	1
59	worthy	1
59	a	2
59	over	1
59	and	4
59	she	4
59	her	4
59	to	2
59	day	1
59	the	4
59	nay	1
59	this	1
59	be	1
59	thought	1
59	shall	2
59	heart	1
59	for	1
59	are	1
59	me	1
59	in	1
59	light	1
59	is	1
59	ear	1
59	not	1
59	degree	1
59	its	1
59	long	1
59	see	1
59	of	2
59	whom	2
59	near	1
59	free	1
59	my	4
59	loved	1
59	no	2
59	back	1
59	on	1
59	when	2
59	#sequentialcaps	1
59	#lines	27
59	#maxinitial	4
59	#caplines	15
59	#periods	2
59	#stdev	1442
59	#maxpair	4
59	#commas	15
59	#endwpunct	8
59	#exclamationpoints	2
59	#textlines	17
59	#endwnumeral	1
59	wordNotInVocab	31
60	through	1
60	but	1
60	never	2
60	arabic2digit	1
60	of	2
60	this	1
60	fall	1
60	read	1
60	so	1
60	human	1
60	half	1
60	their	1
60	ah	1
60	and	2
60	my	1
60	beneath	1
60	said	1
60	here	1
60	as	1
60	souls	1
60	thine	1
60	hand	1
60	between	1
60	i	3
60	cast	1
60	shall	1
60	way	1
60	she	1
60	to	3
60	that	1
60	us	1
60	am	2
60	many	1
60	up	1
60	even	2
60	be	1
60	a	1
60	by	2
60	year	1
60	love	3
60	behind	1
60	thy	2
60	me	2
60	far	5
60	we	1
60	is	1
60	not	1
60	yet	2
60	#allcapswords	3
60	thou	1
60	can	3
60	years	2
60	thee	2
60	near	1
60	led	1
60	it	1
60	no	2
60	back	2
60	which	1
60	though	1
60	if	1
60	before	1
60	age	1
60	on	2
60	#sequentialcaps	2
60	#lines	29
60	#maxinitial	2
60	#quotations	4
60	#caplines	12
60	#periods	2
60	#stdev	1272
60	#maxpair	3
60	#commas	14
60	#endwpunct	9
60	#questionmarks	1
60	#exclamationpoints	2
60	#textlines	16
60	#endwnumeral	1
60	wordNotInVocab	24
61	met	1
61	us	1
61	world	1
61	never	1
61	life	1
61	arabic2digit	1
61	there	3
61	forth	1
61	wish	1
61	found	1
61	wide	1
61	body	1
61	must	1
61	my	3
61	will	1
61	own	1
61	first	1
61	grief	1
61	nor	1
61	natural	1
61	and	2
61	always	1
61	come	1
61	between	1
61	i	5
61	than	2
61	#allcapswords	6
61	left	1
61	not	2
61	that	1
61	name	1
61	the	3
61	by	1
61	be	1
61	each	1
61	you	3
61	which	1
61	to	5
61	set	1
61	moment	1
61	your	1
61	now	1
61	me	2
61	in	4
61	hands	1
61	of	3
61	we	2
61	over	1
61	seek	2
61	place	1
61	thoughts	1
61	love	2
61	near	1
61	less	2
61	dead	1
61	it	1
61	no	1
61	beneath	1
61	ought	1
61	till	3
61	lies	1
61	when	1
61	age	1
61	#sequentialcaps	4
61	#lines	27
61	#maxinitial	4
61	#caplines	15
61	#periods	5
61	#stdev	1497
61	#maxpair	5
61	#commas	9
61	#endwpunct	4
61	#textlines	18
61	#endwnumeral	1
61	wordNotInVocab	24
62	the	7
62	day	1
62	waves	1
62	word	1
62	arabic2digit	1
62	by	1
62	new	1
62	lie	1
62	more	1
62	tears	1
62	life	1
62	death	1
62	at	1
62	call	1
62	from	1
62	have	1
62	grief	1
62	all	1
62	light	1
62	fall	1
62	some	1
62	spring	1
62	than	1
62	so	1
62	appears	1
62	human	1
62	among	1
62	its	1
62	common	1
62	keep	1
62	long	1
62	sad	1
62	full	1
62	each	1
62	of	6
62	as	1
62	show	1
62	that	3
62	and	2
62	years	1
62	in	1
62	though	1
62	spent	1
62	to	4
62	#sequentialcaps	5
62	#lines	29
62	#maxinitial	7
62	#caplines	15
62	#periods	2
62	#stdev	1287
62	#maxpair	8
62	#commas	10
62	#endwpunct	9
62	#exclamationpoints	2
62	#textlines	16
62	#endwnumeral	1
62	wordNotInVocab	40
63	the	4
63	real	1
63	present	1
63	could	1
63	be	1
63	each	1
63	would	1
63	a	1
63	past	1
63	dark	1
63	then	1
63	your	1
63	full	1
63	heart	1
63	never	1
63	all	1
63	are	1
63	me	3
63	in	1
63	i	3
63	deep	1
63	arabic2digit	1
63	any	1
63	lovely	1
63	dare	1
63	such	1
63	question	1
63	yet	1
63	let	1
63	is	1
63	so	1
63	ah	1
63	for	2
63	must	1
63	my	2
63	ever	1
63	think	1
63	of	3
63	to	3
63	us	1
63	come	1
63	always	1
63	and	4
63	from	2
63	between	1
63	sleep	3
63	than	2
63	if	2
63	#allcapswords	3
63	however	1
63	day	1
63	far	1
63	on	1
63	#sequentialcaps	2
63	#lines	27
63	#maxinitial	4
63	#caplines	15
63	#periods	2
63	#stdev	1223
63	#maxpair	5
63	#commas	10
63	#endwpunct	6
63	#textlines	16
63	#endwnumeral	1
63	wordNotInVocab	33
64	forth	1
64	who	1
64	the	9
64	those	1
64	b	1
64	him	1
64	day	1
64	when	1
64	me	1
64	head	1
64	order	1
64	plain	1
64	dead	2
64	are	2
64	behind	1
64	upon	1
64	in	3
64	at	1
64	arabic2digit	1
64	grief	1
64	all	3
64	bed	1
64	tears	1
64	state	1
64	is	2
64	fall	1
64	so	1
64	were	1
64	wings	1
64	doth	1
64	their	1
64	old	1
64	away	1
64	heaven	1
64	clear	1
64	heard	1
64	of	1
64	night	1
64	stand	1
64	round	1
64	my	2
64	last	1
64	and	5
64	clouds	1
64	about	1
64	i	4
64	sing	1
64	sleep	1
64	stars	1
64	again	2
64	#allcapswords	5
64	spent	1
64	how	1
64	say	1
64	that	3
64	his	2
64	on	2
64	#sequentialcaps	3
64	#lines	33
64	#maxinitial	5
64	#quotations	1
64	#caplines	16
64	#periods	4
64	#stdev	1076
64	#maxpair	7
64	#commas	10
64	#endwpunct	14
64	#textlines	18
64	#endwnumeral	1
64	wordNotInVocab	26
65	the	3
65	those	1
65	would	1
65	words	1
65	what	1
65	find	1
65	be	2
65	arabic2digit	1
65	oh	1
65	friend	1
65	are	1
65	life	1
65	death	1
65	earth	1
65	gone	1
65	ye	2
65	have	1
65	grief	1
65	them	1
65	all	1
65	much	1
65	such	1
65	sweet	1
65	is	1
65	not	1
65	with	2
65	so	2
65	pain	1
65	why	1
65	he	1
65	dead	2
65	into	1
65	living	1
65	morning	1
65	little	1
65	of	1
65	as	1
65	to	4
65	led	1
65	who	1
65	it	1
65	from	1
65	back	1
65	i	2
65	said	1
65	again	2
65	#allcapswords	2
65	do	1
65	on	1
65	#sequentialcaps	2
65	#lines	24
65	#maxinitial	2
65	#quotations	5
65	#caplines	9
65	#periods	1
65	#stdev	1121
65	#maxpair	2
65	#commas	7
65	#endwpunct	8
65	#questionmarks	3
65	#exclamationpoints	1
65	#textlines	14
65	#endwnumeral	1
65	wordNotInVocab	17
66	so	5
66	royal	1
66	this	1
66	up	2
66	common	3
66	be	6
66	dead	3
66	of	1
66	death	1
66	it	3
66	arabic2digit	1
66	head	1
66	has	1
66	and	1
66	to	5
66	is	3
66	#sequentialcaps	2
66	#lines	17
66	#maxinitial	3
66	#caplines	9
66	#periods	3
66	#stdev	996
66	#maxpair	3
66	#commas	4
66	#endwpunct	6
66	#exclamationpoints	1
66	#textlines	10
66	#endwnumeral	1
66	wordNotInVocab	11
67	away	2
67	but	1
67	sorrow	1
67	thought	1
67	long	1
67	a	3
67	of	1
67	into	1
67	in	1
67	out	1
67	arabic2digit	1
67	soul	3
67	not	1
67	#sequentialcaps	2
67	#lines	18
67	#maxinitial	3
67	#caplines	9
67	#stdev	909
67	#maxpair	3
67	#commas	5
67	#endwpunct	4
67	#exclamationpoints	4
67	#textlines	10
67	#endwnumeral	1
67	wordNotInVocab	21
68	with	1
68	the	5
68	he	1
68	sun	1
68	follow	1
68	of	2
68	course	3
68	earth	1
68	it	1
68	and	1
68	love	3
68	which	1
68	light	2
68	flight	1
68	to	2
68	arabic2digit	1
68	his	4
68	on	3
68	#sequentialcaps	1
68	#lines	14
68	#maxinitial	3
68	#caplines	9
68	#periods	2
68	#stdev	1121
68	#maxpair	3
68	#commas	7
68	#endwpunct	6
68	#textlines	10
68	#endwnumeral	1
68	wordNotInVocab	20
69	the	2
69	some	1
69	by	1
69	could	4
69	be	2
69	you	7
69	would	5
69	your	4
69	heart	3
69	i	4
69	eyes	1
69	me	4
69	break	1
69	they	2
69	arabic2digit	1
69	propernoun	1
69	of	1
69	all	1
69	read	6
69	is	1
69	not	3
69	ah	3
69	almost	1
69	my	5
69	give	1
69	thoughts	6
69	so	1
69	love	1
69	poor	1
69	as	1
69	show	1
69	how	3
69	alas	3
69	perhaps	1
69	come	2
69	it	1
69	and	1
69	no	3
69	class	1
69	which	1
69	soul	1
69	though	2
69	if	3
69	#allcapswords	4
69	to	4
69	that	1
69	#sequentialcaps	3
69	#lines	25
69	#maxinitial	6
69	#caplines	18
69	#startwname	1
69	#periods	6
69	#stdev	1117
69	#maxpair	9
69	#commas	19
69	#endwpunct	12
69	#questionmarks	1
69	#exclamationpoints	1
69	#textlines	19
69	#endwnumeral	1
69	wordNotInVocab	16
70	the	15
70	those	3
70	seen	1
70	through	1
70	arabic2digit	1
70	propernoun	1
70	most	1
70	in	3
70	earth	1
70	love	1
70	light	1
70	is	1
70	with	1
70	for	1
70	old	1
70	hope	1
70	one	1
70	full	1
70	eternal	1
70	of	8
70	to	4
70	alone	8
70	flight	4
70	mortal	1
70	young	1
70	and	3
70	do	1
70	own	1
70	#sequentialcaps	2
70	#lines	32
70	#maxinitial	4
70	#quotations	2
70	#caplines	14
70	#startwname	1
70	#periods	5
70	#stdev	1080
70	#maxpair	5
70	#startwrubric	1
70	#commas	8
70	#endwpunct	11
70	#textlines	18
70	#endwnumeral	1
70	wordNotInVocab	22
71	the	7
71	dear	1
71	prove	1
71	whole	1
71	world	3
71	held	1
71	cold	1
71	are	1
71	too	1
71	deep	1
71	where	1
71	arabic2digit	1
71	grief	1
71	tears	2
71	though	1
71	is	2
71	rest	1
71	not	2
71	so	1
71	through	1
71	do	1
71	ah	1
71	thou	3
71	keep	1
71	must	1
71	will	2
71	cheap	1
71	little	1
71	of	1
71	night	1
71	to	1
71	breast	1
71	come	1
71	that	1
71	and	3
71	it	1
71	a	2
71	still	1
71	true	1
71	day	1
71	few	1
71	#sequentialcaps	2
71	#lines	21
71	#maxinitial	6
71	#caplines	12
71	#periods	5
71	#stdev	1273
71	#maxpair	6
71	#commas	5
71	#endwpunct	10
71	#questionmarks	2
71	#exclamationpoints	1
71	#textlines	13
71	#endwnumeral	1
71	wordNotInVocab	14
72	truth	1
72	dear	1
72	itself	1
72	the	1
72	arabic2digit	1
72	you	1
72	a	1
72	new	4
72	any	1
72	are	3
72	in	1
72	of	1
72	have	1
72	grief	1
72	we	1
72	all	1
72	nothing	4
72	false	1
72	care	1
72	tis	1
72	so	1
72	do	1
72	may	1
72	old	1
72	heaven	1
72	clear	1
72	lost	1
72	love	1
72	as	1
72	true	1
72	my	1
72	it	1
72	and	1
72	to	2
72	from	1
72	few	1
72	i	1
72	though	1
72	#allcapswords	1
72	doubt	1
72	joys	1
72	where	1
72	ancient	1
72	#sequentialcaps	2
72	#lines	20
72	#maxinitial	3
72	#quotations	2
72	#caplines	10
72	#periods	4
72	#stdev	963
72	#maxpair	4
72	#commas	5
72	#endwpunct	9
72	#textlines	13
72	#endwnumeral	1
72	wordNotInVocab	7
73	the	2
73	mine	5
73	this	1
73	large	1
73	be	1
73	each	1
73	oh	4
73	me	1
73	hour	1
73	sleep	1
73	mother	1
73	arabic2digit	1
73	earliest	1
73	care	1
73	very	1
73	with	1
73	child	4
73	out	1
73	my	1
73	must	1
73	of	5
73	thee	1
73	as	1
73	and	2
73	at	1
73	thine	1
73	i	2
73	though	1
73	#allcapswords	2
73	her	1
73	#sequentialcaps	2
73	#lines	22
73	#maxinitial	3
73	#quotations	2
73	#caplines	11
73	#periods	3
73	#stdev	889
73	#maxpair	3
73	#commas	9
73	#endwpunct	9
73	#exclamationpoints	1
73	#textlines	13
73	#endwnumeral	1
73	wordNotInVocab	16
74	with	1
74	the	3
74	for	1
74	effect	1
74	all	1
74	hold	1
74	find	1
74	these	1
74	keep	1
74	must	1
74	my	2
74	shall	1
74	world	1
74	arms	1
74	little	1
74	against	1
74	them	1
74	heart	1
74	thee	1
74	cold	1
74	to	1
74	thy	2
74	in	1
74	and	3
74	darkness	1
74	arabic2digit	1
74	though	1
74	else	1
74	be	1
74	where	1
74	#sequentialcaps	2
74	#lines	19
74	#maxinitial	2
74	#caplines	9
74	#periods	1
74	#stdev	1166
74	#maxpair	4
74	#commas	7
74	#endwpunct	6
74	#questionmarks	1
74	#textlines	10
74	#endwnumeral	1
74	wordNotInVocab	12
75	arabic1digit	1
75	whole	2
75	the	1
75	it	1
75	dost	1
75	mine	1
75	a	2
75	life	1
75	possible	1
75	light	1
75	too	1
75	feel	1
75	sleep	1
75	love	1
75	these	1
75	dare	3
75	morning	1
75	is	1
75	rest	1
75	not	4
75	with	1
75	so	1
75	for	1
75	thus	1
75	ah	1
75	thou	1
75	child	1
75	even	1
75	my	2
75	thy	1
75	upon	1
75	of	1
75	thee	2
75	laid	1
75	much	1
75	and	3
75	at	1
75	i	2
75	shall	1
75	#allcapswords	5
75	breast	1
75	to	2
75	day	1
75	on	1
75	#sequentialcaps	4
75	#lines	26
75	#maxinitial	3
75	#caplines	13
75	#startwname	1
75	#periods	2
75	#stdev	1124
75	#maxpair	3
75	#commas	11
75	#endwpunct	6
75	#questionmarks	1
75	#exclamationpoints	1
75	#textlines	14
75	#endwnumeral	1
75	wordNotInVocab	22
76	alone	1
76	the	3
76	tender	1
76	enough	2
76	a	3
76	prayer	1
76	strong	1
76	in	1
76	at	1
76	darkness	1
76	fear	1
76	head	1
76	love	1
76	sweet	1
76	nor	1
76	is	1
76	comes	1
76	over	2
76	with	2
76	clear	1
76	child	1
76	my	2
76	own	1
76	fly	1
76	of	3
76	night	2
76	thee	1
76	near	1
76	many	1
76	and	4
76	no	1
76	secret	1
76	sleep	1
76	her	1
76	to	3
76	day	1
76	#sequentialcaps	4
76	#lines	18
76	#maxinitial	4
76	#caplines	11
76	#periods	3
76	#stdev	1108
76	#maxpair	4
76	#commas	11
76	#endwpunct	7
76	#textlines	12
76	wordNotInVocab	14
77	the	4
77	this	1
77	by	1
77	heart	1
77	strong	1
77	thy	1
77	hour	2
77	silent	1
77	arabic2digit	1
77	lovely	1
77	old	1
77	with	2
77	so	1
77	away	1
77	an	1
77	my	1
77	arms	1
77	little	2
77	of	3
77	thee	1
77	return	1
77	told	1
77	know	1
77	is	1
77	mortal	1
77	young	1
77	about	1
77	secret	1
77	and	1
77	that	2
77	#sequentialcaps	4
77	#lines	25
77	#maxinitial	4
77	#caplines	13
77	#periods	1
77	#stdev	893
77	#maxpair	4
77	#commas	7
77	#endwpunct	5
77	#exclamationpoints	1
77	#textlines	14
77	#endwnumeral	1
77	wordNotInVocab	20
78	breath	1
78	the	5
78	from	1
78	under	1
78	brave	1
78	a	1
78	moment	1
78	yet	1
78	thy	2
78	in	2
78	arabic2digit	1
78	love	4
78	its	1
78	heart	1
78	old	1
78	is	2
78	not	1
78	for	1
78	cold	1
78	pain	1
78	hold	1
78	press	1
78	dead	1
78	gave	1
78	see	1
78	little	1
78	death	2
78	against	1
78	with	1
78	of	2
78	thee	1
78	leave	1
78	half	1
78	less	1
78	would	1
78	that	1
78	and	2
78	no	1
78	understand	1
78	hand	1
78	last	1
78	be	1
78	to	6
78	became	1
78	on	1
78	#sequentialcaps	2
78	#lines	30
78	#maxinitial	4
78	#caplines	19
78	#periods	2
78	#stdev	811
78	#maxpair	4
78	#commas	11
78	#endwpunct	9
78	#exclamationpoints	1
78	#textlines	20
78	#endwnumeral	1
78	wordNotInVocab	26
79	the	3
79	by	1
79	could	1
79	you	2
79	a	3
79	was	1
79	oh	1
79	art	1
79	life	1
79	me	1
79	in	1
79	silent	1
79	did	1
79	arabic2digit	1
79	from	1
79	love	2
79	sweet	1
79	without	1
79	had	1
79	not	1
79	so	1
79	for	1
79	away	1
79	stay	1
79	and	1
79	high	1
79	at	1
79	of	1
79	as	1
79	spirit	1
79	still	1
79	where	1
79	play	1
79	i	1
79	far	1
79	#allcapswords	1
79	to	3
79	that	3
79	#sequentialcaps	2
79	#lines	23
79	#maxinitial	4
79	#caplines	11
79	#stdev	1070
79	#maxpair	4
79	#commas	5
79	#endwpunct	6
79	#questionmarks	2
79	#exclamationpoints	1
79	#textlines	12
79	#endwnumeral	1
79	wordNotInVocab	18
80	the	5
80	words	2
80	word	2
80	but	1
80	you	1
80	a	1
80	oh	1
80	your	1
80	heart	1
80	all	1
80	grave	1
80	life	2
80	sea	1
80	in	2
80	mother	1
80	have	1
80	there	1
80	these	1
80	such	1
80	sweet	1
80	is	1
80	with	1
80	so	1
80	among	1
80	may	1
80	ah	1
80	well	1
80	are	1
80	child	1
80	dead	1
80	of	2
80	as	1
80	half	1
80	tongue	1
80	my	1
80	it	1
80	cannot	1
80	from	1
80	young	1
80	soft	1
80	soul	1
80	like	1
80	to	2
80	say	1
80	arabic2digit	1
80	#sequentialcaps	4
80	#lines	25
80	#maxinitial	3
80	#caplines	13
80	#startwname	1
80	#periods	2
80	#stdev	827
80	#maxpair	4
80	#commas	5
80	#endwpunct	6
80	#questionmarks	2
80	#exclamationpoints	1
80	#textlines	14
80	#endwnumeral	1
80	wordNotInVocab	17
81	breath	2
81	the	7
81	vain	2
81	each	1
81	you	1
81	while	1
81	made	1
81	light	2
81	only	1
81	shade	1
81	are	1
81	me	1
81	in	3
81	earth	1
81	hand	1
81	arabic2digit	1
81	love	2
81	into	1
81	tears	1
81	has	1
81	one	1
81	rest	1
81	hath	1
81	with	2
81	so	3
81	among	1
81	ah	1
81	why	1
81	heaven	1
81	children	1
81	child	1
81	long	1
81	own	1
81	star	1
81	great	1
81	of	4
81	night	1
81	alone	1
81	away	1
81	to	2
81	breast	1
81	that	2
81	and	1
81	from	2
81	clouds	1
81	gentle	1
81	which	1
81	far	2
81	sleep	1
81	sky	1
81	left	1
81	how	1
81	his	1
81	#sequentialcaps	5
81	#lines	26
81	#maxinitial	5
81	#caplines	13
81	#periods	1
81	#stdev	1160
81	#maxpair	5
81	#commas	9
81	#endwpunct	10
81	#questionmarks	2
81	#exclamationpoints	1
81	#textlines	14
81	#endwnumeral	1
81	wordNotInVocab	10
82	white	2
82	the	3
82	arabic1digit	1
82	this	1
82	from	2
82	tender	1
82	a	1
82	art	1
82	that	1
82	now	1
82	heart	1
82	behind	1
82	me	1
82	in	1
82	sleep	2
82	darkness	1
82	arabic2digit	1
82	these	1
82	f	1
82	is	2
82	with	3
82	for	2
82	pain	2
82	its	1
82	yes	1
82	child	1
82	my	1
82	early	1
82	arms	1
82	little	1
82	of	4
82	night	1
82	thee	1
82	it	1
82	and	3
82	i	1
82	#allcapswords	2
82	to	1
82	joys	1
82	pale	1
82	vain	1
82	on	1
82	#sequentialcaps	3
82	#lines	32
82	#maxinitial	3
82	#caplines	16
82	#periods	3
82	#stdev	1130
82	#maxpair	3
82	#commas	8
82	#endwpunct	8
82	#questionmarks	1
82	#textlines	17
82	#endwnumeral	2
82	wordNotInVocab	30
83	the	2
83	this	1
83	arabic2digit	1
83	shall	1
83	world	1
83	by	1
83	soon	1
83	only	1
83	feel	1
83	head	1
83	we	1
83	all	1
83	dare	1
83	its	1
83	know	1
83	for	3
83	hold	1
83	#allcapswords	4
83	thou	1
83	my	1
83	will	1
83	pray	1
83	arms	1
83	one	2
83	thy	2
83	of	1
83	less	1
83	in	2
83	that	2
83	small	1
83	dost	1
83	i	4
83	and	1
83	how	1
83	#sequentialcaps	2
83	#lines	20
83	#maxinitial	2
83	#caplines	10
83	#periods	2
83	#stdev	896
83	#maxpair	3
83	#commas	4
83	#endwpunct	3
83	#questionmarks	1
83	#textlines	11
83	#endwnumeral	1
83	wordNotInVocab	19
84	with	1
84	for	1
84	this	1
84	keep	1
84	charge	1
84	you	1
84	my	1
84	a	1
84	just	1
84	heart	1
84	to	1
84	me	1
84	had	1
84	no	2
84	arabic2digit	1
84	sleep	1
84	such	1
84	less	1
84	is	1
84	than	1
84	#sequentialcaps	2
84	#lines	11
84	#maxinitial	2
84	#caplines	5
84	#periods	1
84	#stdev	1327
84	#maxpair	3
84	#commas	1
84	#endwpunct	3
84	#questionmarks	1
84	#textlines	6
84	#endwnumeral	1
84	wordNotInVocab	5
85	with	1
85	heart	1
85	blue	1
85	day	2
85	us	1
85	comes	1
85	close	1
85	have	3
85	living	1
85	show	1
85	tender	1
85	her	2
85	gone	1
85	soft	1
85	upon	1
85	your	1
85	at	1
85	that	1
85	and	3
85	from	1
85	arabic2digit	1
85	now	1
85	all	1
85	sky	1
85	you	2
85	to	3
85	is	1
85	whose	1
85	the	4
85	eyes	1
85	#sequentialcaps	3
85	#lines	19
85	#maxinitial	2
85	#caplines	9
85	#periods	2
85	#stdev	1244
85	#maxpair	3
85	#commas	3
85	#endwpunct	3
85	#textlines	10
85	#endwnumeral	1
85	wordNotInVocab	13
86	the	2
86	him	1
86	vain	1
86	brought	1
86	sorrow	1
86	would	1
86	a	1
86	oh	1
86	only	1
86	soft	1
86	sad	1
86	in	3
86	pity	1
86	deep	1
86	then	1
86	arabic2digit	1
86	of	2
86	make	1
86	had	2
86	with	3
86	so	1
86	for	2
86	pain	1
86	away	1
86	he	2
86	little	1
86	thy	1
86	here	1
86	angel	1
86	thee	2
86	as	1
86	that	1
86	is	1
86	happy	1
86	from	1
86	hand	2
86	who	1
86	sleep	1
86	stars	1
86	go	1
86	his	1
86	#sequentialcaps	1
86	#lines	25
86	#maxinitial	3
86	#caplines	13
86	#periods	4
86	#stdev	1038
86	#maxpair	5
86	#commas	5
86	#endwpunct	7
86	#exclamationpoints	1
86	#textlines	14
86	#endwnumeral	1
86	wordNotInVocab	10
87	through	2
87	whole	1
87	world	2
87	those	1
87	bear	1
87	where	1
87	arabic2digit	1
87	all	1
87	while	1
87	tears	1
87	home	1
87	so	1
87	has	1
87	their	1
87	my	1
87	went	1
87	and	3
87	#allcapswords	3
87	day	1
87	with	2
87	the	6
87	vain	1
87	yours	1
87	you	5
87	a	5
87	dark	1
87	by	1
87	your	2
87	are	1
87	in	3
87	cried	1
87	night	2
87	light	2
87	were	1
87	for	2
87	pain	2
87	away	1
87	press	1
87	lost	1
87	early	1
87	arms	1
87	little	1
87	of	3
87	to	5
87	come	1
87	that	2
87	from	1
87	sleep	2
87	feet	1
87	pale	1
87	on	2
87	#sequentialcaps	4
87	#lines	35
87	#maxinitial	5
87	#caplines	19
87	#startwname	1
87	#periods	4
87	#stdev	987
87	#maxpair	7
87	#commas	11
87	#endwpunct	8
87	#textlines	20
87	#endwnumeral	1
87	wordNotInVocab	39
88	words	1
88	this	1
88	looks	1
88	be	1
88	a	2
88	was	1
88	took	1
88	soft	1
88	did	1
88	if	1
88	of	2
88	arabic2digit	1
88	any	1
88	some	1
88	is	1
88	not	1
88	with	2
88	for	2
88	came	1
88	thy	1
88	he	3
88	lost	1
88	death	1
88	full	1
88	love	1
88	thee	2
88	as	2
88	how	3
88	come	1
88	it	1
88	and	2
88	happy	1
88	sleep	2
88	free	1
88	indeed	1
88	to	2
88	whose	1
88	his	1
88	#sequentialcaps	3
88	#lines	25
88	#maxinitial	2
88	#caplines	13
88	#periods	3
88	#stdev	1524
88	#maxpair	4
88	#commas	13
88	#endwpunct	8
88	#textlines	14
88	#endwnumeral	1
88	wordNotInVocab	18
89	comes	1
89	us	1
89	bid	1
89	up	1
89	even	1
89	be	1
89	lose	1
89	thought	1
89	a	4
89	thou	1
89	by	1
89	me	1
89	secret	1
89	arabic2digit	1
89	in	1
89	while	1
89	some	1
89	pride	1
89	alone	1
89	not	1
89	with	1
89	for	3
89	close	1
89	#allcapswords	8
89	little	3
89	yes	1
89	must	1
89	my	1
89	born	1
89	against	1
89	thee	2
89	every	2
89	half	1
89	doubt	1
89	side	1
89	know	1
89	cannot	1
89	to	1
89	between	1
89	pleasure	1
89	i	5
89	body	1
89	and	1
89	left	1
89	go	1
89	do	1
89	#sequentialcaps	3
89	#lines	24
89	#maxinitial	4
89	#caplines	12
89	#periods	2
89	#stdev	1012
89	#maxpair	5
89	#commas	10
89	#endwpunct	8
89	#questionmarks	1
89	#exclamationpoints	1
89	#textlines	14
89	#endwnumeral	1
89	wordNotInVocab	17
90	keep	1
90	bring	1
90	how	1
90	meet	1
90	oh	1
90	up	1
90	the	2
90	be	2
90	tender	1
90	you	2
90	a	6
90	or	1
90	shame	1
90	that	3
90	heart	1
90	shall	1
90	cold	1
90	too	2
90	times	1
90	me	1
90	in	1
90	to	5
90	call	1
90	arabic2digit	1
90	any	1
90	not	1
90	thus	1
90	hear	1
90	some	2
90	ah	1
90	joy	1
90	hold	1
90	sin	1
90	with	1
90	so	1
90	gold	1
90	may	1
90	loves	1
90	shore	1
90	child	1
90	sea	1
90	my	2
90	fear	1
90	arms	1
90	little	3
90	would	1
90	it	1
90	and	1
90	no	1
90	i	2
90	far	1
90	#allcapswords	5
90	do	1
90	whose	1
90	bright	1
90	at	1
90	#sequentialcaps	5
90	#lines	28
90	#maxinitial	5
90	#caplines	14
90	#periods	3
90	#stdev	896
90	#maxpair	5
90	#commas	14
90	#endwpunct	6
90	#questionmarks	1
90	#exclamationpoints	2
90	#textlines	16
90	#endwnumeral	1
90	wordNotInVocab	25
91	the	6
91	ill	1
91	my	2
91	be	1
91	have	1
91	shall	1
91	or	1
91	oh	1
91	year	1
91	want	1
91	soft	1
91	did	1
91	whom	1
91	they	1
91	arabic2digit	1
91	there	1
91	all	1
91	in	1
91	night	3
91	sweet	1
91	appear	1
91	is	1
91	scenes	1
91	for	2
91	memory	1
91	since	1
91	their	1
91	are	1
91	child	1
91	young	1
91	stage	1
91	will	1
91	thy	1
91	thoughts	3
91	first	1
91	of	8
91	thee	1
91	good	1
91	many	1
91	still	2
91	no	2
91	from	2
91	wild	1
91	about	1
91	i	2
91	far	1
91	whole	1
91	a	1
91	#allcapswords	2
91	her	1
91	to	3
91	day	1
91	that	1
91	#sequentialcaps	2
91	#lines	27
91	#maxinitial	3
91	#caplines	15
91	#periods	3
91	#stdev	971
91	#maxpair	4
91	#commas	7
91	#endwpunct	9
91	#questionmarks	1
91	#exclamationpoints	2
91	#textlines	16
91	#endwnumeral	1
91	wordNotInVocab	21
92	breath	1
92	the	7
92	this	1
92	lose	1
92	a	1
92	grief	1
92	they	1
92	heart	1
92	are	1
92	death	2
92	in	1
92	i	1
92	there	1
92	them	1
92	what	1
92	nothing	1
92	tears	1
92	such	1
92	sweet	1
92	let	1
92	is	1
92	so	2
92	wings	2
92	yet	2
92	romannumeral	1
92	lost	1
92	own	1
92	state	1
92	thy	1
92	of	5
92	thee	2
92	less	1
92	it	1
92	and	1
92	at	1
92	thine	1
92	sleep	1
92	#allcapswords	2
92	left	1
92	to	3
92	#sequentialcaps	4
92	#lines	25
92	#maxinitial	5
92	#caplines	15
92	#periods	4
92	#stdev	1279
92	#maxpair	7
92	#commas	9
92	#endwpunct	9
92	#questionmarks	1
92	#exclamationpoints	1
92	#textlines	13
92	wordNotInVocab	19
93	arabic1digit	1
93	the	4
93	words	1
93	quite	1
93	meet	1
93	be	2
93	you	3
93	a	2
93	might	1
93	by	1
93	your	1
93	heart	1
93	are	1
93	death	1
93	bear	1
93	almost	1
93	himself	1
93	command	1
93	grief	1
93	had	1
93	with	1
93	it	1
93	equal	1
93	man	1
93	romannumeral	1
93	he	1
93	my	1
93	one	1
93	must	1
93	knew	1
93	of	2
93	alone	1
93	every	1
93	as	1
93	how	1
93	tongue	1
93	once	1
93	many	1
93	and	1
93	understand	1
93	which	2
93	language	1
93	if	1
93	#allcapswords	2
93	to	2
93	whose	1
93	#sequentialcaps	3
93	#lines	30
93	#maxinitial	3
93	#caplines	14
93	#periods	1
93	#stdev	1180
93	#maxpair	4
93	#commas	8
93	#endwpunct	8
93	#questionmarks	1
93	#textlines	15
93	#endwnumeral	1
93	wordNotInVocab	14
94	#textlines	0
95	#textlines	0
96	arabic1digit	1
96	s	4
96	personalname	1
96	the	1
96	m	1
96	n	1
96	lane	1
96	head	1
96	be	1
96	#allcapswords	21
96	j	2
96	lay	1
96	placename	1
96	#sequentialcaps	2
96	#lines	16
96	#maxinitial	1
96	#quotations	3
96	#caplines	7
96	#startwname	3
96	#periods	4
96	#stdev	933
96	#maxpair	2
96	#startwrubric	1
96	#commas	1
96	#endwpunct	3
96	#textlines	10
96	wordNotInVocab	13
97	arabic1digit	2
97	with	2
97	essays	1
97	cr	3
97	the	5
97	woman	1
97	a	3
97	by	4
97	street	1
97	did	1
97	in	2
97	list	1
97	placename	1
97	books	2
97	arabic2digit	3
97	net	2
97	verse	1
97	edited	1
97	j	2
97	british	1
97	volume	2
97	8vo	1
97	cover	2
97	s	1
97	personalname	8
97	#allcapswords	17
97	child	1
97	library	1
97	see	3
97	open	1
97	w	1
97	of	4
97	series	4
97	lane	1
97	each	1
97	including	1
97	who	1
97	age	1
97	and	1
97	air	1
97	letters	1
97	published	1
97	#sequentialcaps	4
97	#lines	35
97	#maxinitial	6
97	#caplines	15
97	#startwname	2
97	#periods	33
97	#stdev	1710
97	#maxpair	7
97	#commas	2
97	#endwpunct	14
97	#textlines	20
97	#endwnumeral	2
97	wordNotInVocab	20
98	arabic1digit	10
98	arabicprice	2
98	illustrations	2
98	cr	3
98	other	1
98	imo	1
98	arabic2digit	3
98	propernoun	3
98	hill	1
98	d	1
98	life	1
98	english	3
98	e	1
98	edited	1
98	let	1
98	king	1
98	with	8
98	for	1
98	romannumeral	3
98	vol	8
98	edition	1
98	case	2
98	volume	1
98	round	1
98	and	4
98	fcap	2
98	page	1
98	i	2
98	r	1
98	#allcapswords	40
98	library	1
98	placename	1
98	the	5
98	preparation	2
98	y	2
98	each	1
98	office	1
98	a	4
98	second	1
98	or	1
98	by	18
98	new	1
98	six	1
98	are	1
98	works	1
98	in	4
98	head	1
98	continued	1
98	j	2
98	west	2
98	over	1
98	peace	1
98	8vo	1
98	cover	3
98	s	1
98	personalname	30
98	net	4
98	h	3
98	full	1
98	of	3
98	garden	2
98	lane	2
98	about	1
98	illustrated	1
98	poems	1
98	#sequentialcaps	5
98	#lines	61
98	#maxinitial	9
98	#caplines	26
98	#startwname	2
98	#periods	95
98	#stdev	1175
98	#maxpair	9
98	#startwrubric	10
98	#commas	2
98	#endwpunct	27
98	#questionmarks	1
98	#textlines	36
98	wordNotInVocab	48
99	written	1
99	arabicprice	5
99	cr	3
99	designed	3
99	imo	1
99	street	2
99	illustrations	1
99	preface	1
99	bound	1
99	fourth	1
99	books	1
99	ship	1
99	king	1
99	with	8
99	end	2
99	romannumeral	2
99	three	1
99	one	1
99	irish	1
99	edition	3
99	series	4
99	as	1
99	an	1
99	volume	2
99	dramatic	2
99	lane	1
99	and	12
99	fcap	4
99	young	1
99	hi	1
99	i	1
99	4to	1
99	smith	1
99	papers	2
99	former	1
99	placename	1
99	the	5
99	songs	1
99	this	1
99	from	1
99	re	1
99	lord	2
99	each	1
99	a	11
99	second	2
99	y	1
99	new	1
99	title	1
99	s	4
99	song	1
99	in	3
99	arabic2digit	3
99	propernoun	6
99	by	7
99	j	1
99	page	1
99	west	1
99	8vo	7
99	cloth	1
99	p	1
99	personalname	11
99	#allcapswords	28
99	net	8
99	frontispiece	2
99	poems	2
99	see	2
99	little	1
99	of	3
99	third	1
99	de	2
99	play	2
99	translation	1
99	cover	5
99	ballad	1
99	party	1
99	#sequentialcaps	2
99	#lines	63
99	#maxinitial	5
99	#caplines	28
99	#startwname	5
99	#periods	89
99	#stdev	1457
99	#maxpair	8
99	#startwrubric	8
99	#commas	20
99	#endwpunct	27
99	#questionmarks	1
99	#textlines	41
99	wordNotInVocab	69
100	arabic1digit	6
100	paper	1
100	arabicprice	4
100	cr	3
100	fcap	1
100	irish	1
100	arabic2digit	1
100	also	1
100	songs	1
100	bart	1
100	illustrations	1
100	life	1
100	post	1
100	b	2
100	english	2
100	hand	1
100	of	8
100	son	1
100	novels	1
100	volume	2
100	with	3
100	wood	1
100	vol	3
100	following	1
100	edition	1
100	women	1
100	preparation	1
100	an	1
100	and	4
100	modern	2
100	page	1
100	i	2
100	r	1
100	#allcapswords	32
100	her	1
100	library	2
100	the	11
100	times	1
100	sir	1
100	woman	1
100	each	2
100	a	6
100	by	14
100	wife	1
100	subjects	1
100	are	1
100	made	1
100	in	6
100	propernoun	12
100	four	1
100	j	3
100	is	1
100	8vo	5
100	field	1
100	cover	2
100	s	1
100	personalname	20
100	bound	1
100	net	6
100	h	2
100	see	1
100	full	1
100	love	1
100	lane	1
100	number	1
100	on	1
100	#sequentialcaps	3
100	#lines	60
100	#maxinitial	7
100	#quotations	2
100	#caplines	37
100	#startwname	6
100	#periods	85
100	#stdev	1429
100	#maxpair	10
100	#startwrubric	10
100	#commas	5
100	#endwpunct	29
100	#textlines	40
100	wordNotInVocab	61
101	white	1
101	essays	1
101	arabicprice	3
101	cr	6
101	large	3
101	edition	1
101	also	2
101	paper	2
101	g	2
101	d	1
101	other	1
101	h	1
101	english	1
101	arabic2digit	11
101	e	1
101	f	1
101	edited	2
101	new	1
101	nearly	1
101	volume	1
101	poets	1
101	with	6
101	romannumeral	1
101	original	1
101	living	1
101	one	1
101	first	1
101	and	4
101	fcap	2
101	copies	2
101	pagan	1
101	papers	1
101	letters	1
101	his	1
101	placename	1
101	the	5
101	present	1
101	pictures	1
101	mrs	1
101	a	6
101	by	6
101	now	1
101	t	1
101	in	3
101	at	1
101	propernoun	2
101	robinson	1
101	j	1
101	hundred	1
101	8vo	9
101	portrait	1
101	cover	3
101	golden	1
101	personalname	15
101	arabic3digit	3
101	notes	1
101	net	11
101	out	1
101	of	6
101	third	1
101	lane	1
101	#allcapswords	31
101	from	2
101	about	1
101	after	1
101	biographical	1
101	poems	3
101	age	1
101	#sequentialcaps	3
101	#lines	56
101	#maxinitial	6
101	#caplines	23
101	#startwname	3
101	#periods	80
101	#stdev	1420
101	#maxpair	8
101	#startwrubric	3
101	#commas	9
101	#endwpunct	23
101	#textlines	34
101	wordNotInVocab	41
102	arabic1digit	4
102	arabicprice	4
102	illustrations	2
102	cr	3
102	large	1
102	imo	2
102	us	1
102	pp	1
102	essays	2
102	ill	1
102	paper	1
102	full	1
102	never	1
102	under	1
102	green	1
102	volume	1
102	with	8
102	designed	2
102	man	1
102	author	1
102	edited	1
102	arabic3digit	5
102	romannumeral	2
102	original	1
102	dramatic	1
102	first	1
102	preparation	2
102	also	1
102	an	3
102	and	7
102	p	1
102	page	2
102	i	1
102	prose	1
102	4to	2
102	copies	2
102	to	1
102	letters	2
102	crown	1
102	the	8
102	le	1
102	am	1
102	portrait	3
102	by	8
102	mrs	1
102	a	4
102	or	1
102	moment	1
102	art	1
102	new	1
102	title	1
102	six	2
102	only	1
102	in	3
102	arabic2digit	3
102	propernoun	4
102	j	1
102	west	1
102	is	2
102	8vo	3
102	were	1
102	s	1
102	personalname	19
102	published	1
102	#allcapswords	34
102	net	5
102	of	5
102	edition	1
102	before	1
102	lane	2
102	play	1
102	cover	3
102	poems	1
102	which	1
102	second	1
102	added	1
102	after	1
102	placename	1
102	introduction	1
102	#sequentialcaps	2
102	#lines	60
102	#maxinitial	6
102	#caplines	25
102	#startwname	8
102	#periods	82
102	#stdev	1552
102	#maxpair	7
102	#startwrubric	1
102	#commas	17
102	#endwpunct	28
102	#textlines	39
102	wordNotInVocab	50
103	arabic1digit	1
103	white	2
103	arabicprice	2
103	b	1
103	cr	2
103	arms	1
103	e	2
103	prince	1
103	d	1
103	preface	1
103	other	1
103	h	3
103	first	2
103	arabic2digit	2
103	th	1
103	f	2
103	boy	1
103	music	1
103	volume	1
103	with	4
103	designed	2
103	child	1
103	romannumeral	20
103	three	1
103	vol	19
103	fourth	1
103	series	1
103	women	1
103	poor	1
103	translated	1
103	and	5
103	who	2
103	great	1
103	a	3
103	p	1
103	god	1
103	m	1
103	the	16
103	woman	2
103	each	1
103	cover	1
103	by	23
103	new	1
103	girl	1
103	did	1
103	i	1
103	far	1
103	propernoun	4
103	light	1
103	8vo	2
103	personalname	21
103	cloth	1
103	#allcapswords	44
103	grey	1
103	net	2
103	mountain	1
103	of	5
103	w	1
103	edition	6
103	stories	1
103	lane	1
103	at	2
103	from	2
103	second	2
103	poems	1
103	age	1
103	#sequentialcaps	6
103	#lines	61
103	#maxinitial	19
103	#caplines	35
103	#startwname	4
103	#periods	115
103	#stdev	1386
103	#maxpair	19
103	#startwrubric	28
103	#commas	4
103	#endwpunct	30
103	#textlines	43
103	wordNotInVocab	57
104	written	1
104	arabic1digit	1
104	vol	14
104	cr	2
104	large	2
104	edition	4
104	also	2
104	fire	1
104	le	2
104	paper	2
104	arabicprice	3
104	los	1
104	fourth	1
104	to	1
104	present	1
104	portrait	1
104	where	1
104	r	2
104	arabic2digit	5
104	e	2
104	forth	1
104	wind	1
104	story	1
104	with	4
104	#allcapswords	34
104	author	2
104	arabic3digit	1
104	an	1
104	romannumeral	14
104	hon	1
104	series	1
104	following	1
104	k	1
104	placename	1
104	and	2
104	fcap	1
104	i	1
104	prose	1
104	continued	1
104	p	1
104	smith	1
104	library	1
104	m	1
104	the	16
104	real	1
104	mrs	1
104	each	1
104	a	5
104	second	1
104	or	1
104	by	18
104	new	1
104	for	1
104	are	1
104	personalname	16
104	in	5
104	land	1
104	propernoun	8
104	british	1
104	8vo	5
104	cloth	2
104	net	5
104	volume	1
104	chapter	1
104	account	1
104	of	4
104	third	1
104	copies	2
104	lane	1
104	frontispiece	1
104	gold	1
104	book	1
104	march	1
104	preparation	1
104	on	1
104	#sequentialcaps	4
104	#lines	59
104	#maxinitial	15
104	#quotations	2
104	#caplines	32
104	#startwname	5
104	#periods	111
104	#stdev	1316
104	#maxpair	15
104	#startwrubric	19
104	#commas	8
104	#endwpunct	31
104	#textlines	39
104	wordNotInVocab	54
105	arabic1digit	5
105	h	1
105	arabicprice	9
105	cr	6
105	large	1
105	edition	6
105	also	3
105	le	1
105	paper	2
105	n	1
105	two	1
105	los	1
105	air	1
105	friend	1
105	other	2
105	fourth	1
105	c	1
105	english	1
105	arabic2digit	5
105	f	1
105	some	1
105	story	1
105	with	5
105	revised	1
105	designed	1
105	very	1
105	fifth	2
105	arabic3digit	1
105	romannumeral	2
105	vol	2
105	great	1
105	autobiography	1
105	series	1
105	selected	1
105	preparation	2
105	vols	1
105	an	2
105	volume	1
105	much	1
105	and	5
105	portrait	1
105	hand	1
105	i	1
105	prose	1
105	illustrations	1
105	p	1
105	copies	1
105	to	1
105	few	1
105	his	1
105	the	11
105	fcap	2
105	arabic5+digit	1
105	present	1
105	y	1
105	each	1
105	street	1
105	a	7
105	second	2
105	or	1
105	by	7
105	made	1
105	six	1
105	man	1
105	in	2
105	propernoun	5
105	g	1
105	author	1
105	boy	1
105	d	1
105	set	1
105	8vo	3
105	cloth	6
105	s	3
105	personalname	22
105	w	1
105	#allcapswords	30
105	net	10
105	enlarged	1
105	see	1
105	spanish	1
105	of	5
105	post	1
105	religion	1
105	lane	2
105	literary	2
105	from	1
105	plays	1
105	introduction	1
105	poems	4
105	on	2
105	#sequentialcaps	3
105	#lines	66
105	#maxinitial	9
105	#caplines	27
105	#startwname	8
105	#periods	110
105	#stdev	1300
105	#maxpair	11
105	#startwrubric	6
105	#commas	19
105	#endwpunct	34
105	#textlines	41
105	#endwnumeral	2
105	wordNotInVocab	50
106	essays	3
106	arabicprice	4
106	cr	1
106	large	2
106	also	1
106	paper	2
106	observations	1
106	n	1
106	plain	1
106	g	2
106	other	2
106	h	2
106	books	1
106	arabic2digit	6
106	f	2
106	women	1
106	edited	1
106	volume	1
106	engraved	1
106	with	6
106	city	1
106	wood	1
106	author	1
106	arabic3digit	2
106	vol	4
106	edition	4
106	first	1
106	preparation	1
106	an	1
106	and	5
106	fcap	4
106	portrait	1
106	others	1
106	i	1
106	continued	1
106	a	5
106	copies	3
106	few	2
106	published	1
106	the	12
106	this	1
106	y	1
106	mrs	2
106	woman	1
106	set	1
106	by	10
106	life	2
106	now	1
106	only	1
106	in	2
106	beautiful	1
106	is	1
106	8vo	4
106	cover	1
106	for	1
106	personalname	14
106	w	1
106	#allcapswords	34
106	net	6
106	see	1
106	romannumeral	6
106	of	10
106	third	2
106	plays	1
106	after	1
106	poems	1
106	on	3
106	#sequentialcaps	2
106	#lines	64
106	#maxinitial	6
106	#caplines	28
106	#startwname	4
106	#periods	81
106	#stdev	1334
106	#maxpair	7
106	#startwrubric	6
106	#commas	9
106	#endwpunct	28
106	#textlines	37
106	wordNotInVocab	56
107	arabic1digit	2
107	h	2
107	essays	2
107	arabicprice	4
107	cr	3
107	large	2
107	edition	1
107	also	1
107	paper	2
107	g	1
107	other	1
107	life	1
107	arabic2digit	5
107	f	2
107	imo	2
107	lady	2
107	brother	1
107	volume	1
107	verse	1
107	with	6
107	designed	2
107	containing	1
107	arabic3digit	2
107	romannumeral	4
107	will	1
107	vol	5
107	series	2
107	following	1
107	work	1
107	and	9
107	i	1
107	fcap	1
107	portrait	2
107	young	1
107	page	1
107	a	5
107	copies	3
107	end	1
107	library	1
107	his	3
107	placename	4
107	brown	1
107	the	7
107	mrs	1
107	each	1
107	preparation	1
107	by	13
107	title	1
107	price	1
107	only	1
107	papers	1
107	death	1
107	personalname	10
107	in	3
107	text	1
107	s	2
107	propernoun	3
107	j	1
107	characters	1
107	8vo	4
107	cover	4
107	are	1
107	t	2
107	#allcapswords	34
107	others	1
107	net	8
107	out	1
107	portraits	2
107	demy	1
107	see	1
107	thoughts	1
107	little	1
107	of	5
107	third	1
107	de	2
107	lane	1
107	my	2
107	from	1
107	noble	1
107	poems	1
107	on	1
107	#sequentialcaps	3
107	#lines	60
107	#maxinitial	6
107	#caplines	25
107	#startwname	3
107	#periods	93
107	#stdev	1405
107	#maxpair	9
107	#startwrubric	7
107	#commas	8
107	#endwpunct	25
107	#textlines	37
107	wordNotInVocab	49
108	arabic1digit	3
108	essays	1
108	arabicprice	3
108	illustrations	2
108	cr	6
108	large	1
108	shore	1
108	arabic2digit	3
108	also	1
108	paper	1
108	prince	1
108	d	1
108	other	2
108	h	2
108	english	2
108	into	1
108	engraved	1
108	with	8
108	designed	4
108	arabic3digit	3
108	romannumeral	4
108	edition	2
108	memoir	1
108	series	1
108	preparation	5
108	critical	1
108	and	10
108	fcap	1
108	page	1
108	i	1
108	copies	2
108	towards	1
108	m	2
108	the	7
108	songs	1
108	#allcapswords	40
108	rose	1
108	y	1
108	lord	1
108	a	6
108	st	2
108	by	9
108	new	2
108	title	1
108	wood	1
108	works	1
108	in	6
108	placename	2
108	propernoun	1
108	robinson	1
108	only	1
108	over	1
108	8vo	5
108	s	2
108	personalname	22
108	method	1
108	bound	1
108	net	5
108	child	1
108	little	1
108	of	5
108	garden	1
108	lane	1
108	frontispiece	1
108	french	1
108	gold	1
108	flowers	1
108	cover	1
108	second	1
108	poems	2
108	on	2
108	#sequentialcaps	2
108	#lines	58
108	#maxinitial	5
108	#caplines	25
108	#startwname	7
108	#periods	78
108	#stdev	1346
108	#maxpair	9
108	#startwrubric	4
108	#commas	6
108	#endwpunct	24
108	#textlines	37
108	#endwnumeral	1
108	wordNotInVocab	43
109	arabic1digit	2
109	volumes	1
109	cr	3
109	large	1
109	pages	1
109	according	1
109	arabic2digit	4
109	street	1
109	arabicprice	2
109	g	1
109	fourth	1
109	b	1
109	portrait	1
109	all	1
109	f	1
109	boy	1
109	earliest	1
109	some	1
109	with	7
109	designed	1
109	arranged	1
109	author	1
109	arabic3digit	1
109	numerous	1
109	edition	2
109	autobiography	1
109	preparation	1
109	as	1
109	an	2
109	4to	2
109	and	10
109	fcap	3
109	modern	1
109	page	1
109	index	1
109	#allcapswords	26
109	to	4
109	day	2
109	few	1
109	second	1
109	the	11
109	songs	1
109	present	2
109	art	1
109	complete	1
109	a	7
109	above	1
109	set	1
109	by	8
109	title	3
109	arabic5+digit	1
109	year	1
109	death	1
109	works	1
109	in	1
109	at	1
109	two	2
109	8vo	6
109	cover	3
109	remarks	1
109	s	2
109	personalname	14
109	net	7
109	sketches	1
109	frontispiece	2
109	portraits	1
109	see	1
109	of	9
109	lane	1
109	from	1
109	particular	1
109	sister	1
109	illustrated	1
109	ancient	1
109	poems	3
109	introduction	1
109	#sequentialcaps	4
109	#lines	57
109	#maxinitial	8
109	#caplines	27
109	#startwname	7
109	#periods	76
109	#stdev	1444
109	#maxpair	13
109	#startwrubric	6
109	#commas	11
109	#endwpunct	25
109	#textlines	37
109	wordNotInVocab	56
110	arabic1digit	8
110	arabicprice	4
110	illustrations	2
110	b	1
110	cr	2
110	imo	1
110	arabic2digit	1
110	le	1
110	father	1
110	other	4
110	h	2
110	c	1
110	edited	2
110	parts	1
110	with	9
110	designed	2
110	author	1
110	lord	1
110	arabic3digit	1
110	selected	1
110	preparation	1
110	fcap	7
110	portrait	1
110	r	1
110	and	11
110	to	2
110	published	1
110	summer	1
110	the	8
110	songs	1
110	our	1
110	coming	1
110	be	1
110	each	1
110	complete	1
110	a	6
110	second	1
110	by	9
110	new	4
110	title	1
110	six	1
110	in	2
110	propernoun	6
110	j	1
110	is	3
110	8vo	2
110	cover	4
110	s	1
110	personalname	20
110	thousand	1
110	#allcapswords	28
110	novel	1
110	net	8
110	of	4
110	night	1
110	bell	1
110	edition	4
110	lane	1
110	from	1
110	about	1
110	nature	1
110	being	1
110	plays	1
110	placename	1
110	poems	5
110	#sequentialcaps	4
110	#lines	59
110	#maxinitial	9
110	#caplines	25
110	#startwname	6
110	#periods	90
110	#stdev	1360
110	#maxpair	11
110	#startwrubric	1
110	#commas	7
110	#endwpunct	25
110	#textlines	37
110	#endwnumeral	2
110	wordNotInVocab	55
111	arabic1digit	1
111	prince	1
111	illustrations	10
111	cr	2
111	edition	6
111	also	1
111	arabicprice	2
111	n	1
111	g	1
111	other	1
111	h	1
111	arabic2digit	12
111	there	1
111	f	1
111	room	1
111	note	1
111	volume	10
111	some	1
111	with	3
111	printed	1
111	arabic3digit	11
111	romannumeral	7
111	j	1
111	will	1
111	three	1
111	fourth	1
111	memoir	1
111	series	1
111	selected	1
111	preparation	1
111	an	2
111	book	1
111	and	3
111	fcap	3
111	i	1
111	prose	1
111	4to	1
111	#allcapswords	29
111	the	6
111	this	1
111	be	1
111	east	1
111	a	6
111	second	2
111	by	3
111	personalname	6
111	in	3
111	at	1
111	propernoun	1
111	law	1
111	april	3
111	pp	8
111	8vo	5
111	cover	1
111	s	2
111	t	1
111	net	7
111	frontispiece	1
111	press	1
111	of	6
111	third	2
111	de	1
111	lane	1
111	out	1
111	text	1
111	translation	1
111	arabic4digit	7
111	being	1
111	added	1
111	illustrated	1
111	placename	1
111	poems	2
111	on	1
111	#sequentialcaps	9
111	#lines	54
111	#maxinitial	9
111	#caplines	23
111	#periods	79
111	#stdev	1539
111	#maxpair	13
111	#startwrubric	2
111	#commas	27
111	#endwpunct	27
111	#textlines	35
111	wordNotInVocab	43
112	#textlines	0
113	due	1
113	in	1
113	personalname	1
113	#allcapswords	6
113	date	1
113	#sequentialcaps	2
113	#lines	82
113	#maxinitial	1
113	#caplines	3
113	#startwname	2
113	#periods	1
113	#stdev	496
113	#maxpair	1
113	#endwpunct	2
113	#textlines	3
113	wordNotInVocab	2
114	arabic1digit	1
114	if	1
114	#allcapswords	1
114	arabic3digit	3
114	#lines	7
114	#maxinitial	1
114	#caplines	2
114	#startwname	1
114	#stdev	555
114	#maxpair	1
114	#textlines	3
114	#endwnumeral	1
114	wordNotInVocab	2
115	#textlines	0
