0	the	1
0	h	1
0	in	1
0	and	1
0	propernoun	2
0	rev	1
0	dr	1
0	or	1
0	#allcapswords	7
0	j	2
0	new	1
0	m	1
0	#sequentialcaps	2
0	#lines	10
0	#maxinitial	1
0	#caplines	10
0	#startwname	5
0	#periods	4
0	#stdev	222
0	#maxpair	2
0	#startwrubric	1
0	#commas	1
0	#endwpunct	2
0	#textlines	10
0	wordNotInVocab	4
1	de	1
1	air	1
1	letter	1
1	the	9
1	dr	1
1	edition	1
1	a	4
1	or	1
1	by	2
1	new	1
1	two	1
1	s	2
1	upon	1
1	description	2
1	at	1
1	enlarged	1
1	r	2
1	these	2
1	author	2
1	f	3
1	o	1
1	j	2
1	very	1
1	best	1
1	with	2
1	revised	1
1	printed	1
1	for	3
1	t	1
1	together	1
1	method	1
1	making	1
1	ll.d.	1
1	romannumeral	2
1	h	1
1	rev	1
1	of	6
1	few	1
1	third	1
1	small	1
1	and	3
1	in	2
1	an	1
1	#allcapswords	56
1	mr	1
1	to	1
1	placename	1
1	#sequentialcaps	3
1	#lines	24
1	#maxinitial	5
1	#caplines	21
1	#startwname	4
1	#periods	21
1	#stdev	1388
1	#maxpair	6
1	#startwrubric	2
1	#commas	19
1	#endwpunct	12
1	#textlines	24
1	wordNotInVocab	28
2	#textlines	0
3	arabic1digit	6
3	the	14
3	those	1
3	air	1
3	letter	1
3	described	1
3	be	1
3	a	4
3	time	1
3	propernoun	2
3	or	1
3	upon	1
3	os	1
3	in	1
3	where	1
3	arabic2digit	4
3	these	1
3	see	1
3	make	1
3	same	1
3	is	3
3	find	1
3	manner	1
3	for	2
3	t	1
3	may	1
3	method	2
3	#allcapswords	8
3	making	1
3	keep	1
3	and	2
3	once	1
3	long	1
3	romannumeral	5
3	here	1
3	no	5
3	of	4
3	how	1
3	following	1
3	description	1
3	it	2
3	at	1
3	more	1
3	i	1
3	use	2
3	to	5
3	few	1
3	on	1
3	#sequentialcaps	2
3	#lines	22
3	#maxinitial	5
3	#caplines	11
3	#startwname	1
3	#periods	17
3	#stdev	1252
3	#maxpair	6
3	#startwrubric	6
3	#commas	16
3	#endwpunct	10
3	#textlines	22
3	#endwnumeral	4
3	wordNotInVocab	35
4	arabic1digit	1
4	the	5
4	air	1
4	b	1
4	#allcapswords	13
4	this	1
4	a	1
4	or	1
4	new	1
4	sold	1
4	all	1
4	are	1
4	n	1
4	personalname	1
4	wine	1
4	arabic2digit	10
4	propernoun	4
4	of	3
4	these	2
4	made	1
4	make	6
4	best	4
4	cut	1
4	remarks	1
4	t	1
4	la	1
4	romannumeral	10
4	see	1
4	at	1
4	w	1
4	them	1
4	as	1
4	to	9
4	following	2
4	placename	1
4	no	9
4	and	6
4	like	1
4	on	1
4	#sequentialcaps	4
4	#lines	22
4	#maxinitial	5
4	#caplines	16
4	#startwname	1
4	#periods	37
4	#stdev	1218
4	#maxpair	7
4	#startwrubric	13
4	#commas	17
4	#endwpunct	14
4	#textlines	22
4	#endwnumeral	7
4	wordNotInVocab	29
5	arabic1digit	4
5	the	8
5	this	1
5	contents	3
5	purpose	1
5	a	1
5	e	1
5	strong	1
5	description	2
5	i	1
5	arabic2digit	3
5	propernoun	1
5	these	1
5	some	1
5	note	2
5	is	2
5	with	2
5	for	3
5	#allcapswords	3
5	making	2
5	romannumeral	3
5	same	1
5	of	3
5	it	1
5	and	1
5	no	3
5	page	1
5	how	1
5	to	5
5	on	2
5	#sequentialcaps	2
5	#lines	21
5	#maxinitial	4
5	#caplines	14
5	#startwname	1
5	#periods	7
5	#stdev	1539
5	#maxpair	6
5	#startwrubric	1
5	#commas	9
5	#endwpunct	4
5	#textlines	21
5	#endwnumeral	7
5	wordNotInVocab	36
6	arabic1digit	2
6	contents	3
6	english	1
6	arabic2digit	13
6	them	2
6	some	2
6	note	1
6	make	1
6	best	5
6	so	1
6	their	1
6	ibid	1
6	any	1
6	first	1
6	kind	2
6	and	3
6	i	2
6	a	1
6	why	1
6	same	1
6	published	1
6	the	9
6	this	2
6	r	1
6	by	1
6	art	1
6	new	1
6	object	1
6	are	1
6	in	1
6	wine	1
6	propernoun	3
6	os	1
6	these	1
6	method	1
6	remarks	1
6	for	8
6	#allcapswords	3
6	making	7
6	important	1
6	water	5
6	of	8
6	to	6
6	k	1
6	dr	1
6	no	2
6	being	1
6	like	1
6	on	2
6	#sequentialcaps	7
6	#lines	28
6	#maxinitial	7
6	#caplines	18
6	#startwname	1
6	#periods	14
6	#stdev	1371
6	#maxpair	8
6	#startwrubric	2
6	#commas	22
6	#endwpunct	4
6	#questionmarks	1
6	#textlines	28
6	#endwnumeral	14
6	wordNotInVocab	47
7	arabic1digit	2
7	different	1
7	same	2
7	greater	1
7	n	2
7	arabic2digit	10
7	e	1
7	some	1
7	note	4
7	act	1
7	with	1
7	y	1
7	romannumeral	3
7	my	1
7	first	1
7	duke	1
7	kind	1
7	and	2
7	i	2
7	it	1
7	a	5
7	#allcapswords	8
7	the	11
7	air	5
7	find	1
7	by	3
7	be	4
7	former	1
7	r	1
7	new	1
7	s	2
7	in	5
7	at	1
7	author	1
7	propernoun	1
7	any	1
7	these	4
7	their	1
7	not	1
7	for	3
7	t	2
7	circumstances	1
7	together	1
7	method	1
7	common	1
7	place	1
7	used	1
7	another	1
7	must	1
7	of	10
7	to	13
7	de	1
7	description	2
7	that	1
7	ibid	4
7	no	4
7	from	1
7	observed	1
7	like	1
7	how	1
7	#sequentialcaps	4
7	#lines	30
7	#maxinitial	7
7	#caplines	16
7	#startwname	1
7	#periods	23
7	#stdev	1079
7	#maxpair	10
7	#commas	18
7	#endwpunct	10
7	#exclamationpoints	1
7	#textlines	30
7	#endwnumeral	8
7	wordNotInVocab	48
8	arabic1digit	4
8	the	3
8	no	2
8	arabicprice	1
8	#allcapswords	3
8	this	1
8	errata	1
8	contents	1
8	a	1
8	new	1
8	air	3
8	circumstances	1
8	other	1
8	description	1
8	arabic2digit	9
8	propernoun	8
8	these	2
8	f	1
8	j	1
8	very	1
8	best	1
8	with	1
8	for	1
8	t	1
8	arabic3digit	1
8	my	1
8	same	1
8	another	1
8	w	1
8	of	5
8	relating	1
8	true	1
8	kind	1
8	last	1
8	from	1
8	mr	1
8	to	3
8	on	1
8	#sequentialcaps	2
8	#lines	18
8	#maxinitial	3
8	#caplines	10
8	#startwname	2
8	#periods	13
8	#stdev	1505
8	#maxpair	4
8	#startwrubric	1
8	#commas	11
8	#endwpunct	6
8	#textlines	18
8	#endwnumeral	8
8	wordNotInVocab	20
9	arabic1digit	2
9	holy	1
9	b	1
9	according	1
9	edition	1
9	any	1
9	two	1
9	d	1
9	h	1
9	observations	1
9	have	2
9	e	2
9	all	1
9	this	1
9	volume	1
9	very	1
9	find	1
9	with	2
9	printed	1
9	more	1
9	almost	1
9	arabic3digit	1
9	romannumeral	4
9	my	2
9	will	1
9	but	1
9	looking	1
9	great	1
9	last	1
9	still	1
9	i	3
9	that	1
9	a	5
9	p	2
9	#allcapswords	22
9	public	1
9	to	7
9	happy	1
9	his	1
9	the	7
9	no	1
9	our	1
9	am	1
9	letter	2
9	be	1
9	former	1
9	appendix	1
9	r	1
9	your	1
9	in	6
9	greatest	1
9	placename	1
9	propernoun	1
9	we	1
9	these	1
9	useful	1
9	days	1
9	j	1
9	know	1
9	is	1
9	pleasure	1
9	than	1
9	not	1
9	t	3
9	better	1
9	of	4
9	third	1
9	it	1
9	dr	1
9	and	1
9	which	1
9	observed	1
9	air	1
9	how	1
9	on	2
9	#lines	22
9	#maxinitial	2
9	#quotations	4
9	#caplines	6
9	#startwname	1
9	#periods	14
9	#stdev	1791
9	#maxpair	4
9	#commas	11
9	#endwpunct	8
9	#questionmarks	1
9	#textlines	21
9	#endwnumeral	1
9	wordNotInVocab	26
10	arabic1digit	3
10	white	1
10	b	1
10	truth	1
10	dr	2
10	able	1
10	greater	1
10	time	1
10	observations	3
10	interesting	1
10	other	1
10	different	1
10	royal	1
10	have	1
10	society	1
10	all	1
10	into	1
10	has	1
10	make	1
10	two	1
10	known	1
10	very	3
10	which	3
10	with	6
10	j	1
10	containing	1
10	as	3
10	their	1
10	almost	1
10	my	1
10	m	1
10	any	2
10	first	1
10	relating	1
10	daily	1
10	kind	1
10	many	2
10	is	2
10	general	1
10	that	3
10	and	5
10	valuable	1
10	less	1
10	his	1
10	placename	4
10	the	16
10	no	1
10	those	1
10	air	2
10	real	1
10	fell	1
10	by	2
10	even	1
10	were	1
10	you	1
10	a	4
10	second	1
10	or	3
10	standard	1
10	art	1
10	made	3
10	soon	1
10	are	1
10	your	2
10	in	4
10	at	1
10	propernoun	6
10	these	1
10	may	1
10	chief	1
10	over	1
10	for	1
10	personalname	2
10	parts	1
10	method	1
10	#allcapswords	1
10	making	1
10	place	2
10	out	1
10	water	1
10	most	2
10	little	1
10	of	14
10	works	1
10	this	2
10	to	3
10	it	2
10	from	1
10	part	1
10	being	1
10	if	1
10	like	1
10	on	1
10	#sequentialcaps	1
10	#lines	31
10	#maxinitial	6
10	#caplines	6
10	#startwname	2
10	#periods	10
10	#stdev	1099
10	#maxpair	7
10	#commas	37
10	#endwpunct	10
10	#textlines	31
10	wordNotInVocab	55
11	arabic1digit	3
11	but	1
11	arabicprice	1
11	different	1
11	philosophy	1
11	arabic2digit	1
11	time	1
11	that	2
11	soon	1
11	by	3
11	b	1
11	himself	1
11	where	1
11	have	2
11	given	1
11	some	2
11	note	1
11	manner	1
11	king	1
11	had	1
11	which	2
11	more	1
11	very	2
11	arabic3digit	2
11	and	1
11	my	2
11	vol	3
11	one	1
11	great	2
11	it	3
11	natural	1
11	another	1
11	kind	1
11	many	1
11	your	2
11	i	5
11	an	1
11	copies	1
11	kinds	1
11	same	1
11	to	8
11	late	1
11	placename	5
11	having	1
11	the	12
11	air	2
11	this	5
11	y	1
11	sent	3
11	a	7
11	was	3
11	or	1
11	parts	1
11	purpose	1
11	easy	1
11	made	3
11	in	5
11	journal	1
11	court	1
11	second	1
11	propernoun	5
11	any	1
11	mr	3
11	useful	1
11	knowledge	1
11	you	1
11	comes	1
11	for	1
11	personalname	1
11	year	1
11	method	1
11	#allcapswords	8
11	long	1
11	water	1
11	see	1
11	account	1
11	then	1
11	of	16
11	afterwards	1
11	de	3
11	still	1
11	been	1
11	literary	1
11	dr	1
11	at	3
11	from	1
11	translation	1
11	arabic4digit	1
11	hands	1
11	being	1
11	added	1
11	after	2
11	published	1
11	french	1
11	on	1
11	#sequentialcaps	2
11	#lines	31
11	#maxinitial	4
11	#caplines	7
11	#startwname	2
11	#periods	20
11	#stdev	856
11	#maxpair	6
11	#startwrubric	1
11	#commas	22
11	#endwpunct	7
11	#textlines	31
11	wordNotInVocab	44
12	arabic1digit	2
12	arabicprice	1
12	had	1
12	bis	1
12	dr	1
12	pp	1
12	get	1
12	observations	1
12	prince	1
12	whom	1
12	times	1
12	himself	2
12	call	1
12	have	5
12	fell	1
12	see	1
12	some	1
12	manner	1
12	known	1
12	very	2
12	few	1
12	with	2
12	so	2
12	printed	2
12	felt	1
12	human	1
12	arabic3digit	2
12	romannumeral	1
12	my	1
12	vol	1
12	great	3
12	it	3
12	through	1
12	received	1
12	professor	1
12	as	1
12	work	1
12	last	1
12	and	4
12	kind	1
12	more	2
12	i	5
12	duke	1
12	#allcapswords	7
12	use	1
12	to	6
12	that	3
12	his	2
12	placename	1
12	excellent	1
12	the	13
12	no	1
12	our	1
12	air	1
12	him	1
12	this	3
12	parts	1
12	described	1
12	even	2
12	sent	2
12	east	1
12	a	3
12	was	1
12	or	2
12	by	1
12	your	1
12	six	1
12	many	4
12	water	1
12	did	1
12	persons	1
12	in	4
12	arabic2digit	1
12	propernoun	4
12	these	3
12	d	2
12	four	1
12	j	1
12	know	1
12	rather	1
12	is	2
12	not	2
12	8vo	1
12	p	1
12	species	1
12	seq	1
12	he	3
12	long	1
12	been	3
12	account	3
12	death	1
12	of	11
12	alas	1
12	number	1
12	found	1
12	at	2
12	from	2
12	arabic4digit	2
12	which	2
12	right	1
12	treatise	1
12	being	1
12	however	1
12	on	5
12	#sequentialcaps	1
12	#lines	33
12	#maxinitial	4
12	#caplines	5
12	#startwname	2
12	#periods	17
12	#stdev	1375
12	#maxpair	6
12	#commas	28
12	#endwpunct	6
12	#exclamationpoints	2
12	#textlines	33
12	#endwnumeral	1
12	wordNotInVocab	61
13	least	1
13	b	1
13	time	1
13	world	1
13	soon	1
13	since	1
13	life	1
13	arabic2digit	2
13	all	4
13	generally	1
13	had	2
13	man	1
13	their	2
13	romannumeral	1
13	my	3
13	have	1
13	great	2
13	first	1
13	every	1
13	as	5
13	who	1
13	#allcapswords	8
13	use	1
13	his	9
13	placename	2
13	it	4
13	those	1
13	could	1
13	was	2
13	for	6
13	year	1
13	me	1
13	in	1
13	already	1
13	these	1
13	useful	1
13	felt	1
13	j	1
13	five	1
13	method	1
13	long	1
13	has	1
13	died	1
13	to	14
13	that	3
13	arabic4digit	2
13	which	1
13	though	1
13	true	1
13	say	1
13	prince	4
13	enough	1
13	either	1
13	friend	1
13	upon	1
13	il	1
13	there	1
13	best	1
13	with	3
13	so	1
13	subjects	1
13	en	1
13	well	2
13	glorious	1
13	any	2
13	ever	1
13	one	4
13	wise	1
13	many	1
13	and	7
13	i	6
13	a	7
13	indeed	1
13	send	1
13	published	1
13	the	17
13	no	1
13	effect	1
13	this	5
13	be	3
13	or	4
13	by	1
13	now	1
13	ft	1
13	years	1
13	at	1
13	os	1
13	knowledge	2
13	is	1
13	private	1
13	not	2
13	were	2
13	s	1
13	others	1
13	he	1
13	account	1
13	of	12
13	whom	1
13	how	2
13	good	2
13	dead	2
13	been	1
13	they	2
13	from	2
13	if	1
13	after	1
13	on	2
13	#sequentialcaps	1
13	#lines	35
13	#maxinitial	6
13	#quotations	2
13	#caplines	3
13	#periods	13
13	#stdev	1298
13	#maxpair	8
13	#commas	31
13	#endwpunct	10
13	#exclamationpoints	3
13	#textlines	35
13	wordNotInVocab	69
14	arabic1digit	5
14	b	2
14	what	1
14	through	1
14	but	2
14	ground	1
14	time	1
14	order	1
14	then	1
14	any	2
14	two	2
14	d	1
14	other	1
14	h	1
14	upon	1
14	e	1
14	them	1
14	into	1
14	some	1
14	has	2
14	let	1
14	had	1
14	whole	1
14	so	1
14	containing	1
14	romannumeral	1
14	same	1
14	one	2
14	it	1
14	good	1
14	as	2
14	following	1
14	last	2
14	and	1
14	always	1
14	reason	1
14	between	1
14	i	2
14	mr	2
14	considered	1
14	left	1
14	use	1
14	to	8
14	few	2
14	having	1
14	the	15
14	no	1
14	air	1
14	this	3
14	from	1
14	could	1
14	be	1
14	complete	1
14	a	7
14	by	2
14	made	1
14	water	2
14	done	1
14	at	3
14	os	1
14	these	1
14	is	4
14	small	1
14	for	1
14	personalname	2
14	parts	2
14	#allcapswords	8
14	of	11
14	means	1
14	in	4
14	description	1
14	that	1
14	take	1
14	which	4
14	being	1
14	if	1
14	both	1
14	table	1
14	on	1
14	#sequentialcaps	2
14	#lines	29
14	#maxinitial	5
14	#caplines	3
14	#periods	11
14	#stdev	1145
14	#maxpair	6
14	#startwrubric	1
14	#commas	23
14	#endwpunct	5
14	#textlines	29
14	wordNotInVocab	64
15	arabic1digit	9
15	form	1
15	arabicprice	1
15	b	4
15	but	2
15	also	1
15	ground	3
15	contains	1
15	g	1
15	either	1
15	friend	1
15	arabic2digit	2
15	into	2
15	fall	1
15	below	2
15	has	2
15	without	1
15	nearly	1
15	with	1
15	j	1
15	end	1
15	as	3
15	described	1
15	an	1
15	romannumeral	2
15	my	1
15	m	1
15	have	2
15	open	1
15	each	1
15	it	1
15	through	1
15	good	1
15	occasion	1
15	kind	1
15	and	7
15	i	2
15	mr	1
15	#allcapswords	12
15	last	1
15	same	1
15	to	4
15	the	23
15	air	2
15	this	2
15	letter	1
15	under	1
15	be	4
15	will	3
15	a	6
15	was	1
15	or	1
15	by	1
15	only	1
15	are	1
15	water	2
15	in	3
15	they	1
15	any	1
15	is	3
15	than	1
15	adapted	1
15	t	1
15	its	1
15	better	1
15	been	1
15	of	11
15	can	1
15	edition	1
15	half	1
15	k	1
15	that	2
15	no	2
15	from	1
15	which	5
15	being	1
15	if	1
15	like	1
15	after	1
15	before	1
15	when	1
15	#sequentialcaps	1
15	#lines	31
15	#maxinitial	5
15	#quotations	1
15	#caplines	3
15	#startwname	2
15	#periods	12
15	#stdev	985
15	#maxpair	10
15	#commas	32
15	#endwpunct	6
15	#textlines	31
15	wordNotInVocab	68
16	arabic1digit	10
16	form	1
16	b	2
16	explained	1
16	ground	1
16	n	1
16	two	1
16	upon	1
16	arabic2digit	3
16	into	1
16	f	1
16	some	1
16	let	1
16	white	1
16	with	1
16	earth	1
16	more	1
16	may	1
16	enter	1
16	romannumeral	2
16	measure	2
16	will	1
16	stand	1
16	every	1
16	as	1
16	kind	1
16	and	2
16	i	1
16	without	1
16	use	2
16	to	5
16	wide	1
16	the	13
16	by	1
16	be	3
16	a	8
16	or	1
16	y	1
16	made	1
16	in	4
16	at	1
16	that	1
16	rather	1
16	is	2
16	comes	1
16	s	1
16	out	1
16	little	1
16	of	7
16	it	1
16	small	1
16	#allcapswords	10
16	from	1
16	particular	1
16	which	5
16	elegant	1
16	being	2
16	say	1
16	#sequentialcaps	3
16	#lines	26
16	#maxinitial	4
16	#quotations	1
16	#caplines	6
16	#startwname	1
16	#periods	33
16	#stdev	1226
16	#maxpair	6
16	#startwrubric	2
16	#commas	13
16	#endwpunct	8
16	#questionmarks	1
16	#textlines	26
16	#endwnumeral	1
16	wordNotInVocab	58
17	arabic1digit	4
17	white	2
17	b	2
17	appears	1
17	same	2
17	time	1
17	already	1
17	soon	1
17	i	2
17	too	1
17	if	2
17	il	1
17	e	2
17	all	2
17	into	1
17	f	1
17	small	1
17	some	2
17	p	1
17	let	4
17	very	2
17	like	1
17	so	1
17	more	3
17	further	1
17	must	1
17	will	2
17	but	1
17	first	1
17	stand	1
17	as	1
17	action	1
17	much	3
17	and	8
17	a	7
17	again	3
17	#allcapswords	12
17	to	4
17	with	7
17	the	21
17	air	4
17	this	3
17	until	1
17	even	1
17	be	7
17	hand	1
17	over	1
17	or	3
17	by	2
17	purpose	2
17	new	1
17	because	1
17	along	1
17	water	5
17	in	1
17	at	1
17	any	1
17	off	1
17	spring	1
17	j	2
17	u	1
17	is	6
17	than	3
17	not	1
17	other	1
17	cover	1
17	for	2
17	together	1
17	its	1
17	better	2
17	he	1
17	out	1
17	part	1
17	may	2
17	put	1
17	then	2
17	romannumeral	3
17	of	9
17	reduced	1
17	it	5
17	dr	1
17	no	1
17	from	1
17	which	4
17	being	1
17	when	1
17	on	2
17	#sequentialcaps	1
17	#lines	33
17	#maxinitial	3
17	#caplines	3
17	#periods	14
17	#stdev	1295
17	#maxpair	6
17	#commas	24
17	#endwpunct	5
17	#textlines	33
17	#endwnumeral	1
17	wordNotInVocab	89
18	arabic1digit	2
18	consequences	1
18	but	2
18	would	1
18	immediately	1
18	then	1
18	two	1
18	since	1
18	other	1
18	b	2
18	have	1
18	into	3
18	let	2
18	very	1
18	from	1
18	off	2
18	cheaper	1
18	so	1
18	more	1
18	q	2
18	well	1
18	romannumeral	1
18	taking	1
18	will	4
18	own	1
18	true	1
18	as	3
18	much	1
18	is	4
18	that	1
18	r	1
18	without	1
18	again	1
18	and	5
18	same	1
18	to	7
18	above	1
18	with	3
18	the	19
18	times	2
18	this	2
18	take	1
18	burns	1
18	even	1
18	be	6
18	a	1
18	able	1
18	or	4
18	by	1
18	they	1
18	made	1
18	strong	1
18	water	2
18	in	2
18	almost	1
18	arabic2digit	4
18	any	2
18	everything	1
18	such	2
18	only	1
18	than	1
18	not	2
18	its	5
18	#allcapswords	6
18	place	1
18	used	1
18	of	10
18	however	1
18	it	9
18	no	1
18	about	1
18	which	2
18	sometimes	1
18	if	2
18	after	1
18	put	1
18	do	1
18	when	1
18	#sequentialcaps	2
18	#lines	31
18	#maxinitial	7
18	#quotations	1
18	#caplines	4
18	#periods	10
18	#stdev	1305
18	#maxpair	8
18	#commas	19
18	#endwpunct	4
18	#textlines	31
18	#endwnumeral	2
18	wordNotInVocab	69
19	arabic1digit	1
19	but	2
19	b	3
19	through	1
19	contents	2
19	care	1
19	soon	2
19	order	1
19	all	1
19	into	2
19	them	1
19	there	1
19	without	1
19	with	3
19	so	1
19	necessary	2
19	half	1
19	may	1
19	well	1
19	must	1
19	will	12
19	give	1
19	open	1
19	great	1
19	as	2
19	much	1
19	and	7
19	between	1
19	i	1
19	#allcapswords	14
19	perhaps	2
19	m	2
19	the	30
19	air	3
19	this	4
19	by	2
19	up	3
19	be	5
19	a	7
19	or	1
19	moment	1
19	because	1
19	taken	1
19	force	1
19	are	1
19	water	4
19	done	1
19	in	3
19	they	1
19	any	1
19	these	1
19	is	3
19	comes	1
19	over	1
19	not	1
19	small	1
19	matter	1
19	for	2
19	cause	1
19	together	1
19	its	1
19	away	1
19	go	1
19	part	1
19	romannumeral	5
19	of	6
19	to	9
19	it	4
19	at	1
19	from	2
19	which	3
19	if	2
19	after	1
19	when	3
19	#sequentialcaps	1
19	#lines	30
19	#maxinitial	7
19	#caplines	3
19	#startwname	2
19	#periods	9
19	#stdev	580
19	#maxpair	7
19	#commas	28
19	#endwpunct	3
19	#textlines	30
19	wordNotInVocab	66
20	arabic1digit	1
20	form	1
20	some	1
20	large	1
20	through	2
20	ground	1
20	whole	1
20	there	1
20	two	2
20	either	2
20	arabic2digit	1
20	order	1
20	them	1
20	further	1
20	made	1
20	take	1
20	without	1
20	nearly	1
20	with	1
20	so	2
20	more	6
20	q	1
20	may	1
20	well	1
20	must	2
20	will	4
20	three	1
20	at	2
20	going	1
20	one	1
20	w	1
20	first	1
20	it	6
20	stand	1
20	last	1
20	and	4
20	always	1
20	again	1
20	#allcapswords	5
20	use	1
20	to	4
20	that	2
20	m	1
20	the	22
20	air	4
20	effect	1
20	this	1
20	from	1
20	up	2
20	be	10
20	a	6
20	might	1
20	or	5
20	by	4
20	six	1
20	water	2
20	g	1
20	in	8
20	i	1
20	these	2
20	additions	1
20	is	4
20	gentle	1
20	on	1
20	way	1
20	place	1
20	part	1
20	then	1
20	romannumeral	1
20	of	11
20	any	2
20	still	1
20	neither	1
20	no	1
20	about	1
20	which	1
20	if	3
20	put	1
20	however	1
20	performed	1
20	when	2
20	#lines	31
20	#maxinitial	5
20	#quotations	1
20	#caplines	1
20	#periods	10
20	#stdev	1150
20	#maxpair	8
20	#commas	21
20	#endwpunct	4
20	#textlines	31
20	wordNotInVocab	68
21	arabic1digit	5
21	form	1
21	b	2
21	but	1
21	have	1
21	ground	2
21	whole	2
21	os	1
21	contains	1
21	two	2
21	other	1
21	h	2
21	upon	1
21	hour	1
21	then	1
21	arabic2digit	2
21	f	1
21	has	1
21	seen	1
21	very	1
21	with	3
21	occasion	1
21	so	1
21	may	1
21	an	1
21	romannumeral	2
21	once	1
21	will	2
21	means	1
21	not	1
21	w	1
21	stand	2
21	every	1
21	as	6
21	following	1
21	much	1
21	and	8
21	that	2
21	p	1
21	#allcapswords	12
21	same	1
21	less	1
21	the	17
21	no	2
21	air	1
21	this	3
21	described	1
21	even	1
21	be	2
21	a	7
21	was	1
21	or	1
21	by	6
21	only	1
21	others	1
21	water	1
21	description	1
21	i	2
21	g	2
21	these	1
21	either	1
21	j	1
21	set	1
21	is	6
21	perhaps	1
21	five	1
21	small	1
21	if	1
21	are	1
21	of	6
21	half	1
21	to	2
21	in	3
21	it	3
21	which	2
21	already	1
21	added	1
21	like	1
21	both	1
21	however	1
21	when	1
21	#sequentialcaps	1
21	#lines	29
21	#maxinitial	5
21	#caplines	5
21	#startwname	1
21	#periods	18
21	#stdev	995
21	#maxpair	7
21	#startwrubric	1
21	#commas	24
21	#endwpunct	9
21	#questionmarks	1
21	#textlines	29
21	#endwnumeral	2
21	wordNotInVocab	74
22	arabic1digit	9
22	form	1
22	b	5
22	through	1
22	same	1
22	ground	1
22	n	1
22	g	3
22	h	2
22	arabic2digit	2
22	e	1
22	f	2
22	has	2
22	o	2
22	manner	1
22	z	1
22	with	4
22	their	2
22	romannumeral	5
22	said	2
22	but	1
22	following	1
22	stand	3
22	as	6
22	round	1
22	and	13
22	kind	1
22	a	5
22	p	1
22	#allcapswords	29
22	to	6
22	towards	1
22	the	25
22	air	1
22	this	1
22	under	1
22	up	2
22	be	6
22	pure	1
22	r	1
22	was	2
22	or	1
22	soon	1
22	are	6
22	water	3
22	done	1
22	in	7
22	at	1
22	propernoun	1
22	two	1
22	these	1
22	they	1
22	rather	1
22	is	3
22	by	2
22	s	2
22	together	1
22	other	1
22	been	1
22	both	1
22	upon	1
22	must	1
22	of	5
22	k	2
22	it	5
22	no	2
22	from	2
22	which	3
22	after	1
22	put	3
22	when	1
22	on	2
22	#lines	29
22	#maxinitial	7
22	#caplines	2
22	#periods	14
22	#stdev	1025
22	#maxpair	9
22	#commas	24
22	#endwpunct	6
22	#textlines	29
22	wordNotInVocab	57
23	b	5
23	have	1
23	little	2
23	when	1
23	that	3
23	soon	1
23	ft	1
23	into	3
23	arabic2digit	1
23	them	5
23	all	1
23	much	1
23	fall	1
23	g	1
23	manner	1
23	very	2
23	with	7
23	so	4
23	end	1
23	half	1
23	may	4
23	hold	1
23	must	1
23	will	3
23	three	1
23	going	1
23	times	1
23	stand	2
23	as	3
23	taken	1
23	hands	1
23	many	1
23	and	8
23	greatest	1
23	r	1
23	appear	1
23	again	2
23	#allcapswords	15
23	she	1
23	left	1
23	to	6
23	the	33
23	less	1
23	air	4
23	both	1
23	this	3
23	from	1
23	under	2
23	even	1
23	be	5
23	you	1
23	a	8
23	or	2
23	by	4
23	they	1
23	your	2
23	six	1
23	water	8
23	done	1
23	in	8
23	taking	1
23	propernoun	1
23	two	2
23	these	2
23	off	3
23	j	1
23	within	1
23	is	3
23	method	1
23	are	2
23	he	1
23	go	1
23	part	1
23	though	1
23	then	1
23	romannumeral	5
23	of	7
23	last	1
23	during	1
23	k	2
23	out	1
23	it	2
23	about	1
23	which	3
23	being	1
23	after	1
23	put	1
23	do	1
23	on	1
23	#lines	33
23	#maxinitial	7
23	#caplines	4
23	#startwname	2
23	#periods	7
23	#stdev	1109
23	#maxpair	8
23	#commas	24
23	#endwpunct	9
23	#textlines	33
23	wordNotInVocab	78
24	arabic1digit	1
24	b	2
24	what	1
24	same	1
24	time	1
24	then	1
24	g	3
24	perhaps	1
24	h	2
24	most	1
24	set	1
24	have	1
24	them	1
24	f	1
24	some	1
24	has	2
24	manner	1
24	known	1
24	alone	1
24	with	6
24	so	1
24	more	1
24	may	1
24	four	1
24	romannumeral	1
24	j	1
24	will	3
24	three	1
24	stand	2
24	as	3
24	much	1
24	and	6
24	others	2
24	it	4
24	#allcapswords	12
24	to	2
24	that	2
24	the	19
24	times	1
24	air	6
24	this	5
24	be	5
24	each	1
24	natural	1
24	a	2
24	or	2
24	by	2
24	only	1
24	are	1
24	water	5
24	in	5
24	they	1
24	arabic2digit	1
24	propernoun	1
24	these	3
24	their	1
24	is	3
24	than	1
24	not	2
24	together	1
24	well	1
24	out	2
24	both	1
24	op	1
24	of	4
24	can	1
24	half	3
24	k	1
24	been	3
24	at	1
24	take	1
24	few	1
24	which	5
24	part	1
24	after	2
24	on	2
24	does	2
24	when	1
24	#sequentialcaps	2
24	#lines	30
24	#maxinitial	8
24	#caplines	4
24	#startwname	1
24	#periods	5
24	#stdev	995
24	#maxpair	9
24	#startwrubric	1
24	#commas	18
24	#endwpunct	4
24	#textlines	30
24	#endwnumeral	1
24	wordNotInVocab	66
25	brought	1
25	but	1
25	arabic2digit	1
25	also	1
25	immediately	1
25	whole	1
25	time	1
25	propernoun	1
25	n	1
25	d	1
25	upon	1
25	even	1
25	where	1
25	there	1
25	all	1
25	made	2
25	some	1
25	has	3
25	let	1
25	very	1
25	with	2
25	so	1
25	their	3
25	kept	1
25	an	1
25	romannumeral	1
25	will	4
25	own	1
25	taken	1
25	as	6
25	much	1
25	and	4
25	general	1
25	in	6
25	been	1
25	mr	1
25	#allcapswords	4
25	to	7
25	that	2
25	above	2
25	the	16
25	no	1
25	air	4
25	this	2
25	could	1
25	be	8
25	natural	2
25	a	2
25	or	1
25	by	4
25	placed	1
25	they	2
25	are	1
25	water	2
25	at	1
25	wine	1
25	these	2
25	may	4
25	off	1
25	j	1
25	better	1
25	not	1
25	well	1
25	method	1
25	out	1
25	long	1
25	of	3
25	state	1
25	however	1
25	hour	1
25	it	6
25	take	1
25	which	1
25	goes	1
25	if	1
25	like	1
25	before	1
25	on	1
25	#sequentialcaps	3
25	#lines	29
25	#maxinitial	8
25	#caplines	6
25	#startwname	1
25	#periods	9
25	#stdev	1120
25	#maxpair	8
25	#startwrubric	1
25	#commas	16
25	#endwpunct	6
25	#textlines	29
25	wordNotInVocab	59
26	arabic1digit	2
26	appears	1
26	same	1
26	also	1
26	would	1
26	enough	1
26	there	1
26	become	1
26	any	1
26	two	1
26	well	2
26	arabic2digit	2
26	order	1
26	according	1
26	small	2
26	under	1
26	some	2
26	has	1
26	without	1
26	volume	1
26	very	2
26	with	2
26	lane	1
26	so	2
26	printed	1
26	more	1
26	end	1
26	their	2
26	hold	1
26	must	1
26	will	2
26	but	3
26	one	1
26	w	1
26	case	1
26	as	3
26	kind	1
26	and	5
26	ground	1
26	page	1
26	it	1
26	danger	1
26	#allcapswords	1
26	use	1
26	to	5
26	his	1
26	the	19
26	no	1
26	air	1
26	this	1
26	letter	1
26	be	6
26	appendix	1
26	a	5
26	or	5
26	by	4
26	your	1
26	are	1
26	made	1
26	in	10
26	at	1
26	propernoun	1
26	these	1
26	may	2
26	mr	1
26	set	1
26	is	2
26	not	1
26	if	3
26	t	1
26	its	3
26	water	1
26	of	10
26	third	1
26	were	1
26	that	1
26	from	1
26	which	2
26	like	1
26	on	1
26	#lines	30
26	#maxinitial	4
26	#caplines	2
26	#periods	11
26	#stdev	623
26	#maxpair	7
26	#startwrubric	1
26	#commas	22
26	#endwpunct	6
26	#textlines	30
26	#endwnumeral	2
26	wordNotInVocab	78
27	arabic1digit	1
27	but	3
27	edition	1
27	also	1
27	whole	1
27	order	1
27	any	1
27	d	1
27	other	1
27	different	2
27	first	1
27	arabic2digit	4
27	there	2
27	them	2
27	has	1
27	without	1
27	nearly	1
27	very	1
27	best	1
27	with	1
27	published	1
27	their	1
27	may	1
27	must	1
27	will	2
27	according	1
27	one	1
27	ten	1
27	great	1
27	natural	1
27	an	1
27	and	3
27	i	1
27	#allcapswords	6
27	same	1
27	to	8
27	the	10
27	air	1
27	this	1
27	sir	2
27	give	1
27	be	4
27	each	2
27	a	1
27	able	1
27	by	3
27	found	1
27	more	1
27	many	2
27	are	1
27	water	2
27	in	4
27	eight	1
27	propernoun	4
27	already	1
27	these	3
27	only	1
27	is	2
27	not	1
27	for	2
27	personalname	2
27	method	2
27	making	1
27	most	1
27	used	1
27	account	1
27	of	10
27	steel	1
27	true	1
27	that	1
27	dr	2
27	no	2
27	from	2
27	which	1
27	added	1
27	doubt	1
27	after	1
27	#sequentialcaps	2
27	#lines	29
27	#maxinitial	6
27	#caplines	4
27	#startwname	1
27	#periods	14
27	#stdev	1053
27	#maxpair	7
27	#commas	11
27	#endwpunct	7
27	#textlines	29
27	wordNotInVocab	63
28	white	1
28	met	1
28	least	1
28	b	1
28	what	1
28	appears	1
28	dr	3
28	time	4
28	h	1
28	arabic2digit	1
28	all	2
28	has	1
28	without	2
28	had	1
28	end	1
28	arabic3digit	1
28	my	6
28	same	1
28	against	2
28	nor	1
28	every	1
28	as	1
28	following	1
28	many	1
28	p	1
28	#allcapswords	12
28	his	2
28	excellent	1
28	times	1
28	am	1
28	letter	1
28	could	1
28	really	1
28	a	10
28	was	2
28	pure	1
28	whom	1
28	in	7
28	placename	1
28	these	1
28	began	1
28	its	1
28	see	1
28	less	1
28	who	1
28	that	3
28	day	1
28	take	1
28	arabic4digit	1
28	which	1
28	though	1
28	before	1
28	arabic1digit	3
28	according	1
28	edition	1
28	able	2
28	immediately	1
28	g	1
28	friend	1
28	anything	2
28	action	2
28	some	1
28	make	1
28	very	2
28	with	5
28	note	1
28	may	1
28	own	1
28	it	2
28	short	1
28	spirit	1
28	and	10
28	i	9
28	else	1
28	treatise	1
28	to	7
28	second	1
28	the	18
28	air	1
28	this	3
28	find	1
28	even	2
28	be	1
28	or	2
28	by	4
28	took	1
28	easy	1
28	water	2
28	at	3
28	six	1
28	propernoun	1
28	os	1
28	robinson	1
28	four	1
28	applied	1
28	is	2
28	than	1
28	not	1
28	were	2
28	for	2
28	myself	1
28	of	12
28	do	1
28	good	1
28	hands	1
28	being	2
28	after	2
28	on	1
28	three	1
28	#lines	35
28	#maxinitial	7
28	#caplines	1
28	#periods	15
28	#stdev	1306
28	#maxpair	8
28	#commas	36
28	#endwpunct	7
28	#textlines	35
28	#endwnumeral	1
28	wordNotInVocab	88
29	arabic1digit	2
29	mine	1
29	ten	1
29	subject	1
29	seen	1
29	the	12
29	have	2
29	when	1
29	become	1
29	any	1
29	two	1
29	i	1
29	other	1
29	called	1
29	summer	1
29	less	1
29	given	1
29	has	1
29	sweet	1
29	had	3
29	with	3
29	so	1
29	more	1
29	may	2
29	almost	1
29	dead	1
29	will	2
29	said	1
29	three	1
29	ever	1
29	one	1
29	occasion	1
29	as	4
29	and	6
29	last	1
29	a	4
29	#allcapswords	5
29	same	2
29	to	6
29	day	1
29	that	2
29	his	1
29	m	1
29	strength	1
29	times	1
29	much	1
29	air	4
29	this	5
29	sir	1
29	letter	1
29	even	2
29	be	5
29	you	1
29	which	4
29	r	1
29	was	3
29	or	4
29	by	5
29	for	2
29	taken	1
29	did	1
29	t	1
29	in	7
29	they	1
29	shall	1
29	arabic2digit	1
29	from	1
29	we	1
29	their	1
29	he	1
29	days	1
29	wine	2
29	is	2
29	perhaps	1
29	s	1
29	personalname	2
29	method	1
29	friend	1
29	place	1
29	long	1
29	water	2
29	gentleman	1
29	of	5
29	own	1
29	it	3
29	arabic4digit	1
29	however	1
29	country	1
29	at	1
29	#lines	30
29	#maxinitial	5
29	#caplines	3
29	#startwname	2
29	#periods	9
29	#stdev	848
29	#maxpair	8
29	#commas	28
29	#endwpunct	4
29	#textlines	30
29	wordNotInVocab	65
30	different	1
30	appears	1
30	but	1
30	have	3
30	greater	1
30	university	1
30	upon	1
30	arabic2digit	1
30	made	1
30	some	2
30	has	1
30	very	1
30	more	1
30	their	5
30	professor	1
30	must	1
30	great	2
30	first	1
30	as	1
30	effect	1
30	and	5
30	reason	1
30	sometimes	1
30	a	1
30	#allcapswords	1
30	use	1
30	that	4
30	his	2
30	published	1
30	the	7
30	those	1
30	after	1
30	this	2
30	sir	1
30	find	1
30	by	4
30	viz	1
30	natural	2
30	parts	2
30	art	1
30	only	1
30	are	2
30	in	4
30	at	1
30	propernoun	1
30	any	1
30	these	1
30	may	1
30	they	1
30	such	1
30	is	1
30	method	1
30	than	2
30	not	1
30	opinion	1
30	remarks	1
30	why	1
30	he	1
30	volume	1
30	been	1
30	taken	1
30	of	7
30	can	1
30	hence	1
30	means	1
30	it	2
30	no	1
30	from	1
30	particular	1
30	which	4
30	be	3
30	several	2
30	placename	2
30	when	1
30	#sequentialcaps	2
30	#lines	29
30	#maxinitial	5
30	#caplines	3
30	#periods	8
30	#stdev	1000
30	#maxpair	7
30	#commas	21
30	#endwpunct	2
30	#textlines	29
30	wordNotInVocab	58
31	but	1
31	through	1
31	according	1
31	have	1
31	two	1
31	air	2
31	reader	1
31	heat	1
31	where	1
31	arabic2digit	3
31	order	1
31	them	2
31	all	3
31	into	1
31	some	1
31	has	1
31	without	1
31	known	1
31	with	4
31	more	1
31	their	1
31	professor	1
31	numerous	1
31	said	1
31	three	1
31	viz	1
31	pages	1
31	good	1
31	as	5
31	and	6
31	kind	2
31	general	1
31	i	1
31	else	1
31	#allcapswords	4
31	treatise	1
31	to	5
31	his	1
31	placename	1
31	the	18
31	those	2
31	subject	1
31	this	1
31	even	1
31	be	1
31	each	1
31	a	1
31	or	2
31	by	5
31	art	1
31	made	1
31	now	1
31	cold	1
31	are	2
31	de	1
31	almost	2
31	propernoun	2
31	already	1
31	these	2
31	may	1
31	nature	1
31	nothing	1
31	they	1
31	is	2
31	perhaps	1
31	for	1
31	other	1
31	he	1
31	water	1
31	most	1
31	use	1
31	of	9
31	in	5
31	come	1
31	been	2
31	earth	2
31	from	2
31	principal	1
31	which	5
31	degree	1
31	being	1
31	necessary	1
31	#sequentialcaps	3
31	#lines	30
31	#maxinitial	10
31	#caplines	7
31	#startwname	1
31	#periods	10
31	#stdev	970
31	#maxpair	12
31	#commas	17
31	#endwpunct	5
31	#questionmarks	1
31	#textlines	30
31	#endwnumeral	1
31	wordNotInVocab	58
32	arabic1digit	1
32	due	1
32	b	2
32	but	2
32	arabic2digit	3
32	two	1
32	get	1
32	reader	1
32	other	1
32	have	1
32	order	1
32	into	2
32	can	2
32	make	1
32	let	1
32	generally	1
32	short	1
32	wide	1
32	more	1
32	may	2
32	professor	1
32	must	1
32	will	2
32	said	1
32	one	1
32	known	1
32	as	5
32	following	3
32	work	1
32	kind	2
32	that	1
32	and	8
32	whole	1
32	#allcapswords	5
32	use	1
32	to	6
32	his	1
32	the	20
32	those	2
32	this	5
32	under	1
32	itself	1
32	be	3
32	each	2
32	a	6
32	or	3
32	by	5
32	taken	1
32	six	1
32	easy	1
32	cold	1
32	are	3
32	water	3
32	in	11
32	i	2
32	far	1
32	any	1
32	judge	1
32	z	1
32	rather	2
32	is	3
32	than	1
32	for	1
32	down	1
32	method	2
32	he	1
32	out	1
32	left	1
32	sure	1
32	of	10
32	night	1
32	good	1
32	it	2
32	small	1
32	no	1
32	take	1
32	country	1
32	like	1
32	put	3
32	whose	2
32	on	1
32	#lines	31
32	#maxinitial	6
32	#caplines	1
32	#periods	12
32	#stdev	876
32	#maxpair	7
32	#commas	18
32	#endwpunct	5
32	#textlines	31
32	wordNotInVocab	65
33	arabic1digit	5
33	plates	1
33	arabicprice	1
33	b	1
33	st	1
33	but	3
33	between	1
33	oh	1
33	two	1
33	english	5
33	arabic2digit	5
33	e	1
33	given	1
33	equal	1
33	make	1
33	arabic3digit	1
33	printed	1
33	there	1
33	romannumeral	1
33	measure	1
33	three	1
33	nearly	1
33	every	1
33	as	3
33	an	1
33	k	2
33	and	5
33	memoirs	1
33	p	1
33	soft	1
33	i	2
33	4to	1
33	#allcapswords	7
33	to	11
33	that	3
33	his	1
33	the	15
33	it	2
33	our	1
33	this	1
33	be	1
33	pure	1
33	a	1
33	or	3
33	only	1
33	are	2
33	water	2
33	in	5
33	they	1
33	wine	1
33	propernoun	8
33	fame	1
33	io	1
33	is	2
33	five	1
33	royal	1
33	for	1
33	making	1
33	he	1
33	of	12
33	steel	1
33	half	1
33	found	1
33	says	2
33	at	2
33	from	2
33	arabic4digit	9
33	common	2
33	placename	3
33	french	1
33	#sequentialcaps	3
33	#lines	30
33	#maxinitial	6
33	#caplines	7
33	#startwname	2
33	#periods	14
33	#stdev	1508
33	#maxpair	9
33	#startwrubric	1
33	#commas	24
33	#endwpunct	9
33	#questionmarks	1
33	#textlines	30
33	#endwnumeral	5
33	wordNotInVocab	70
34	arabic1digit	12
34	plates	1
34	the	17
34	or	3
34	b	5
34	soft	1
34	viz	3
34	m	1
34	be	1
34	when	1
34	a	1
34	propernoun	1
34	by	1
34	water	6
34	they	1
34	arabic2digit	8
34	there	1
34	should	2
34	is	1
34	with	1
34	for	3
34	means	1
34	#allcapswords	7
34	making	3
34	out	1
34	same	1
34	each	3
34	of	6
34	steel	1
34	as	2
34	following	3
34	in	6
34	it	1
34	small	1
34	no	2
34	take	1
34	common	2
34	said	2
34	within	1
34	and	2
34	to	4
34	#sequentialcaps	1
34	#lines	28
34	#maxinitial	4
34	#caplines	7
34	#startwname	1
34	#periods	31
34	#stdev	1225
34	#maxpair	5
34	#commas	22
34	#endwpunct	19
34	#textlines	28
34	#endwnumeral	1
34	wordNotInVocab	62
35	arabic1digit	3
35	become	1
35	ready	1
35	but	1
35	one	1
35	ground	2
35	paper	1
35	any	1
35	two	3
35	e	1
35	them	1
35	into	3
35	see	1
35	made	2
35	p	1
35	manner	1
35	had	1
35	with	8
35	necessary	1
35	may	1
35	close	1
35	arabic3digit	2
35	an	1
35	must	1
35	will	2
35	said	1
35	same	1
35	kept	1
35	as	1
35	three	1
35	fire	2
35	and	4
35	parts	2
35	i	2
35	#allcapswords	6
35	to	4
35	m	1
35	brown	1
35	the	9
35	those	1
35	air	1
35	this	2
35	present	1
35	be	7
35	a	14
35	or	5
35	by	4
35	they	1
35	united	1
35	are	1
35	water	1
35	t	1
35	in	8
35	at	1
35	propernoun	1
35	os	1
35	is	4
35	gentle	2
35	over	1
35	not	1
35	equal	1
35	for	2
35	blue	1
35	together	1
35	keep	1
35	making	1
35	vol	1
35	little	2
35	then	1
35	immediately	1
35	of	12
35	break	1
35	it	6
35	does	1
35	no	1
35	which	2
35	being	1
35	if	1
35	like	1
35	until	1
35	on	2
35	when	1
35	#sequentialcaps	2
35	#lines	33
35	#maxinitial	4
35	#caplines	7
35	#periods	16
35	#stdev	1475
35	#maxpair	6
35	#commas	28
35	#endwpunct	13
35	#textlines	33
35	wordNotInVocab	98
36	arabic1digit	5
36	b	1
36	other	1
36	but	1
36	viz	1
36	immediately	1
36	time	2
36	soon	1
36	every	1
36	certain	1
36	arabic2digit	2
36	there	1
36	much	1
36	made	1
36	some	2
36	make	1
36	without	1
36	very	1
36	best	2
36	with	2
36	more	2
36	may	2
36	well	1
36	once	1
36	will	3
36	same	2
36	one	1
36	professor	1
36	as	3
36	following	1
36	and	5
36	proper	1
36	kind	1
36	greatest	1
36	that	1
36	way	1
36	use	1
36	to	5
36	few	1
36	the	17
36	no	1
36	this	2
36	even	1
36	be	5
36	each	2
36	natural	1
36	a	4
36	above	1
36	or	1
36	cold	1
36	water	5
36	done	1
36	in	4
36	they	1
36	their	1
36	is	6
36	species	1
36	than	2
36	for	2
36	method	1
36	#allcapswords	2
36	making	2
36	he	2
36	most	1
36	little	1
36	of	8
36	home	1
36	third	1
36	afterwards	1
36	it	1
36	at	4
36	which	4
36	common	2
36	part	1
36	already	1
36	if	1
36	put	1
36	before	1
36	where	1
36	#sequentialcaps	1
36	#lines	30
36	#maxinitial	4
36	#caplines	2
36	#periods	11
36	#stdev	829
36	#maxpair	5
36	#commas	23
36	#endwpunct	10
36	#textlines	30
36	#endwnumeral	2
36	wordNotInVocab	62
37	arabic1digit	1
37	almost	1
37	meet	1
37	but	1
37	arabic2digit	1
37	whole	1
37	i	3
37	life	1
37	most	2
37	himself	1
37	have	2
37	should	1
37	am	1
37	known	1
37	wish	1
37	public	1
37	some	1
37	with	3
37	necessary	1
37	may	1
37	close	1
37	will	1
37	contents	1
37	think	1
37	you	1
37	attention	1
37	true	1
37	is	7
37	general	1
37	young	1
37	without	1
37	that	3
37	the	15
37	no	1
37	those	1
37	air	3
37	this	4
37	be	2
37	a	8
37	let	1
37	or	1
37	by	2
37	new	1
37	taken	1
37	for	3
37	made	1
37	in	2
37	at	1
37	all	1
37	propernoun	1
37	its	2
37	knowledge	1
37	care	1
37	pleasure	1
37	not	1
37	cover	1
37	proper	2
37	#allcapswords	6
37	he	2
37	out	1
37	must	1
37	of	11
37	to	12
37	perhaps	1
37	it	4
37	happy	1
37	and	7
37	from	1
37	which	4
37	right	1
37	being	1
37	if	1
37	both	1
37	doubt	1
37	on	3
37	#sequentialcaps	1
37	#lines	30
37	#maxinitial	6
37	#caplines	2
37	#periods	6
37	#stdev	1070
37	#maxpair	9
37	#commas	20
37	#endwpunct	3
37	#textlines	30
37	#endwnumeral	1
37	wordNotInVocab	73
38	subject	3
38	what	1
38	that	3
38	philosophy	1
38	since	2
38	arabic2digit	1
38	all	1
38	has	1
38	without	1
38	volume	1
38	more	1
38	human	1
38	such	1
38	professor	2
38	numerous	1
38	romannumeral	1
38	present	1
38	m	1
38	vol	1
38	as	2
38	know	1
38	flame	1
38	p	1
38	#allcapswords	7
38	less	1
38	letters	1
38	placename	2
38	letter	1
38	burns	1
38	natural	1
38	appendix	1
38	heat	1
38	a	5
38	was	2
38	new	1
38	made	2
38	year	1
38	me	2
38	in	3
38	earth	1
38	j	2
38	species	1
38	matter	1
38	degree	1
38	common	1
38	important	1
38	part	1
38	most	2
38	third	1
38	send	1
38	it	2
38	no	2
38	arabic4digit	1
38	almost	1
38	like	1
38	published	1
38	arabic1digit	1
38	different	2
38	the	21
38	but	1
38	interesting	1
38	have	2
38	given	1
38	very	1
38	which	4
38	with	5
38	so	3
38	printed	2
38	well	1
38	three	1
38	you	2
38	kind	1
38	much	1
38	and	5
38	i	1
38	kinds	1
38	to	6
38	through	1
38	air	5
38	often	1
38	even	1
38	be	1
38	r	1
38	or	1
38	by	1
38	attention	1
38	your	1
38	valuable	1
38	any	1
38	seems	2
38	four	1
38	u	1
38	is	2
38	than	2
38	for	1
38	this	8
38	he	3
38	must	1
38	of	20
38	afterwards	1
38	number	1
38	at	1
38	from	2
38	being	1
38	after	1
38	power	1
38	on	3
38	#sequentialcaps	2
38	#lines	36
38	#maxinitial	6
38	#quotations	2
38	#caplines	3
38	#startwname	1
38	#periods	18
38	#stdev	1197
38	#maxpair	8
38	#commas	23
38	#endwpunct	7
38	#exclamationpoints	1
38	#textlines	36
38	wordNotInVocab	81
39	what	1
39	appears	2
39	care	1
39	already	1
39	never	1
39	life	1
39	upon	1
39	interesting	1
39	have	1
39	of	13
39	all	1
39	this	4
39	has	1
39	themselves	1
39	very	1
39	with	2
39	third	1
39	so	1
39	country	1
39	among	1
39	their	2
39	romannumeral	2
39	any	2
39	vol	1
39	first	1
39	to	7
39	as	2
39	an	1
39	proposed	1
39	kind	1
39	and	7
39	greatest	1
39	page	1
39	who	1
39	p	1
39	cannot	1
39	public	2
39	last	1
39	less	1
39	that	2
39	placename	2
39	the	18
39	air	2
39	be	4
39	each	1
39	you	1
39	a	4
39	or	3
39	by	7
39	new	1
39	because	1
39	places	2
39	many	1
39	are	3
39	in	3
39	they	1
39	we	1
39	these	1
39	useful	1
39	seems	1
39	such	2
39	j	2
39	being	2
39	is	5
39	volume	1
39	were	1
39	for	2
39	personalname	1
39	on	1
39	#allcapswords	3
39	place	1
39	gave	1
39	most	3
39	kinds	1
39	them	1
39	can	1
39	means	1
39	before	1
39	good	1
39	it	1
39	fit	1
39	arabic4digit	2
39	which	2
39	nature	1
39	after	1
39	both	2
39	do	1
39	whose	1
39	at	1
39	#sequentialcaps	1
39	#lines	35
39	#maxinitial	5
39	#quotations	1
39	#caplines	3
39	#startwname	1
39	#periods	22
39	#stdev	1427
39	#maxpair	9
39	#commas	26
39	#endwpunct	7
39	#textlines	32
39	wordNotInVocab	70
40	arabic1digit	1
40	form	1
40	different	2
40	through	2
40	same	1
40	have	1
40	ground	1
40	time	1
40	order	1
40	two	3
40	either	1
40	preface	1
40	all	1
40	certain	1
40	arabic2digit	1
40	there	1
40	society	1
40	fall	1
40	some	1
40	has	1
40	nearly	1
40	volume	2
40	very	1
40	with	2
40	so	1
40	more	1
40	means	1
40	may	1
40	romannumeral	1
40	one	1
40	sent	1
40	as	2
40	know	1
40	had	1
40	kind	1
40	your	1
40	page	1
40	that	3
40	and	4
40	kinds	1
40	use	1
40	to	8
40	placename	3
40	the	19
40	air	5
40	him	1
40	this	1
40	present	1
40	parts	1
40	described	1
40	be	1
40	you	2
40	a	10
40	second	1
40	or	1
40	by	4
40	new	1
40	made	2
40	year	1
40	water	1
40	in	5
40	journal	1
40	propernoun	3
40	judge	1
40	whole	1
40	than	1
40	royal	1
40	for	1
40	its	2
40	is	4
40	he	1
40	part	1
40	used	1
40	another	1
40	of	22
40	third	1
40	lost	1
40	it	2
40	small	1
40	dr	1
40	#allcapswords	3
40	arabic4digit	1
40	which	3
40	though	1
40	published	2
40	on	2
40	#lines	30
40	#maxinitial	7
40	#caplines	1
40	#startwname	1
40	#periods	8
40	#stdev	968
40	#maxpair	9
40	#commas	20
40	#endwpunct	5
40	#textlines	30
40	#endwnumeral	1
40	wordNotInVocab	57
41	may	1
41	arabic1digit	1
41	appears	1
41	same	1
41	arabic2digit	7
41	observations	1
41	we	1
41	should	1
41	great	2
41	first	1
41	have	3
41	there	1
41	all	1
41	what	1
41	some	1
41	required	1
41	very	1
41	extent	1
41	so	2
41	printed	1
41	necessary	1
41	as	2
41	their	1
41	original	2
41	three	1
41	one	1
41	think	2
41	an	1
41	work	1
41	kind	1
41	many	1
41	and	5
41	always	1
41	i	6
41	#allcapswords	13
41	public	1
41	to	8
41	that	2
41	towards	1
41	the	13
41	or	1
41	this	5
41	be	4
41	you	1
41	complete	1
41	a	1
41	was	1
41	subject	2
41	by	1
41	new	2
41	your	2
41	object	1
41	are	3
41	done	1
41	in	7
41	they	1
41	propernoun	1
41	any	1
41	its	5
41	rather	1
41	is	4
41	not	1
41	for	2
41	circumstances	1
41	together	1
41	yet	1
41	method	1
41	better	1
41	most	1
41	used	1
41	of	7
41	last	1
41	how	1
41	good	1
41	still	1
41	description	1
41	it	3
41	no	1
41	from	2
41	which	1
41	after	1
41	however	1
41	on	2
41	#sequentialcaps	1
41	#lines	29
41	#maxinitial	3
41	#caplines	4
41	#startwname	1
41	#periods	8
41	#stdev	1112
41	#maxpair	4
41	#startwrubric	1
41	#commas	21
41	#endwpunct	7
41	#textlines	29
41	#endwnumeral	1
41	wordNotInVocab	48
42	b	1
42	contents	1
42	viz	1
42	also	1
42	ground	4
42	whole	1
42	n	5
42	two	2
42	d	5
42	serve	1
42	arabic2digit	6
42	e	1
42	into	2
42	there	1
42	nearly	1
42	find	1
42	engraved	1
42	with	2
42	wood	1
42	end	1
42	may	2
42	hold	1
42	close	1
42	and	9
42	have	1
42	one	1
42	each	1
42	as	2
42	an	1
42	following	1
42	much	1
42	i	5
42	#allcapswords	3
42	to	6
42	m	2
42	the	19
42	air	1
42	this	1
42	by	3
42	be	1
42	a	8
42	or	4
42	parts	3
42	because	1
42	made	1
42	stamped	1
42	are	1
42	in	3
42	at	1
42	either	1
42	these	2
42	z	2
42	is	4
42	pleasure	1
42	equal	3
42	t	1
42	its	1
42	long	1
42	of	13
42	number	1
42	it	3
42	another	1
42	about	2
42	which	4
42	several	1
42	both	2
42	romannumeral	2
42	whose	1
42	when	1
42	#lines	30
42	#maxinitial	7
42	#quotations	1
42	#caplines	1
42	#periods	11
42	#stdev	1316
42	#maxpair	8
42	#commas	31
42	#endwpunct	7
42	#textlines	30
42	#endwnumeral	1
42	wordNotInVocab	71
43	arabic1digit	2
43	same	2
43	viz	1
43	ground	1
43	time	1
43	there	1
43	another	1
43	two	1
43	d	1
43	too	2
43	arabic2digit	1
43	often	1
43	f	1
43	fall	1
43	yourself	1
43	length	1
43	seems	2
43	with	8
43	so	2
43	more	4
43	may	3
43	an	1
43	must	2
43	will	1
43	have	2
43	one	1
43	think	1
43	as	2
43	action	1
43	last	1
43	and	4
43	i	1
43	it	3
43	#allcapswords	3
43	influence	1
43	use	1
43	to	5
43	the	18
43	air	2
43	this	3
43	by	1
43	be	6
43	a	5
43	second	1
43	or	1
43	parts	1
43	because	1
43	made	4
43	are	4
43	in	2
43	they	1
43	propernoun	3
43	these	1
43	either	1
43	j	1
43	being	1
43	never	1
43	is	3
43	than	2
43	equal	2
43	for	2
43	on	2
43	down	1
43	making	1
43	long	1
43	part	1
43	used	2
43	then	1
43	romannumeral	3
43	of	9
43	third	1
43	observed	1
43	less	1
43	still	1
43	that	4
43	at	1
43	from	2
43	ought	1
43	which	2
43	feet	1
43	if	2
43	put	1
43	however	1
43	water	3
43	when	3
43	#sequentialcaps	1
43	#lines	31
43	#maxinitial	6
43	#caplines	5
43	#startwname	1
43	#periods	9
43	#stdev	954
43	#maxpair	8
43	#startwrubric	1
43	#commas	28
43	#endwpunct	5
43	#textlines	31
43	#endwnumeral	1
43	wordNotInVocab	52
44	arabic1digit	3
44	white	2
44	least	1
44	different	1
44	arabic2digit	6
44	time	1
44	n	1
44	two	3
44	either	1
44	i	1
44	keep	1
44	other	2
44	both	1
44	pleasure	1
44	deep	1
44	serve	1
44	have	1
44	there	2
44	should	1
44	into	1
44	wide	2
44	some	1
44	has	1
44	without	1
44	from	1
44	so	2
44	question	1
44	may	2
44	for	1
44	well	1
44	must	1
44	measure	1
44	give	1
44	one	1
44	think	1
44	w	2
44	first	1
44	fact	1
44	as	4
44	an	1
44	wood	1
44	and	6
44	much	1
44	whole	1
44	#allcapswords	7
44	kinds	1
44	to	6
44	with	5
44	the	20
44	certainly	1
44	air	2
44	effect	1
44	this	4
44	be	3
44	a	8
44	or	3
44	by	2
44	new	1
44	made	1
44	only	1
44	many	2
44	are	2
44	water	3
44	end	1
44	in	6
44	at	2
44	eight	1
44	s	1
44	fear	1
44	any	2
44	these	1
44	generally	1
44	d	1
44	four	1
44	is	8
44	ear	1
44	cut	1
44	proper	1
44	t	1
44	like	1
44	english	1
44	place	2
44	part	1
44	used	1
44	of	7
44	it	4
44	boards	3
44	long	2
44	which	2
44	takes	1
44	three	2
44	after	1
44	romannumeral	1
44	however	1
44	on	3
44	#sequentialcaps	1
44	#lines	33
44	#maxinitial	8
44	#quotations	1
44	#caplines	3
44	#periods	14
44	#stdev	1563
44	#maxpair	10
44	#commas	24
44	#endwpunct	7
44	#textlines	33
44	#endwnumeral	1
44	wordNotInVocab	76
45	arabic1digit	1
45	form	1
45	seen	1
45	other	1
45	but	1
45	greater	1
45	enough	1
45	whole	2
45	n	1
45	d	1
45	want	1
45	well	1
45	arabic2digit	8
45	e	2
45	into	1
45	f	1
45	there	1
45	made	1
45	has	1
45	large	1
45	without	1
45	nearly	1
45	with	8
45	an	3
45	romannumeral	1
45	once	1
45	have	1
45	one	1
45	left	1
45	as	3
45	hut	1
45	three	1
45	much	1
45	and	8
45	hand	1
45	i	9
45	a	8
45	way	1
45	that	1
45	m	1
45	the	30
45	air	2
45	this	2
45	years	1
45	under	4
45	up	2
45	be	1
45	shall	1
45	or	3
45	by	4
45	only	1
45	water	7
45	done	2
45	me	1
45	in	7
45	at	2
45	propernoun	2
45	either	1
45	is	4
45	its	2
45	#allcapswords	10
45	common	1
45	out	1
45	part	2
45	been	1
45	both	1
45	then	2
45	of	8
45	any	1
45	to	3
45	speak	1
45	it	6
45	no	1
45	take	2
45	however	1
45	which	4
45	being	1
45	since	1
45	if	1
45	put	2
45	eight	1
45	on	1
45	#sequentialcaps	1
45	#lines	32
45	#maxinitial	7
45	#caplines	2
45	#startwname	1
45	#periods	14
45	#stdev	1047
45	#maxpair	11
45	#startwrubric	1
45	#commas	29
45	#endwpunct	8
45	#textlines	32
45	#endwnumeral	1
45	wordNotInVocab	76
46	arabic1digit	1
46	subject	1
46	b	1
46	carried	1
46	same	2
46	arabic2digit	4
46	ground	1
46	contains	1
46	two	1
46	want	1
46	where	1
46	have	4
46	order	3
46	all	2
46	into	1
46	f	1
46	made	1
46	room	2
46	has	2
46	o	1
46	useful	1
46	nearly	1
46	very	1
46	some	1
46	with	11
46	country	1
46	may	3
46	hold	1
46	close	2
46	romannumeral	1
46	then	1
46	my	2
46	will	1
46	but	1
46	one	1
46	am	1
46	great	1
46	it	2
46	case	1
46	kind	1
46	many	1
46	and	8
46	always	1
46	reason	1
46	hand	3
46	i	10
46	#allcapswords	13
46	left	1
46	to	7
46	that	3
46	the	24
46	air	8
46	find	1
46	up	1
46	be	4
46	sent	2
46	heat	1
46	a	6
46	or	1
46	by	1
46	new	1
46	taken	1
46	only	2
46	water	2
46	me	1
46	in	7
46	at	3
46	any	5
46	z	1
46	about	1
46	applied	1
46	is	4
46	for	4
46	together	1
46	its	1
46	place	3
46	out	2
46	part	1
46	used	1
46	trial	2
46	of	12
46	means	1
46	this	3
46	however	1
46	been	1
46	small	1
46	no	1
46	which	2
46	right	1
46	being	2
46	if	2
46	after	1
46	course	1
46	on	2
46	whose	1
46	when	1
46	#sequentialcaps	2
46	#lines	33
46	#maxinitial	5
46	#caplines	3
46	#periods	10
46	#stdev	1468
46	#maxpair	8
46	#commas	37
46	#endwpunct	7
46	#textlines	33
46	#endwnumeral	1
46	wordNotInVocab	71
47	arabic1digit	2
47	be	6
47	over	1
47	what	1
47	other	1
47	contents	1
47	viz	1
47	greater	1
47	have	1
47	there	1
47	n	1
47	least	1
47	kind	1
47	got	1
47	serve	1
47	arabic2digit	4
47	them	1
47	into	3
47	enough	1
47	order	1
47	some	1
47	make	1
47	let	1
47	off	1
47	wide	2
47	so	1
47	wood	1
47	q	2
47	their	1
47	hold	1
47	close	1
47	arabic3digit	1
47	must	3
47	measure	2
47	will	2
47	but	3
47	at	1
47	it	6
47	along	1
47	as	4
47	an	1
47	following	1
47	and	3
47	hand	2
47	i	7
47	without	1
47	#allcapswords	9
47	same	1
47	less	2
47	with	8
47	the	38
47	air	7
47	real	1
47	this	2
47	under	1
47	up	1
47	neither	1
47	give	1
47	each	1
47	heat	1
47	a	8
47	or	4
47	by	1
47	made	1
47	are	3
47	os	1
47	in	8
47	they	1
47	aside	1
47	any	1
47	is	3
47	than	2
47	equal	1
47	proper	1
47	its	4
47	method	1
47	place	2
47	water	2
47	account	1
47	then	2
47	taken	1
47	of	14
47	till	1
47	course	1
47	to	9
47	that	2
47	where	1
47	take	1
47	particular	1
47	foot	1
47	if	1
47	which	2
47	care	1
47	observed	1
47	put	1
47	romannumeral	1
47	when	3
47	#sequentialcaps	1
47	#lines	34
47	#maxinitial	8
47	#caplines	2
47	#startwname	2
47	#periods	13
47	#stdev	1548
47	#maxpair	8
47	#startwrubric	2
47	#commas	26
47	#endwpunct	6
47	#textlines	34
47	#endwnumeral	1
47	wordNotInVocab	79
48	arabic1digit	2
48	b	1
48	moment	1
48	through	1
48	but	3
48	have	3
48	enough	1
48	time	1
48	n	2
48	two	1
48	since	2
48	h	1
48	real	1
48	first	1
48	arabic2digit	2
48	e	2
48	of	20
48	into	2
48	some	1
48	o	1
48	manner	1
48	without	1
48	short	1
48	letter	1
48	wide	1
48	so	1
48	necessary	1
48	end	2
48	may	2
48	up	1
48	kept	1
48	must	1
48	make	2
48	any	1
48	as	4
48	an	1
48	kind	2
48	last	1
48	cannot	1
48	hand	3
48	i	9
48	within	1
48	and	5
48	left	3
48	to	7
48	that	4
48	with	7
48	the	46
48	air	8
48	this	2
48	under	1
48	even	1
48	be	5
48	heat	1
48	a	12
48	by	4
48	only	1
48	are	1
48	water	1
48	done	2
48	in	8
48	t	1
48	person	1
48	os	1
48	off	1
48	these	1
48	such	2
48	care	3
48	rather	1
48	close	1
48	hold	2
48	not	4
48	other	1
48	for	1
48	personalname	1
48	w	1
48	making	1
48	myself	1
48	he	1
48	out	2
48	part	1
48	both	1
48	little	1
48	then	2
48	romannumeral	3
48	them	2
48	means	1
48	it	6
48	#allcapswords	19
48	take	1
48	will	4
48	which	3
48	common	1
48	is	2
48	being	1
48	if	3
48	put	1
48	go	1
48	use	2
48	on	1
48	#sequentialcaps	2
48	#lines	35
48	#maxinitial	8
48	#quotations	2
48	#caplines	4
48	#startwname	1
48	#periods	10
48	#stdev	1324
48	#maxpair	10
48	#startwrubric	1
48	#commas	27
48	#endwpunct	5
48	#textlines	35
48	wordNotInVocab	81
49	arabic1digit	2
49	rise	1
49	b	3
49	same	1
49	arabic2digit	1
49	ground	1
49	e	1
49	become	1
49	os	1
49	soon	1
49	d	1
49	other	2
49	too	1
49	hall	1
49	causes	1
49	have	3
49	order	1
49	into	2
49	under	1
49	is	2
49	g	1
49	volume	1
49	best	1
49	with	10
49	so	1
49	may	1
49	described	1
49	s	1
49	well	1
49	an	1
49	romannumeral	4
49	will	1
49	at	2
49	taken	1
49	every	1
49	as	6
49	three	1
49	did	1
49	much	1
49	and	9
49	i	9
49	different	1
49	a	5
49	#allcapswords	14
49	kinds	1
49	use	1
49	to	14
49	m	1
49	the	28
49	those	1
49	air	4
49	this	4
49	up	1
49	be	3
49	you	1
49	r	2
49	or	1
49	by	3
49	your	1
49	proper	2
49	are	1
49	done	1
49	works	1
49	in	6
49	they	1
49	placename	1
49	always	1
49	any	1
49	these	1
49	judge	1
49	z	2
49	better	1
49	cut	1
49	degree	1
49	length	1
49	its	1
49	method	1
49	like	1
49	turned	1
49	out	1
49	then	2
49	n	1
49	of	11
49	half	1
49	sort	1
49	come	1
49	it	5
49	no	1
49	take	2
49	ought	1
49	power	1
49	which	3
49	common	2
49	being	1
49	if	1
49	second	1
49	put	1
49	on	1
49	water	4
49	when	3
49	#sequentialcaps	2
49	#lines	34
49	#maxinitial	6
49	#caplines	6
49	#periods	13
49	#stdev	1309
49	#maxpair	8
49	#startwrubric	1
49	#commas	22
49	#endwpunct	3
49	#questionmarks	1
49	#textlines	34
49	#endwnumeral	1
49	wordNotInVocab	87
50	brought	1
50	b	1
50	seen	1
50	same	4
50	would	1
50	n	1
50	circumstances	1
50	certain	1
50	arabic2digit	4
50	all	2
50	into	1
50	f	2
50	order	1
50	let	2
50	arabic3digit	1
50	an	1
50	romannumeral	1
50	my	1
50	but	2
50	as	4
50	following	1
50	cannot	1
50	#allcapswords	20
50	perhaps	2
50	strength	2
50	am	1
50	under	2
50	thought	1
50	a	4
50	standard	1
50	new	1
50	made	1
50	only	1
50	these	1
50	off	1
50	its	2
50	j	1
50	yet	1
50	influence	1
50	little	1
50	leave	1
50	that	3
50	dr	1
50	no	1
50	take	1
50	can	1
50	which	5
50	resolved	1
50	fair	1
50	put	1
50	say	1
50	when	1
50	arabic1digit	2
50	desire	1
50	other	1
50	upon	2
50	hour	1
50	where	1
50	have	3
50	there	1
50	some	2
50	before	1
50	wish	1
50	very	1
50	with	5
50	so	2
50	containing	1
50	may	3
50	must	2
50	any	1
50	without	1
50	it	6
50	and	4
50	always	2
50	i	16
50	within	1
50	to	8
50	m	1
50	the	27
50	air	5
50	this	2
50	up	1
50	even	2
50	be	7
50	might	1
50	or	1
50	by	4
50	done	2
50	os	1
50	they	2
50	propernoun	2
50	is	2
50	than	2
50	not	2
50	for	2
50	better	1
50	myself	2
50	settled	1
50	water	3
50	set	1
50	of	10
50	means	1
50	in	3
50	found	1
50	being	2
50	if	1
50	both	1
50	however	1
50	on	1
50	#sequentialcaps	2
50	#lines	35
50	#maxinitial	5
50	#caplines	4
50	#periods	16
50	#stdev	1609
50	#maxpair	8
50	#commas	29
50	#endwpunct	6
50	#textlines	35
50	#endwnumeral	3
50	wordNotInVocab	73
51	treatment	1
51	same	2
51	we	1
51	d	1
51	circumstances	1
51	arabic2digit	3
51	into	1
51	without	2
51	nearly	1
51	had	1
51	extent	1
51	for	2
51	kept	1
51	an	1
51	my	1
51	great	2
51	still	2
51	general	1
51	hand	1
51	flame	2
51	#allcapswords	8
51	left	1
51	less	1
51	j	1
51	heat	1
51	a	7
51	was	4
51	made	2
51	places	1
51	reason	1
51	in	3
51	g	1
51	days	1
51	its	1
51	method	1
51	out	1
51	part	1
51	keep	1
51	home	1
51	leave	1
51	it	5
51	take	1
51	almost	1
51	second	1
51	put	1
51	before	1
51	when	4
51	arabic1digit	1
51	carried	1
51	sea	1
51	but	2
51	times	1
51	action	1
51	or	3
51	contains	1
51	two	3
51	all	1
51	other	2
51	very	4
51	which	5
51	with	5
51	may	3
51	well	2
51	must	1
51	will	1
51	relating	1
51	round	1
51	many	1
51	and	8
51	help	1
51	i	4
51	far	1
51	to	7
51	above	1
51	the	19
51	air	6
51	as	1
51	this	3
51	be	7
51	subject	1
51	by	6
51	they	1
51	six	2
51	are	1
51	done	1
51	propernoun	1
51	any	2
51	seems	1
51	is	2
51	than	2
51	not	1
51	were	2
51	lost	1
51	full	1
51	of	12
51	afterwards	1
51	good	2
51	found	1
51	at	2
51	from	3
51	being	2
51	if	2
51	cannot	2
51	power	1
51	on	1
51	#sequentialcaps	1
51	#lines	36
51	#maxinitial	6
51	#caplines	6
51	#startwname	1
51	#periods	12
51	#stdev	1505
51	#maxpair	8
51	#startwrubric	1
51	#commas	35
51	#endwpunct	6
51	#questionmarks	1
51	#exclamationpoints	1
51	#textlines	36
51	#endwnumeral	1
51	wordNotInVocab	89
52	b	1
52	large	1
52	appears	1
52	moment	1
52	but	1
52	when	1
52	fire	1
52	time	1
52	e	1
52	their	1
52	possible	1
52	two	2
52	d	2
52	since	1
52	h	1
52	arabic2digit	5
52	there	2
52	into	1
52	till	1
52	fall	2
52	room	1
52	manner	1
52	very	1
52	best	1
52	some	1
52	with	2
52	so	1
52	coming	1
52	circumstances	1
52	may	2
52	ah	1
52	almost	1
52	arabic3digit	1
52	romannumeral	4
52	my	1
52	w	1
52	first	1
52	behind	1
52	turn	1
52	as	2
52	and	2
52	always	1
52	hand	1
52	i	6
52	within	1
52	#allcapswords	12
52	kinds	1
52	use	1
52	to	6
52	that	4
52	having	1
52	the	25
52	those	1
52	air	3
52	this	3
52	under	1
52	up	1
52	be	1
52	each	2
52	a	3
52	or	1
52	by	1
52	heat	1
52	are	1
52	n	3
52	done	1
52	in	9
52	they	1
52	any	1
52	made	2
52	seems	1
52	essay	1
52	is	1
52	not	1
52	t	1
52	particular	1
52	together	1
52	method	1
52	already	1
52	other	1
52	keep	1
52	water	3
52	see	2
52	then	1
52	of	13
52	before	1
52	come	1
52	it	4
52	no	4
52	from	1
52	regard	1
52	which	3
52	right	1
52	part	1
52	being	1
52	say	1
52	if	1
52	both	1
52	do	1
52	french	1
52	on	2
52	#lines	30
52	#maxinitial	4
52	#caplines	2
52	#periods	15
52	#stdev	811
52	#maxpair	5
52	#commas	19
52	#endwpunct	4
52	#questionmarks	1
52	#exclamationpoints	1
52	#textlines	30
52	#endwnumeral	1
52	wordNotInVocab	57
53	arabic1digit	2
53	arabicprice	1
53	b	2
53	appears	1
53	according	1
53	viz	1
53	immediately	1
53	n	5
53	soon	1
53	d	3
53	arabic2digit	2
53	of	15
53	this	1
53	has	1
53	make	1
53	with	3
53	so	1
53	may	1
53	important	1
53	arabic3digit	2
53	romannumeral	3
53	any	1
53	but	1
53	as	6
53	an	1
53	upon	1
53	and	6
53	that	2
53	within	1
53	#allcapswords	7
53	use	1
53	to	5
53	few	1
53	m	1
53	the	34
53	times	1
53	air	4
53	take	1
53	up	3
53	treatise	1
53	be	2
53	have	1
53	which	1
53	a	5
53	or	2
53	by	3
53	point	1
53	water	5
53	os	1
53	in	9
53	i	4
53	propernoun	1
53	two	1
53	z	1
53	off	1
53	being	2
53	is	2
53	comes	1
53	not	1
53	my	1
53	its	1
53	better	1
53	mark	1
53	keep	1
53	part	1
53	most	1
53	used	1
53	little	2
53	then	1
53	same	2
53	leave	1
53	means	1
53	half	1
53	taking	1
53	it	2
53	no	1
53	from	2
53	will	2
53	about	1
53	till	1
53	care	1
53	observed	1
53	french	1
53	see	1
53	#sequentialcaps	1
53	#lines	30
53	#maxinitial	6
53	#quotations	1
53	#caplines	2
53	#startwname	2
53	#periods	12
53	#stdev	1308
53	#maxpair	8
53	#startwrubric	2
53	#commas	14
53	#endwpunct	4
53	#textlines	30
53	#endwnumeral	2
53	wordNotInVocab	68
54	who	1
54	but	1
54	bring	1
54	same	2
54	arabic2digit	4
54	would	1
54	enough	1
54	observations	1
54	two	1
54	all	1
54	mark	1
54	certain	1
54	choice	1
54	there	2
54	should	1
54	order	1
54	some	1
54	without	1
54	best	1
54	with	2
54	may	1
54	s	1
54	measure	2
54	any	1
54	first	1
54	as	2
54	appears	1
54	and	4
54	i	5
54	whole	1
54	within	1
54	#allcapswords	10
54	time	1
54	use	2
54	n	2
54	day	1
54	that	1
54	his	1
54	the	35
54	times	1
54	air	3
54	this	1
54	even	1
54	be	2
54	each	1
54	distance	1
54	a	2
54	or	1
54	by	3
54	new	1
54	six	1
54	now	1
54	water	4
54	in	6
54	os	2
54	these	3
54	z	2
54	d	1
54	four	1
54	is	2
54	over	2
54	for	2
54	method	3
54	making	1
54	he	2
54	see	2
54	account	1
54	taken	1
54	of	10
54	night	1
54	leave	1
54	afterwards	1
54	true	1
54	it	6
54	to	8
54	from	2
54	which	1
54	sometimes	1
54	if	1
54	both	1
54	before	1
54	perhaps	1
54	on	2
54	#sequentialcaps	1
54	#lines	31
54	#maxinitial	6
54	#caplines	4
54	#startwname	1
54	#periods	11
54	#stdev	1001
54	#maxpair	10
54	#startwrubric	1
54	#commas	18
54	#endwpunct	7
54	#textlines	31
54	#endwnumeral	1
54	wordNotInVocab	63
55	what	1
55	but	2
55	greater	1
55	enough	1
55	any	1
55	least	1
55	circumstances	1
55	other	1
55	century	1
55	upon	2
55	them	2
55	all	2
55	make	1
55	without	1
55	nearly	1
55	very	1
55	philosophy	1
55	with	1
55	means	1
55	may	1
55	must	2
55	taking	1
55	will	3
55	at	2
55	ever	1
55	one	1
55	viz	1
55	every	1
55	as	2
55	following	1
55	kind	2
55	last	1
55	had	1
55	general	1
55	nature	1
55	treatise	1
55	i	1
55	new	1
55	p	1
55	and	6
55	to	7
55	was	2
55	the	9
55	times	1
55	air	3
55	this	6
55	present	1
55	letter	1
55	even	1
55	be	5
55	each	2
55	a	3
55	glory	1
55	or	1
55	by	4
55	mean	1
55	attention	1
55	because	1
55	mr	1
55	in	5
55	greatest	1
55	arabic2digit	6
55	propernoun	1
55	we	1
55	their	3
55	such	2
55	is	2
55	than	1
55	mighty	1
55	proper	1
55	t	2
55	measure	1
55	rule	2
55	arabic3digit	1
55	#allcapswords	2
55	making	1
55	method	1
55	he	1
55	out	1
55	part	1
55	most	1
55	see	2
55	of	14
55	can	1
55	four	1
55	number	1
55	happy	1
55	no	5
55	particular	1
55	which	2
55	on	1
55	care	1
55	doubt	1
55	use	1
55	three	1
55	#sequentialcaps	1
55	#lines	29
55	#maxinitial	5
55	#caplines	4
55	#startwname	1
55	#periods	15
55	#stdev	1201
55	#maxpair	7
55	#startwrubric	1
55	#commas	12
55	#endwpunct	5
55	#exclamationpoints	1
55	#textlines	29
55	#endwnumeral	1
55	wordNotInVocab	49
56	but	1
56	arabicprice	1
56	b	2
56	all	1
56	only	1
56	contents	1
56	also	1
56	enough	1
56	we	1
56	those	1
56	d	2
56	i	1
56	life	1
56	arabic2digit	6
56	there	1
56	into	2
56	see	1
56	some	2
56	has	1
56	let	1
56	length	1
56	very	1
56	do	1
56	may	1
56	an	1
56	must	2
56	at	1
56	u	1
56	it	1
56	as	3
56	kind	1
56	and	5
56	always	1
56	been	1
56	else	1
56	#allcapswords	2
56	influence	1
56	the	18
56	no	1
56	air	3
56	this	2
56	be	3
56	each	1
56	art	1
56	a	4
56	or	1
56	by	2
56	mean	1
56	six	2
56	now	1
56	proper	1
56	are	3
56	in	1
56	they	2
56	however	1
56	propernoun	1
56	any	1
56	their	1
56	is	2
56	not	2
56	equal	2
56	for	2
56	circumstances	1
56	most	1
56	carefully	1
56	both	1
56	of	19
56	means	1
56	to	13
56	number	1
56	that	4
56	about	1
56	which	2
56	if	1
56	put	1
56	when	1
56	say	1
56	whose	1
56	used	1
56	#lines	29
56	#maxinitial	4
56	#quotations	1
56	#caplines	2
56	#startwname	1
56	#periods	13
56	#stdev	1109
56	#maxpair	5
56	#startwrubric	1
56	#commas	20
56	#endwpunct	5
56	#textlines	29
56	wordNotInVocab	71
57	arabic1digit	1
57	different	2
57	but	3
57	have	2
57	also	1
57	would	2
57	whole	1
57	there	1
57	another	2
57	their	1
57	two	1
57	b	5
57	call	2
57	arabic2digit	19
57	them	1
57	often	1
57	some	1
57	make	1
57	nearly	1
57	had	2
57	easy	1
57	very	2
57	may	1
57	for	1
57	arabic3digit	1
57	romannumeral	3
57	same	2
57	as	2
57	an	1
57	length	1
57	is	3
57	always	1
57	reason	1
57	i	4
57	a	6
57	and	3
57	influence	1
57	kinds	1
57	to	11
57	that	8
57	arabic5+digit	1
57	the	20
57	air	8
57	this	2
57	by	2
57	be	5
57	division	1
57	shall	1
57	was	1
57	or	1
57	parts	3
57	only	1
57	are	2
57	in	5
57	they	1
57	we	1
57	these	1
57	not	1
57	equal	2
57	proper	1
57	its	2
57	#allcapswords	17
57	out	1
57	h	1
57	been	3
57	then	2
57	of	16
57	were	1
57	k	1
57	lost	1
57	it	5
57	will	3
57	arabic4digit	1
57	about	1
57	which	2
57	if	1
57	say	1
57	whose	1
57	when	2
57	#sequentialcaps	1
57	#lines	32
57	#maxinitial	3
57	#caplines	6
57	#startwname	1
57	#periods	9
57	#stdev	1409
57	#maxpair	5
57	#startwrubric	1
57	#commas	29
57	#endwpunct	7
57	#textlines	32
57	#endwnumeral	4
57	wordNotInVocab	48
58	arabic1digit	1
58	different	1
58	appears	1
58	contents	4
58	also	1
58	would	1
58	n	3
58	soon	1
58	d	3
58	b	1
58	then	1
58	arabic2digit	15
58	fall	1
58	some	1
58	rules	1
58	manner	1
58	nearly	1
58	under	1
58	may	1
58	well	1
58	above	1
58	must	2
58	but	1
58	one	1
58	first	1
58	as	10
58	an	1
58	much	1
58	and	5
58	found	1
58	whole	1
58	#allcapswords	3
58	same	3
58	not	1
58	that	5
58	m	1
58	the	34
58	air	2
58	this	3
58	described	1
58	be	4
58	each	1
58	division	1
58	a	3
58	was	1
58	or	1
58	by	5
58	new	1
58	because	1
58	made	1
58	are	3
58	water	3
58	os	1
58	in	9
58	at	1
58	two	1
58	these	2
58	such	1
58	applied	1
58	is	3
58	comes	1
58	than	1
58	equal	4
58	for	1
58	cause	1
58	rule	1
58	its	1
58	place	1
58	part	2
58	upon	1
58	romannumeral	3
58	of	21
58	means	1
58	course	1
58	to	8
58	it	3
58	no	2
58	ought	1
58	according	1
58	which	1
58	if	1
58	both	2
58	however	1
58	whose	2
58	on	2
58	#sequentialcaps	1
58	#lines	33
58	#maxinitial	6
58	#caplines	3
58	#periods	11
58	#stdev	1560
58	#maxpair	7
58	#commas	23
58	#endwpunct	9
58	#textlines	33
58	#endwnumeral	4
58	wordNotInVocab	69
59	arabic1digit	5
59	bring	1
59	if	2
59	us	1
59	but	1
59	edition	1
59	also	1
59	greater	1
59	have	1
59	n	5
59	two	2
59	d	2
59	reader	1
59	h	1
59	call	3
59	arabic2digit	16
59	of	12
59	according	1
59	order	1
59	we	1
59	let	1
59	known	1
59	had	1
59	with	2
59	so	1
59	may	2
59	romannumeral	3
59	will	4
59	required	1
59	viz	1
59	stand	1
59	as	2
59	give	1
59	and	2
59	i	1
59	modern	1
59	e	2
59	#allcapswords	4
59	m	2
59	the	25
59	air	2
59	real	2
59	this	4
59	find	1
59	by	1
59	even	2
59	performed	1
59	a	5
59	was	1
59	moment	1
59	new	1
59	water	1
59	in	7
59	at	2
59	propernoun	1
59	already	1
59	z	2
59	is	3
59	not	2
59	were	1
59	for	1
59	t	1
59	sort	1
59	see	1
59	then	2
59	them	1
59	to	7
59	longer	1
59	that	5
59	no	3
59	from	2
59	arabic4digit	1
59	which	1
59	be	2
59	when	1
59	#sequentialcaps	1
59	#lines	31
59	#maxinitial	9
59	#caplines	6
59	#startwname	1
59	#periods	18
59	#stdev	1221
59	#maxpair	11
59	#startwrubric	2
59	#commas	14
59	#endwpunct	6
59	#textlines	31
59	#endwnumeral	5
59	wordNotInVocab	55
60	arabicprice	1
60	but	3
60	have	1
60	also	1
60	whole	1
60	e	1
60	n	1
60	term	1
60	where	2
60	arabic2digit	14
60	order	1
60	should	3
60	into	1
60	some	1
60	nearly	1
60	with	1
60	appears	1
60	more	3
60	for	1
60	arabic3digit	3
60	must	1
60	will	2
60	at	1
60	first	1
60	known	2
60	as	2
60	an	2
60	following	1
60	and	5
60	hand	1
60	between	1
60	that	5
60	within	1
60	#allcapswords	6
60	to	3
60	few	1
60	m	3
60	the	21
60	times	2
60	air	3
60	this	2
60	be	6
60	compared	1
60	a	3
60	arabic5+digit	3
60	by	1
60	new	1
60	because	2
60	made	1
60	only	1
60	are	1
60	water	4
60	in	8
60	i	2
60	these	1
60	is	7
60	than	2
60	lay	1
60	s	1
60	cause	1
60	see	1
60	then	1
60	romannumeral	1
60	of	8
60	half	1
60	true	1
60	it	1
60	no	2
60	which	1
60	on	1
60	like	1
60	when	1
60	performed	1
60	#lines	32
60	#maxinitial	8
60	#caplines	1
60	#periods	8
60	#stdev	1341
60	#maxpair	9
60	#commas	25
60	#endwpunct	3
60	#textlines	31
60	wordNotInVocab	51
61	arabic1digit	1
61	but	1
61	least	1
61	b	1
61	same	1
61	arabic2digit	5
61	care	1
61	does	1
61	then	3
61	two	1
61	trial	1
61	bell	1
61	wit	1
61	have	3
61	of	9
61	into	1
61	made	1
61	can	1
61	has	1
61	seen	1
61	make	1
61	known	1
61	manner	1
61	with	2
61	under	1
61	note	1
61	q	1
61	very	2
61	may	1
61	well	1
61	must	1
61	said	1
61	at	1
61	w	1
61	it	6
61	turn	1
61	every	2
61	as	4
61	and	5
61	reason	1
61	been	1
61	within	1
61	#allcapswords	12
61	influence	1
61	kinds	1
61	to	2
61	able	1
61	having	1
61	the	27
61	air	4
61	this	5
61	described	1
61	even	1
61	be	5
61	n	2
61	heat	1
61	a	4
61	was	2
61	or	2
61	by	3
61	purpose	1
61	almost	1
61	for	3
61	cold	1
61	water	2
61	in	11
61	i	8
61	had	2
61	already	1
61	z	1
61	d	2
61	such	1
61	is	4
61	not	1
61	s	2
61	cause	1
61	better	1
61	keep	1
61	long	1
61	part	1
61	romannumeral	1
61	taken	1
61	last	1
61	good	1
61	k	1
61	that	6
61	no	2
61	from	1
61	which	3
61	being	1
61	sometimes	1
61	put	1
61	however	1
61	on	1
61	#sequentialcaps	1
61	#lines	30
61	#maxinitial	5
61	#quotations	1
61	#caplines	3
61	#startwname	1
61	#periods	8
61	#stdev	881
61	#maxpair	8
61	#startwrubric	2
61	#commas	26
61	#endwpunct	6
61	#textlines	30
61	#endwnumeral	1
61	wordNotInVocab	58
62	arabic1digit	1
62	quite	1
62	other	1
62	same	3
62	edition	1
62	enough	1
62	get	1
62	time	1
62	n	1
62	g	1
62	b	1
62	arabic2digit	5
62	had	1
62	given	1
62	some	1
62	note	2
62	make	3
62	two	3
62	very	1
62	with	2
62	more	1
62	romannumeral	3
62	my	2
62	but	1
62	here	1
62	it	3
62	as	4
62	and	7
62	reason	1
62	i	9
62	mr	1
62	a	5
62	#allcapswords	13
62	use	2
62	to	5
62	the	22
62	air	2
62	am	1
62	described	1
62	so	1
62	be	1
62	each	1
62	heat	1
62	r	1
62	second	2
62	or	2
62	y	1
62	because	1
62	made	1
62	for	2
62	are	2
62	water	3
62	feel	1
62	in	13
62	shall	1
62	propernoun	2
62	any	1
62	these	3
62	j	1
62	being	1
62	foe	1
62	rather	1
62	is	1
62	not	1
62	care	1
62	this	4
62	place	2
62	of	13
62	leave	1
62	editions	1
62	description	1
62	that	3
62	at	1
62	take	1
62	hands	1
62	if	1
62	on	1
62	#sequentialcaps	1
62	#lines	30
62	#maxinitial	5
62	#quotations	1
62	#caplines	5
62	#startwname	2
62	#periods	9
62	#stdev	1131
62	#maxpair	7
62	#commas	24
62	#endwpunct	6
62	#textlines	30
62	wordNotInVocab	63
63	truth	1
63	least	2
63	seen	1
63	other	1
63	but	2
63	arabic2digit	1
63	enough	1
63	mine	1
63	propernoun	4
63	natural	1
63	soon	1
63	are	1
63	circumstances	2
63	treatise	1
63	upon	1
63	given	1
63	have	4
63	into	1
63	light	1
63	has	1
63	without	1
63	had	2
63	so	1
63	may	1
63	passed	1
63	my	2
63	will	1
63	appeared	1
63	same	1
63	ever	3
63	it	5
63	nor	1
63	as	1
63	and	2
63	who	1
63	mr	5
63	indeed	1
63	#allcapswords	6
63	public	1
63	might	1
63	to	4
63	that	6
63	his	3
63	published	1
63	having	2
63	the	10
63	air	1
63	could	3
63	be	3
63	thought	1
63	a	6
63	subject	1
63	by	4
63	me	1
63	in	6
63	i	4
63	person	1
63	any	2
63	their	1
63	being	3
63	private	1
63	not	3
63	for	3
63	required	1
63	since	1
63	yet	1
63	is	1
63	most	1
63	gentleman	1
63	years	1
63	of	6
63	can	1
63	this	2
63	been	2
63	no	1
63	from	2
63	which	2
63	nature	1
63	two	2
63	opinion	2
63	on	2
63	perhaps	1
63	#sequentialcaps	1
63	#lines	31
63	#maxinitial	4
63	#caplines	4
63	#startwname	2
63	#periods	8
63	#stdev	1072
63	#maxpair	5
63	#startwrubric	1
63	#commas	21
63	#endwpunct	7
63	#exclamationpoints	1
63	#textlines	31
63	wordNotInVocab	54
64	arabic1digit	1
64	regard	1
64	what	1
64	quite	1
64	pages	1
64	but	1
64	arabic2digit	2
64	also	2
64	readers	1
64	observations	1
64	any	1
64	two	2
64	reader	1
64	upon	3
64	himself	1
64	have	2
64	of	9
64	all	1
64	this	2
64	some	1
64	has	1
64	without	1
64	known	2
64	short	1
64	very	1
64	best	1
64	with	1
64	more	2
64	hope	1
64	word	2
64	my	2
64	will	3
64	give	1
64	think	1
64	it	4
64	poor	1
64	as	5
64	well	1
64	following	1
64	account	2
64	many	1
64	and	6
64	in	2
64	page	1
64	i	5
64	mr	5
64	p	2
64	#allcapswords	7
64	public	1
64	treatise	1
64	less	2
64	that	5
64	his	4
64	the	9
64	certainly	1
64	nay	1
64	am	1
64	letter	1
64	could	1
64	be	2
64	a	3
64	or	2
64	by	1
64	because	2
64	man	1
64	are	1
64	years	1
64	me	1
64	description	1
64	cut	1
64	propernoun	8
64	already	1
64	useful	2
64	rather	1
64	is	4
64	rest	1
64	than	1
64	not	4
64	matter	1
64	for	1
64	arabic3digit	2
64	he	5
64	see	1
64	argument	1
64	then	1
64	must	1
64	op	1
64	them	1
64	half	1
64	to	11
64	principal	1
64	been	1
64	says	1
64	dr	1
64	no	1
64	take	1
64	lines	1
64	however	1
64	which	2
64	three	1
64	before	1
64	on	1
64	#sequentialcaps	1
64	#lines	31
64	#maxinitial	4
64	#caplines	3
64	#startwname	2
64	#periods	14
64	#stdev	850
64	#maxpair	5
64	#startwrubric	1
64	#commas	20
64	#endwpunct	5
64	#textlines	31
64	wordNotInVocab	40
65	seen	1
65	explained	1
65	but	1
65	have	3
65	time	1
65	e	1
65	been	1
65	two	1
65	least	1
65	reader	2
65	upon	1
65	certain	1
65	arabic2digit	5
65	there	1
65	should	1
65	am	1
65	has	2
65	very	1
65	never	1
65	with	1
65	so	2
65	y	1
65	note	1
65	do	1
65	their	2
65	arabic3digit	1
65	must	1
65	my	1
65	will	1
65	at	2
65	really	1
65	i	4
65	following	1
65	and	5
65	always	1
65	coming	1
65	it	3
65	mr	3
65	within	1
65	an	1
65	p	1
65	#allcapswords	7
65	public	1
65	use	1
65	to	10
65	the	21
65	no	3
65	compared	1
65	air	2
65	this	3
65	take	1
65	by	1
65	be	1
65	authority	1
65	a	4
65	or	1
65	moment	2
65	attention	1
65	now	2
65	only	2
65	are	1
65	read	1
65	os	1
65	in	5
65	propernoun	3
65	any	2
65	these	2
65	judge	1
65	z	1
65	j	1
65	seems	1
65	is	5
65	not	2
65	placed	1
65	together	2
65	common	1
65	he	1
65	out	1
65	part	1
65	see	2
65	both	1
65	of	14
65	that	6
65	says	1
65	they	2
65	particular	1
65	which	4
65	being	2
65	his	2
65	if	2
65	after	1
65	put	1
65	true	1
65	when	1
65	#sequentialcaps	2
65	#lines	34
65	#maxinitial	6
65	#caplines	5
65	#startwname	2
65	#periods	17
65	#stdev	1307
65	#maxpair	7
65	#startwrubric	1
65	#commas	24
65	#endwpunct	6
65	#textlines	32
65	#endwnumeral	1
65	wordNotInVocab	69
66	arabic1digit	1
66	mine	1
66	real	1
66	what	2
66	large	1
66	but	1
66	arabic2digit	2
66	whole	1
66	time	2
66	circumstances	1
66	other	1
66	effect	1
66	himself	1
66	have	1
66	there	1
66	of	9
66	while	1
66	some	1
66	let	1
66	known	1
66	had	1
66	below	1
66	with	4
66	so	2
66	more	2
66	as	2
66	may	2
66	well	1
66	body	1
66	my	3
66	will	1
66	same	1
66	ever	1
66	here	1
66	fact	1
66	every	1
66	also	1
66	bodies	1
66	much	1
66	cannot	2
66	always	2
66	it	14
66	and	3
66	public	1
66	to	9
66	that	5
66	able	1
66	the	13
66	less	1
66	him	1
66	this	2
66	from	1
66	itself	1
66	could	1
66	be	1
66	heat	1
66	a	3
66	was	2
66	or	3
66	by	3
66	which	4
66	only	1
66	water	2
66	principal	1
66	i	1
66	propernoun	3
66	any	2
66	these	1
66	judge	2
66	off	1
66	j	1
66	is	11
66	not	4
66	for	2
66	cause	3
66	#allcapswords	3
66	he	2
66	long	1
66	see	1
66	sight	1
66	then	1
66	them	1
66	can	1
66	in	3
66	been	1
66	says	1
66	at	1
66	bring	1
66	mr	2
66	true	1
66	when	1
66	#sequentialcaps	1
66	#lines	30
66	#maxinitial	5
66	#caplines	2
66	#startwname	2
66	#periods	11
66	#stdev	856
66	#maxpair	8
66	#startwrubric	1
66	#commas	24
66	#endwpunct	7
66	#textlines	30
66	#endwnumeral	1
66	wordNotInVocab	49
67	arabic1digit	1
67	brought	2
67	carried	1
67	same	2
67	arabic2digit	3
67	time	1
67	n	1
67	soon	1
67	d	1
67	real	1
67	have	2
67	often	1
67	room	1
67	book	1
67	very	1
67	so	1
67	more	1
67	their	1
67	up	1
67	arabic3digit	1
67	course	1
67	must	3
67	said	1
67	but	1
67	it	7
67	as	4
67	an	1
67	much	1
67	cannot	1
67	help	1
67	i	3
67	mr	2
67	#allcapswords	5
67	left	1
67	to	5
67	day	1
67	that	3
67	his	1
67	above	1
67	the	23
67	words	1
67	this	5
67	under	1
67	itself	2
67	be	2
67	heat	1
67	a	5
67	or	2
67	by	1
67	now	1
67	for	2
67	are	2
67	water	4
67	did	1
67	in	5
67	far	1
67	propernoun	3
67	two	1
67	thus	1
67	light	1
67	is	8
67	not	1
67	equal	1
67	p	1
67	together	1
67	better	1
67	romannumeral	1
67	of	15
67	near	1
67	afterwards	1
67	my	1
67	sometimes	1
67	and	2
67	from	2
67	which	1
67	takes	1
67	if	3
67	when	1
67	#sequentialcaps	1
67	#lines	30
67	#maxinitial	7
67	#caplines	4
67	#startwname	2
67	#periods	13
67	#stdev	752
67	#maxpair	9
67	#commas	19
67	#endwpunct	6
67	#textlines	30
67	#endwnumeral	1
67	wordNotInVocab	62
68	arabic1digit	1
68	heard	1
68	arabicprice	1
68	almost	1
68	think	1
68	dr	1
68	have	1
68	greater	1
68	time	1
68	n	1
68	d	1
68	never	1
68	friend	1
68	words	2
68	into	1
68	even	1
68	where	2
68	arabic2digit	2
68	e	1
68	this	5
68	some	1
68	let	1
68	fact	1
68	book	1
68	very	5
68	letter	1
68	with	2
68	so	2
68	among	1
68	arabic3digit	3
68	said	1
68	any	1
68	am	1
68	edition	2
68	first	1
68	nor	1
68	as	1
68	many	1
68	and	4
68	page	1
68	i	4
68	a	1
68	within	1
68	p	3
68	#allcapswords	5
68	answered	1
68	same	2
68	to	3
68	that	7
68	his	1
68	the	16
68	him	1
68	find	1
68	could	1
68	viz	1
68	r	1
68	or	3
68	by	2
68	mr	5
68	now	2
68	only	1
68	water	2
68	did	2
68	in	3
68	at	1
68	cause	2
68	propernoun	4
68	these	1
68	judge	1
68	is	2
68	not	1
68	were	1
68	reader	1
68	method	1
68	good	1
68	he	4
68	out	1
68	most	1
68	see	1
68	romannumeral	1
68	of	17
68	afterwards	1
68	before	1
68	received	1
68	my	6
68	it	3
68	no	2
68	from	2
68	which	1
68	being	1
68	after	1
68	true	3
68	on	3
68	#sequentialcaps	1
68	#lines	31
68	#maxinitial	5
68	#caplines	3
68	#startwname	2
68	#periods	19
68	#stdev	883
68	#maxpair	9
68	#startwrubric	1
68	#commas	30
68	#endwpunct	9
68	#questionmarks	1
68	#textlines	31
68	#endwnumeral	1
68	wordNotInVocab	50
69	arabic1digit	3
69	what	2
69	but	3
69	viz	1
69	i	3
69	was	1
69	reader	2
69	himself	2
69	where	1
69	have	1
69	of	11
69	all	2
69	edition	1
69	some	1
69	has	2
69	without	1
69	very	3
69	letter	1
69	follow	1
69	with	1
69	printed	1
69	more	2
69	air	1
69	arabic3digit	1
69	must	1
69	my	3
69	will	2
69	same	1
69	one	2
69	think	1
69	concerning	1
69	being	1
69	you	1
69	an	1
69	following	1
69	kind	1
69	and	4
69	greatest	2
69	secret	1
69	fame	1
69	else	1
69	indeed	1
69	copies	1
69	to	5
69	that	4
69	his	2
69	m	2
69	the	9
69	certainly	1
69	those	1
69	does	1
69	this	4
69	be	1
69	thought	1
69	a	3
69	or	1
69	by	1
69	read	1
69	whom	1
69	in	6
69	at	3
69	arabic2digit	3
69	propernoun	5
69	any	1
69	mr	4
69	generally	1
69	such	3
69	is	5
69	than	2
69	not	3
69	way	1
69	remarks	1
69	p	1
69	#allcapswords	6
69	he	5
69	please	1
69	another	1
69	can	1
69	leave	1
69	place	1
69	sublime	1
69	measure	1
69	it	2
69	no	3
69	about	1
69	reading	1
69	which	1
69	nature	1
69	if	1
69	when	1
69	#lines	31
69	#maxinitial	4
69	#quotations	1
69	#caplines	2
69	#startwname	2
69	#periods	19
69	#stdev	1011
69	#maxpair	6
69	#commas	22
69	#endwpunct	9
69	#exclamationpoints	2
69	#textlines	30
69	#endwnumeral	1
69	wordNotInVocab	49
70	arabic1digit	5
70	mine	1
70	having	1
70	knows	1
70	but	1
70	viz	1
70	since	1
70	great	2
70	where	2
70	have	1
70	there	1
70	of	12
70	all	1
70	given	1
70	note	1
70	same	1
70	very	1
70	some	1
70	with	1
70	q	1
70	may	1
70	arabic3digit	1
70	romannumeral	2
70	measure	1
70	my	1
70	let	1
70	one	2
70	edition	2
70	first	1
70	cheaper	1
70	as	3
70	many	1
70	cannot	1
70	p	2
70	more	1
70	page	1
70	i	5
70	mr	2
70	period	1
70	and	5
70	public	1
70	to	3
70	always	2
70	his	1
70	the	9
70	air	2
70	am	1
70	present	1
70	even	1
70	be	1
70	help	1
70	a	7
70	was	1
70	by	1
70	only	2
70	years	1
70	much	1
70	at	2
70	powers	1
70	arabic2digit	4
70	propernoun	1
70	judge	1
70	nothing	1
70	is	5
70	not	2
70	it	1
70	em	1
70	for	1
70	method	2
70	#allcapswords	4
70	making	1
70	common	1
70	he	1
70	out	1
70	use	1
70	what	1
70	little	1
70	must	1
70	them	1
70	this	4
70	published	1
70	who	1
70	that	3
70	says	1
70	which	1
70	like	1
70	before	1
70	#lines	29
70	#maxinitial	5
70	#caplines	2
70	#startwname	1
70	#periods	9
70	#stdev	994
70	#maxpair	6
70	#startwrubric	1
70	#commas	18
70	#endwpunct	1
70	#questionmarks	4
70	#textlines	29
70	#endwnumeral	3
70	wordNotInVocab	56
71	arabic1digit	1
71	least	1
71	but	1
71	have	1
71	able	1
71	greater	1
71	whole	1
71	time	2
71	two	1
71	once	1
71	never	1
71	was	3
71	other	1
71	upon	1
71	himself	1
71	certain	1
71	arabic2digit	5
71	e	1
71	them	1
71	fact	2
71	follow	1
71	with	3
71	may	1
71	arabic3digit	1
71	must	1
71	my	2
71	will	1
71	said	1
71	wrong	1
71	true	1
71	one	2
71	called	1
71	it	5
71	alone	1
71	as	4
71	last	1
71	cannot	1
71	greatest	1
71	i	7
71	mr	5
71	indeed	2
71	and	3
71	answered	1
71	to	7
71	day	1
71	that	11
71	his	3
71	the	8
71	no	1
71	him	3
71	this	1
71	could	1
71	be	2
71	really	1
71	thought	1
71	above	1
71	or	1
71	purpose	1
71	which	2
71	now	1
71	for	2
71	are	1
71	did	2
71	me	1
71	in	2
71	they	2
71	propernoun	6
71	any	2
71	j	2
71	principles	1
71	is	1
71	than	1
71	not	5
71	p	1
71	#allcapswords	12
71	he	4
71	honour	1
71	part	1
71	then	1
71	of	5
71	told	1
71	come	1
71	sometimes	1
71	says	1
71	at	3
71	from	2
71	ought	1
71	if	1
71	on	1
71	own	2
71	#sequentialcaps	1
71	#lines	29
71	#maxinitial	5
71	#caplines	4
71	#startwname	3
71	#periods	18
71	#stdev	909
71	#maxpair	5
71	#startwrubric	1
71	#commas	21
71	#endwpunct	4
71	#exclamationpoints	1
71	#textlines	28
71	wordNotInVocab	35
72	arabic1digit	2
72	least	1
72	no	1
72	what	2
72	moment	1
72	but	2
72	arabic2digit	3
72	have	1
72	whole	1
72	any	1
72	circumstances	1
72	other	1
72	upon	1
72	all	1
72	count	1
72	false	1
72	note	1
72	should	1
72	manner	2
72	without	1
72	out	1
72	been	2
72	had	3
72	with	3
72	must	1
72	my	2
72	said	2
72	same	1
72	nor	1
72	as	3
72	is	1
72	i	11
72	indeed	1
72	and	4
72	to	8
72	that	5
72	his	1
72	the	9
72	certainly	1
72	air	1
72	this	4
72	present	1
72	says	1
72	could	2
72	be	2
72	a	2
72	was	2
72	or	1
72	by	1
72	now	2
72	only	1
72	took	1
72	did	2
72	in	3
72	propernoun	2
72	already	1
72	mr	2
72	care	1
72	management	1
72	than	1
72	not	7
72	were	1
72	matter	1
72	for	1
72	t	1
72	on	1
72	came	1
72	#allcapswords	13
72	he	3
72	see	2
72	little	1
72	then	2
72	romannumeral	1
72	seemed	1
72	of	4
72	means	1
72	show	1
72	before	2
72	own	1
72	it	4
72	they	1
72	however	2
72	which	2
72	view	1
72	put	1
72	how	1
72	at	3
72	#lines	31
72	#maxinitial	6
72	#caplines	1
72	#periods	12
72	#stdev	1245
72	#maxpair	11
72	#commas	26
72	#endwpunct	4
72	#textlines	31
72	#endwnumeral	1
72	wordNotInVocab	48
73	different	1
73	but	2
73	arabic2digit	10
73	also	1
73	whole	1
73	time	1
73	world	1
73	does	1
73	any	2
73	two	1
73	i	4
73	shall	1
73	all	2
73	other	2
73	anything	1
73	pp	1
73	should	2
73	according	1
73	manner	1
73	therefore	1
73	find	1
73	so	1
73	more	1
73	do	2
73	four	1
73	my	1
73	same	1
73	one	2
73	as	4
73	an	1
73	kind	1
73	is	6
73	that	3
73	generally	1
73	and	5
73	the	11
73	no	1
73	those	1
73	we	3
73	this	2
73	whether	3
73	a	2
73	or	2
73	by	2
73	mean	1
73	made	1
73	now	1
73	only	1
73	others	1
73	in	6
73	at	1
73	propernoun	3
73	os	1
73	these	1
73	mr	3
73	such	2
73	state	1
73	not	4
73	rule	1
73	arabic3digit	2
73	#allcapswords	5
73	he	2
73	gave	1
73	most	1
73	of	6
73	can	1
73	to	5
73	still	1
73	it	3
73	they	1
73	from	5
73	ought	1
73	which	3
73	his	2
73	if	2
73	true	2
73	say	1
73	three	3
73	#sequentialcaps	1
73	#lines	31
73	#maxinitial	5
73	#caplines	4
73	#startwname	1
73	#periods	9
73	#stdev	850
73	#maxpair	6
73	#startwrubric	1
73	#commas	28
73	#endwpunct	9
73	#questionmarks	1
73	#textlines	30
73	#endwnumeral	2
73	wordNotInVocab	54
74	comes	1
74	mine	1
74	arabicprice	1
74	what	1
74	us	1
74	but	1
74	arabic2digit	5
74	also	1
74	time	2
74	war	1
74	two	1
74	i	2
74	reader	2
74	hence	1
74	himself	3
74	there	1
74	all	1
74	let	3
74	very	3
74	with	1
74	more	2
74	arabic3digit	2
74	measure	2
74	three	1
74	my	1
74	one	5
74	as	1
74	and	6
74	modern	1
74	that	5
74	mr	3
74	p	1
74	#allcapswords	2
74	public	1
74	same	2
74	to	8
74	the	16
74	no	1
74	this	1
74	general	1
74	be	1
74	a	1
74	was	2
74	or	1
74	by	3
74	mean	1
74	mind	1
74	only	1
74	are	2
74	possible	1
74	in	5
74	they	2
74	propernoun	4
74	now	1
74	judge	2
74	seems	1
74	looked	1
74	is	1
74	than	2
74	were	1
74	for	2
74	he	3
74	part	1
74	of	12
74	can	1
74	how	1
74	once	1
74	it	4
74	at	2
74	from	2
74	about	2
74	fair	1
74	if	2
74	most	1
74	on	1
74	answer	1
74	#lines	30
74	#maxinitial	7
74	#caplines	1
74	#periods	11
74	#stdev	883
74	#maxpair	9
74	#commas	18
74	#endwpunct	5
74	#textlines	29
74	wordNotInVocab	49
75	arabic1digit	1
75	time	1
75	but	1
75	form	1
75	what	1
75	large	2
75	same	2
75	enough	1
75	we	2
75	two	1
75	i	1
75	circumstances	1
75	other	5
75	into	2
75	arabic2digit	2
75	there	3
75	them	2
75	all	2
75	this	2
75	some	2
75	fact	1
75	very	4
75	room	1
75	with	3
75	man	1
75	their	3
75	between	1
75	well	1
75	afterwards	1
75	must	1
75	performed	1
75	let	1
75	every	1
75	as	2
75	action	1
75	give	1
75	would	1
75	and	9
75	always	1
75	general	1
75	who	1
75	mr	3
75	a	4
75	judgement	1
75	way	1
75	except	1
75	to	6
75	that	2
75	his	1
75	the	10
75	times	1
75	our	1
75	air	3
75	take	1
75	find	1
75	be	1
75	each	2
75	equal	2
75	or	2
75	by	2
75	only	1
75	in	4
75	at	1
75	propernoun	5
75	any	1
75	generally	1
75	is	5
75	comes	1
75	not	1
75	one	2
75	together	2
75	#allcapswords	5
75	common	2
75	after	1
75	often	2
75	both	1
75	more	1
75	of	8
75	show	1
75	how	1
75	k	1
75	come	1
75	it	1
75	dr	1
75	friends	1
75	however	1
75	almost	1
75	care	1
75	like	1
75	several	1
75	put	1
75	say	1
75	when	1
75	#sequentialcaps	1
75	#lines	31
75	#maxinitial	4
75	#caplines	3
75	#startwname	1
75	#periods	11
75	#stdev	817
75	#maxpair	7
75	#commas	22
75	#endwpunct	2
75	#questionmarks	2
75	#textlines	31
75	#endwnumeral	1
75	wordNotInVocab	47
76	all	1
76	what	3
76	but	1
76	viz	1
76	then	1
76	two	1
76	i	2
76	other	1
76	himself	1
76	where	1
76	arabic2digit	4
76	action	1
76	of	9
76	should	1
76	into	1
76	there	1
76	had	4
76	letter	1
76	with	2
76	so	1
76	has	1
76	their	1
76	such	1
76	arabic3digit	1
76	must	1
76	make	1
76	said	1
76	same	1
76	my	2
76	one	2
76	think	2
76	first	1
76	it	3
76	as	1
76	following	1
76	much	1
76	very	2
76	always	1
76	reason	1
76	between	1
76	page	1
76	mr	2
76	indeed	1
76	and	5
76	public	1
76	not	3
76	strange	1
76	world	2
76	having	1
76	the	10
76	air	1
76	him	2
76	this	2
76	find	2
76	itself	1
76	be	3
76	a	8
76	was	1
76	or	1
76	by	1
76	which	1
76	remarkable	1
76	only	1
76	are	3
76	in	5
76	they	3
76	propernoun	5
76	we	2
76	these	1
76	may	1
76	is	2
76	equal	1
76	p	1
76	#allcapswords	5
76	he	2
76	after	1
76	romannumeral	1
76	them	1
76	can	1
76	editions	1
76	appearance	1
76	who	1
76	that	9
76	says	1
76	happy	1
76	to	8
76	from	1
76	almost	1
76	something	1
76	if	2
76	jones	1
76	#sequentialcaps	1
76	#lines	31
76	#maxinitial	7
76	#caplines	2
76	#startwname	1
76	#periods	9
76	#stdev	1045
76	#maxpair	8
76	#startwrubric	1
76	#commas	20
76	#endwpunct	3
76	#questionmarks	2
76	#exclamationpoints	1
76	#textlines	30
76	wordNotInVocab	49
77	form	1
77	met	1
77	least	1
77	what	2
77	word	1
77	same	1
77	arabic2digit	3
77	whole	1
77	another	1
77	two	1
77	since	1
77	pro	1
77	have	2
77	has	1
77	manner	1
77	without	1
77	fact	1
77	had	1
77	best	1
77	with	2
77	so	1
77	may	1
77	my	4
77	ever	2
77	one	2
77	against	1
77	it	4
77	poor	2
77	as	1
77	an	1
77	account	1
77	and	3
77	known	1
77	i	5
77	continued	1
77	indeed	1
77	#allcapswords	7
77	considered	1
77	to	5
77	his	1
77	having	1
77	the	10
77	him	2
77	this	2
77	opinion	1
77	be	1
77	help	1
77	a	4
77	was	4
77	or	1
77	new	1
77	your	1
77	now	2
77	for	1
77	made	1
77	done	1
77	in	3
77	at	1
77	propernoun	3
77	we	2
77	these	2
77	together	2
77	mr	2
77	such	1
77	j	1
77	being	1
77	is	2
77	circumstances	1
77	came	1
77	making	1
77	he	5
77	public	1
77	most	1
77	see	1
77	both	1
77	of	7
77	afterwards	1
77	true	1
77	description	1
77	that	4
77	from	1
77	regard	1
77	on	1
77	towards	1
77	if	2
77	cannot	2
77	after	1
77	original	1
77	behaviour	1
77	when	1
77	#sequentialcaps	1
77	#lines	29
77	#maxinitial	5
77	#caplines	3
77	#startwname	2
77	#periods	7
77	#stdev	877
77	#maxpair	6
77	#startwrubric	1
77	#commas	16
77	#endwpunct	7
77	#questionmarks	1
77	#exclamationpoints	1
77	#textlines	28
77	#endwnumeral	1
77	wordNotInVocab	43
78	arabic1digit	6
78	but	1
78	contents	1
78	have	2
78	also	2
78	one	3
78	ground	3
78	n	3
78	two	3
78	either	1
78	should	1
78	h	1
78	arabic2digit	7
78	e	3
78	all	1
78	this	3
78	there	2
78	has	2
78	had	1
78	wide	1
78	end	4
78	may	1
78	arabic3digit	1
78	my	1
78	them	1
78	three	1
78	open	1
78	as	2
78	an	2
78	and	4
78	order	1
78	i	1
78	r	1
78	judgement	1
78	kinds	1
78	use	1
78	to	9
78	that	1
78	with	2
78	the	14
78	letter	1
78	described	1
78	be	4
78	each	1
78	a	11
78	or	2
78	by	1
78	your	1
78	ib	1
78	made	1
78	in	4
78	at	1
78	propernoun	1
78	g	1
78	z	1
78	j	1
78	being	1
78	is	2
78	s	1
78	t	1
78	#allcapswords	6
78	other	1
78	long	1
78	must	1
78	of	12
78	half	1
78	k	1
78	it	2
78	small	3
78	no	1
78	arabic4digit	1
78	about	2
78	which	3
78	feet	1
78	like	3
78	however	1
78	#lines	29
78	#maxinitial	4
78	#caplines	2
78	#startwname	1
78	#periods	15
78	#stdev	921
78	#maxpair	7
78	#startwrubric	1
78	#commas	23
78	#endwpunct	5
78	#textlines	28
78	#endwnumeral	1
78	wordNotInVocab	63
79	arabic1digit	1
79	observed	1
79	almost	1
79	what	1
79	viz	1
79	would	1
79	when	2
79	e	1
79	any	2
79	even	1
79	certain	1
79	arabic2digit	4
79	there	2
79	of	10
79	into	1
79	made	1
79	some	1
79	should	1
79	required	1
79	form	1
79	fall	1
79	did	1
79	else	1
79	may	1
79	close	1
79	an	1
79	must	1
79	here	2
79	first	1
79	kind	1
79	and	9
79	always	1
79	between	1
79	i	3
79	mr	1
79	#allcapswords	4
79	to	6
79	having	1
79	the	20
79	air	2
79	this	2
79	so	4
79	be	2
79	a	2
79	or	2
79	by	1
79	because	1
79	taken	1
79	are	2
79	behind	1
79	done	1
79	much	1
79	in	2
79	spoke	1
79	already	1
79	their	1
79	themselves	1
79	such	2
79	care	1
79	is	5
79	over	1
79	not	3
79	down	1
79	water	3
79	trial	1
79	both	1
79	little	1
79	leave	1
79	near	1
79	true	1
79	that	4
79	they	1
79	from	1
79	fo	1
79	ought	1
79	which	3
79	if	1
79	before	1
79	on	2
79	#lines	32
79	#maxinitial	4
79	#quotations	1
79	#caplines	2
79	#startwname	1
79	#periods	10
79	#stdev	1067
79	#maxpair	6
79	#startwrubric	1
79	#commas	22
79	#endwpunct	5
79	#textlines	31
79	#endwnumeral	1
79	wordNotInVocab	63
80	arabic1digit	6
80	what	1
80	same	1
80	have	1
80	e	1
80	does	1
80	n	1
80	soon	1
80	either	1
80	i	2
80	hence	1
80	first	1
80	arabic2digit	1
80	there	1
80	often	1
80	large	1
80	very	2
80	with	5
80	end	1
80	their	1
80	well	2
80	will	2
80	said	1
80	but	1
80	true	1
80	one	1
80	quite	1
80	as	3
80	round	1
80	and	5
80	that	2
80	#allcapswords	5
80	the	20
80	this	3
80	up	1
80	even	1
80	be	1
80	a	4
80	or	3
80	by	3
80	because	1
80	only	1
80	t	1
80	in	4
80	already	1
80	is	5
80	over	1
80	not	1
80	for	1
80	practical	1
80	way	1
80	little	1
80	then	1
80	of	7
80	before	1
80	measure	1
80	it	4
80	at	1
80	from	1
80	which	2
80	being	1
80	added	1
80	both	1
80	lay	1
80	on	1
80	#sequentialcaps	1
80	#lines	29
80	#maxinitial	3
80	#caplines	3
80	#periods	7
80	#stdev	1094
80	#maxpair	6
80	#commas	14
80	#endwpunct	3
80	#textlines	28
80	#endwnumeral	1
80	wordNotInVocab	71
81	arabic1digit	1
81	moment	1
81	same	1
81	ground	1
81	there	1
81	or	1
81	another	1
81	held	1
81	n	3
81	two	2
81	h	1
81	arabic2digit	11
81	e	1
81	into	5
81	some	1
81	manner	1
81	without	1
81	wide	1
81	end	1
81	may	1
81	well	1
81	must	1
81	measure	1
81	will	1
81	any	3
81	open	1
81	as	1
81	and	4
81	enough	1
81	fame	1
81	#allcapswords	4
81	to	4
81	that	1
81	with	5
81	the	24
81	times	1
81	air	3
81	this	1
81	under	2
81	up	1
81	be	5
81	hand	1
81	a	1
81	above	1
81	set	1
81	by	2
81	six	1
81	water	3
81	in	3
81	propernoun	1
81	z	1
81	is	8
81	not	1
81	five	1
81	s	1
81	together	1
81	then	1
81	immediately	1
81	romannumeral	1
81	of	11
81	means	2
81	k	1
81	it	5
81	no	2
81	which	2
81	being	1
81	added	1
81	when	1
81	#lines	28
81	#maxinitial	7
81	#quotations	1
81	#caplines	2
81	#startwname	1
81	#periods	16
81	#stdev	857
81	#maxpair	10
81	#commas	23
81	#endwpunct	7
81	#textlines	27
81	#endwnumeral	1
81	wordNotInVocab	59
82	arabic1digit	4
82	b	1
82	explained	1
82	same	1
82	have	2
82	form	1
82	another	1
82	n	1
82	g	1
82	i	1
82	where	1
82	arabic2digit	10
82	e	1
82	order	1
82	made	1
82	manner	1
82	without	1
82	with	3
82	end	1
82	may	1
82	places	1
82	arabic3digit	1
82	must	1
82	at	1
82	concerning	1
82	as	1
82	and	7
82	a	1
82	judgement	1
82	#allcapswords	6
82	to	6
82	m	1
82	having	1
82	the	29
82	those	1
82	air	4
82	this	2
82	under	2
82	up	1
82	even	1
82	be	2
82	r	1
82	able	2
82	or	2
82	moment	1
82	they	1
82	taken	3
82	proper	1
82	in	4
82	situation	1
82	propernoun	1
82	any	1
82	their	1
82	danger	1
82	by	4
82	off	1
82	yet	1
82	is	8
82	live	1
82	not	1
82	s	1
82	been	1
82	its	1
82	already	1
82	water	4
82	see	1
82	being	1
82	then	1
82	of	12
82	taking	1
82	people	1
82	description	1
82	no	4
82	from	1
82	arabic4digit	1
82	which	1
82	care	2
82	observed	1
82	after	1
82	until	1
82	use	1
82	when	2
82	#lines	31
82	#maxinitial	5
82	#caplines	1
82	#periods	16
82	#stdev	797
82	#maxpair	6
82	#startwrubric	1
82	#commas	17
82	#endwpunct	4
82	#textlines	30
82	#endwnumeral	2
82	wordNotInVocab	58
83	arabic1digit	2
83	but	1
83	arabic2digit	7
83	when	2
83	except	1
83	two	1
83	air	3
83	other	1
83	too	1
83	have	2
83	of	8
83	into	1
83	some	1
83	note	1
83	very	1
83	more	1
83	may	1
83	romannumeral	2
83	taking	1
83	will	1
83	three	1
83	one	1
83	first	1
83	kind	1
83	last	1
83	and	3
83	proper	1
83	in	5
83	that	1
83	else	1
83	#allcapswords	3
83	use	1
83	to	8
83	late	1
83	second	1
83	with	2
83	the	14
83	times	1
83	described	1
83	even	1
83	a	3
83	able	1
83	or	3
83	by	3
83	new	1
83	because	1
83	made	2
83	point	1
83	s	1
83	full	1
83	are	1
83	contains	1
83	greatest	1
83	propernoun	2
83	already	2
83	these	1
83	such	1
83	care	2
83	only	1
83	is	5
83	than	1
83	small	1
83	for	2
83	together	1
83	its	2
83	better	1
83	common	1
83	long	1
83	most	1
83	see	1
83	then	1
83	used	1
83	taken	1
83	them	2
83	can	1
83	half	1
83	this	3
83	longer	1
83	it	2
83	no	1
83	from	1
83	which	3
83	be	6
83	however	1
83	on	1
83	#sequentialcaps	1
83	#lines	29
83	#maxinitial	10
83	#caplines	4
83	#startwname	1
83	#periods	14
83	#stdev	958
83	#maxpair	11
83	#commas	16
83	#endwpunct	6
83	#textlines	28
83	#endwnumeral	2
83	wordNotInVocab	48
84	arabic1digit	2
84	b	3
84	contents	1
84	arabic2digit	10
84	not	1
84	whole	1
84	contains	1
84	two	3
84	either	1
84	order	1
84	into	8
84	them	1
84	some	1
84	make	1
84	length	1
84	very	1
84	with	2
84	so	1
84	mark	1
84	more	2
84	containing	1
84	half	1
84	may	2
84	an	1
84	will	1
84	but	1
84	let	3
84	one	2
84	great	1
84	nor	1
84	as	2
84	is	2
84	it	7
84	without	1
84	and	3
84	less	1
84	that	2
84	the	19
84	those	1
84	this	5
84	parts	4
84	be	6
84	each	1
84	a	6
84	was	1
84	or	3
84	by	2
84	afterwards	1
84	ib	1
84	are	1
84	description	1
84	spoke	1
84	any	1
84	these	1
84	cut	1
84	equal	2
84	for	2
84	#allcapswords	3
84	os	1
84	long	1
84	part	1
84	another	1
84	romannumeral	1
84	of	14
84	means	1
84	course	1
84	to	9
84	in	3
84	number	4
84	neither	1
84	no	1
84	which	3
84	if	1
84	put	1
84	on	1
84	when	1
84	#lines	31
84	#maxinitial	9
84	#periods	12
84	#stdev	979
84	#maxpair	10
84	#commas	22
84	#endwpunct	7
84	#textlines	30
84	#endwnumeral	2
84	wordNotInVocab	63
85	arabic1digit	2
85	arabic5+digit	1
85	brought	1
85	b	5
85	moment	1
85	through	1
85	same	1
85	also	1
85	have	1
85	then	1
85	two	1
85	d	1
85	other	2
85	serve	1
85	arabic2digit	8
85	order	1
85	them	1
85	into	3
85	under	1
85	without	2
85	volume	1
85	very	3
85	with	1
85	mark	1
85	easy	1
85	end	1
85	up	1
85	arabic3digit	1
85	romannumeral	3
85	measure	2
85	will	4
85	but	1
85	one	1
85	first	1
85	following	1
85	much	2
85	and	3
85	that	1
85	whole	1
85	use	1
85	to	6
85	towards	1
85	second	1
85	the	26
85	air	6
85	this	2
85	parts	1
85	described	1
85	be	3
85	a	8
85	above	1
85	or	4
85	by	2
85	pure	1
85	new	1
85	made	1
85	necessary	2
85	n	1
85	in	4
85	i	6
85	any	1
85	these	1
85	is	3
85	water	1
85	equal	1
85	for	1
85	#allcapswords	9
85	part	1
85	of	12
85	half	2
85	it	5
85	small	1
85	no	2
85	common	1
85	being	1
85	if	2
85	after	1
85	go	1
85	do	1
85	where	1
85	#lines	31
85	#maxinitial	4
85	#caplines	2
85	#periods	19
85	#stdev	853
85	#maxpair	6
85	#commas	17
85	#endwpunct	7
85	#textlines	30
85	#endwnumeral	1
85	wordNotInVocab	63
86	arabic1digit	1
86	de	1
86	arabicprice	1
86	explained	1
86	us	1
86	arabic2digit	11
86	whole	3
86	or	1
86	another	1
86	two	1
86	i	3
86	since	1
86	times	1
86	have	1
86	its	1
86	into	3
86	let	1
86	more	1
86	s	1
86	romannumeral	1
86	will	1
86	example	1
86	reduced	1
86	as	1
86	an	1
86	and	4
86	it	4
86	within	1
86	#allcapswords	7
86	kinds	1
86	to	5
86	that	8
86	the	18
86	no	2
86	those	2
86	air	8
86	this	2
86	by	4
86	up	1
86	division	1
86	a	1
86	hundred	1
86	was	2
86	arabic5+digit	1
86	parts	2
86	pure	1
86	now	1
86	me	1
86	in	2
86	till	1
86	already	1
86	z	1
86	such	1
86	only	2
86	is	7
86	equal	4
86	for	1
86	arabic3digit	1
86	clear	1
86	see	1
86	little	2
86	then	1
86	of	12
86	means	1
86	description	1
86	been	1
86	at	1
86	which	1
86	if	2
86	both	1
86	go	1
86	say	1
86	on	1
86	#lines	28
86	#maxinitial	4
86	#periods	12
86	#stdev	922
86	#maxpair	5
86	#commas	15
86	#endwpunct	6
86	#textlines	27
86	#endwnumeral	3
86	wordNotInVocab	49
87	arabic1digit	1
87	written	1
87	wrote	1
87	some	1
87	what	1
87	us	1
87	but	4
87	have	3
87	whole	2
87	another	1
87	bring	1
87	already	1
87	was	1
87	circumstances	1
87	interest	1
87	present	1
87	arabic2digit	3
87	added	1
87	till	1
87	had	1
87	letter	1
87	with	2
87	so	2
87	printed	1
87	may	2
87	such	1
87	arabic3digit	1
87	and	3
87	my	1
87	three	1
87	think	1
87	as	1
87	an	1
87	exemplified	1
87	kind	1
87	many	2
87	cannot	2
87	greatest	1
87	secret	1
87	shall	1
87	indeed	1
87	still	1
87	public	1
87	perhaps	1
87	that	2
87	above	1
87	the	13
87	air	5
87	this	4
87	be	3
87	you	2
87	heat	1
87	a	10
87	able	1
87	by	2
87	pure	1
87	new	1
87	made	1
87	now	1
87	eyes	1
87	me	1
87	in	6
87	i	1
87	we	1
87	these	1
87	nothing	1
87	seems	1
87	door	1
87	knowledge	1
87	being	1
87	is	3
87	not	1
87	were	1
87	proper	1
87	its	1
87	#allcapswords	6
87	long	1
87	part	1
87	been	1
87	little	1
87	then	2
87	of	11
87	to	7
87	appearance	1
87	reduced	1
87	it	2
87	from	1
87	days	1
87	arabic4digit	1
87	which	2
87	nature	1
87	if	1
87	both	1
87	before	3
87	say	1
87	on	1
87	#sequentialcaps	1
87	#lines	31
87	#maxinitial	5
87	#caplines	3
87	#startwname	1
87	#periods	10
87	#stdev	1126
87	#maxpair	9
87	#startwrubric	1
87	#commas	25
87	#endwpunct	10
87	#exclamationpoints	2
87	#textlines	30
87	#endwnumeral	1
87	wordNotInVocab	57
88	no	1
88	but	2
88	when	1
88	bodies	1
88	other	1
88	h	1
88	de	1
88	call	2
88	certain	1
88	have	1
88	them	1
88	should	1
88	am	1
88	while	1
88	nearly	1
88	with	1
88	leave	2
88	so	2
88	very	2
88	their	1
88	kept	1
88	romannumeral	1
88	my	1
88	here	1
88	case	1
88	as	1
88	last	1
88	thing	1
88	things	1
88	general	1
88	more	1
88	i	8
88	and	8
88	a	1
88	#allcapswords	14
88	considered	1
88	kinds	1
88	to	3
88	that	3
88	j	2
88	the	15
88	certainly	1
88	air	2
88	effect	1
88	this	4
88	present	1
88	letter	1
88	be	3
88	you	1
88	above	1
88	subject	1
88	by	3
88	attention	1
88	your	2
88	only	1
88	matter	1
88	at	2
88	shall	2
88	arabic2digit	1
88	propernoun	2
88	we	2
88	dear	1
88	they	1
88	information	1
88	is	1
88	than	1
88	sir	1
88	for	1
88	its	2
88	good	1
88	long	1
88	most	1
88	must	1
88	of	8
88	can	1
88	arabic3digit	1
88	in	3
88	still	1
88	it	2
88	happy	1
88	arabic4digit	1
88	regard	1
88	which	2
88	being	1
88	if	2
88	both	1
88	servant	1
88	acts	1
88	say	1
88	on	2
88	#sequentialcaps	2
88	#lines	34
88	#maxinitial	4
88	#caplines	10
88	#startwname	2
88	#periods	11
88	#stdev	1323
88	#maxpair	7
88	#startwrubric	1
88	#commas	25
88	#endwpunct	11
88	#textlines	33
88	#endwnumeral	1
88	wordNotInVocab	60
89	#textlines	0
90	#textlines	0
91	arabic1digit	1
91	#allcapswords	1
91	romannumeral	1
91	#lines	3
91	#maxinitial	1
91	#caplines	1
91	#stdev	47
91	#maxpair	1
91	#endwpunct	1
91	#textlines	1
91	#endwnumeral	1
92	#textlines	0
93	#lines	1
93	#textlines	0
